ISO-10303-21;
HEADER;
/* Generated by software containing ST-Developer
 * from STEP Tools, Inc. (www.steptools.com) 
 */
/* OPTION: using custom renumber hook */

FILE_DESCRIPTION(
/* description */ ('STEP AP242 Edition 2',
'CAx-IF Rec.Pracs.---Representation and Presentation of Product Manufa
cturing Information (PMI)---4.0---2014-10-13',
'CAx-IF Rec.Pracs.---3D Tessellated Geometry---0.4---2014-09-14','2;1',
'CAx-IF Rec.Pracs.---User Defined Attributes---1.5---2016-08-15'),
/* implementation_level */ '2;1');

FILE_NAME(
/* name */ 'Part Studio 1 - Part 1',
/* time_stamp */ '2026-09-29T10:47:29Z',
/* author */ (''),
/* organization */ (''),
/* preprocessor_version */ 'ST-DEVELOPER v20',
/* originating_system */ 'ONSHAPE BY PTC INC, 1.221',
/* authorisation */ '  ');

FILE_SCHEMA (('AP242_MANAGED_MODEL_BASED_3D_ENGINEERING_MIM_LF { 1 0 10303 442 3 1 4 }'));
ENDSEC;

DATA;
#10=SHAPE_REPRESENTATION_RELATIONSHIP('','',#7910,#11);
#11=ADVANCED_BREP_SHAPE_REPRESENTATION('',(#7908),#12482);
#12=B_SPLINE_SURFACE_WITH_KNOTS('',3,1,((#10098,#10099),(#10100,#10101),
(#10102,#10103),(#10104,#10105)),.SURF_OF_LINEAR_EXTRUSION.,.F.,.F.,.F.,
(4,4),(2,2),(0.,1.),(0.,1.),.PIECEWISE_BEZIER_KNOTS.);
#13=B_SPLINE_SURFACE_WITH_KNOTS('',3,1,((#10121,#10122),(#10123,#10124),
(#10125,#10126),(#10127,#10128)),.SURF_OF_LINEAR_EXTRUSION.,.F.,.F.,.F.,
(4,4),(2,2),(0.,1.),(0.,1.),.PIECEWISE_BEZIER_KNOTS.);
#14=B_SPLINE_SURFACE_WITH_KNOTS('',3,1,((#10138,#10139),(#10140,#10141),
(#10142,#10143),(#10144,#10145)),.SURF_OF_LINEAR_EXTRUSION.,.F.,.F.,.F.,
(4,4),(2,2),(0.,1.),(0.,1.),.PIECEWISE_BEZIER_KNOTS.);
#15=B_SPLINE_SURFACE_WITH_KNOTS('',3,1,((#10153,#10154),(#10155,#10156),
(#10157,#10158),(#10159,#10160)),.SURF_OF_LINEAR_EXTRUSION.,.F.,.F.,.F.,
(4,4),(2,2),(0.,1.),(0.,1.),.PIECEWISE_BEZIER_KNOTS.);
#16=B_SPLINE_SURFACE_WITH_KNOTS('',3,1,((#10170,#10171),(#10172,#10173),
(#10174,#10175),(#10176,#10177)),.SURF_OF_LINEAR_EXTRUSION.,.F.,.F.,.F.,
(4,4),(2,2),(0.,1.),(0.,1.),.PIECEWISE_BEZIER_KNOTS.);
#17=B_SPLINE_SURFACE_WITH_KNOTS('',3,1,((#10187,#10188),(#10189,#10190),
(#10191,#10192),(#10193,#10194)),.SURF_OF_LINEAR_EXTRUSION.,.F.,.F.,.F.,
(4,4),(2,2),(0.,1.),(0.,1.),.PIECEWISE_BEZIER_KNOTS.);
#18=B_SPLINE_SURFACE_WITH_KNOTS('',3,1,((#10200,#10201),(#10202,#10203),
(#10204,#10205),(#10206,#10207)),.SURF_OF_LINEAR_EXTRUSION.,.F.,.F.,.F.,
(4,4),(2,2),(0.,1.),(0.,1.),.PIECEWISE_BEZIER_KNOTS.);
#19=B_SPLINE_SURFACE_WITH_KNOTS('',3,1,((#10213,#10214),(#10215,#10216),
(#10217,#10218),(#10219,#10220)),.SURF_OF_LINEAR_EXTRUSION.,.F.,.F.,.F.,
(4,4),(2,2),(0.,1.),(0.,1.),.PIECEWISE_BEZIER_KNOTS.);
#20=B_SPLINE_SURFACE_WITH_KNOTS('',3,1,((#10226,#10227),(#10228,#10229),
(#10230,#10231),(#10232,#10233)),.SURF_OF_LINEAR_EXTRUSION.,.F.,.F.,.F.,
(4,4),(2,2),(0.,1.),(0.,1.),.PIECEWISE_BEZIER_KNOTS.);
#21=B_SPLINE_SURFACE_WITH_KNOTS('',3,1,((#10243,#10244),(#10245,#10246),
(#10247,#10248),(#10249,#10250)),.SURF_OF_LINEAR_EXTRUSION.,.F.,.F.,.F.,
(4,4),(2,2),(0.,1.),(0.,1.),.PIECEWISE_BEZIER_KNOTS.);
#22=B_SPLINE_SURFACE_WITH_KNOTS('',3,1,((#10256,#10257),(#10258,#10259),
(#10260,#10261),(#10262,#10263)),.SURF_OF_LINEAR_EXTRUSION.,.F.,.F.,.F.,
(4,4),(2,2),(0.,1.),(0.,1.),.PIECEWISE_BEZIER_KNOTS.);
#23=B_SPLINE_SURFACE_WITH_KNOTS('',3,1,((#10269,#10270),(#10271,#10272),
(#10273,#10274),(#10275,#10276)),.SURF_OF_LINEAR_EXTRUSION.,.F.,.F.,.F.,
(4,4),(2,2),(0.,1.),(0.,1.),.PIECEWISE_BEZIER_KNOTS.);
#24=B_SPLINE_SURFACE_WITH_KNOTS('',3,1,((#10298,#10299),(#10300,#10301),
(#10302,#10303),(#10304,#10305)),.SURF_OF_LINEAR_EXTRUSION.,.F.,.F.,.F.,
(4,4),(2,2),(0.,1.),(0.,1.),.PIECEWISE_BEZIER_KNOTS.);
#25=B_SPLINE_SURFACE_WITH_KNOTS('',3,1,((#10309,#10310),(#10311,#10312),
(#10313,#10314),(#10315,#10316)),.SURF_OF_LINEAR_EXTRUSION.,.F.,.F.,.F.,
(4,4),(2,2),(0.,1.),(0.,1.),.PIECEWISE_BEZIER_KNOTS.);
#26=B_SPLINE_SURFACE_WITH_KNOTS('',3,1,((#10358,#10359),(#10360,#10361),
(#10362,#10363),(#10364,#10365)),.SURF_OF_LINEAR_EXTRUSION.,.F.,.F.,.F.,
(4,4),(2,2),(0.,1.),(0.,1.),.PIECEWISE_BEZIER_KNOTS.);
#27=B_SPLINE_SURFACE_WITH_KNOTS('',3,1,((#10373,#10374),(#10375,#10376),
(#10377,#10378),(#10379,#10380)),.SURF_OF_LINEAR_EXTRUSION.,.F.,.F.,.F.,
(4,4),(2,2),(0.,1.),(0.,1.),.PIECEWISE_BEZIER_KNOTS.);
#28=B_SPLINE_SURFACE_WITH_KNOTS('',3,1,((#10386,#10387),(#10388,#10389),
(#10390,#10391),(#10392,#10393)),.SURF_OF_LINEAR_EXTRUSION.,.F.,.F.,.F.,
(4,4),(2,2),(0.,1.),(0.,1.),.PIECEWISE_BEZIER_KNOTS.);
#29=B_SPLINE_SURFACE_WITH_KNOTS('',3,1,((#10399,#10400),(#10401,#10402),
(#10403,#10404),(#10405,#10406)),.SURF_OF_LINEAR_EXTRUSION.,.F.,.F.,.F.,
(4,4),(2,2),(0.,1.),(0.,1.),.PIECEWISE_BEZIER_KNOTS.);
#30=B_SPLINE_SURFACE_WITH_KNOTS('',3,1,((#10412,#10413),(#10414,#10415),
(#10416,#10417),(#10418,#10419)),.SURF_OF_LINEAR_EXTRUSION.,.F.,.F.,.F.,
(4,4),(2,2),(0.,1.),(0.,1.),.PIECEWISE_BEZIER_KNOTS.);
#31=B_SPLINE_SURFACE_WITH_KNOTS('',3,1,((#10429,#10430),(#10431,#10432),
(#10433,#10434),(#10435,#10436)),.SURF_OF_LINEAR_EXTRUSION.,.F.,.F.,.F.,
(4,4),(2,2),(0.,1.),(0.,1.),.PIECEWISE_BEZIER_KNOTS.);
#32=B_SPLINE_SURFACE_WITH_KNOTS('',3,1,((#10442,#10443),(#10444,#10445),
(#10446,#10447),(#10448,#10449)),.SURF_OF_LINEAR_EXTRUSION.,.F.,.F.,.F.,
(4,4),(2,2),(0.,1.),(0.,1.),.PIECEWISE_BEZIER_KNOTS.);
#33=B_SPLINE_SURFACE_WITH_KNOTS('',3,1,((#10455,#10456),(#10457,#10458),
(#10459,#10460),(#10461,#10462)),.SURF_OF_LINEAR_EXTRUSION.,.F.,.F.,.F.,
(4,4),(2,2),(0.,1.),(0.,1.),.PIECEWISE_BEZIER_KNOTS.);
#34=B_SPLINE_SURFACE_WITH_KNOTS('',3,1,((#10468,#10469),(#10470,#10471),
(#10472,#10473),(#10474,#10475)),.SURF_OF_LINEAR_EXTRUSION.,.F.,.F.,.F.,
(4,4),(2,2),(0.,1.),(0.,1.),.PIECEWISE_BEZIER_KNOTS.);
#35=B_SPLINE_SURFACE_WITH_KNOTS('',3,1,((#10481,#10482),(#10483,#10484),
(#10485,#10486),(#10487,#10488)),.SURF_OF_LINEAR_EXTRUSION.,.F.,.F.,.F.,
(4,4),(2,2),(0.,1.),(0.,1.),.PIECEWISE_BEZIER_KNOTS.);
#36=B_SPLINE_SURFACE_WITH_KNOTS('',3,1,((#10494,#10495),(#10496,#10497),
(#10498,#10499),(#10500,#10501)),.SURF_OF_LINEAR_EXTRUSION.,.F.,.F.,.F.,
(4,4),(2,2),(0.,1.),(0.,1.),.PIECEWISE_BEZIER_KNOTS.);
#37=B_SPLINE_SURFACE_WITH_KNOTS('',3,1,((#10507,#10508),(#10509,#10510),
(#10511,#10512),(#10513,#10514)),.SURF_OF_LINEAR_EXTRUSION.,.F.,.F.,.F.,
(4,4),(2,2),(0.,1.),(0.,1.),.PIECEWISE_BEZIER_KNOTS.);
#38=B_SPLINE_SURFACE_WITH_KNOTS('',3,1,((#10532,#10533),(#10534,#10535),
(#10536,#10537),(#10538,#10539)),.SURF_OF_LINEAR_EXTRUSION.,.F.,.F.,.F.,
(4,4),(2,2),(0.,1.),(0.,1.),.PIECEWISE_BEZIER_KNOTS.);
#39=B_SPLINE_SURFACE_WITH_KNOTS('',3,1,((#10545,#10546),(#10547,#10548),
(#10549,#10550),(#10551,#10552)),.SURF_OF_LINEAR_EXTRUSION.,.F.,.F.,.F.,
(4,4),(2,2),(0.,1.),(0.,1.),.PIECEWISE_BEZIER_KNOTS.);
#40=B_SPLINE_SURFACE_WITH_KNOTS('',3,1,((#10558,#10559),(#10560,#10561),
(#10562,#10563),(#10564,#10565)),.SURF_OF_LINEAR_EXTRUSION.,.F.,.F.,.F.,
(4,4),(2,2),(0.,1.),(0.,1.),.PIECEWISE_BEZIER_KNOTS.);
#41=B_SPLINE_SURFACE_WITH_KNOTS('',3,1,((#10571,#10572),(#10573,#10574),
(#10575,#10576),(#10577,#10578)),.SURF_OF_LINEAR_EXTRUSION.,.F.,.F.,.F.,
(4,4),(2,2),(0.,1.),(0.,1.),.PIECEWISE_BEZIER_KNOTS.);
#42=B_SPLINE_SURFACE_WITH_KNOTS('',3,1,((#10584,#10585),(#10586,#10587),
(#10588,#10589),(#10590,#10591)),.SURF_OF_LINEAR_EXTRUSION.,.F.,.F.,.F.,
(4,4),(2,2),(0.,1.),(0.,1.),.PIECEWISE_BEZIER_KNOTS.);
#43=B_SPLINE_SURFACE_WITH_KNOTS('',3,1,((#10597,#10598),(#10599,#10600),
(#10601,#10602),(#10603,#10604)),.SURF_OF_LINEAR_EXTRUSION.,.F.,.F.,.F.,
(4,4),(2,2),(0.,1.),(0.,1.),.PIECEWISE_BEZIER_KNOTS.);
#44=B_SPLINE_SURFACE_WITH_KNOTS('',3,1,((#10610,#10611),(#10612,#10613),
(#10614,#10615),(#10616,#10617)),.SURF_OF_LINEAR_EXTRUSION.,.F.,.F.,.F.,
(4,4),(2,2),(0.,1.),(0.,1.),.PIECEWISE_BEZIER_KNOTS.);
#45=B_SPLINE_SURFACE_WITH_KNOTS('',3,1,((#10627,#10628),(#10629,#10630),
(#10631,#10632),(#10633,#10634)),.SURF_OF_LINEAR_EXTRUSION.,.F.,.F.,.F.,
(4,4),(2,2),(0.,1.),(0.,1.),.PIECEWISE_BEZIER_KNOTS.);
#46=B_SPLINE_SURFACE_WITH_KNOTS('',3,1,((#10640,#10641),(#10642,#10643),
(#10644,#10645),(#10646,#10647)),.SURF_OF_LINEAR_EXTRUSION.,.F.,.F.,.F.,
(4,4),(2,2),(0.,1.),(0.,1.),.PIECEWISE_BEZIER_KNOTS.);
#47=B_SPLINE_SURFACE_WITH_KNOTS('',3,1,((#10653,#10654),(#10655,#10656),
(#10657,#10658),(#10659,#10660)),.SURF_OF_LINEAR_EXTRUSION.,.F.,.F.,.F.,
(4,4),(2,2),(0.,1.),(0.,1.),.PIECEWISE_BEZIER_KNOTS.);
#48=B_SPLINE_SURFACE_WITH_KNOTS('',3,1,((#10666,#10667),(#10668,#10669),
(#10670,#10671),(#10672,#10673)),.SURF_OF_LINEAR_EXTRUSION.,.F.,.F.,.F.,
(4,4),(2,2),(0.,1.),(0.,1.),.PIECEWISE_BEZIER_KNOTS.);
#49=B_SPLINE_SURFACE_WITH_KNOTS('',3,1,((#10679,#10680),(#10681,#10682),
(#10683,#10684),(#10685,#10686)),.SURF_OF_LINEAR_EXTRUSION.,.F.,.F.,.F.,
(4,4),(2,2),(0.,1.),(0.,1.),.PIECEWISE_BEZIER_KNOTS.);
#50=B_SPLINE_SURFACE_WITH_KNOTS('',3,1,((#10692,#10693),(#10694,#10695),
(#10696,#10697),(#10698,#10699)),.SURF_OF_LINEAR_EXTRUSION.,.F.,.F.,.F.,
(4,4),(2,2),(0.,1.),(0.,1.),.PIECEWISE_BEZIER_KNOTS.);
#51=B_SPLINE_SURFACE_WITH_KNOTS('',3,1,((#10705,#10706),(#10707,#10708),
(#10709,#10710),(#10711,#10712)),.SURF_OF_LINEAR_EXTRUSION.,.F.,.F.,.F.,
(4,4),(2,2),(0.,1.),(0.,1.),.PIECEWISE_BEZIER_KNOTS.);
#52=B_SPLINE_SURFACE_WITH_KNOTS('',3,1,((#10726,#10727),(#10728,#10729),
(#10730,#10731),(#10732,#10733)),.SURF_OF_LINEAR_EXTRUSION.,.F.,.F.,.F.,
(4,4),(2,2),(0.,1.),(0.,1.),.PIECEWISE_BEZIER_KNOTS.);
#53=B_SPLINE_SURFACE_WITH_KNOTS('',3,1,((#10764,#10765),(#10766,#10767),
(#10768,#10769),(#10770,#10771)),.SURF_OF_LINEAR_EXTRUSION.,.F.,.F.,.F.,
(4,4),(2,2),(0.,1.),(0.,1.),.PIECEWISE_BEZIER_KNOTS.);
#54=B_SPLINE_SURFACE_WITH_KNOTS('',3,1,((#10781,#10782),(#10783,#10784),
(#10785,#10786),(#10787,#10788)),.SURF_OF_LINEAR_EXTRUSION.,.F.,.F.,.F.,
(4,4),(2,2),(0.,1.),(0.,1.),.PIECEWISE_BEZIER_KNOTS.);
#55=B_SPLINE_SURFACE_WITH_KNOTS('',3,1,((#10798,#10799),(#10800,#10801),
(#10802,#10803),(#10804,#10805)),.SURF_OF_LINEAR_EXTRUSION.,.F.,.F.,.F.,
(4,4),(2,2),(0.,1.),(0.,1.),.PIECEWISE_BEZIER_KNOTS.);
#56=B_SPLINE_SURFACE_WITH_KNOTS('',3,1,((#10815,#10816),(#10817,#10818),
(#10819,#10820),(#10821,#10822)),.SURF_OF_LINEAR_EXTRUSION.,.F.,.F.,.F.,
(4,4),(2,2),(0.,1.),(0.,1.),.PIECEWISE_BEZIER_KNOTS.);
#57=B_SPLINE_SURFACE_WITH_KNOTS('',3,1,((#10838,#10839),(#10840,#10841),
(#10842,#10843),(#10844,#10845)),.SURF_OF_LINEAR_EXTRUSION.,.F.,.F.,.F.,
(4,4),(2,2),(0.,1.),(0.,1.),.PIECEWISE_BEZIER_KNOTS.);
#58=B_SPLINE_SURFACE_WITH_KNOTS('',3,1,((#10855,#10856),(#10857,#10858),
(#10859,#10860),(#10861,#10862)),.SURF_OF_LINEAR_EXTRUSION.,.F.,.F.,.F.,
(4,4),(2,2),(0.,1.),(0.,1.),.PIECEWISE_BEZIER_KNOTS.);
#59=B_SPLINE_SURFACE_WITH_KNOTS('',3,1,((#10872,#10873),(#10874,#10875),
(#10876,#10877),(#10878,#10879)),.SURF_OF_LINEAR_EXTRUSION.,.F.,.F.,.F.,
(4,4),(2,2),(0.,1.),(0.,1.),.PIECEWISE_BEZIER_KNOTS.);
#60=B_SPLINE_SURFACE_WITH_KNOTS('',3,1,((#10889,#10890),(#10891,#10892),
(#10893,#10894),(#10895,#10896)),.SURF_OF_LINEAR_EXTRUSION.,.F.,.F.,.F.,
(4,4),(2,2),(0.,1.),(0.,1.),.PIECEWISE_BEZIER_KNOTS.);
#61=B_SPLINE_SURFACE_WITH_KNOTS('',3,1,((#10908,#10909),(#10910,#10911),
(#10912,#10913),(#10914,#10915)),.SURF_OF_LINEAR_EXTRUSION.,.F.,.F.,.F.,
(4,4),(2,2),(0.,1.),(0.,1.),.PIECEWISE_BEZIER_KNOTS.);
#62=B_SPLINE_SURFACE_WITH_KNOTS('',3,1,((#10921,#10922),(#10923,#10924),
(#10925,#10926),(#10927,#10928)),.SURF_OF_LINEAR_EXTRUSION.,.F.,.F.,.F.,
(4,4),(2,2),(0.,1.),(0.,1.),.PIECEWISE_BEZIER_KNOTS.);
#63=B_SPLINE_SURFACE_WITH_KNOTS('',3,1,((#10934,#10935),(#10936,#10937),
(#10938,#10939),(#10940,#10941)),.SURF_OF_LINEAR_EXTRUSION.,.F.,.F.,.F.,
(4,4),(2,2),(0.,1.),(0.,1.),.PIECEWISE_BEZIER_KNOTS.);
#64=B_SPLINE_SURFACE_WITH_KNOTS('',3,1,((#10947,#10948),(#10949,#10950),
(#10951,#10952),(#10953,#10954)),.SURF_OF_LINEAR_EXTRUSION.,.F.,.F.,.F.,
(4,4),(2,2),(0.,1.),(0.,1.),.PIECEWISE_BEZIER_KNOTS.);
#65=B_SPLINE_SURFACE_WITH_KNOTS('',3,1,((#10960,#10961),(#10962,#10963),
(#10964,#10965),(#10966,#10967)),.SURF_OF_LINEAR_EXTRUSION.,.F.,.F.,.F.,
(4,4),(2,2),(0.,1.),(0.,1.),.PIECEWISE_BEZIER_KNOTS.);
#66=B_SPLINE_SURFACE_WITH_KNOTS('',3,1,((#10993,#10994),(#10995,#10996),
(#10997,#10998),(#10999,#11000)),.SURF_OF_LINEAR_EXTRUSION.,.F.,.F.,.F.,
(4,4),(2,2),(0.,1.),(0.,1.),.PIECEWISE_BEZIER_KNOTS.);
#67=B_SPLINE_SURFACE_WITH_KNOTS('',3,1,((#11006,#11007),(#11008,#11009),
(#11010,#11011),(#11012,#11013)),.SURF_OF_LINEAR_EXTRUSION.,.F.,.F.,.F.,
(4,4),(2,2),(0.,1.),(0.,1.),.PIECEWISE_BEZIER_KNOTS.);
#68=B_SPLINE_SURFACE_WITH_KNOTS('',3,1,((#11023,#11024),(#11025,#11026),
(#11027,#11028),(#11029,#11030)),.SURF_OF_LINEAR_EXTRUSION.,.F.,.F.,.F.,
(4,4),(2,2),(0.,1.),(0.,1.),.PIECEWISE_BEZIER_KNOTS.);
#69=B_SPLINE_SURFACE_WITH_KNOTS('',3,1,((#11034,#11035),(#11036,#11037),
(#11038,#11039),(#11040,#11041)),.SURF_OF_LINEAR_EXTRUSION.,.F.,.F.,.F.,
(4,4),(2,2),(0.,1.),(0.,1.),.PIECEWISE_BEZIER_KNOTS.);
#70=B_SPLINE_SURFACE_WITH_KNOTS('',3,1,((#11050,#11051),(#11052,#11053),
(#11054,#11055),(#11056,#11057)),.SURF_OF_LINEAR_EXTRUSION.,.F.,.F.,.F.,
(4,4),(2,2),(0.,1.),(0.,1.),.PIECEWISE_BEZIER_KNOTS.);
#71=B_SPLINE_SURFACE_WITH_KNOTS('',3,1,((#11065,#11066),(#11067,#11068),
(#11069,#11070),(#11071,#11072)),.SURF_OF_LINEAR_EXTRUSION.,.F.,.F.,.F.,
(4,4),(2,2),(0.,1.),(0.,1.),.PIECEWISE_BEZIER_KNOTS.);
#72=B_SPLINE_SURFACE_WITH_KNOTS('',3,1,((#11078,#11079),(#11080,#11081),
(#11082,#11083),(#11084,#11085)),.SURF_OF_LINEAR_EXTRUSION.,.F.,.F.,.F.,
(4,4),(2,2),(0.,1.),(0.,1.),.PIECEWISE_BEZIER_KNOTS.);
#73=B_SPLINE_SURFACE_WITH_KNOTS('',3,1,((#11091,#11092),(#11093,#11094),
(#11095,#11096),(#11097,#11098)),.SURF_OF_LINEAR_EXTRUSION.,.F.,.F.,.F.,
(4,4),(2,2),(0.,1.),(0.,1.),.PIECEWISE_BEZIER_KNOTS.);
#74=B_SPLINE_SURFACE_WITH_KNOTS('',3,1,((#11104,#11105),(#11106,#11107),
(#11108,#11109),(#11110,#11111)),.SURF_OF_LINEAR_EXTRUSION.,.F.,.F.,.F.,
(4,4),(2,2),(0.,1.),(0.,1.),.PIECEWISE_BEZIER_KNOTS.);
#75=B_SPLINE_SURFACE_WITH_KNOTS('',3,1,((#11121,#11122),(#11123,#11124),
(#11125,#11126),(#11127,#11128)),.SURF_OF_LINEAR_EXTRUSION.,.F.,.F.,.F.,
(4,4),(2,2),(0.,1.),(0.,1.),.PIECEWISE_BEZIER_KNOTS.);
#76=B_SPLINE_SURFACE_WITH_KNOTS('',3,1,((#11134,#11135),(#11136,#11137),
(#11138,#11139),(#11140,#11141)),.SURF_OF_LINEAR_EXTRUSION.,.F.,.F.,.F.,
(4,4),(2,2),(0.,1.),(0.,1.),.PIECEWISE_BEZIER_KNOTS.);
#77=B_SPLINE_SURFACE_WITH_KNOTS('',3,1,((#11147,#11148),(#11149,#11150),
(#11151,#11152),(#11153,#11154)),.SURF_OF_LINEAR_EXTRUSION.,.F.,.F.,.F.,
(4,4),(2,2),(0.,1.),(0.,1.),.PIECEWISE_BEZIER_KNOTS.);
#78=B_SPLINE_SURFACE_WITH_KNOTS('',3,1,((#11160,#11161),(#11162,#11163),
(#11164,#11165),(#11166,#11167)),.SURF_OF_LINEAR_EXTRUSION.,.F.,.F.,.F.,
(4,4),(2,2),(0.,1.),(0.,1.),.PIECEWISE_BEZIER_KNOTS.);
#79=B_SPLINE_SURFACE_WITH_KNOTS('',3,1,((#11173,#11174),(#11175,#11176),
(#11177,#11178),(#11179,#11180)),.SURF_OF_LINEAR_EXTRUSION.,.F.,.F.,.F.,
(4,4),(2,2),(0.,1.),(0.,1.),.PIECEWISE_BEZIER_KNOTS.);
#80=B_SPLINE_SURFACE_WITH_KNOTS('',3,1,((#11186,#11187),(#11188,#11189),
(#11190,#11191),(#11192,#11193)),.SURF_OF_LINEAR_EXTRUSION.,.F.,.F.,.F.,
(4,4),(2,2),(0.,1.),(0.,1.),.PIECEWISE_BEZIER_KNOTS.);
#81=B_SPLINE_SURFACE_WITH_KNOTS('',3,1,((#11199,#11200),(#11201,#11202),
(#11203,#11204),(#11205,#11206)),.SURF_OF_LINEAR_EXTRUSION.,.F.,.F.,.F.,
(4,4),(2,2),(0.,1.),(0.,1.),.PIECEWISE_BEZIER_KNOTS.);
#82=B_SPLINE_SURFACE_WITH_KNOTS('',3,1,((#11224,#11225),(#11226,#11227),
(#11228,#11229),(#11230,#11231)),.SURF_OF_LINEAR_EXTRUSION.,.F.,.F.,.F.,
(4,4),(2,2),(0.,1.),(0.,1.),.PIECEWISE_BEZIER_KNOTS.);
#83=B_SPLINE_SURFACE_WITH_KNOTS('',3,1,((#11237,#11238),(#11239,#11240),
(#11241,#11242),(#11243,#11244)),.SURF_OF_LINEAR_EXTRUSION.,.F.,.F.,.F.,
(4,4),(2,2),(0.,1.),(0.,1.),.PIECEWISE_BEZIER_KNOTS.);
#84=B_SPLINE_SURFACE_WITH_KNOTS('',3,1,((#11250,#11251),(#11252,#11253),
(#11254,#11255),(#11256,#11257)),.SURF_OF_LINEAR_EXTRUSION.,.F.,.F.,.F.,
(4,4),(2,2),(0.,1.),(0.,1.),.PIECEWISE_BEZIER_KNOTS.);
#85=B_SPLINE_SURFACE_WITH_KNOTS('',3,1,((#11263,#11264),(#11265,#11266),
(#11267,#11268),(#11269,#11270)),.SURF_OF_LINEAR_EXTRUSION.,.F.,.F.,.F.,
(4,4),(2,2),(0.,1.),(0.,1.),.PIECEWISE_BEZIER_KNOTS.);
#86=B_SPLINE_SURFACE_WITH_KNOTS('',3,1,((#11280,#11281),(#11282,#11283),
(#11284,#11285),(#11286,#11287)),.SURF_OF_LINEAR_EXTRUSION.,.F.,.F.,.F.,
(4,4),(2,2),(0.,1.),(0.,1.),.PIECEWISE_BEZIER_KNOTS.);
#87=B_SPLINE_SURFACE_WITH_KNOTS('',3,1,((#11297,#11298),(#11299,#11300),
(#11301,#11302),(#11303,#11304)),.SURF_OF_LINEAR_EXTRUSION.,.F.,.F.,.F.,
(4,4),(2,2),(0.,1.),(0.,1.),.PIECEWISE_BEZIER_KNOTS.);
#88=B_SPLINE_SURFACE_WITH_KNOTS('',3,1,((#11310,#11311),(#11312,#11313),
(#11314,#11315),(#11316,#11317)),.SURF_OF_LINEAR_EXTRUSION.,.F.,.F.,.F.,
(4,4),(2,2),(0.,1.),(0.,1.),.PIECEWISE_BEZIER_KNOTS.);
#89=B_SPLINE_SURFACE_WITH_KNOTS('',3,1,((#11323,#11324),(#11325,#11326),
(#11327,#11328),(#11329,#11330)),.SURF_OF_LINEAR_EXTRUSION.,.F.,.F.,.F.,
(4,4),(2,2),(0.,1.),(0.,1.),.PIECEWISE_BEZIER_KNOTS.);
#90=B_SPLINE_SURFACE_WITH_KNOTS('',3,1,((#11336,#11337),(#11338,#11339),
(#11340,#11341),(#11342,#11343)),.SURF_OF_LINEAR_EXTRUSION.,.F.,.F.,.F.,
(4,4),(2,2),(0.,1.),(0.,1.),.PIECEWISE_BEZIER_KNOTS.);
#91=B_SPLINE_SURFACE_WITH_KNOTS('',3,1,((#11349,#11350),(#11351,#11352),
(#11353,#11354),(#11355,#11356)),.SURF_OF_LINEAR_EXTRUSION.,.F.,.F.,.F.,
(4,4),(2,2),(0.,1.),(0.,1.),.PIECEWISE_BEZIER_KNOTS.);
#92=B_SPLINE_SURFACE_WITH_KNOTS('',3,1,((#11362,#11363),(#11364,#11365),
(#11366,#11367),(#11368,#11369)),.SURF_OF_LINEAR_EXTRUSION.,.F.,.F.,.F.,
(4,4),(2,2),(0.,1.),(0.,1.),.PIECEWISE_BEZIER_KNOTS.);
#93=B_SPLINE_SURFACE_WITH_KNOTS('',3,1,((#11375,#11376),(#11377,#11378),
(#11379,#11380),(#11381,#11382)),.SURF_OF_LINEAR_EXTRUSION.,.F.,.F.,.F.,
(4,4),(2,2),(0.,1.),(0.,1.),.PIECEWISE_BEZIER_KNOTS.);
#94=B_SPLINE_SURFACE_WITH_KNOTS('',3,1,((#11400,#11401),(#11402,#11403),
(#11404,#11405),(#11406,#11407)),.SURF_OF_LINEAR_EXTRUSION.,.F.,.F.,.F.,
(4,4),(2,2),(0.,1.),(0.,1.),.PIECEWISE_BEZIER_KNOTS.);
#95=B_SPLINE_SURFACE_WITH_KNOTS('',3,1,((#11412,#11413),(#11414,#11415),
(#11416,#11417),(#11418,#11419)),.SURF_OF_LINEAR_EXTRUSION.,.F.,.F.,.F.,
(4,4),(2,2),(0.,1.),(0.,1.),.PIECEWISE_BEZIER_KNOTS.);
#96=B_SPLINE_SURFACE_WITH_KNOTS('',3,1,((#11431,#11432),(#11433,#11434),
(#11435,#11436),(#11437,#11438)),.SURF_OF_LINEAR_EXTRUSION.,.F.,.F.,.F.,
(4,4),(2,2),(0.,1.),(0.,1.),.PIECEWISE_BEZIER_KNOTS.);
#97=B_SPLINE_SURFACE_WITH_KNOTS('',3,1,((#11468,#11469),(#11470,#11471),
(#11472,#11473),(#11474,#11475)),.SURF_OF_LINEAR_EXTRUSION.,.F.,.F.,.F.,
(4,4),(2,2),(0.,1.),(0.,1.),.PIECEWISE_BEZIER_KNOTS.);
#98=B_SPLINE_SURFACE_WITH_KNOTS('',3,1,((#11481,#11482),(#11483,#11484),
(#11485,#11486),(#11487,#11488)),.SURF_OF_LINEAR_EXTRUSION.,.F.,.F.,.F.,
(4,4),(2,2),(0.,1.),(0.,1.),.PIECEWISE_BEZIER_KNOTS.);
#99=B_SPLINE_SURFACE_WITH_KNOTS('',3,1,((#11494,#11495),(#11496,#11497),
(#11498,#11499),(#11500,#11501)),.SURF_OF_LINEAR_EXTRUSION.,.F.,.F.,.F.,
(4,4),(2,2),(0.,1.),(0.,1.),.PIECEWISE_BEZIER_KNOTS.);
#100=B_SPLINE_SURFACE_WITH_KNOTS('',3,1,((#11507,#11508),(#11509,#11510),
(#11511,#11512),(#11513,#11514)),.SURF_OF_LINEAR_EXTRUSION.,.F.,.F.,.F.,
(4,4),(2,2),(0.,1.),(0.,1.),.PIECEWISE_BEZIER_KNOTS.);
#101=B_SPLINE_SURFACE_WITH_KNOTS('',3,1,((#11540,#11541),(#11542,#11543),
(#11544,#11545),(#11546,#11547)),.SURF_OF_LINEAR_EXTRUSION.,.F.,.F.,.F.,
(4,4),(2,2),(0.,1.),(0.,1.),.PIECEWISE_BEZIER_KNOTS.);
#102=B_SPLINE_SURFACE_WITH_KNOTS('',3,1,((#11561,#11562),(#11563,#11564),
(#11565,#11566),(#11567,#11568)),.SURF_OF_LINEAR_EXTRUSION.,.F.,.F.,.F.,
(4,4),(2,2),(0.,1.),(0.,1.),.PIECEWISE_BEZIER_KNOTS.);
#103=B_SPLINE_SURFACE_WITH_KNOTS('',3,1,((#11578,#11579),(#11580,#11581),
(#11582,#11583),(#11584,#11585)),.SURF_OF_LINEAR_EXTRUSION.,.F.,.F.,.F.,
(4,4),(2,2),(0.,1.),(0.,1.),.PIECEWISE_BEZIER_KNOTS.);
#104=B_SPLINE_SURFACE_WITH_KNOTS('',3,1,((#11613,#11614),(#11615,#11616),
(#11617,#11618),(#11619,#11620)),.SURF_OF_LINEAR_EXTRUSION.,.F.,.F.,.F.,
(4,4),(2,2),(0.,1.),(0.,1.),.PIECEWISE_BEZIER_KNOTS.);
#105=B_SPLINE_SURFACE_WITH_KNOTS('',3,1,((#11630,#11631),(#11632,#11633),
(#11634,#11635),(#11636,#11637)),.SURF_OF_LINEAR_EXTRUSION.,.F.,.F.,.F.,
(4,4),(2,2),(0.,1.),(0.,1.),.PIECEWISE_BEZIER_KNOTS.);
#106=B_SPLINE_SURFACE_WITH_KNOTS('',3,1,((#11677,#11678),(#11679,#11680),
(#11681,#11682),(#11683,#11684)),.SURF_OF_LINEAR_EXTRUSION.,.F.,.F.,.F.,
(4,4),(2,2),(0.,1.),(0.,1.),.PIECEWISE_BEZIER_KNOTS.);
#107=B_SPLINE_SURFACE_WITH_KNOTS('',3,1,((#11690,#11691),(#11692,#11693),
(#11694,#11695),(#11696,#11697)),.SURF_OF_LINEAR_EXTRUSION.,.F.,.F.,.F.,
(4,4),(2,2),(0.,1.),(0.,1.),.PIECEWISE_BEZIER_KNOTS.);
#108=B_SPLINE_SURFACE_WITH_KNOTS('',3,1,((#11707,#11708),(#11709,#11710),
(#11711,#11712),(#11713,#11714)),.SURF_OF_LINEAR_EXTRUSION.,.F.,.F.,.F.,
(4,4),(2,2),(0.,1.),(0.,1.),.PIECEWISE_BEZIER_KNOTS.);
#109=B_SPLINE_SURFACE_WITH_KNOTS('',3,1,((#11718,#11719),(#11720,#11721),
(#11722,#11723),(#11724,#11725)),.SURF_OF_LINEAR_EXTRUSION.,.F.,.F.,.F.,
(4,4),(2,2),(0.,1.),(0.,1.),.PIECEWISE_BEZIER_KNOTS.);
#110=B_SPLINE_SURFACE_WITH_KNOTS('',3,1,((#11734,#11735),(#11736,#11737),
(#11738,#11739),(#11740,#11741)),.SURF_OF_LINEAR_EXTRUSION.,.F.,.F.,.F.,
(4,4),(2,2),(0.,1.),(0.,1.),.PIECEWISE_BEZIER_KNOTS.);
#111=B_SPLINE_SURFACE_WITH_KNOTS('',3,1,((#11749,#11750),(#11751,#11752),
(#11753,#11754),(#11755,#11756)),.SURF_OF_LINEAR_EXTRUSION.,.F.,.F.,.F.,
(4,4),(2,2),(0.,1.),(0.,1.),.PIECEWISE_BEZIER_KNOTS.);
#112=B_SPLINE_SURFACE_WITH_KNOTS('',3,1,((#11762,#11763),(#11764,#11765),
(#11766,#11767),(#11768,#11769)),.SURF_OF_LINEAR_EXTRUSION.,.F.,.F.,.F.,
(4,4),(2,2),(0.,1.),(0.,1.),.PIECEWISE_BEZIER_KNOTS.);
#113=B_SPLINE_SURFACE_WITH_KNOTS('',3,1,((#11775,#11776),(#11777,#11778),
(#11779,#11780),(#11781,#11782)),.SURF_OF_LINEAR_EXTRUSION.,.F.,.F.,.F.,
(4,4),(2,2),(0.,1.),(0.,1.),.PIECEWISE_BEZIER_KNOTS.);
#114=B_SPLINE_SURFACE_WITH_KNOTS('',3,1,((#11788,#11789),(#11790,#11791),
(#11792,#11793),(#11794,#11795)),.SURF_OF_LINEAR_EXTRUSION.,.F.,.F.,.F.,
(4,4),(2,2),(0.,1.),(0.,1.),.PIECEWISE_BEZIER_KNOTS.);
#115=B_SPLINE_SURFACE_WITH_KNOTS('',3,1,((#11801,#11802),(#11803,#11804),
(#11805,#11806),(#11807,#11808)),.SURF_OF_LINEAR_EXTRUSION.,.F.,.F.,.F.,
(4,4),(2,2),(0.,1.),(0.,1.),.PIECEWISE_BEZIER_KNOTS.);
#116=B_SPLINE_SURFACE_WITH_KNOTS('',3,1,((#11814,#11815),(#11816,#11817),
(#11818,#11819),(#11820,#11821)),.SURF_OF_LINEAR_EXTRUSION.,.F.,.F.,.F.,
(4,4),(2,2),(0.,1.),(0.,1.),.PIECEWISE_BEZIER_KNOTS.);
#117=B_SPLINE_SURFACE_WITH_KNOTS('',3,1,((#11856,#11857),(#11858,#11859),
(#11860,#11861),(#11862,#11863)),.SURF_OF_LINEAR_EXTRUSION.,.F.,.F.,.F.,
(4,4),(2,2),(0.,1.),(0.,1.),.PIECEWISE_BEZIER_KNOTS.);
#118=B_SPLINE_SURFACE_WITH_KNOTS('',3,1,((#11873,#11874),(#11875,#11876),
(#11877,#11878),(#11879,#11880)),.SURF_OF_LINEAR_EXTRUSION.,.F.,.F.,.F.,
(4,4),(2,2),(0.,1.),(0.,1.),.PIECEWISE_BEZIER_KNOTS.);
#119=B_SPLINE_SURFACE_WITH_KNOTS('',3,1,((#11890,#11891),(#11892,#11893),
(#11894,#11895),(#11896,#11897)),.SURF_OF_LINEAR_EXTRUSION.,.F.,.F.,.F.,
(4,4),(2,2),(0.,1.),(0.,1.),.PIECEWISE_BEZIER_KNOTS.);
#120=B_SPLINE_SURFACE_WITH_KNOTS('',3,1,((#11907,#11908),(#11909,#11910),
(#11911,#11912),(#11913,#11914)),.SURF_OF_LINEAR_EXTRUSION.,.F.,.F.,.F.,
(4,4),(2,2),(0.,1.),(0.,1.),.PIECEWISE_BEZIER_KNOTS.);
#121=B_SPLINE_SURFACE_WITH_KNOTS('',3,1,((#11930,#11931),(#11932,#11933),
(#11934,#11935),(#11936,#11937)),.SURF_OF_LINEAR_EXTRUSION.,.F.,.F.,.F.,
(4,4),(2,2),(0.,1.),(0.,1.),.PIECEWISE_BEZIER_KNOTS.);
#122=B_SPLINE_SURFACE_WITH_KNOTS('',3,1,((#11947,#11948),(#11949,#11950),
(#11951,#11952),(#11953,#11954)),.SURF_OF_LINEAR_EXTRUSION.,.F.,.F.,.F.,
(4,4),(2,2),(0.,1.),(0.,1.),.PIECEWISE_BEZIER_KNOTS.);
#123=B_SPLINE_SURFACE_WITH_KNOTS('',3,1,((#11964,#11965),(#11966,#11967),
(#11968,#11969),(#11970,#11971)),.SURF_OF_LINEAR_EXTRUSION.,.F.,.F.,.F.,
(4,4),(2,2),(0.,1.),(0.,1.),.PIECEWISE_BEZIER_KNOTS.);
#124=B_SPLINE_SURFACE_WITH_KNOTS('',3,1,((#11981,#11982),(#11983,#11984),
(#11985,#11986),(#11987,#11988)),.SURF_OF_LINEAR_EXTRUSION.,.F.,.F.,.F.,
(4,4),(2,2),(0.,1.),(0.,1.),.PIECEWISE_BEZIER_KNOTS.);
#125=B_SPLINE_SURFACE_WITH_KNOTS('',3,1,((#12000,#12001),(#12002,#12003),
(#12004,#12005),(#12006,#12007)),.SURF_OF_LINEAR_EXTRUSION.,.F.,.F.,.F.,
(4,4),(2,2),(0.,1.),(0.,1.),.PIECEWISE_BEZIER_KNOTS.);
#126=B_SPLINE_SURFACE_WITH_KNOTS('',3,1,((#12013,#12014),(#12015,#12016),
(#12017,#12018),(#12019,#12020)),.SURF_OF_LINEAR_EXTRUSION.,.F.,.F.,.F.,
(4,4),(2,2),(0.,1.),(0.,1.),.PIECEWISE_BEZIER_KNOTS.);
#127=B_SPLINE_SURFACE_WITH_KNOTS('',3,1,((#12026,#12027),(#12028,#12029),
(#12030,#12031),(#12032,#12033)),.SURF_OF_LINEAR_EXTRUSION.,.F.,.F.,.F.,
(4,4),(2,2),(0.,1.),(0.,1.),.PIECEWISE_BEZIER_KNOTS.);
#128=B_SPLINE_SURFACE_WITH_KNOTS('',3,1,((#12039,#12040),(#12041,#12042),
(#12043,#12044),(#12045,#12046)),.SURF_OF_LINEAR_EXTRUSION.,.F.,.F.,.F.,
(4,4),(2,2),(0.,1.),(0.,1.),.PIECEWISE_BEZIER_KNOTS.);
#129=B_SPLINE_SURFACE_WITH_KNOTS('',3,1,((#12076,#12077),(#12078,#12079),
(#12080,#12081),(#12082,#12083)),.SURF_OF_LINEAR_EXTRUSION.,.F.,.F.,.F.,
(4,4),(2,2),(0.,1.),(0.,1.),.PIECEWISE_BEZIER_KNOTS.);
#130=B_SPLINE_SURFACE_WITH_KNOTS('',3,1,((#12089,#12090),(#12091,#12092),
(#12093,#12094),(#12095,#12096)),.SURF_OF_LINEAR_EXTRUSION.,.F.,.F.,.F.,
(4,4),(2,2),(0.,1.),(0.,1.),.PIECEWISE_BEZIER_KNOTS.);
#131=B_SPLINE_SURFACE_WITH_KNOTS('',3,1,((#12106,#12107),(#12108,#12109),
(#12110,#12111),(#12112,#12113)),.SURF_OF_LINEAR_EXTRUSION.,.F.,.F.,.F.,
(4,4),(2,2),(0.,1.),(0.,1.),.PIECEWISE_BEZIER_KNOTS.);
#132=B_SPLINE_SURFACE_WITH_KNOTS('',3,1,((#12117,#12118),(#12119,#12120),
(#12121,#12122),(#12123,#12124)),.SURF_OF_LINEAR_EXTRUSION.,.F.,.F.,.F.,
(4,4),(2,2),(0.,1.),(0.,1.),.PIECEWISE_BEZIER_KNOTS.);
#133=B_SPLINE_SURFACE_WITH_KNOTS('',3,1,((#12133,#12134),(#12135,#12136),
(#12137,#12138),(#12139,#12140)),.SURF_OF_LINEAR_EXTRUSION.,.F.,.F.,.F.,
(4,4),(2,2),(0.,1.),(0.,1.),.PIECEWISE_BEZIER_KNOTS.);
#134=B_SPLINE_SURFACE_WITH_KNOTS('',3,1,((#12148,#12149),(#12150,#12151),
(#12152,#12153),(#12154,#12155)),.SURF_OF_LINEAR_EXTRUSION.,.F.,.F.,.F.,
(4,4),(2,2),(0.,1.),(0.,1.),.PIECEWISE_BEZIER_KNOTS.);
#135=B_SPLINE_SURFACE_WITH_KNOTS('',3,1,((#12161,#12162),(#12163,#12164),
(#12165,#12166),(#12167,#12168)),.SURF_OF_LINEAR_EXTRUSION.,.F.,.F.,.F.,
(4,4),(2,2),(0.,1.),(0.,1.),.PIECEWISE_BEZIER_KNOTS.);
#136=B_SPLINE_SURFACE_WITH_KNOTS('',3,1,((#12174,#12175),(#12176,#12177),
(#12178,#12179),(#12180,#12181)),.SURF_OF_LINEAR_EXTRUSION.,.F.,.F.,.F.,
(4,4),(2,2),(0.,1.),(0.,1.),.PIECEWISE_BEZIER_KNOTS.);
#137=B_SPLINE_SURFACE_WITH_KNOTS('',3,1,((#12187,#12188),(#12189,#12190),
(#12191,#12192),(#12193,#12194)),.SURF_OF_LINEAR_EXTRUSION.,.F.,.F.,.F.,
(4,4),(2,2),(0.,1.),(0.,1.),.PIECEWISE_BEZIER_KNOTS.);
#138=B_SPLINE_SURFACE_WITH_KNOTS('',3,1,((#12200,#12201),(#12202,#12203),
(#12204,#12205),(#12206,#12207)),.SURF_OF_LINEAR_EXTRUSION.,.F.,.F.,.F.,
(4,4),(2,2),(0.,1.),(0.,1.),.PIECEWISE_BEZIER_KNOTS.);
#139=B_SPLINE_SURFACE_WITH_KNOTS('',3,1,((#12213,#12214),(#12215,#12216),
(#12217,#12218),(#12219,#12220)),.SURF_OF_LINEAR_EXTRUSION.,.F.,.F.,.F.,
(4,4),(2,2),(0.,1.),(0.,1.),.PIECEWISE_BEZIER_KNOTS.);
#140=B_SPLINE_SURFACE_WITH_KNOTS('',3,1,((#12300,#12301),(#12302,#12303),
(#12304,#12305),(#12306,#12307)),.SURF_OF_LINEAR_EXTRUSION.,.F.,.F.,.F.,
(4,4),(2,2),(0.,1.),(0.,1.),.PIECEWISE_BEZIER_KNOTS.);
#141=B_SPLINE_SURFACE_WITH_KNOTS('',3,1,((#12325,#12326),(#12327,#12328),
(#12329,#12330),(#12331,#12332)),.SURF_OF_LINEAR_EXTRUSION.,.F.,.F.,.F.,
(4,4),(2,2),(0.,1.),(0.,1.),.PIECEWISE_BEZIER_KNOTS.);
#142=B_SPLINE_SURFACE_WITH_KNOTS('',3,1,((#12338,#12339),(#12340,#12341),
(#12342,#12343),(#12344,#12345)),.SURF_OF_LINEAR_EXTRUSION.,.F.,.F.,.F.,
(4,4),(2,2),(0.,1.),(0.,1.),.PIECEWISE_BEZIER_KNOTS.);
#143=B_SPLINE_SURFACE_WITH_KNOTS('',3,1,((#12350,#12351),(#12352,#12353),
(#12354,#12355),(#12356,#12357)),.SURF_OF_LINEAR_EXTRUSION.,.F.,.F.,.F.,
(4,4),(2,2),(0.,1.),(0.,1.),.PIECEWISE_BEZIER_KNOTS.);
#144=B_SPLINE_SURFACE_WITH_KNOTS('',3,1,((#12397,#12398),(#12399,#12400),
(#12401,#12402),(#12403,#12404)),.SURF_OF_LINEAR_EXTRUSION.,.F.,.F.,.F.,
(4,4),(2,2),(0.,1.),(0.,1.),.PIECEWISE_BEZIER_KNOTS.);
#145=B_SPLINE_SURFACE_WITH_KNOTS('',3,1,((#12410,#12411),(#12412,#12413),
(#12414,#12415),(#12416,#12417)),.SURF_OF_LINEAR_EXTRUSION.,.F.,.F.,.F.,
(4,4),(2,2),(0.,1.),(0.,1.),.PIECEWISE_BEZIER_KNOTS.);
#146=B_SPLINE_SURFACE_WITH_KNOTS('',3,1,((#12423,#12424),(#12425,#12426),
(#12427,#12428),(#12429,#12430)),.SURF_OF_LINEAR_EXTRUSION.,.F.,.F.,.F.,
(4,4),(2,2),(0.,1.),(0.,1.),.PIECEWISE_BEZIER_KNOTS.);
#147=B_SPLINE_SURFACE_WITH_KNOTS('',3,1,((#12436,#12437),(#12438,#12439),
(#12440,#12441),(#12442,#12443)),.SURF_OF_LINEAR_EXTRUSION.,.F.,.F.,.F.,
(4,4),(2,2),(0.,1.),(0.,1.),.PIECEWISE_BEZIER_KNOTS.);
#148=B_SPLINE_SURFACE_WITH_KNOTS('',3,1,((#12469,#12470),(#12471,#12472),
(#12473,#12474),(#12475,#12476)),.SURF_OF_LINEAR_EXTRUSION.,.F.,.F.,.F.,
(4,4),(2,2),(0.,1.),(0.,1.),.PIECEWISE_BEZIER_KNOTS.);
#149=CYLINDRICAL_SURFACE('',#7982,0.00211502198154804);
#150=CYLINDRICAL_SURFACE('',#7986,0.00144841649539106);
#151=CYLINDRICAL_SURFACE('',#7989,0.00380075720504537);
#152=CYLINDRICAL_SURFACE('',#7991,0.00423581258899328);
#153=CYLINDRICAL_SURFACE('',#7994,0.00173572033691495);
#154=CYLINDRICAL_SURFACE('',#7997,0.00489354003556733);
#155=CYLINDRICAL_SURFACE('',#7999,0.00376366425369402);
#156=CYLINDRICAL_SURFACE('',#8012,0.002602596852523);
#157=CYLINDRICAL_SURFACE('',#8014,0.000608015013610733);
#158=CYLINDRICAL_SURFACE('',#8017,0.0023371026768657);
#159=CYLINDRICAL_SURFACE('',#8019,0.0025155885238261);
#160=CYLINDRICAL_SURFACE('',#8022,0.00330470495867827);
#161=CYLINDRICAL_SURFACE('',#8030,0.00244322790074955);
#162=CYLINDRICAL_SURFACE('',#8033,0.00244322790074791);
#163=CYLINDRICAL_SURFACE('',#8036,0.00487946472363052);
#164=CYLINDRICAL_SURFACE('',#8043,0.00313649705716112);
#165=CYLINDRICAL_SURFACE('',#8047,0.00215085901387457);
#166=CYLINDRICAL_SURFACE('',#8051,0.00183128432904628);
#167=CYLINDRICAL_SURFACE('',#8053,0.00174275747545171);
#168=CYLINDRICAL_SURFACE('',#8055,0.00208482558050866);
#169=CYLINDRICAL_SURFACE('',#8058,0.00342889685573572);
#170=CYLINDRICAL_SURFACE('',#8060,0.00160419925036733);
#171=CYLINDRICAL_SURFACE('',#8063,0.00300107066119824);
#172=CYLINDRICAL_SURFACE('',#8071,0.00213917583145717);
#173=CYLINDRICAL_SURFACE('',#8076,0.00395802254471524);
#174=CYLINDRICAL_SURFACE('',#8079,0.00258019706539199);
#175=CYLINDRICAL_SURFACE('',#8093,0.0023149889824797);
#176=CYLINDRICAL_SURFACE('',#8097,0.000754391552753584);
#177=CYLINDRICAL_SURFACE('',#8105,0.00218008391858673);
#178=CYLINDRICAL_SURFACE('',#8108,0.00218008391858668);
#179=CYLINDRICAL_SURFACE('',#8111,0.00430526414969754);
#180=CYLINDRICAL_SURFACE('',#8113,0.0025188290831135);
#181=CYLINDRICAL_SURFACE('',#8120,0.00279868562114631);
#182=CYLINDRICAL_SURFACE('',#8124,0.000754391552753598);
#183=CYLINDRICAL_SURFACE('',#8132,0.000793613292197782);
#184=CYLINDRICAL_SURFACE('',#8145,0.00388001807691087);
#185=CYLINDRICAL_SURFACE('',#8151,0.00267784511016084);
#186=CYLINDRICAL_SURFACE('',#8153,0.00253369802181394);
#187=CYLINDRICAL_SURFACE('',#8161,0.00190877929470197);
#188=CYLINDRICAL_SURFACE('',#8166,0.00353173001032191);
#189=OVER_RIDING_STYLED_ITEM('',(#6191),#5899,#6189);
#190=OVER_RIDING_STYLED_ITEM('',(#6192),#5900,#6189);
#191=OVER_RIDING_STYLED_ITEM('',(#6193),#5901,#6189);
#192=OVER_RIDING_STYLED_ITEM('',(#6194),#5902,#6189);
#193=OVER_RIDING_STYLED_ITEM('',(#6195),#5903,#6189);
#194=OVER_RIDING_STYLED_ITEM('',(#6196),#5904,#6189);
#195=OVER_RIDING_STYLED_ITEM('',(#6197),#5905,#6189);
#196=OVER_RIDING_STYLED_ITEM('',(#6198),#5906,#6189);
#197=OVER_RIDING_STYLED_ITEM('',(#6199),#5907,#6189);
#198=OVER_RIDING_STYLED_ITEM('',(#6200),#5908,#6189);
#199=OVER_RIDING_STYLED_ITEM('',(#6201),#5909,#6189);
#200=OVER_RIDING_STYLED_ITEM('',(#6202),#5910,#6189);
#201=OVER_RIDING_STYLED_ITEM('',(#6203),#5911,#6189);
#202=OVER_RIDING_STYLED_ITEM('',(#6204),#5912,#6189);
#203=OVER_RIDING_STYLED_ITEM('',(#6205),#5913,#6189);
#204=OVER_RIDING_STYLED_ITEM('',(#6206),#5914,#6189);
#205=OVER_RIDING_STYLED_ITEM('',(#6207),#5915,#6189);
#206=OVER_RIDING_STYLED_ITEM('',(#6208),#5916,#6189);
#207=OVER_RIDING_STYLED_ITEM('',(#6209),#5917,#6189);
#208=OVER_RIDING_STYLED_ITEM('',(#6210),#5918,#6189);
#209=OVER_RIDING_STYLED_ITEM('',(#6211),#5919,#6189);
#210=OVER_RIDING_STYLED_ITEM('',(#6212),#5920,#6189);
#211=OVER_RIDING_STYLED_ITEM('',(#6213),#5921,#6189);
#212=OVER_RIDING_STYLED_ITEM('',(#6214),#5922,#6189);
#213=OVER_RIDING_STYLED_ITEM('',(#6215),#5923,#6189);
#214=OVER_RIDING_STYLED_ITEM('',(#6216),#5924,#6189);
#215=OVER_RIDING_STYLED_ITEM('',(#6217),#5925,#6189);
#216=OVER_RIDING_STYLED_ITEM('',(#6218),#5926,#6189);
#217=OVER_RIDING_STYLED_ITEM('',(#6219),#5927,#6189);
#218=OVER_RIDING_STYLED_ITEM('',(#6220),#5928,#6189);
#219=OVER_RIDING_STYLED_ITEM('',(#6221),#5929,#6189);
#220=OVER_RIDING_STYLED_ITEM('',(#6222),#5930,#6189);
#221=OVER_RIDING_STYLED_ITEM('',(#6223),#5931,#6189);
#222=OVER_RIDING_STYLED_ITEM('',(#6224),#5932,#6189);
#223=OVER_RIDING_STYLED_ITEM('',(#6225),#5933,#6189);
#224=OVER_RIDING_STYLED_ITEM('',(#6226),#5934,#6189);
#225=OVER_RIDING_STYLED_ITEM('',(#6227),#5935,#6189);
#226=OVER_RIDING_STYLED_ITEM('',(#6228),#5937,#6189);
#227=OVER_RIDING_STYLED_ITEM('',(#6229),#5938,#6189);
#228=OVER_RIDING_STYLED_ITEM('',(#6230),#5939,#6189);
#229=OVER_RIDING_STYLED_ITEM('',(#6231),#5940,#6189);
#230=OVER_RIDING_STYLED_ITEM('',(#6232),#5941,#6189);
#231=OVER_RIDING_STYLED_ITEM('',(#6233),#5942,#6189);
#232=OVER_RIDING_STYLED_ITEM('',(#6234),#5943,#6189);
#233=OVER_RIDING_STYLED_ITEM('',(#6235),#5944,#6189);
#234=OVER_RIDING_STYLED_ITEM('',(#6236),#5945,#6189);
#235=OVER_RIDING_STYLED_ITEM('',(#6237),#5946,#6189);
#236=OVER_RIDING_STYLED_ITEM('',(#6238),#5947,#6189);
#237=OVER_RIDING_STYLED_ITEM('',(#6239),#5948,#6189);
#238=OVER_RIDING_STYLED_ITEM('',(#6240),#5949,#6189);
#239=OVER_RIDING_STYLED_ITEM('',(#6241),#5950,#6189);
#240=OVER_RIDING_STYLED_ITEM('',(#6242),#5951,#6189);
#241=OVER_RIDING_STYLED_ITEM('',(#6243),#5952,#6189);
#242=OVER_RIDING_STYLED_ITEM('',(#6244),#5953,#6189);
#243=OVER_RIDING_STYLED_ITEM('',(#6245),#5954,#6189);
#244=OVER_RIDING_STYLED_ITEM('',(#6246),#5955,#6189);
#245=OVER_RIDING_STYLED_ITEM('',(#6247),#5956,#6189);
#246=OVER_RIDING_STYLED_ITEM('',(#6248),#5957,#6189);
#247=OVER_RIDING_STYLED_ITEM('',(#6249),#5958,#6189);
#248=OVER_RIDING_STYLED_ITEM('',(#6250),#5959,#6189);
#249=OVER_RIDING_STYLED_ITEM('',(#6251),#5960,#6189);
#250=OVER_RIDING_STYLED_ITEM('',(#6252),#5961,#6189);
#251=OVER_RIDING_STYLED_ITEM('',(#6253),#5962,#6189);
#252=OVER_RIDING_STYLED_ITEM('',(#6254),#5963,#6189);
#253=OVER_RIDING_STYLED_ITEM('',(#6255),#5964,#6189);
#254=OVER_RIDING_STYLED_ITEM('',(#6256),#5965,#6189);
#255=OVER_RIDING_STYLED_ITEM('',(#6257),#5966,#6189);
#256=OVER_RIDING_STYLED_ITEM('',(#6258),#5967,#6189);
#257=OVER_RIDING_STYLED_ITEM('',(#6259),#5968,#6189);
#258=OVER_RIDING_STYLED_ITEM('',(#6260),#5969,#6189);
#259=OVER_RIDING_STYLED_ITEM('',(#6261),#5970,#6189);
#260=OVER_RIDING_STYLED_ITEM('',(#6262),#5971,#6189);
#261=OVER_RIDING_STYLED_ITEM('',(#6263),#5972,#6189);
#262=OVER_RIDING_STYLED_ITEM('',(#6264),#5973,#6189);
#263=OVER_RIDING_STYLED_ITEM('',(#6265),#5974,#6189);
#264=OVER_RIDING_STYLED_ITEM('',(#6266),#5975,#6189);
#265=OVER_RIDING_STYLED_ITEM('',(#6267),#5976,#6189);
#266=OVER_RIDING_STYLED_ITEM('',(#6268),#5977,#6189);
#267=OVER_RIDING_STYLED_ITEM('',(#6269),#5978,#6189);
#268=OVER_RIDING_STYLED_ITEM('',(#6270),#5979,#6189);
#269=OVER_RIDING_STYLED_ITEM('',(#6271),#5980,#6189);
#270=OVER_RIDING_STYLED_ITEM('',(#6272),#5981,#6189);
#271=OVER_RIDING_STYLED_ITEM('',(#6273),#5982,#6189);
#272=OVER_RIDING_STYLED_ITEM('',(#6274),#5983,#6189);
#273=OVER_RIDING_STYLED_ITEM('',(#6275),#5984,#6189);
#274=OVER_RIDING_STYLED_ITEM('',(#6276),#5985,#6189);
#275=OVER_RIDING_STYLED_ITEM('',(#6277),#5986,#6189);
#276=OVER_RIDING_STYLED_ITEM('',(#6278),#5987,#6189);
#277=OVER_RIDING_STYLED_ITEM('',(#6279),#5988,#6189);
#278=OVER_RIDING_STYLED_ITEM('',(#6280),#5989,#6189);
#279=OVER_RIDING_STYLED_ITEM('',(#6281),#5990,#6189);
#280=OVER_RIDING_STYLED_ITEM('',(#6282),#5991,#6189);
#281=OVER_RIDING_STYLED_ITEM('',(#6283),#5992,#6189);
#282=OVER_RIDING_STYLED_ITEM('',(#6284),#5993,#6189);
#283=OVER_RIDING_STYLED_ITEM('',(#6285),#5994,#6189);
#284=OVER_RIDING_STYLED_ITEM('',(#6286),#5995,#6189);
#285=OVER_RIDING_STYLED_ITEM('',(#6287),#5996,#6189);
#286=OVER_RIDING_STYLED_ITEM('',(#6288),#5997,#6189);
#287=OVER_RIDING_STYLED_ITEM('',(#6289),#5998,#6189);
#288=OVER_RIDING_STYLED_ITEM('',(#6290),#5999,#6189);
#289=OVER_RIDING_STYLED_ITEM('',(#6291),#6000,#6189);
#290=OVER_RIDING_STYLED_ITEM('',(#6292),#6001,#6189);
#291=OVER_RIDING_STYLED_ITEM('',(#6293),#6002,#6189);
#292=OVER_RIDING_STYLED_ITEM('',(#6294),#6003,#6189);
#293=OVER_RIDING_STYLED_ITEM('',(#6295),#6004,#6189);
#294=OVER_RIDING_STYLED_ITEM('',(#6296),#6005,#6189);
#295=OVER_RIDING_STYLED_ITEM('',(#6297),#6006,#6189);
#296=OVER_RIDING_STYLED_ITEM('',(#6298),#6007,#6189);
#297=OVER_RIDING_STYLED_ITEM('',(#6299),#6008,#6189);
#298=OVER_RIDING_STYLED_ITEM('',(#6300),#6009,#6189);
#299=OVER_RIDING_STYLED_ITEM('',(#6301),#6010,#6189);
#300=OVER_RIDING_STYLED_ITEM('',(#6302),#6011,#6189);
#301=OVER_RIDING_STYLED_ITEM('',(#6303),#6012,#6189);
#302=OVER_RIDING_STYLED_ITEM('',(#6304),#6014,#6189);
#303=OVER_RIDING_STYLED_ITEM('',(#6305),#6015,#6189);
#304=OVER_RIDING_STYLED_ITEM('',(#6306),#6016,#6189);
#305=OVER_RIDING_STYLED_ITEM('',(#6307),#6017,#6189);
#306=OVER_RIDING_STYLED_ITEM('',(#6308),#6018,#6189);
#307=OVER_RIDING_STYLED_ITEM('',(#6309),#6019,#6189);
#308=OVER_RIDING_STYLED_ITEM('',(#6310),#6020,#6189);
#309=OVER_RIDING_STYLED_ITEM('',(#6311),#6021,#6189);
#310=OVER_RIDING_STYLED_ITEM('',(#6312),#6022,#6189);
#311=OVER_RIDING_STYLED_ITEM('',(#6313),#6023,#6189);
#312=OVER_RIDING_STYLED_ITEM('',(#6314),#6024,#6189);
#313=OVER_RIDING_STYLED_ITEM('',(#6315),#6025,#6189);
#314=OVER_RIDING_STYLED_ITEM('',(#6316),#6026,#6189);
#315=OVER_RIDING_STYLED_ITEM('',(#6317),#6027,#6189);
#316=OVER_RIDING_STYLED_ITEM('',(#6318),#6028,#6189);
#317=OVER_RIDING_STYLED_ITEM('',(#6319),#6029,#6189);
#318=OVER_RIDING_STYLED_ITEM('',(#6320),#6030,#6189);
#319=OVER_RIDING_STYLED_ITEM('',(#6321),#6031,#6189);
#320=OVER_RIDING_STYLED_ITEM('',(#6322),#6032,#6189);
#321=OVER_RIDING_STYLED_ITEM('',(#6323),#6033,#6189);
#322=OVER_RIDING_STYLED_ITEM('',(#6324),#6034,#6189);
#323=OVER_RIDING_STYLED_ITEM('',(#6325),#6035,#6189);
#324=OVER_RIDING_STYLED_ITEM('',(#6326),#6036,#6189);
#325=OVER_RIDING_STYLED_ITEM('',(#6327),#6037,#6189);
#326=OVER_RIDING_STYLED_ITEM('',(#6328),#6038,#6189);
#327=OVER_RIDING_STYLED_ITEM('',(#6329),#6039,#6189);
#328=OVER_RIDING_STYLED_ITEM('',(#6330),#6040,#6189);
#329=OVER_RIDING_STYLED_ITEM('',(#6331),#6041,#6189);
#330=OVER_RIDING_STYLED_ITEM('',(#6332),#6042,#6189);
#331=OVER_RIDING_STYLED_ITEM('',(#6333),#6043,#6189);
#332=OVER_RIDING_STYLED_ITEM('',(#6334),#6044,#6189);
#333=OVER_RIDING_STYLED_ITEM('',(#6335),#6045,#6189);
#334=OVER_RIDING_STYLED_ITEM('',(#6336),#6046,#6189);
#335=OVER_RIDING_STYLED_ITEM('',(#6337),#6047,#6189);
#336=OVER_RIDING_STYLED_ITEM('',(#6338),#6048,#6189);
#337=OVER_RIDING_STYLED_ITEM('',(#6339),#6049,#6189);
#338=OVER_RIDING_STYLED_ITEM('',(#6340),#6050,#6189);
#339=OVER_RIDING_STYLED_ITEM('',(#6341),#6051,#6189);
#340=OVER_RIDING_STYLED_ITEM('',(#6342),#6052,#6189);
#341=OVER_RIDING_STYLED_ITEM('',(#6343),#6053,#6189);
#342=OVER_RIDING_STYLED_ITEM('',(#6344),#6054,#6189);
#343=OVER_RIDING_STYLED_ITEM('',(#6345),#6055,#6189);
#344=OVER_RIDING_STYLED_ITEM('',(#6346),#6056,#6189);
#345=OVER_RIDING_STYLED_ITEM('',(#6347),#6057,#6189);
#346=OVER_RIDING_STYLED_ITEM('',(#6348),#6058,#6189);
#347=OVER_RIDING_STYLED_ITEM('',(#6349),#6059,#6189);
#348=OVER_RIDING_STYLED_ITEM('',(#6350),#6060,#6189);
#349=OVER_RIDING_STYLED_ITEM('',(#6351),#6061,#6189);
#350=OVER_RIDING_STYLED_ITEM('',(#6352),#6062,#6189);
#351=OVER_RIDING_STYLED_ITEM('',(#6353),#6063,#6189);
#352=OVER_RIDING_STYLED_ITEM('',(#6354),#6064,#6189);
#353=OVER_RIDING_STYLED_ITEM('',(#6355),#6065,#6189);
#354=OVER_RIDING_STYLED_ITEM('',(#6356),#6066,#6189);
#355=OVER_RIDING_STYLED_ITEM('',(#6357),#6067,#6189);
#356=OVER_RIDING_STYLED_ITEM('',(#6358),#6068,#6189);
#357=OVER_RIDING_STYLED_ITEM('',(#6359),#6069,#6189);
#358=OVER_RIDING_STYLED_ITEM('',(#6360),#6070,#6189);
#359=OVER_RIDING_STYLED_ITEM('',(#6361),#6071,#6189);
#360=OVER_RIDING_STYLED_ITEM('',(#6362),#6072,#6189);
#361=OVER_RIDING_STYLED_ITEM('',(#6363),#6073,#6189);
#362=OVER_RIDING_STYLED_ITEM('',(#6364),#6074,#6189);
#363=OVER_RIDING_STYLED_ITEM('',(#6365),#6075,#6189);
#364=OVER_RIDING_STYLED_ITEM('',(#6366),#6076,#6189);
#365=OVER_RIDING_STYLED_ITEM('',(#6367),#6077,#6189);
#366=OVER_RIDING_STYLED_ITEM('',(#6368),#6078,#6189);
#367=OVER_RIDING_STYLED_ITEM('',(#6369),#6079,#6189);
#368=OVER_RIDING_STYLED_ITEM('',(#6370),#6080,#6189);
#369=OVER_RIDING_STYLED_ITEM('',(#6371),#6081,#6189);
#370=OVER_RIDING_STYLED_ITEM('',(#6372),#6082,#6189);
#371=OVER_RIDING_STYLED_ITEM('',(#6373),#6083,#6189);
#372=OVER_RIDING_STYLED_ITEM('',(#6374),#6084,#6189);
#373=OVER_RIDING_STYLED_ITEM('',(#6375),#6085,#6189);
#374=OVER_RIDING_STYLED_ITEM('',(#6376),#6086,#6189);
#375=OVER_RIDING_STYLED_ITEM('',(#6377),#6087,#6189);
#376=OVER_RIDING_STYLED_ITEM('',(#6378),#6088,#6189);
#377=OVER_RIDING_STYLED_ITEM('',(#6379),#6089,#6189);
#378=OVER_RIDING_STYLED_ITEM('',(#6380),#6090,#6189);
#379=OVER_RIDING_STYLED_ITEM('',(#6381),#6092,#6189);
#380=OVER_RIDING_STYLED_ITEM('',(#6382),#6093,#6189);
#381=OVER_RIDING_STYLED_ITEM('',(#6383),#6094,#6189);
#382=OVER_RIDING_STYLED_ITEM('',(#6384),#6095,#6189);
#383=OVER_RIDING_STYLED_ITEM('',(#6385),#6096,#6189);
#384=OVER_RIDING_STYLED_ITEM('',(#6386),#6097,#6189);
#385=OVER_RIDING_STYLED_ITEM('',(#6387),#6098,#6189);
#386=OVER_RIDING_STYLED_ITEM('',(#6388),#6099,#6189);
#387=OVER_RIDING_STYLED_ITEM('',(#6389),#6100,#6189);
#388=OVER_RIDING_STYLED_ITEM('',(#6390),#6101,#6189);
#389=OVER_RIDING_STYLED_ITEM('',(#6391),#6102,#6189);
#390=OVER_RIDING_STYLED_ITEM('',(#6392),#6103,#6189);
#391=OVER_RIDING_STYLED_ITEM('',(#6393),#6104,#6189);
#392=OVER_RIDING_STYLED_ITEM('',(#6394),#6105,#6189);
#393=OVER_RIDING_STYLED_ITEM('',(#6395),#6106,#6189);
#394=OVER_RIDING_STYLED_ITEM('',(#6396),#6107,#6189);
#395=OVER_RIDING_STYLED_ITEM('',(#6397),#6108,#6189);
#396=OVER_RIDING_STYLED_ITEM('',(#6398),#6109,#6189);
#397=OVER_RIDING_STYLED_ITEM('',(#6399),#6110,#6189);
#398=OVER_RIDING_STYLED_ITEM('',(#6400),#6111,#6189);
#399=OVER_RIDING_STYLED_ITEM('',(#6401),#6112,#6189);
#400=OVER_RIDING_STYLED_ITEM('',(#6402),#6113,#6189);
#401=OVER_RIDING_STYLED_ITEM('',(#6403),#6114,#6189);
#402=OVER_RIDING_STYLED_ITEM('',(#6404),#6115,#6189);
#403=OVER_RIDING_STYLED_ITEM('',(#6405),#6116,#6189);
#404=OVER_RIDING_STYLED_ITEM('',(#6406),#6117,#6189);
#405=OVER_RIDING_STYLED_ITEM('',(#6407),#6118,#6189);
#406=OVER_RIDING_STYLED_ITEM('',(#6408),#6119,#6189);
#407=OVER_RIDING_STYLED_ITEM('',(#6409),#6120,#6189);
#408=OVER_RIDING_STYLED_ITEM('',(#6410),#6121,#6189);
#409=OVER_RIDING_STYLED_ITEM('',(#6411),#6122,#6189);
#410=OVER_RIDING_STYLED_ITEM('',(#6412),#6123,#6189);
#411=OVER_RIDING_STYLED_ITEM('',(#6413),#6124,#6189);
#412=OVER_RIDING_STYLED_ITEM('',(#6414),#6125,#6189);
#413=OVER_RIDING_STYLED_ITEM('',(#6415),#6126,#6189);
#414=OVER_RIDING_STYLED_ITEM('',(#6416),#6127,#6189);
#415=OVER_RIDING_STYLED_ITEM('',(#6417),#6128,#6189);
#416=OVER_RIDING_STYLED_ITEM('',(#6418),#6129,#6189);
#417=OVER_RIDING_STYLED_ITEM('',(#6419),#6130,#6189);
#418=OVER_RIDING_STYLED_ITEM('',(#6420),#6131,#6189);
#419=OVER_RIDING_STYLED_ITEM('',(#6421),#6132,#6189);
#420=OVER_RIDING_STYLED_ITEM('',(#6422),#6134,#6189);
#421=OVER_RIDING_STYLED_ITEM('',(#6423),#6135,#6189);
#422=OVER_RIDING_STYLED_ITEM('',(#6424),#6136,#6189);
#423=OVER_RIDING_STYLED_ITEM('',(#6425),#6137,#6189);
#424=OVER_RIDING_STYLED_ITEM('',(#6426),#6138,#6189);
#425=OVER_RIDING_STYLED_ITEM('',(#6427),#6139,#6189);
#426=OVER_RIDING_STYLED_ITEM('',(#6428),#6140,#6189);
#427=OVER_RIDING_STYLED_ITEM('',(#6429),#6141,#6189);
#428=OVER_RIDING_STYLED_ITEM('',(#6430),#6142,#6189);
#429=OVER_RIDING_STYLED_ITEM('',(#6431),#6143,#6189);
#430=OVER_RIDING_STYLED_ITEM('',(#6432),#6144,#6189);
#431=OVER_RIDING_STYLED_ITEM('',(#6433),#6145,#6189);
#432=OVER_RIDING_STYLED_ITEM('',(#6434),#6146,#6189);
#433=OVER_RIDING_STYLED_ITEM('',(#6435),#6147,#6189);
#434=OVER_RIDING_STYLED_ITEM('',(#6436),#6148,#6189);
#435=OVER_RIDING_STYLED_ITEM('',(#6437),#6149,#6189);
#436=OVER_RIDING_STYLED_ITEM('',(#6438),#6150,#6189);
#437=OVER_RIDING_STYLED_ITEM('',(#6439),#6151,#6189);
#438=OVER_RIDING_STYLED_ITEM('',(#6440),#6152,#6189);
#439=OVER_RIDING_STYLED_ITEM('',(#6441),#6153,#6189);
#440=OVER_RIDING_STYLED_ITEM('',(#6442),#6154,#6189);
#441=OVER_RIDING_STYLED_ITEM('',(#6443),#6155,#6189);
#442=OVER_RIDING_STYLED_ITEM('',(#6444),#6156,#6189);
#443=OVER_RIDING_STYLED_ITEM('',(#6445),#6157,#6189);
#444=OVER_RIDING_STYLED_ITEM('',(#6446),#6158,#6189);
#445=OVER_RIDING_STYLED_ITEM('',(#6447),#6159,#6189);
#446=OVER_RIDING_STYLED_ITEM('',(#6448),#6160,#6189);
#447=OVER_RIDING_STYLED_ITEM('',(#6449),#6161,#6189);
#448=OVER_RIDING_STYLED_ITEM('',(#6450),#6162,#6189);
#449=OVER_RIDING_STYLED_ITEM('',(#6451),#6163,#6189);
#450=OVER_RIDING_STYLED_ITEM('',(#6452),#6164,#6189);
#451=OVER_RIDING_STYLED_ITEM('',(#6453),#6165,#6189);
#452=OVER_RIDING_STYLED_ITEM('',(#6454),#6166,#6189);
#453=OVER_RIDING_STYLED_ITEM('',(#6455),#6167,#6189);
#454=OVER_RIDING_STYLED_ITEM('',(#6456),#6168,#6189);
#455=OVER_RIDING_STYLED_ITEM('',(#6457),#6169,#6189);
#456=OVER_RIDING_STYLED_ITEM('',(#6458),#6170,#6189);
#457=OVER_RIDING_STYLED_ITEM('',(#6459),#6171,#6189);
#458=OVER_RIDING_STYLED_ITEM('',(#6460),#6172,#6189);
#459=OVER_RIDING_STYLED_ITEM('',(#6461),#6173,#6189);
#460=OVER_RIDING_STYLED_ITEM('',(#6462),#6174,#6189);
#461=OVER_RIDING_STYLED_ITEM('',(#6463),#6175,#6189);
#462=OVER_RIDING_STYLED_ITEM('',(#6464),#6176,#6189);
#463=OVER_RIDING_STYLED_ITEM('',(#6465),#6177,#6189);
#464=OVER_RIDING_STYLED_ITEM('',(#6466),#6178,#6189);
#465=OVER_RIDING_STYLED_ITEM('',(#6467),#6179,#6189);
#466=OVER_RIDING_STYLED_ITEM('',(#6468),#6180,#6189);
#467=OVER_RIDING_STYLED_ITEM('',(#6469),#6181,#6189);
#468=OVER_RIDING_STYLED_ITEM('',(#6470),#6182,#6189);
#469=OVER_RIDING_STYLED_ITEM('',(#6471),#6183,#6189);
#470=OVER_RIDING_STYLED_ITEM('',(#6472),#6184,#6189);
#471=OVER_RIDING_STYLED_ITEM('',(#6473),#6185,#6189);
#472=OVER_RIDING_STYLED_ITEM('',(#6474),#6186,#6189);
#473=OVER_RIDING_STYLED_ITEM('',(#6475),#6187,#6189);
#474=LINE('',#9217,#993);
#475=LINE('',#9219,#994);
#476=LINE('',#9221,#995);
#477=LINE('',#9241,#996);
#478=LINE('',#9243,#997);
#479=LINE('',#9245,#998);
#480=LINE('',#9247,#999);
#481=LINE('',#9249,#1000);
#482=LINE('',#9251,#1001);
#483=LINE('',#9267,#1002);
#484=LINE('',#9269,#1003);
#485=LINE('',#9271,#1004);
#486=LINE('',#9279,#1005);
#487=LINE('',#9281,#1006);
#488=LINE('',#9283,#1007);
#489=LINE('',#9285,#1008);
#490=LINE('',#9287,#1009);
#491=LINE('',#9289,#1010);
#492=LINE('',#9291,#1011);
#493=LINE('',#9293,#1012);
#494=LINE('',#9295,#1013);
#495=LINE('',#9297,#1014);
#496=LINE('',#9299,#1015);
#497=LINE('',#9300,#1016);
#498=LINE('',#9303,#1017);
#499=LINE('',#9305,#1018);
#500=LINE('',#9307,#1019);
#501=LINE('',#9357,#1020);
#502=LINE('',#9359,#1021);
#503=LINE('',#9361,#1022);
#504=LINE('',#9363,#1023);
#505=LINE('',#9365,#1024);
#506=LINE('',#9386,#1025);
#507=LINE('',#9389,#1026);
#508=LINE('',#9391,#1027);
#509=LINE('',#9393,#1028);
#510=LINE('',#9424,#1029);
#511=LINE('',#9427,#1030);
#512=LINE('',#9429,#1031);
#513=LINE('',#9431,#1032);
#514=LINE('',#9432,#1033);
#515=LINE('',#9453,#1034);
#516=LINE('',#9455,#1035);
#517=LINE('',#9457,#1036);
#518=LINE('',#9459,#1037);
#519=LINE('',#9461,#1038);
#520=LINE('',#9463,#1039);
#521=LINE('',#9465,#1040);
#522=LINE('',#9480,#1041);
#523=LINE('',#9482,#1042);
#524=LINE('',#9484,#1043);
#525=LINE('',#9504,#1044);
#526=LINE('',#9506,#1045);
#527=LINE('',#9508,#1046);
#528=LINE('',#9510,#1047);
#529=LINE('',#9512,#1048);
#530=LINE('',#9514,#1049);
#531=LINE('',#9536,#1050);
#532=LINE('',#9592,#1051);
#533=LINE('',#9594,#1052);
#534=LINE('',#9658,#1053);
#535=LINE('',#9660,#1054);
#536=LINE('',#9662,#1055);
#537=LINE('',#9664,#1056);
#538=LINE('',#9666,#1057);
#539=LINE('',#9687,#1058);
#540=LINE('',#9690,#1059);
#541=LINE('',#9692,#1060);
#542=LINE('',#9694,#1061);
#543=LINE('',#9696,#1062);
#544=LINE('',#9698,#1063);
#545=LINE('',#9700,#1064);
#546=LINE('',#9702,#1065);
#547=LINE('',#9704,#1066);
#548=LINE('',#9706,#1067);
#549=LINE('',#9708,#1068);
#550=LINE('',#9709,#1069);
#551=LINE('',#9711,#1070);
#552=LINE('',#9713,#1071);
#553=LINE('',#9731,#1072);
#554=LINE('',#9747,#1073);
#555=LINE('',#9772,#1074);
#556=LINE('',#9775,#1075);
#557=LINE('',#9777,#1076);
#558=LINE('',#9779,#1077);
#559=LINE('',#9781,#1078);
#560=LINE('',#9783,#1079);
#561=LINE('',#9785,#1080);
#562=LINE('',#9787,#1081);
#563=LINE('',#9803,#1082);
#564=LINE('',#9865,#1083);
#565=LINE('',#9910,#1084);
#566=LINE('',#9913,#1085);
#567=LINE('',#9915,#1086);
#568=LINE('',#9917,#1087);
#569=LINE('',#9919,#1088);
#570=LINE('',#9922,#1089);
#571=LINE('',#9924,#1090);
#572=LINE('',#9926,#1091);
#573=LINE('',#9928,#1092);
#574=LINE('',#9930,#1093);
#575=LINE('',#9932,#1094);
#576=LINE('',#9934,#1095);
#577=LINE('',#9936,#1096);
#578=LINE('',#9938,#1097);
#579=LINE('',#9940,#1098);
#580=LINE('',#9942,#1099);
#581=LINE('',#9944,#1100);
#582=LINE('',#9946,#1101);
#583=LINE('',#9948,#1102);
#584=LINE('',#9950,#1103);
#585=LINE('',#9952,#1104);
#586=LINE('',#9954,#1105);
#587=LINE('',#9956,#1106);
#588=LINE('',#9957,#1107);
#589=LINE('',#9959,#1108);
#590=LINE('',#9961,#1109);
#591=LINE('',#9962,#1110);
#592=LINE('',#9964,#1111);
#593=LINE('',#9966,#1112);
#594=LINE('',#9968,#1113);
#595=LINE('',#9971,#1114);
#596=LINE('',#9973,#1115);
#597=LINE('',#9974,#1116);
#598=LINE('',#9976,#1117);
#599=LINE('',#9978,#1118);
#600=LINE('',#9979,#1119);
#601=LINE('',#9981,#1120);
#602=LINE('',#9983,#1121);
#603=LINE('',#9985,#1122);
#604=LINE('',#9987,#1123);
#605=LINE('',#9989,#1124);
#606=LINE('',#9990,#1125);
#607=LINE('',#9992,#1126);
#608=LINE('',#9994,#1127);
#609=LINE('',#9996,#1128);
#610=LINE('',#9998,#1129);
#611=LINE('',#10000,#1130);
#612=LINE('',#10003,#1131);
#613=LINE('',#10005,#1132);
#614=LINE('',#10007,#1133);
#615=LINE('',#10010,#1134);
#616=LINE('',#10012,#1135);
#617=LINE('',#10014,#1136);
#618=LINE('',#10016,#1137);
#619=LINE('',#10018,#1138);
#620=LINE('',#10021,#1139);
#621=LINE('',#10023,#1140);
#622=LINE('',#10025,#1141);
#623=LINE('',#10028,#1142);
#624=LINE('',#10030,#1143);
#625=LINE('',#10032,#1144);
#626=LINE('',#10034,#1145);
#627=LINE('',#10036,#1146);
#628=LINE('',#10039,#1147);
#629=LINE('',#10041,#1148);
#630=LINE('',#10043,#1149);
#631=LINE('',#10045,#1150);
#632=LINE('',#10047,#1151);
#633=LINE('',#10049,#1152);
#634=LINE('',#10051,#1153);
#635=LINE('',#10053,#1154);
#636=LINE('',#10055,#1155);
#637=LINE('',#10057,#1156);
#638=LINE('',#10059,#1157);
#639=LINE('',#10061,#1158);
#640=LINE('',#10063,#1159);
#641=LINE('',#10065,#1160);
#642=LINE('',#10067,#1161);
#643=LINE('',#10069,#1162);
#644=LINE('',#10071,#1163);
#645=LINE('',#10073,#1164);
#646=LINE('',#10075,#1165);
#647=LINE('',#10077,#1166);
#648=LINE('',#10079,#1167);
#649=LINE('',#10081,#1168);
#650=LINE('',#10087,#1169);
#651=LINE('',#10091,#1170);
#652=LINE('',#10093,#1171);
#653=LINE('',#10095,#1172);
#654=LINE('',#10097,#1173);
#655=LINE('',#10110,#1174);
#656=LINE('',#10118,#1175);
#657=LINE('',#10133,#1176);
#658=LINE('',#10146,#1177);
#659=LINE('',#10152,#1178);
#660=LINE('',#10161,#1179);
#661=LINE('',#10167,#1180);
#662=LINE('',#10178,#1181);
#663=LINE('',#10184,#1182);
#664=LINE('',#10195,#1183);
#665=LINE('',#10208,#1184);
#666=LINE('',#10221,#1185);
#667=LINE('',#10234,#1186);
#668=LINE('',#10240,#1187);
#669=LINE('',#10242,#1188);
#670=LINE('',#10251,#1189);
#671=LINE('',#10264,#1190);
#672=LINE('',#10277,#1191);
#673=LINE('',#10283,#1192);
#674=LINE('',#10287,#1193);
#675=LINE('',#10289,#1194);
#676=LINE('',#10291,#1195);
#677=LINE('',#10295,#1196);
#678=LINE('',#10326,#1197);
#679=LINE('',#10328,#1198);
#680=LINE('',#10330,#1199);
#681=LINE('',#10332,#1200);
#682=LINE('',#10334,#1201);
#683=LINE('',#10336,#1202);
#684=LINE('',#10338,#1203);
#685=LINE('',#10340,#1204);
#686=LINE('',#10342,#1205);
#687=LINE('',#10344,#1206);
#688=LINE('',#10346,#1207);
#689=LINE('',#10348,#1208);
#690=LINE('',#10350,#1209);
#691=LINE('',#10352,#1210);
#692=LINE('',#10354,#1211);
#693=LINE('',#10356,#1212);
#694=LINE('',#10366,#1213);
#695=LINE('',#10372,#1214);
#696=LINE('',#10381,#1215);
#697=LINE('',#10394,#1216);
#698=LINE('',#10407,#1217);
#699=LINE('',#10420,#1218);
#700=LINE('',#10426,#1219);
#701=LINE('',#10437,#1220);
#702=LINE('',#10450,#1221);
#703=LINE('',#10463,#1222);
#704=LINE('',#10476,#1223);
#705=LINE('',#10489,#1224);
#706=LINE('',#10502,#1225);
#707=LINE('',#10515,#1226);
#708=LINE('',#10521,#1227);
#709=LINE('',#10525,#1228);
#710=LINE('',#10527,#1229);
#711=LINE('',#10529,#1230);
#712=LINE('',#10540,#1231);
#713=LINE('',#10553,#1232);
#714=LINE('',#10566,#1233);
#715=LINE('',#10579,#1234);
#716=LINE('',#10592,#1235);
#717=LINE('',#10605,#1236);
#718=LINE('',#10618,#1237);
#719=LINE('',#10624,#1238);
#720=LINE('',#10635,#1239);
#721=LINE('',#10648,#1240);
#722=LINE('',#10661,#1241);
#723=LINE('',#10674,#1242);
#724=LINE('',#10687,#1243);
#725=LINE('',#10700,#1244);
#726=LINE('',#10713,#1245);
#727=LINE('',#10719,#1246);
#728=LINE('',#10721,#1247);
#729=LINE('',#10723,#1248);
#730=LINE('',#10739,#1249);
#731=LINE('',#10741,#1250);
#732=LINE('',#10743,#1251);
#733=LINE('',#10745,#1252);
#734=LINE('',#10747,#1253);
#735=LINE('',#10749,#1254);
#736=LINE('',#10751,#1255);
#737=LINE('',#10753,#1256);
#738=LINE('',#10759,#1257);
#739=LINE('',#10763,#1258);
#740=LINE('',#10776,#1259);
#741=LINE('',#10793,#1260);
#742=LINE('',#10810,#1261);
#743=LINE('',#10827,#1262);
#744=LINE('',#10835,#1263);
#745=LINE('',#10850,#1264);
#746=LINE('',#10867,#1265);
#747=LINE('',#10884,#1266);
#748=LINE('',#10897,#1267);
#749=LINE('',#10903,#1268);
#750=LINE('',#10905,#1269);
#751=LINE('',#10916,#1270);
#752=LINE('',#10929,#1271);
#753=LINE('',#10942,#1272);
#754=LINE('',#10955,#1273);
#755=LINE('',#10968,#1274);
#756=LINE('',#10974,#1275);
#757=LINE('',#10976,#1276);
#758=LINE('',#10978,#1277);
#759=LINE('',#10980,#1278);
#760=LINE('',#10982,#1279);
#761=LINE('',#10984,#1280);
#762=LINE('',#10986,#1281);
#763=LINE('',#10988,#1282);
#764=LINE('',#10990,#1283);
#765=LINE('',#10992,#1284);
#766=LINE('',#11001,#1285);
#767=LINE('',#11014,#1286);
#768=LINE('',#11020,#1287);
#769=LINE('',#11058,#1288);
#770=LINE('',#11064,#1289);
#771=LINE('',#11073,#1290);
#772=LINE('',#11086,#1291);
#773=LINE('',#11099,#1292);
#774=LINE('',#11112,#1293);
#775=LINE('',#11118,#1294);
#776=LINE('',#11129,#1295);
#777=LINE('',#11142,#1296);
#778=LINE('',#11155,#1297);
#779=LINE('',#11168,#1298);
#780=LINE('',#11181,#1299);
#781=LINE('',#11194,#1300);
#782=LINE('',#11207,#1301);
#783=LINE('',#11213,#1302);
#784=LINE('',#11215,#1303);
#785=LINE('',#11217,#1304);
#786=LINE('',#11219,#1305);
#787=LINE('',#11221,#1306);
#788=LINE('',#11232,#1307);
#789=LINE('',#11245,#1308);
#790=LINE('',#11258,#1309);
#791=LINE('',#11271,#1310);
#792=LINE('',#11277,#1311);
#793=LINE('',#11288,#1312);
#794=LINE('',#11294,#1313);
#795=LINE('',#11305,#1314);
#796=LINE('',#11318,#1315);
#797=LINE('',#11331,#1316);
#798=LINE('',#11344,#1317);
#799=LINE('',#11357,#1318);
#800=LINE('',#11370,#1319);
#801=LINE('',#11383,#1320);
#802=LINE('',#11389,#1321);
#803=LINE('',#11391,#1322);
#804=LINE('',#11393,#1323);
#805=LINE('',#11397,#1324);
#806=LINE('',#11420,#1325);
#807=LINE('',#11426,#1326);
#808=LINE('',#11428,#1327);
#809=LINE('',#11439,#1328);
#810=LINE('',#11445,#1329);
#811=LINE('',#11447,#1330);
#812=LINE('',#11449,#1331);
#813=LINE('',#11451,#1332);
#814=LINE('',#11453,#1333);
#815=LINE('',#11455,#1334);
#816=LINE('',#11457,#1335);
#817=LINE('',#11459,#1336);
#818=LINE('',#11461,#1337);
#819=LINE('',#11463,#1338);
#820=LINE('',#11465,#1339);
#821=LINE('',#11467,#1340);
#822=LINE('',#11476,#1341);
#823=LINE('',#11489,#1342);
#824=LINE('',#11502,#1343);
#825=LINE('',#11515,#1344);
#826=LINE('',#11521,#1345);
#827=LINE('',#11525,#1346);
#828=LINE('',#11527,#1347);
#829=LINE('',#11529,#1348);
#830=LINE('',#11531,#1349);
#831=LINE('',#11533,#1350);
#832=LINE('',#11535,#1351);
#833=LINE('',#11537,#1352);
#834=LINE('',#11556,#1353);
#835=LINE('',#11560,#1354);
#836=LINE('',#11573,#1355);
#837=LINE('',#11590,#1356);
#838=LINE('',#11596,#1357);
#839=LINE('',#11598,#1358);
#840=LINE('',#11600,#1359);
#841=LINE('',#11602,#1360);
#842=LINE('',#11604,#1361);
#843=LINE('',#11606,#1362);
#844=LINE('',#11608,#1363);
#845=LINE('',#11610,#1364);
#846=LINE('',#11612,#1365);
#847=LINE('',#11625,#1366);
#848=LINE('',#11638,#1367);
#849=LINE('',#11644,#1368);
#850=LINE('',#11646,#1369);
#851=LINE('',#11648,#1370);
#852=LINE('',#11650,#1371);
#853=LINE('',#11652,#1372);
#854=LINE('',#11654,#1373);
#855=LINE('',#11656,#1374);
#856=LINE('',#11658,#1375);
#857=LINE('',#11660,#1376);
#858=LINE('',#11662,#1377);
#859=LINE('',#11664,#1378);
#860=LINE('',#11666,#1379);
#861=LINE('',#11668,#1380);
#862=LINE('',#11670,#1381);
#863=LINE('',#11672,#1382);
#864=LINE('',#11674,#1383);
#865=LINE('',#11676,#1384);
#866=LINE('',#11685,#1385);
#867=LINE('',#11698,#1386);
#868=LINE('',#11704,#1387);
#869=LINE('',#11742,#1388);
#870=LINE('',#11748,#1389);
#871=LINE('',#11757,#1390);
#872=LINE('',#11770,#1391);
#873=LINE('',#11783,#1392);
#874=LINE('',#11796,#1393);
#875=LINE('',#11809,#1394);
#876=LINE('',#11822,#1395);
#877=LINE('',#11831,#1396);
#878=LINE('',#11833,#1397);
#879=LINE('',#11835,#1398);
#880=LINE('',#11837,#1399);
#881=LINE('',#11839,#1400);
#882=LINE('',#11841,#1401);
#883=LINE('',#11843,#1402);
#884=LINE('',#11845,#1403);
#885=LINE('',#11851,#1404);
#886=LINE('',#11855,#1405);
#887=LINE('',#11868,#1406);
#888=LINE('',#11885,#1407);
#889=LINE('',#11902,#1408);
#890=LINE('',#11919,#1409);
#891=LINE('',#11927,#1410);
#892=LINE('',#11942,#1411);
#893=LINE('',#11959,#1412);
#894=LINE('',#11976,#1413);
#895=LINE('',#11989,#1414);
#896=LINE('',#11995,#1415);
#897=LINE('',#11997,#1416);
#898=LINE('',#12008,#1417);
#899=LINE('',#12021,#1418);
#900=LINE('',#12034,#1419);
#901=LINE('',#12047,#1420);
#902=LINE('',#12053,#1421);
#903=LINE('',#12057,#1422);
#904=LINE('',#12059,#1423);
#905=LINE('',#12061,#1424);
#906=LINE('',#12063,#1425);
#907=LINE('',#12065,#1426);
#908=LINE('',#12067,#1427);
#909=LINE('',#12069,#1428);
#910=LINE('',#12071,#1429);
#911=LINE('',#12073,#1430);
#912=LINE('',#12075,#1431);
#913=LINE('',#12084,#1432);
#914=LINE('',#12097,#1433);
#915=LINE('',#12103,#1434);
#916=LINE('',#12141,#1435);
#917=LINE('',#12147,#1436);
#918=LINE('',#12156,#1437);
#919=LINE('',#12169,#1438);
#920=LINE('',#12182,#1439);
#921=LINE('',#12195,#1440);
#922=LINE('',#12208,#1441);
#923=LINE('',#12221,#1442);
#924=LINE('',#12230,#1443);
#925=LINE('',#12232,#1444);
#926=LINE('',#12234,#1445);
#927=LINE('',#12236,#1446);
#928=LINE('',#12238,#1447);
#929=LINE('',#12240,#1448);
#930=LINE('',#12242,#1449);
#931=LINE('',#12244,#1450);
#932=LINE('',#12247,#1451);
#933=LINE('',#12251,#1452);
#934=LINE('',#12253,#1453);
#935=LINE('',#12255,#1454);
#936=LINE('',#12257,#1455);
#937=LINE('',#12259,#1456);
#938=LINE('',#12261,#1457);
#939=LINE('',#12263,#1458);
#940=LINE('',#12265,#1459);
#941=LINE('',#12267,#1460);
#942=LINE('',#12269,#1461);
#943=LINE('',#12271,#1462);
#944=LINE('',#12273,#1463);
#945=LINE('',#12275,#1464);
#946=LINE('',#12277,#1465);
#947=LINE('',#12279,#1466);
#948=LINE('',#12281,#1467);
#949=LINE('',#12283,#1468);
#950=LINE('',#12285,#1469);
#951=LINE('',#12287,#1470);
#952=LINE('',#12289,#1471);
#953=LINE('',#12291,#1472);
#954=LINE('',#12293,#1473);
#955=LINE('',#12295,#1474);
#956=LINE('',#12297,#1475);
#957=LINE('',#12308,#1476);
#958=LINE('',#12314,#1477);
#959=LINE('',#12316,#1478);
#960=LINE('',#12318,#1479);
#961=LINE('',#12320,#1480);
#962=LINE('',#12322,#1481);
#963=LINE('',#12324,#1482);
#964=LINE('',#12333,#1483);
#965=LINE('',#12358,#1484);
#966=LINE('',#12364,#1485);
#967=LINE('',#12366,#1486);
#968=LINE('',#12370,#1487);
#969=LINE('',#12374,#1488);
#970=LINE('',#12376,#1489);
#971=LINE('',#12378,#1490);
#972=LINE('',#12380,#1491);
#973=LINE('',#12382,#1492);
#974=LINE('',#12384,#1493);
#975=LINE('',#12386,#1494);
#976=LINE('',#12388,#1495);
#977=LINE('',#12390,#1496);
#978=LINE('',#12392,#1497);
#979=LINE('',#12394,#1498);
#980=LINE('',#12396,#1499);
#981=LINE('',#12405,#1500);
#982=LINE('',#12418,#1501);
#983=LINE('',#12431,#1502);
#984=LINE('',#12444,#1503);
#985=LINE('',#12450,#1504);
#986=LINE('',#12454,#1505);
#987=LINE('',#12456,#1506);
#988=LINE('',#12458,#1507);
#989=LINE('',#12460,#1508);
#990=LINE('',#12462,#1509);
#991=LINE('',#12464,#1510);
#992=LINE('',#12466,#1511);
#993=VECTOR('',#8175,1.);
#994=VECTOR('',#8176,1.);
#995=VECTOR('',#8177,1.);
#996=VECTOR('',#8180,1.);
#997=VECTOR('',#8181,1.);
#998=VECTOR('',#8182,1.);
#999=VECTOR('',#8183,1.);
#1000=VECTOR('',#8184,1.);
#1001=VECTOR('',#8185,1.);
#1002=VECTOR('',#8192,1.);
#1003=VECTOR('',#8193,1.);
#1004=VECTOR('',#8194,1.);
#1005=VECTOR('',#8197,1.);
#1006=VECTOR('',#8198,1.);
#1007=VECTOR('',#8199,1.);
#1008=VECTOR('',#8200,1.);
#1009=VECTOR('',#8201,1.);
#1010=VECTOR('',#8202,1.);
#1011=VECTOR('',#8203,1.);
#1012=VECTOR('',#8204,1.);
#1013=VECTOR('',#8205,1.);
#1014=VECTOR('',#8206,1.);
#1015=VECTOR('',#8207,1.);
#1016=VECTOR('',#8208,1.);
#1017=VECTOR('',#8209,1.);
#1018=VECTOR('',#8210,1.);
#1019=VECTOR('',#8211,1.);
#1020=VECTOR('',#8216,1.);
#1021=VECTOR('',#8217,1.);
#1022=VECTOR('',#8218,1.);
#1023=VECTOR('',#8219,1.);
#1024=VECTOR('',#8220,1.);
#1025=VECTOR('',#8225,1.);
#1026=VECTOR('',#8226,1.);
#1027=VECTOR('',#8227,1.);
#1028=VECTOR('',#8228,1.);
#1029=VECTOR('',#8231,1.);
#1030=VECTOR('',#8232,1.);
#1031=VECTOR('',#8233,1.);
#1032=VECTOR('',#8234,1.);
#1033=VECTOR('',#8235,1.);
#1034=VECTOR('',#8238,1.);
#1035=VECTOR('',#8239,1.);
#1036=VECTOR('',#8240,1.);
#1037=VECTOR('',#8241,1.);
#1038=VECTOR('',#8242,1.);
#1039=VECTOR('',#8243,1.);
#1040=VECTOR('',#8244,1.);
#1041=VECTOR('',#8251,1.);
#1042=VECTOR('',#8252,1.);
#1043=VECTOR('',#8253,1.);
#1044=VECTOR('',#8256,1.);
#1045=VECTOR('',#8257,1.);
#1046=VECTOR('',#8258,1.);
#1047=VECTOR('',#8259,1.);
#1048=VECTOR('',#8260,1.);
#1049=VECTOR('',#8261,1.);
#1050=VECTOR('',#8266,1.);
#1051=VECTOR('',#8273,1.);
#1052=VECTOR('',#8274,1.);
#1053=VECTOR('',#8281,1.);
#1054=VECTOR('',#8282,1.);
#1055=VECTOR('',#8283,1.);
#1056=VECTOR('',#8284,1.);
#1057=VECTOR('',#8285,1.);
#1058=VECTOR('',#8286,1.);
#1059=VECTOR('',#8287,1.);
#1060=VECTOR('',#8288,1.);
#1061=VECTOR('',#8289,1.);
#1062=VECTOR('',#8290,1.);
#1063=VECTOR('',#8291,1.);
#1064=VECTOR('',#8292,1.);
#1065=VECTOR('',#8293,1.);
#1066=VECTOR('',#8294,1.);
#1067=VECTOR('',#8295,1.);
#1068=VECTOR('',#8296,1.);
#1069=VECTOR('',#8297,1.);
#1070=VECTOR('',#8298,1.);
#1071=VECTOR('',#8299,1.);
#1072=VECTOR('',#8304,1.);
#1073=VECTOR('',#8307,1.);
#1074=VECTOR('',#8312,1.);
#1075=VECTOR('',#8313,1.);
#1076=VECTOR('',#8314,1.);
#1077=VECTOR('',#8315,1.);
#1078=VECTOR('',#8316,1.);
#1079=VECTOR('',#8317,1.);
#1080=VECTOR('',#8318,1.);
#1081=VECTOR('',#8319,1.);
#1082=VECTOR('',#8322,1.);
#1083=VECTOR('',#8327,1.);
#1084=VECTOR('',#8332,1.);
#1085=VECTOR('',#8333,1.);
#1086=VECTOR('',#8334,1.);
#1087=VECTOR('',#8335,1.);
#1088=VECTOR('',#8338,1.);
#1089=VECTOR('',#8339,1.);
#1090=VECTOR('',#8340,1.);
#1091=VECTOR('',#8341,1.);
#1092=VECTOR('',#8342,1.);
#1093=VECTOR('',#8343,1.);
#1094=VECTOR('',#8344,1.);
#1095=VECTOR('',#8345,1.);
#1096=VECTOR('',#8346,1.);
#1097=VECTOR('',#8347,1.);
#1098=VECTOR('',#8348,1.);
#1099=VECTOR('',#8349,1.);
#1100=VECTOR('',#8350,1.);
#1101=VECTOR('',#8351,1.);
#1102=VECTOR('',#8352,1.);
#1103=VECTOR('',#8353,1.);
#1104=VECTOR('',#8356,1.);
#1105=VECTOR('',#8357,1.);
#1106=VECTOR('',#8358,1.);
#1107=VECTOR('',#8359,1.);
#1108=VECTOR('',#8360,1.);
#1109=VECTOR('',#8361,1.);
#1110=VECTOR('',#8362,1.);
#1111=VECTOR('',#8363,1.);
#1112=VECTOR('',#8364,1.);
#1113=VECTOR('',#8367,1.);
#1114=VECTOR('',#8368,1.);
#1115=VECTOR('',#8369,1.);
#1116=VECTOR('',#8370,1.);
#1117=VECTOR('',#8373,1.);
#1118=VECTOR('',#8374,1.);
#1119=VECTOR('',#8375,1.);
#1120=VECTOR('',#8376,1.);
#1121=VECTOR('',#8377,1.);
#1122=VECTOR('',#8378,1.);
#1123=VECTOR('',#8381,1.);
#1124=VECTOR('',#8382,1.);
#1125=VECTOR('',#8383,1.);
#1126=VECTOR('',#8386,1.);
#1127=VECTOR('',#8387,1.);
#1128=VECTOR('',#8390,1.);
#1129=VECTOR('',#8391,1.);
#1130=VECTOR('',#8394,1.);
#1131=VECTOR('',#8399,1.);
#1132=VECTOR('',#8400,1.);
#1133=VECTOR('',#8403,1.);
#1134=VECTOR('',#8408,1.);
#1135=VECTOR('',#8409,1.);
#1136=VECTOR('',#8412,1.);
#1137=VECTOR('',#8413,1.);
#1138=VECTOR('',#8416,1.);
#1139=VECTOR('',#8421,1.);
#1140=VECTOR('',#8422,1.);
#1141=VECTOR('',#8425,1.);
#1142=VECTOR('',#8430,1.);
#1143=VECTOR('',#8431,1.);
#1144=VECTOR('',#8434,1.);
#1145=VECTOR('',#8435,1.);
#1146=VECTOR('',#8438,1.);
#1147=VECTOR('',#8443,1.);
#1148=VECTOR('',#8444,1.);
#1149=VECTOR('',#8445,1.);
#1150=VECTOR('',#8448,1.);
#1151=VECTOR('',#8449,1.);
#1152=VECTOR('',#8452,1.);
#1153=VECTOR('',#8453,1.);
#1154=VECTOR('',#8456,1.);
#1155=VECTOR('',#8457,1.);
#1156=VECTOR('',#8460,1.);
#1157=VECTOR('',#8461,1.);
#1158=VECTOR('',#8464,1.);
#1159=VECTOR('',#8465,1.);
#1160=VECTOR('',#8468,1.);
#1161=VECTOR('',#8469,1.);
#1162=VECTOR('',#8472,1.);
#1163=VECTOR('',#8473,1.);
#1164=VECTOR('',#8476,1.);
#1165=VECTOR('',#8477,1.);
#1166=VECTOR('',#8480,1.);
#1167=VECTOR('',#8481,1.);
#1168=VECTOR('',#8484,1.);
#1169=VECTOR('',#8491,1.);
#1170=VECTOR('',#8494,1.);
#1171=VECTOR('',#8497,1.);
#1172=VECTOR('',#8498,1.);
#1173=VECTOR('',#8499,1.);
#1174=VECTOR('',#8500,1.);
#1175=VECTOR('',#8505,1.);
#1176=VECTOR('',#8508,1.);
#1177=VECTOR('',#8509,1.);
#1178=VECTOR('',#8510,1.);
#1179=VECTOR('',#8511,1.);
#1180=VECTOR('',#8514,1.);
#1181=VECTOR('',#8517,1.);
#1182=VECTOR('',#8520,1.);
#1183=VECTOR('',#8523,1.);
#1184=VECTOR('',#8524,1.);
#1185=VECTOR('',#8525,1.);
#1186=VECTOR('',#8526,1.);
#1187=VECTOR('',#8529,1.);
#1188=VECTOR('',#8530,1.);
#1189=VECTOR('',#8531,1.);
#1190=VECTOR('',#8532,1.);
#1191=VECTOR('',#8533,1.);
#1192=VECTOR('',#8536,1.);
#1193=VECTOR('',#8541,1.);
#1194=VECTOR('',#8542,1.);
#1195=VECTOR('',#8545,1.);
#1196=VECTOR('',#8550,1.);
#1197=VECTOR('',#8559,1.);
#1198=VECTOR('',#8560,1.);
#1199=VECTOR('',#8561,1.);
#1200=VECTOR('',#8564,1.);
#1201=VECTOR('',#8565,1.);
#1202=VECTOR('',#8568,1.);
#1203=VECTOR('',#8569,1.);
#1204=VECTOR('',#8572,1.);
#1205=VECTOR('',#8573,1.);
#1206=VECTOR('',#8576,1.);
#1207=VECTOR('',#8577,1.);
#1208=VECTOR('',#8580,1.);
#1209=VECTOR('',#8581,1.);
#1210=VECTOR('',#8584,1.);
#1211=VECTOR('',#8585,1.);
#1212=VECTOR('',#8588,1.);
#1213=VECTOR('',#8591,1.);
#1214=VECTOR('',#8592,1.);
#1215=VECTOR('',#8593,1.);
#1216=VECTOR('',#8594,1.);
#1217=VECTOR('',#8595,1.);
#1218=VECTOR('',#8596,1.);
#1219=VECTOR('',#8599,1.);
#1220=VECTOR('',#8602,1.);
#1221=VECTOR('',#8603,1.);
#1222=VECTOR('',#8604,1.);
#1223=VECTOR('',#8605,1.);
#1224=VECTOR('',#8606,1.);
#1225=VECTOR('',#8607,1.);
#1226=VECTOR('',#8608,1.);
#1227=VECTOR('',#8611,1.);
#1228=VECTOR('',#8616,1.);
#1229=VECTOR('',#8617,1.);
#1230=VECTOR('',#8620,1.);
#1231=VECTOR('',#8623,1.);
#1232=VECTOR('',#8624,1.);
#1233=VECTOR('',#8625,1.);
#1234=VECTOR('',#8626,1.);
#1235=VECTOR('',#8627,1.);
#1236=VECTOR('',#8628,1.);
#1237=VECTOR('',#8629,1.);
#1238=VECTOR('',#8632,1.);
#1239=VECTOR('',#8635,1.);
#1240=VECTOR('',#8636,1.);
#1241=VECTOR('',#8637,1.);
#1242=VECTOR('',#8638,1.);
#1243=VECTOR('',#8639,1.);
#1244=VECTOR('',#8640,1.);
#1245=VECTOR('',#8641,1.);
#1246=VECTOR('',#8644,1.);
#1247=VECTOR('',#8645,1.);
#1248=VECTOR('',#8648,1.);
#1249=VECTOR('',#8655,1.);
#1250=VECTOR('',#8656,1.);
#1251=VECTOR('',#8657,1.);
#1252=VECTOR('',#8660,1.);
#1253=VECTOR('',#8661,1.);
#1254=VECTOR('',#8664,1.);
#1255=VECTOR('',#8665,1.);
#1256=VECTOR('',#8668,1.);
#1257=VECTOR('',#8675,1.);
#1258=VECTOR('',#8678,1.);
#1259=VECTOR('',#8679,1.);
#1260=VECTOR('',#8680,1.);
#1261=VECTOR('',#8681,1.);
#1262=VECTOR('',#8682,1.);
#1263=VECTOR('',#8687,1.);
#1264=VECTOR('',#8690,1.);
#1265=VECTOR('',#8691,1.);
#1266=VECTOR('',#8692,1.);
#1267=VECTOR('',#8693,1.);
#1268=VECTOR('',#8694,1.);
#1269=VECTOR('',#8697,1.);
#1270=VECTOR('',#8700,1.);
#1271=VECTOR('',#8701,1.);
#1272=VECTOR('',#8702,1.);
#1273=VECTOR('',#8703,1.);
#1274=VECTOR('',#8704,1.);
#1275=VECTOR('',#8707,1.);
#1276=VECTOR('',#8708,1.);
#1277=VECTOR('',#8711,1.);
#1278=VECTOR('',#8712,1.);
#1279=VECTOR('',#8715,1.);
#1280=VECTOR('',#8716,1.);
#1281=VECTOR('',#8719,1.);
#1282=VECTOR('',#8720,1.);
#1283=VECTOR('',#8723,1.);
#1284=VECTOR('',#8724,1.);
#1285=VECTOR('',#8725,1.);
#1286=VECTOR('',#8726,1.);
#1287=VECTOR('',#8729,1.);
#1288=VECTOR('',#8736,1.);
#1289=VECTOR('',#8737,1.);
#1290=VECTOR('',#8738,1.);
#1291=VECTOR('',#8739,1.);
#1292=VECTOR('',#8740,1.);
#1293=VECTOR('',#8741,1.);
#1294=VECTOR('',#8744,1.);
#1295=VECTOR('',#8747,1.);
#1296=VECTOR('',#8748,1.);
#1297=VECTOR('',#8749,1.);
#1298=VECTOR('',#8750,1.);
#1299=VECTOR('',#8751,1.);
#1300=VECTOR('',#8752,1.);
#1301=VECTOR('',#8753,1.);
#1302=VECTOR('',#8756,1.);
#1303=VECTOR('',#8757,1.);
#1304=VECTOR('',#8760,1.);
#1305=VECTOR('',#8761,1.);
#1306=VECTOR('',#8764,1.);
#1307=VECTOR('',#8767,1.);
#1308=VECTOR('',#8768,1.);
#1309=VECTOR('',#8769,1.);
#1310=VECTOR('',#8770,1.);
#1311=VECTOR('',#8773,1.);
#1312=VECTOR('',#8776,1.);
#1313=VECTOR('',#8779,1.);
#1314=VECTOR('',#8782,1.);
#1315=VECTOR('',#8783,1.);
#1316=VECTOR('',#8784,1.);
#1317=VECTOR('',#8785,1.);
#1318=VECTOR('',#8786,1.);
#1319=VECTOR('',#8787,1.);
#1320=VECTOR('',#8788,1.);
#1321=VECTOR('',#8791,1.);
#1322=VECTOR('',#8792,1.);
#1323=VECTOR('',#8795,1.);
#1324=VECTOR('',#8800,1.);
#1325=VECTOR('',#8805,1.);
#1326=VECTOR('',#8806,1.);
#1327=VECTOR('',#8809,1.);
#1328=VECTOR('',#8812,1.);
#1329=VECTOR('',#8815,1.);
#1330=VECTOR('',#8816,1.);
#1331=VECTOR('',#8819,1.);
#1332=VECTOR('',#8820,1.);
#1333=VECTOR('',#8823,1.);
#1334=VECTOR('',#8824,1.);
#1335=VECTOR('',#8827,1.);
#1336=VECTOR('',#8828,1.);
#1337=VECTOR('',#8831,1.);
#1338=VECTOR('',#8832,1.);
#1339=VECTOR('',#8835,1.);
#1340=VECTOR('',#8836,1.);
#1341=VECTOR('',#8837,1.);
#1342=VECTOR('',#8838,1.);
#1343=VECTOR('',#8839,1.);
#1344=VECTOR('',#8840,1.);
#1345=VECTOR('',#8843,1.);
#1346=VECTOR('',#8848,1.);
#1347=VECTOR('',#8849,1.);
#1348=VECTOR('',#8852,1.);
#1349=VECTOR('',#8853,1.);
#1350=VECTOR('',#8856,1.);
#1351=VECTOR('',#8857,1.);
#1352=VECTOR('',#8860,1.);
#1353=VECTOR('',#8869,1.);
#1354=VECTOR('',#8872,1.);
#1355=VECTOR('',#8873,1.);
#1356=VECTOR('',#8874,1.);
#1357=VECTOR('',#8877,1.);
#1358=VECTOR('',#8878,1.);
#1359=VECTOR('',#8879,1.);
#1360=VECTOR('',#8882,1.);
#1361=VECTOR('',#8883,1.);
#1362=VECTOR('',#8884,1.);
#1363=VECTOR('',#8887,1.);
#1364=VECTOR('',#8888,1.);
#1365=VECTOR('',#8889,1.);
#1366=VECTOR('',#8890,1.);
#1367=VECTOR('',#8891,1.);
#1368=VECTOR('',#8892,1.);
#1369=VECTOR('',#8895,1.);
#1370=VECTOR('',#8896,1.);
#1371=VECTOR('',#8899,1.);
#1372=VECTOR('',#8900,1.);
#1373=VECTOR('',#8903,1.);
#1374=VECTOR('',#8904,1.);
#1375=VECTOR('',#8907,1.);
#1376=VECTOR('',#8908,1.);
#1377=VECTOR('',#8911,1.);
#1378=VECTOR('',#8912,1.);
#1379=VECTOR('',#8915,1.);
#1380=VECTOR('',#8916,1.);
#1381=VECTOR('',#8919,1.);
#1382=VECTOR('',#8920,1.);
#1383=VECTOR('',#8923,1.);
#1384=VECTOR('',#8924,1.);
#1385=VECTOR('',#8925,1.);
#1386=VECTOR('',#8926,1.);
#1387=VECTOR('',#8929,1.);
#1388=VECTOR('',#8936,1.);
#1389=VECTOR('',#8937,1.);
#1390=VECTOR('',#8938,1.);
#1391=VECTOR('',#8939,1.);
#1392=VECTOR('',#8940,1.);
#1393=VECTOR('',#8941,1.);
#1394=VECTOR('',#8942,1.);
#1395=VECTOR('',#8943,1.);
#1396=VECTOR('',#8952,1.);
#1397=VECTOR('',#8953,1.);
#1398=VECTOR('',#8954,1.);
#1399=VECTOR('',#8957,1.);
#1400=VECTOR('',#8958,1.);
#1401=VECTOR('',#8961,1.);
#1402=VECTOR('',#8962,1.);
#1403=VECTOR('',#8965,1.);
#1404=VECTOR('',#8972,1.);
#1405=VECTOR('',#8975,1.);
#1406=VECTOR('',#8976,1.);
#1407=VECTOR('',#8977,1.);
#1408=VECTOR('',#8978,1.);
#1409=VECTOR('',#8979,1.);
#1410=VECTOR('',#8984,1.);
#1411=VECTOR('',#8987,1.);
#1412=VECTOR('',#8988,1.);
#1413=VECTOR('',#8989,1.);
#1414=VECTOR('',#8990,1.);
#1415=VECTOR('',#8991,1.);
#1416=VECTOR('',#8994,1.);
#1417=VECTOR('',#8997,1.);
#1418=VECTOR('',#8998,1.);
#1419=VECTOR('',#8999,1.);
#1420=VECTOR('',#9000,1.);
#1421=VECTOR('',#9003,1.);
#1422=VECTOR('',#9008,1.);
#1423=VECTOR('',#9009,1.);
#1424=VECTOR('',#9012,1.);
#1425=VECTOR('',#9013,1.);
#1426=VECTOR('',#9016,1.);
#1427=VECTOR('',#9017,1.);
#1428=VECTOR('',#9020,1.);
#1429=VECTOR('',#9021,1.);
#1430=VECTOR('',#9024,1.);
#1431=VECTOR('',#9025,1.);
#1432=VECTOR('',#9026,1.);
#1433=VECTOR('',#9027,1.);
#1434=VECTOR('',#9030,1.);
#1435=VECTOR('',#9037,1.);
#1436=VECTOR('',#9038,1.);
#1437=VECTOR('',#9039,1.);
#1438=VECTOR('',#9040,1.);
#1439=VECTOR('',#9041,1.);
#1440=VECTOR('',#9042,1.);
#1441=VECTOR('',#9043,1.);
#1442=VECTOR('',#9044,1.);
#1443=VECTOR('',#9053,1.);
#1444=VECTOR('',#9054,1.);
#1445=VECTOR('',#9055,1.);
#1446=VECTOR('',#9058,1.);
#1447=VECTOR('',#9059,1.);
#1448=VECTOR('',#9062,1.);
#1449=VECTOR('',#9063,1.);
#1450=VECTOR('',#9066,1.);
#1451=VECTOR('',#9071,1.);
#1452=VECTOR('',#9074,1.);
#1453=VECTOR('',#9077,1.);
#1454=VECTOR('',#9078,1.);
#1455=VECTOR('',#9081,1.);
#1456=VECTOR('',#9082,1.);
#1457=VECTOR('',#9085,1.);
#1458=VECTOR('',#9086,1.);
#1459=VECTOR('',#9089,1.);
#1460=VECTOR('',#9090,1.);
#1461=VECTOR('',#9093,1.);
#1462=VECTOR('',#9094,1.);
#1463=VECTOR('',#9097,1.);
#1464=VECTOR('',#9098,1.);
#1465=VECTOR('',#9101,1.);
#1466=VECTOR('',#9102,1.);
#1467=VECTOR('',#9105,1.);
#1468=VECTOR('',#9106,1.);
#1469=VECTOR('',#9109,1.);
#1470=VECTOR('',#9110,1.);
#1471=VECTOR('',#9113,1.);
#1472=VECTOR('',#9114,1.);
#1473=VECTOR('',#9117,1.);
#1474=VECTOR('',#9118,1.);
#1475=VECTOR('',#9121,1.);
#1476=VECTOR('',#9124,1.);
#1477=VECTOR('',#9127,1.);
#1478=VECTOR('',#9128,1.);
#1479=VECTOR('',#9131,1.);
#1480=VECTOR('',#9132,1.);
#1481=VECTOR('',#9135,1.);
#1482=VECTOR('',#9136,1.);
#1483=VECTOR('',#9137,1.);
#1484=VECTOR('',#9140,1.);
#1485=VECTOR('',#9141,1.);
#1486=VECTOR('',#9144,1.);
#1487=VECTOR('',#9149,1.);
#1488=VECTOR('',#9154,1.);
#1489=VECTOR('',#9155,1.);
#1490=VECTOR('',#9158,1.);
#1491=VECTOR('',#9159,1.);
#1492=VECTOR('',#9162,1.);
#1493=VECTOR('',#9163,1.);
#1494=VECTOR('',#9166,1.);
#1495=VECTOR('',#9167,1.);
#1496=VECTOR('',#9170,1.);
#1497=VECTOR('',#9171,1.);
#1498=VECTOR('',#9174,1.);
#1499=VECTOR('',#9175,1.);
#1500=VECTOR('',#9176,1.);
#1501=VECTOR('',#9177,1.);
#1502=VECTOR('',#9178,1.);
#1503=VECTOR('',#9179,1.);
#1504=VECTOR('',#9182,1.);
#1505=VECTOR('',#9187,1.);
#1506=VECTOR('',#9188,1.);
#1507=VECTOR('',#9191,1.);
#1508=VECTOR('',#9192,1.);
#1509=VECTOR('',#9195,1.);
#1510=VECTOR('',#9196,1.);
#1511=VECTOR('',#9199,1.);
#1512=CIRCLE('',#7913,0.00353173001032191);
#1513=CIRCLE('',#7914,0.00190877929470197);
#1514=CIRCLE('',#7915,0.00253369802181394);
#1515=CIRCLE('',#7916,0.00267784511016084);
#1516=CIRCLE('',#7917,0.000793613292197782);
#1517=CIRCLE('',#7918,0.00388001807691087);
#1518=CIRCLE('',#7919,0.000754391552753598);
#1519=CIRCLE('',#7920,0.00279868562114631);
#1520=CIRCLE('',#7921,0.0025188290831135);
#1521=CIRCLE('',#7922,0.00430526414969754);
#1522=CIRCLE('',#7923,0.000754391552753584);
#1523=CIRCLE('',#7924,0.0023149889824797);
#1524=CIRCLE('',#7926,0.00300107066119824);
#1525=CIRCLE('',#7927,0.00395802254471524);
#1526=CIRCLE('',#7928,0.00213917583145717);
#1527=CIRCLE('',#7929,0.00160419925036733);
#1528=CIRCLE('',#7930,0.00342889685573572);
#1529=CIRCLE('',#7931,0.00208482558050866);
#1530=CIRCLE('',#7932,0.00174275747545171);
#1531=CIRCLE('',#7933,0.00183128432904628);
#1532=CIRCLE('',#7934,0.00215085901387457);
#1533=CIRCLE('',#7935,0.00487946472363052);
#1534=CIRCLE('',#7936,0.00313649705716112);
#1535=CIRCLE('',#7937,0.00376366425369402);
#1536=CIRCLE('',#7938,0.00489354003556733);
#1537=CIRCLE('',#7939,0.00173572033691495);
#1538=CIRCLE('',#7940,0.00423581258899328);
#1539=CIRCLE('',#7941,0.00380075720504537);
#1540=CIRCLE('',#7942,0.00330470495867827);
#1541=CIRCLE('',#7943,0.0025155885238261);
#1542=CIRCLE('',#7944,0.0023371026768657);
#1543=CIRCLE('',#7945,0.000608015013610733);
#1544=CIRCLE('',#7946,0.002602596852523);
#1545=CIRCLE('',#7983,0.00211502198154804);
#1546=CIRCLE('',#7984,0.00211502198154804);
#1547=CIRCLE('',#7987,0.00144841649539106);
#1548=CIRCLE('',#7988,0.00144841649539106);
#1549=CIRCLE('',#7990,0.00380075720504537);
#1550=CIRCLE('',#7992,0.00423581258899328);
#1551=CIRCLE('',#7995,0.00173572033691495);
#1552=CIRCLE('',#7998,0.00489354003556733);
#1553=CIRCLE('',#8000,0.00376366425369402);
#1554=CIRCLE('',#8013,0.002602596852523);
#1555=CIRCLE('',#8015,0.000608015013610733);
#1556=CIRCLE('',#8018,0.0023371026768657);
#1557=CIRCLE('',#8020,0.0025155885238261);
#1558=CIRCLE('',#8023,0.00330470495867827);
#1559=CIRCLE('',#8031,0.00244322790074955);
#1560=CIRCLE('',#8032,0.00244322790074955);
#1561=CIRCLE('',#8034,0.00244322790074791);
#1562=CIRCLE('',#8035,0.00244322790074791);
#1563=CIRCLE('',#8037,0.00487946472363052);
#1564=CIRCLE('',#8044,0.00313649705716112);
#1565=CIRCLE('',#8048,0.00215085901387457);
#1566=CIRCLE('',#8052,0.00183128432904628);
#1567=CIRCLE('',#8054,0.00174275747545171);
#1568=CIRCLE('',#8056,0.00208482558050866);
#1569=CIRCLE('',#8059,0.00342889685573572);
#1570=CIRCLE('',#8061,0.00160419925036733);
#1571=CIRCLE('',#8064,0.00300107066119824);
#1572=CIRCLE('',#8072,0.00213917583145717);
#1573=CIRCLE('',#8077,0.00395802254471524);
#1574=CIRCLE('',#8080,0.00258019706539199);
#1575=CIRCLE('',#8081,0.00258019706539199);
#1576=CIRCLE('',#8094,0.0023149889824797);
#1577=CIRCLE('',#8098,0.000754391552753584);
#1578=CIRCLE('',#8106,0.00218008391858673);
#1579=CIRCLE('',#8107,0.00218008391858673);
#1580=CIRCLE('',#8109,0.00218008391858668);
#1581=CIRCLE('',#8110,0.00218008391858668);
#1582=CIRCLE('',#8112,0.00430526414969754);
#1583=CIRCLE('',#8114,0.0025188290831135);
#1584=CIRCLE('',#8121,0.00279868562114631);
#1585=CIRCLE('',#8125,0.000754391552753598);
#1586=CIRCLE('',#8133,0.000793613292197782);
#1587=CIRCLE('',#8146,0.00388001807691087);
#1588=CIRCLE('',#8152,0.00267784511016084);
#1589=CIRCLE('',#8154,0.00253369802181394);
#1590=CIRCLE('',#8162,0.00190877929470197);
#1591=CIRCLE('',#8167,0.00353173001032191);
#1592=ORIENTED_EDGE('',*,*,#3338,.T.);
#1593=ORIENTED_EDGE('',*,*,#3339,.T.);
#1594=ORIENTED_EDGE('',*,*,#3340,.T.);
#1595=ORIENTED_EDGE('',*,*,#3341,.T.);
#1596=ORIENTED_EDGE('',*,*,#3342,.T.);
#1597=ORIENTED_EDGE('',*,*,#3343,.T.);
#1598=ORIENTED_EDGE('',*,*,#3344,.T.);
#1599=ORIENTED_EDGE('',*,*,#3345,.T.);
#1600=ORIENTED_EDGE('',*,*,#3346,.T.);
#1601=ORIENTED_EDGE('',*,*,#3347,.T.);
#1602=ORIENTED_EDGE('',*,*,#3348,.T.);
#1603=ORIENTED_EDGE('',*,*,#3349,.T.);
#1604=ORIENTED_EDGE('',*,*,#3350,.T.);
#1605=ORIENTED_EDGE('',*,*,#3351,.T.);
#1606=ORIENTED_EDGE('',*,*,#3352,.T.);
#1607=ORIENTED_EDGE('',*,*,#3353,.T.);
#1608=ORIENTED_EDGE('',*,*,#3354,.T.);
#1609=ORIENTED_EDGE('',*,*,#3355,.T.);
#1610=ORIENTED_EDGE('',*,*,#3356,.T.);
#1611=ORIENTED_EDGE('',*,*,#3357,.T.);
#1612=ORIENTED_EDGE('',*,*,#3358,.T.);
#1613=ORIENTED_EDGE('',*,*,#3359,.T.);
#1614=ORIENTED_EDGE('',*,*,#3360,.T.);
#1615=ORIENTED_EDGE('',*,*,#3361,.T.);
#1616=ORIENTED_EDGE('',*,*,#3362,.T.);
#1617=ORIENTED_EDGE('',*,*,#3363,.T.);
#1618=ORIENTED_EDGE('',*,*,#3364,.T.);
#1619=ORIENTED_EDGE('',*,*,#3365,.T.);
#1620=ORIENTED_EDGE('',*,*,#3366,.T.);
#1621=ORIENTED_EDGE('',*,*,#3367,.T.);
#1622=ORIENTED_EDGE('',*,*,#3368,.T.);
#1623=ORIENTED_EDGE('',*,*,#3369,.T.);
#1624=ORIENTED_EDGE('',*,*,#3370,.T.);
#1625=ORIENTED_EDGE('',*,*,#3371,.T.);
#1626=ORIENTED_EDGE('',*,*,#3372,.T.);
#1627=ORIENTED_EDGE('',*,*,#3373,.T.);
#1628=ORIENTED_EDGE('',*,*,#3374,.T.);
#1629=ORIENTED_EDGE('',*,*,#3375,.T.);
#1630=ORIENTED_EDGE('',*,*,#3376,.T.);
#1631=ORIENTED_EDGE('',*,*,#3377,.T.);
#1632=ORIENTED_EDGE('',*,*,#3378,.T.);
#1633=ORIENTED_EDGE('',*,*,#3379,.T.);
#1634=ORIENTED_EDGE('',*,*,#3380,.T.);
#1635=ORIENTED_EDGE('',*,*,#3381,.T.);
#1636=ORIENTED_EDGE('',*,*,#3382,.T.);
#1637=ORIENTED_EDGE('',*,*,#3383,.T.);
#1638=ORIENTED_EDGE('',*,*,#3384,.T.);
#1639=ORIENTED_EDGE('',*,*,#3385,.T.);
#1640=ORIENTED_EDGE('',*,*,#3386,.T.);
#1641=ORIENTED_EDGE('',*,*,#3387,.T.);
#1642=ORIENTED_EDGE('',*,*,#3388,.T.);
#1643=ORIENTED_EDGE('',*,*,#3389,.T.);
#1644=ORIENTED_EDGE('',*,*,#3390,.T.);
#1645=ORIENTED_EDGE('',*,*,#3391,.T.);
#1646=ORIENTED_EDGE('',*,*,#3392,.T.);
#1647=ORIENTED_EDGE('',*,*,#3393,.T.);
#1648=ORIENTED_EDGE('',*,*,#3394,.T.);
#1649=ORIENTED_EDGE('',*,*,#3395,.T.);
#1650=ORIENTED_EDGE('',*,*,#3396,.T.);
#1651=ORIENTED_EDGE('',*,*,#3397,.T.);
#1652=ORIENTED_EDGE('',*,*,#3398,.T.);
#1653=ORIENTED_EDGE('',*,*,#3399,.T.);
#1654=ORIENTED_EDGE('',*,*,#3400,.T.);
#1655=ORIENTED_EDGE('',*,*,#3401,.T.);
#1656=ORIENTED_EDGE('',*,*,#3402,.T.);
#1657=ORIENTED_EDGE('',*,*,#3403,.T.);
#1658=ORIENTED_EDGE('',*,*,#3404,.T.);
#1659=ORIENTED_EDGE('',*,*,#3405,.T.);
#1660=ORIENTED_EDGE('',*,*,#3406,.T.);
#1661=ORIENTED_EDGE('',*,*,#3407,.T.);
#1662=ORIENTED_EDGE('',*,*,#3408,.T.);
#1663=ORIENTED_EDGE('',*,*,#3409,.T.);
#1664=ORIENTED_EDGE('',*,*,#3410,.T.);
#1665=ORIENTED_EDGE('',*,*,#3411,.T.);
#1666=ORIENTED_EDGE('',*,*,#3412,.T.);
#1667=ORIENTED_EDGE('',*,*,#3413,.T.);
#1668=ORIENTED_EDGE('',*,*,#3414,.T.);
#1669=ORIENTED_EDGE('',*,*,#3415,.T.);
#1670=ORIENTED_EDGE('',*,*,#3416,.F.);
#1671=ORIENTED_EDGE('',*,*,#3417,.F.);
#1672=ORIENTED_EDGE('',*,*,#3418,.T.);
#1673=ORIENTED_EDGE('',*,*,#3419,.T.);
#1674=ORIENTED_EDGE('',*,*,#3420,.T.);
#1675=ORIENTED_EDGE('',*,*,#3421,.T.);
#1676=ORIENTED_EDGE('',*,*,#3422,.T.);
#1677=ORIENTED_EDGE('',*,*,#3423,.T.);
#1678=ORIENTED_EDGE('',*,*,#3424,.T.);
#1679=ORIENTED_EDGE('',*,*,#3425,.T.);
#1680=ORIENTED_EDGE('',*,*,#3426,.T.);
#1681=ORIENTED_EDGE('',*,*,#3427,.T.);
#1682=ORIENTED_EDGE('',*,*,#3428,.T.);
#1683=ORIENTED_EDGE('',*,*,#3429,.T.);
#1684=ORIENTED_EDGE('',*,*,#3430,.T.);
#1685=ORIENTED_EDGE('',*,*,#3431,.T.);
#1686=ORIENTED_EDGE('',*,*,#3432,.T.);
#1687=ORIENTED_EDGE('',*,*,#3433,.T.);
#1688=ORIENTED_EDGE('',*,*,#3434,.T.);
#1689=ORIENTED_EDGE('',*,*,#3435,.T.);
#1690=ORIENTED_EDGE('',*,*,#3436,.T.);
#1691=ORIENTED_EDGE('',*,*,#3437,.T.);
#1692=ORIENTED_EDGE('',*,*,#3438,.T.);
#1693=ORIENTED_EDGE('',*,*,#3439,.T.);
#1694=ORIENTED_EDGE('',*,*,#3440,.T.);
#1695=ORIENTED_EDGE('',*,*,#3441,.T.);
#1696=ORIENTED_EDGE('',*,*,#3442,.T.);
#1697=ORIENTED_EDGE('',*,*,#3443,.T.);
#1698=ORIENTED_EDGE('',*,*,#3444,.T.);
#1699=ORIENTED_EDGE('',*,*,#3445,.T.);
#1700=ORIENTED_EDGE('',*,*,#3446,.T.);
#1701=ORIENTED_EDGE('',*,*,#3447,.T.);
#1702=ORIENTED_EDGE('',*,*,#3448,.T.);
#1703=ORIENTED_EDGE('',*,*,#3449,.T.);
#1704=ORIENTED_EDGE('',*,*,#3450,.T.);
#1705=ORIENTED_EDGE('',*,*,#3451,.T.);
#1706=ORIENTED_EDGE('',*,*,#3452,.T.);
#1707=ORIENTED_EDGE('',*,*,#3453,.T.);
#1708=ORIENTED_EDGE('',*,*,#3454,.T.);
#1709=ORIENTED_EDGE('',*,*,#3455,.T.);
#1710=ORIENTED_EDGE('',*,*,#3456,.T.);
#1711=ORIENTED_EDGE('',*,*,#3457,.T.);
#1712=ORIENTED_EDGE('',*,*,#3458,.T.);
#1713=ORIENTED_EDGE('',*,*,#3459,.T.);
#1714=ORIENTED_EDGE('',*,*,#3460,.T.);
#1715=ORIENTED_EDGE('',*,*,#3461,.T.);
#1716=ORIENTED_EDGE('',*,*,#3462,.T.);
#1717=ORIENTED_EDGE('',*,*,#3463,.T.);
#1718=ORIENTED_EDGE('',*,*,#3464,.T.);
#1719=ORIENTED_EDGE('',*,*,#3465,.T.);
#1720=ORIENTED_EDGE('',*,*,#3466,.T.);
#1721=ORIENTED_EDGE('',*,*,#3467,.T.);
#1722=ORIENTED_EDGE('',*,*,#3468,.T.);
#1723=ORIENTED_EDGE('',*,*,#3469,.T.);
#1724=ORIENTED_EDGE('',*,*,#3470,.T.);
#1725=ORIENTED_EDGE('',*,*,#3471,.T.);
#1726=ORIENTED_EDGE('',*,*,#3472,.T.);
#1727=ORIENTED_EDGE('',*,*,#3473,.T.);
#1728=ORIENTED_EDGE('',*,*,#3474,.T.);
#1729=ORIENTED_EDGE('',*,*,#3475,.T.);
#1730=ORIENTED_EDGE('',*,*,#3476,.T.);
#1731=ORIENTED_EDGE('',*,*,#3477,.T.);
#1732=ORIENTED_EDGE('',*,*,#3478,.T.);
#1733=ORIENTED_EDGE('',*,*,#3479,.T.);
#1734=ORIENTED_EDGE('',*,*,#3480,.T.);
#1735=ORIENTED_EDGE('',*,*,#3481,.T.);
#1736=ORIENTED_EDGE('',*,*,#3482,.T.);
#1737=ORIENTED_EDGE('',*,*,#3483,.T.);
#1738=ORIENTED_EDGE('',*,*,#3484,.T.);
#1739=ORIENTED_EDGE('',*,*,#3485,.T.);
#1740=ORIENTED_EDGE('',*,*,#3486,.T.);
#1741=ORIENTED_EDGE('',*,*,#3487,.T.);
#1742=ORIENTED_EDGE('',*,*,#3488,.T.);
#1743=ORIENTED_EDGE('',*,*,#3489,.T.);
#1744=ORIENTED_EDGE('',*,*,#3490,.T.);
#1745=ORIENTED_EDGE('',*,*,#3491,.T.);
#1746=ORIENTED_EDGE('',*,*,#3492,.T.);
#1747=ORIENTED_EDGE('',*,*,#3493,.T.);
#1748=ORIENTED_EDGE('',*,*,#3494,.T.);
#1749=ORIENTED_EDGE('',*,*,#3495,.T.);
#1750=ORIENTED_EDGE('',*,*,#3496,.T.);
#1751=ORIENTED_EDGE('',*,*,#3497,.T.);
#1752=ORIENTED_EDGE('',*,*,#3498,.T.);
#1753=ORIENTED_EDGE('',*,*,#3499,.T.);
#1754=ORIENTED_EDGE('',*,*,#3500,.T.);
#1755=ORIENTED_EDGE('',*,*,#3501,.T.);
#1756=ORIENTED_EDGE('',*,*,#3502,.T.);
#1757=ORIENTED_EDGE('',*,*,#3503,.T.);
#1758=ORIENTED_EDGE('',*,*,#3504,.T.);
#1759=ORIENTED_EDGE('',*,*,#3505,.T.);
#1760=ORIENTED_EDGE('',*,*,#3506,.T.);
#1761=ORIENTED_EDGE('',*,*,#3507,.T.);
#1762=ORIENTED_EDGE('',*,*,#3508,.T.);
#1763=ORIENTED_EDGE('',*,*,#3509,.T.);
#1764=ORIENTED_EDGE('',*,*,#3510,.T.);
#1765=ORIENTED_EDGE('',*,*,#3511,.T.);
#1766=ORIENTED_EDGE('',*,*,#3512,.T.);
#1767=ORIENTED_EDGE('',*,*,#3513,.T.);
#1768=ORIENTED_EDGE('',*,*,#3419,.F.);
#1769=ORIENTED_EDGE('',*,*,#3514,.F.);
#1770=ORIENTED_EDGE('',*,*,#3515,.T.);
#1771=ORIENTED_EDGE('',*,*,#3516,.T.);
#1772=ORIENTED_EDGE('',*,*,#3517,.T.);
#1773=ORIENTED_EDGE('',*,*,#3518,.T.);
#1774=ORIENTED_EDGE('',*,*,#3519,.T.);
#1775=ORIENTED_EDGE('',*,*,#3520,.T.);
#1776=ORIENTED_EDGE('',*,*,#3521,.T.);
#1777=ORIENTED_EDGE('',*,*,#3522,.T.);
#1778=ORIENTED_EDGE('',*,*,#3523,.T.);
#1779=ORIENTED_EDGE('',*,*,#3524,.T.);
#1780=ORIENTED_EDGE('',*,*,#3525,.T.);
#1781=ORIENTED_EDGE('',*,*,#3526,.T.);
#1782=ORIENTED_EDGE('',*,*,#3527,.T.);
#1783=ORIENTED_EDGE('',*,*,#3528,.T.);
#1784=ORIENTED_EDGE('',*,*,#3529,.T.);
#1785=ORIENTED_EDGE('',*,*,#3530,.T.);
#1786=ORIENTED_EDGE('',*,*,#3531,.T.);
#1787=ORIENTED_EDGE('',*,*,#3532,.T.);
#1788=ORIENTED_EDGE('',*,*,#3533,.T.);
#1789=ORIENTED_EDGE('',*,*,#3534,.T.);
#1790=ORIENTED_EDGE('',*,*,#3535,.T.);
#1791=ORIENTED_EDGE('',*,*,#3536,.T.);
#1792=ORIENTED_EDGE('',*,*,#3537,.T.);
#1793=ORIENTED_EDGE('',*,*,#3538,.T.);
#1794=ORIENTED_EDGE('',*,*,#3539,.T.);
#1795=ORIENTED_EDGE('',*,*,#3540,.T.);
#1796=ORIENTED_EDGE('',*,*,#3541,.T.);
#1797=ORIENTED_EDGE('',*,*,#3542,.T.);
#1798=ORIENTED_EDGE('',*,*,#3543,.T.);
#1799=ORIENTED_EDGE('',*,*,#3544,.T.);
#1800=ORIENTED_EDGE('',*,*,#3545,.T.);
#1801=ORIENTED_EDGE('',*,*,#3546,.T.);
#1802=ORIENTED_EDGE('',*,*,#3547,.T.);
#1803=ORIENTED_EDGE('',*,*,#3548,.T.);
#1804=ORIENTED_EDGE('',*,*,#3549,.T.);
#1805=ORIENTED_EDGE('',*,*,#3550,.T.);
#1806=ORIENTED_EDGE('',*,*,#3551,.T.);
#1807=ORIENTED_EDGE('',*,*,#3552,.T.);
#1808=ORIENTED_EDGE('',*,*,#3553,.T.);
#1809=ORIENTED_EDGE('',*,*,#3554,.T.);
#1810=ORIENTED_EDGE('',*,*,#3555,.T.);
#1811=ORIENTED_EDGE('',*,*,#3556,.T.);
#1812=ORIENTED_EDGE('',*,*,#3557,.T.);
#1813=ORIENTED_EDGE('',*,*,#3558,.T.);
#1814=ORIENTED_EDGE('',*,*,#3559,.T.);
#1815=ORIENTED_EDGE('',*,*,#3560,.T.);
#1816=ORIENTED_EDGE('',*,*,#3561,.T.);
#1817=ORIENTED_EDGE('',*,*,#3562,.T.);
#1818=ORIENTED_EDGE('',*,*,#3563,.T.);
#1819=ORIENTED_EDGE('',*,*,#3564,.T.);
#1820=ORIENTED_EDGE('',*,*,#3565,.T.);
#1821=ORIENTED_EDGE('',*,*,#3566,.T.);
#1822=ORIENTED_EDGE('',*,*,#3567,.T.);
#1823=ORIENTED_EDGE('',*,*,#3568,.T.);
#1824=ORIENTED_EDGE('',*,*,#3569,.T.);
#1825=ORIENTED_EDGE('',*,*,#3570,.T.);
#1826=ORIENTED_EDGE('',*,*,#3571,.T.);
#1827=ORIENTED_EDGE('',*,*,#3572,.T.);
#1828=ORIENTED_EDGE('',*,*,#3573,.T.);
#1829=ORIENTED_EDGE('',*,*,#3574,.T.);
#1830=ORIENTED_EDGE('',*,*,#3575,.T.);
#1831=ORIENTED_EDGE('',*,*,#3576,.T.);
#1832=ORIENTED_EDGE('',*,*,#3577,.T.);
#1833=ORIENTED_EDGE('',*,*,#3578,.T.);
#1834=ORIENTED_EDGE('',*,*,#3579,.T.);
#1835=ORIENTED_EDGE('',*,*,#3580,.T.);
#1836=ORIENTED_EDGE('',*,*,#3581,.T.);
#1837=ORIENTED_EDGE('',*,*,#3582,.T.);
#1838=ORIENTED_EDGE('',*,*,#3583,.F.);
#1839=ORIENTED_EDGE('',*,*,#3584,.T.);
#1840=ORIENTED_EDGE('',*,*,#3585,.F.);
#1841=ORIENTED_EDGE('',*,*,#3586,.T.);
#1842=ORIENTED_EDGE('',*,*,#3587,.T.);
#1843=ORIENTED_EDGE('',*,*,#3588,.F.);
#1844=ORIENTED_EDGE('',*,*,#3589,.T.);
#1845=ORIENTED_EDGE('',*,*,#3590,.F.);
#1846=ORIENTED_EDGE('',*,*,#3591,.T.);
#1847=ORIENTED_EDGE('',*,*,#3592,.T.);
#1848=ORIENTED_EDGE('',*,*,#3593,.T.);
#1849=ORIENTED_EDGE('',*,*,#3594,.F.);
#1850=ORIENTED_EDGE('',*,*,#3595,.F.);
#1851=ORIENTED_EDGE('',*,*,#3596,.F.);
#1852=ORIENTED_EDGE('',*,*,#3597,.F.);
#1853=ORIENTED_EDGE('',*,*,#3598,.T.);
#1854=ORIENTED_EDGE('',*,*,#3580,.F.);
#1855=ORIENTED_EDGE('',*,*,#3599,.F.);
#1856=ORIENTED_EDGE('',*,*,#3600,.F.);
#1857=ORIENTED_EDGE('',*,*,#3601,.T.);
#1858=ORIENTED_EDGE('',*,*,#3592,.F.);
#1859=ORIENTED_EDGE('',*,*,#3602,.T.);
#1860=ORIENTED_EDGE('',*,*,#3603,.T.);
#1861=ORIENTED_EDGE('',*,*,#3604,.F.);
#1862=ORIENTED_EDGE('',*,*,#3584,.F.);
#1863=ORIENTED_EDGE('',*,*,#3605,.F.);
#1864=ORIENTED_EDGE('',*,*,#3606,.T.);
#1865=ORIENTED_EDGE('',*,*,#3607,.T.);
#1866=ORIENTED_EDGE('',*,*,#3585,.T.);
#1867=ORIENTED_EDGE('',*,*,#3604,.T.);
#1868=ORIENTED_EDGE('',*,*,#3608,.F.);
#1869=ORIENTED_EDGE('',*,*,#3609,.F.);
#1870=ORIENTED_EDGE('',*,*,#3610,.F.);
#1871=ORIENTED_EDGE('',*,*,#3605,.T.);
#1872=ORIENTED_EDGE('',*,*,#3611,.F.);
#1873=ORIENTED_EDGE('',*,*,#3612,.F.);
#1874=ORIENTED_EDGE('',*,*,#3613,.T.);
#1875=ORIENTED_EDGE('',*,*,#3614,.T.);
#1876=ORIENTED_EDGE('',*,*,#3588,.T.);
#1877=ORIENTED_EDGE('',*,*,#3615,.F.);
#1878=ORIENTED_EDGE('',*,*,#3616,.F.);
#1879=ORIENTED_EDGE('',*,*,#3612,.T.);
#1880=ORIENTED_EDGE('',*,*,#3617,.T.);
#1881=ORIENTED_EDGE('',*,*,#3602,.F.);
#1882=ORIENTED_EDGE('',*,*,#3591,.F.);
#1883=ORIENTED_EDGE('',*,*,#3618,.F.);
#1884=ORIENTED_EDGE('',*,*,#3619,.T.);
#1885=ORIENTED_EDGE('',*,*,#3514,.T.);
#1886=ORIENTED_EDGE('',*,*,#3418,.F.);
#1887=ORIENTED_EDGE('',*,*,#3617,.F.);
#1888=ORIENTED_EDGE('',*,*,#3611,.T.);
#1889=ORIENTED_EDGE('',*,*,#3608,.T.);
#1890=ORIENTED_EDGE('',*,*,#3603,.F.);
#1891=ORIENTED_EDGE('',*,*,#3620,.F.);
#1892=ORIENTED_EDGE('',*,*,#3621,.F.);
#1893=ORIENTED_EDGE('',*,*,#3618,.T.);
#1894=ORIENTED_EDGE('',*,*,#3417,.T.);
#1895=ORIENTED_EDGE('',*,*,#3622,.T.);
#1896=ORIENTED_EDGE('',*,*,#3515,.F.);
#1897=ORIENTED_EDGE('',*,*,#3619,.F.);
#1898=ORIENTED_EDGE('',*,*,#3621,.T.);
#1899=ORIENTED_EDGE('',*,*,#3620,.T.);
#1900=ORIENTED_EDGE('',*,*,#3416,.T.);
#1901=ORIENTED_EDGE('',*,*,#3513,.F.);
#1902=ORIENTED_EDGE('',*,*,#3622,.F.);
#1903=ORIENTED_EDGE('',*,*,#3590,.T.);
#1904=ORIENTED_EDGE('',*,*,#3623,.F.);
#1905=ORIENTED_EDGE('',*,*,#3624,.F.);
#1906=ORIENTED_EDGE('',*,*,#3615,.T.);
#1907=ORIENTED_EDGE('',*,*,#3589,.F.);
#1908=ORIENTED_EDGE('',*,*,#3614,.F.);
#1909=ORIENTED_EDGE('',*,*,#3625,.T.);
#1910=ORIENTED_EDGE('',*,*,#3623,.T.);
#1911=ORIENTED_EDGE('',*,*,#3616,.T.);
#1912=ORIENTED_EDGE('',*,*,#3624,.T.);
#1913=ORIENTED_EDGE('',*,*,#3625,.F.);
#1914=ORIENTED_EDGE('',*,*,#3613,.F.);
#1915=ORIENTED_EDGE('',*,*,#3595,.T.);
#1916=ORIENTED_EDGE('',*,*,#3626,.F.);
#1917=ORIENTED_EDGE('',*,*,#3627,.F.);
#1918=ORIENTED_EDGE('',*,*,#3599,.T.);
#1919=ORIENTED_EDGE('',*,*,#3594,.T.);
#1920=ORIENTED_EDGE('',*,*,#3628,.F.);
#1921=ORIENTED_EDGE('',*,*,#3629,.F.);
#1922=ORIENTED_EDGE('',*,*,#3626,.T.);
#1923=ORIENTED_EDGE('',*,*,#3593,.F.);
#1924=ORIENTED_EDGE('',*,*,#3601,.F.);
#1925=ORIENTED_EDGE('',*,*,#3630,.T.);
#1926=ORIENTED_EDGE('',*,*,#3628,.T.);
#1927=ORIENTED_EDGE('',*,*,#3600,.T.);
#1928=ORIENTED_EDGE('',*,*,#3627,.T.);
#1929=ORIENTED_EDGE('',*,*,#3629,.T.);
#1930=ORIENTED_EDGE('',*,*,#3630,.F.);
#1931=ORIENTED_EDGE('',*,*,#3586,.F.);
#1932=ORIENTED_EDGE('',*,*,#3607,.F.);
#1933=ORIENTED_EDGE('',*,*,#3631,.T.);
#1934=ORIENTED_EDGE('',*,*,#3632,.T.);
#1935=ORIENTED_EDGE('',*,*,#3587,.F.);
#1936=ORIENTED_EDGE('',*,*,#3632,.F.);
#1937=ORIENTED_EDGE('',*,*,#3633,.T.);
#1938=ORIENTED_EDGE('',*,*,#3609,.T.);
#1939=ORIENTED_EDGE('',*,*,#3631,.F.);
#1940=ORIENTED_EDGE('',*,*,#3606,.F.);
#1941=ORIENTED_EDGE('',*,*,#3610,.T.);
#1942=ORIENTED_EDGE('',*,*,#3633,.F.);
#1943=ORIENTED_EDGE('',*,*,#3581,.F.);
#1944=ORIENTED_EDGE('',*,*,#3598,.F.);
#1945=ORIENTED_EDGE('',*,*,#3634,.T.);
#1946=ORIENTED_EDGE('',*,*,#3635,.T.);
#1947=ORIENTED_EDGE('',*,*,#3583,.T.);
#1948=ORIENTED_EDGE('',*,*,#3636,.F.);
#1949=ORIENTED_EDGE('',*,*,#3637,.F.);
#1950=ORIENTED_EDGE('',*,*,#3596,.T.);
#1951=ORIENTED_EDGE('',*,*,#3582,.F.);
#1952=ORIENTED_EDGE('',*,*,#3635,.F.);
#1953=ORIENTED_EDGE('',*,*,#3638,.T.);
#1954=ORIENTED_EDGE('',*,*,#3636,.T.);
#1955=ORIENTED_EDGE('',*,*,#3634,.F.);
#1956=ORIENTED_EDGE('',*,*,#3597,.T.);
#1957=ORIENTED_EDGE('',*,*,#3637,.T.);
#1958=ORIENTED_EDGE('',*,*,#3638,.F.);
#1959=ORIENTED_EDGE('',*,*,#3503,.F.);
#1960=ORIENTED_EDGE('',*,*,#3639,.F.);
#1961=ORIENTED_EDGE('',*,*,#3640,.T.);
#1962=ORIENTED_EDGE('',*,*,#3641,.T.);
#1963=ORIENTED_EDGE('',*,*,#3502,.F.);
#1964=ORIENTED_EDGE('',*,*,#3642,.F.);
#1965=ORIENTED_EDGE('',*,*,#3643,.T.);
#1966=ORIENTED_EDGE('',*,*,#3639,.T.);
#1967=ORIENTED_EDGE('',*,*,#3512,.F.);
#1968=ORIENTED_EDGE('',*,*,#3644,.F.);
#1969=ORIENTED_EDGE('',*,*,#3645,.T.);
#1970=ORIENTED_EDGE('',*,*,#3642,.T.);
#1971=ORIENTED_EDGE('',*,*,#3511,.F.);
#1972=ORIENTED_EDGE('',*,*,#3646,.F.);
#1973=ORIENTED_EDGE('',*,*,#3647,.T.);
#1974=ORIENTED_EDGE('',*,*,#3644,.T.);
#1975=ORIENTED_EDGE('',*,*,#3510,.F.);
#1976=ORIENTED_EDGE('',*,*,#3648,.F.);
#1977=ORIENTED_EDGE('',*,*,#3649,.T.);
#1978=ORIENTED_EDGE('',*,*,#3646,.T.);
#1979=ORIENTED_EDGE('',*,*,#3509,.F.);
#1980=ORIENTED_EDGE('',*,*,#3650,.F.);
#1981=ORIENTED_EDGE('',*,*,#3651,.T.);
#1982=ORIENTED_EDGE('',*,*,#3648,.T.);
#1983=ORIENTED_EDGE('',*,*,#3508,.F.);
#1984=ORIENTED_EDGE('',*,*,#3652,.F.);
#1985=ORIENTED_EDGE('',*,*,#3653,.T.);
#1986=ORIENTED_EDGE('',*,*,#3650,.T.);
#1987=ORIENTED_EDGE('',*,*,#3507,.F.);
#1988=ORIENTED_EDGE('',*,*,#3654,.F.);
#1989=ORIENTED_EDGE('',*,*,#3655,.T.);
#1990=ORIENTED_EDGE('',*,*,#3652,.T.);
#1991=ORIENTED_EDGE('',*,*,#3506,.F.);
#1992=ORIENTED_EDGE('',*,*,#3656,.F.);
#1993=ORIENTED_EDGE('',*,*,#3657,.T.);
#1994=ORIENTED_EDGE('',*,*,#3654,.T.);
#1995=ORIENTED_EDGE('',*,*,#3505,.F.);
#1996=ORIENTED_EDGE('',*,*,#3658,.F.);
#1997=ORIENTED_EDGE('',*,*,#3659,.T.);
#1998=ORIENTED_EDGE('',*,*,#3656,.T.);
#1999=ORIENTED_EDGE('',*,*,#3504,.F.);
#2000=ORIENTED_EDGE('',*,*,#3641,.F.);
#2001=ORIENTED_EDGE('',*,*,#3660,.T.);
#2002=ORIENTED_EDGE('',*,*,#3658,.T.);
#2003=ORIENTED_EDGE('',*,*,#3640,.F.);
#2004=ORIENTED_EDGE('',*,*,#3643,.F.);
#2005=ORIENTED_EDGE('',*,*,#3645,.F.);
#2006=ORIENTED_EDGE('',*,*,#3647,.F.);
#2007=ORIENTED_EDGE('',*,*,#3649,.F.);
#2008=ORIENTED_EDGE('',*,*,#3651,.F.);
#2009=ORIENTED_EDGE('',*,*,#3653,.F.);
#2010=ORIENTED_EDGE('',*,*,#3655,.F.);
#2011=ORIENTED_EDGE('',*,*,#3657,.F.);
#2012=ORIENTED_EDGE('',*,*,#3659,.F.);
#2013=ORIENTED_EDGE('',*,*,#3660,.F.);
#2014=ORIENTED_EDGE('',*,*,#3661,.F.);
#2015=ORIENTED_EDGE('',*,*,#3662,.F.);
#2016=ORIENTED_EDGE('',*,*,#3663,.T.);
#2017=ORIENTED_EDGE('',*,*,#3664,.T.);
#2018=ORIENTED_EDGE('',*,*,#3665,.F.);
#2019=ORIENTED_EDGE('',*,*,#3666,.F.);
#2020=ORIENTED_EDGE('',*,*,#3667,.T.);
#2021=ORIENTED_EDGE('',*,*,#3662,.T.);
#2022=ORIENTED_EDGE('',*,*,#3668,.F.);
#2023=ORIENTED_EDGE('',*,*,#3669,.F.);
#2024=ORIENTED_EDGE('',*,*,#3670,.T.);
#2025=ORIENTED_EDGE('',*,*,#3666,.T.);
#2026=ORIENTED_EDGE('',*,*,#3671,.F.);
#2027=ORIENTED_EDGE('',*,*,#3672,.F.);
#2028=ORIENTED_EDGE('',*,*,#3673,.T.);
#2029=ORIENTED_EDGE('',*,*,#3669,.T.);
#2030=ORIENTED_EDGE('',*,*,#3674,.F.);
#2031=ORIENTED_EDGE('',*,*,#3675,.F.);
#2032=ORIENTED_EDGE('',*,*,#3676,.T.);
#2033=ORIENTED_EDGE('',*,*,#3672,.T.);
#2034=ORIENTED_EDGE('',*,*,#3517,.F.);
#2035=ORIENTED_EDGE('',*,*,#3677,.F.);
#2036=ORIENTED_EDGE('',*,*,#3678,.T.);
#2037=ORIENTED_EDGE('',*,*,#3679,.T.);
#2038=ORIENTED_EDGE('',*,*,#3516,.F.);
#2039=ORIENTED_EDGE('',*,*,#3680,.F.);
#2040=ORIENTED_EDGE('',*,*,#3681,.T.);
#2041=ORIENTED_EDGE('',*,*,#3677,.T.);
#2042=ORIENTED_EDGE('',*,*,#3533,.F.);
#2043=ORIENTED_EDGE('',*,*,#3682,.F.);
#2044=ORIENTED_EDGE('',*,*,#3683,.T.);
#2045=ORIENTED_EDGE('',*,*,#3680,.T.);
#2046=ORIENTED_EDGE('',*,*,#3532,.F.);
#2047=ORIENTED_EDGE('',*,*,#3684,.F.);
#2048=ORIENTED_EDGE('',*,*,#3685,.T.);
#2049=ORIENTED_EDGE('',*,*,#3682,.T.);
#2050=ORIENTED_EDGE('',*,*,#3531,.F.);
#2051=ORIENTED_EDGE('',*,*,#3686,.F.);
#2052=ORIENTED_EDGE('',*,*,#3687,.T.);
#2053=ORIENTED_EDGE('',*,*,#3684,.T.);
#2054=ORIENTED_EDGE('',*,*,#3530,.F.);
#2055=ORIENTED_EDGE('',*,*,#3688,.F.);
#2056=ORIENTED_EDGE('',*,*,#3689,.T.);
#2057=ORIENTED_EDGE('',*,*,#3686,.T.);
#2058=ORIENTED_EDGE('',*,*,#3529,.F.);
#2059=ORIENTED_EDGE('',*,*,#3690,.F.);
#2060=ORIENTED_EDGE('',*,*,#3691,.T.);
#2061=ORIENTED_EDGE('',*,*,#3688,.T.);
#2062=ORIENTED_EDGE('',*,*,#3528,.F.);
#2063=ORIENTED_EDGE('',*,*,#3692,.F.);
#2064=ORIENTED_EDGE('',*,*,#3693,.T.);
#2065=ORIENTED_EDGE('',*,*,#3690,.T.);
#2066=ORIENTED_EDGE('',*,*,#3527,.F.);
#2067=ORIENTED_EDGE('',*,*,#3694,.F.);
#2068=ORIENTED_EDGE('',*,*,#3695,.T.);
#2069=ORIENTED_EDGE('',*,*,#3692,.T.);
#2070=ORIENTED_EDGE('',*,*,#3526,.F.);
#2071=ORIENTED_EDGE('',*,*,#3696,.F.);
#2072=ORIENTED_EDGE('',*,*,#3697,.T.);
#2073=ORIENTED_EDGE('',*,*,#3694,.T.);
#2074=ORIENTED_EDGE('',*,*,#3525,.F.);
#2075=ORIENTED_EDGE('',*,*,#3698,.F.);
#2076=ORIENTED_EDGE('',*,*,#3699,.T.);
#2077=ORIENTED_EDGE('',*,*,#3696,.T.);
#2078=ORIENTED_EDGE('',*,*,#3524,.F.);
#2079=ORIENTED_EDGE('',*,*,#3700,.F.);
#2080=ORIENTED_EDGE('',*,*,#3701,.T.);
#2081=ORIENTED_EDGE('',*,*,#3698,.T.);
#2082=ORIENTED_EDGE('',*,*,#3523,.F.);
#2083=ORIENTED_EDGE('',*,*,#3702,.F.);
#2084=ORIENTED_EDGE('',*,*,#3703,.T.);
#2085=ORIENTED_EDGE('',*,*,#3700,.T.);
#2086=ORIENTED_EDGE('',*,*,#3522,.F.);
#2087=ORIENTED_EDGE('',*,*,#3704,.F.);
#2088=ORIENTED_EDGE('',*,*,#3705,.T.);
#2089=ORIENTED_EDGE('',*,*,#3702,.T.);
#2090=ORIENTED_EDGE('',*,*,#3521,.F.);
#2091=ORIENTED_EDGE('',*,*,#3706,.F.);
#2092=ORIENTED_EDGE('',*,*,#3707,.T.);
#2093=ORIENTED_EDGE('',*,*,#3704,.T.);
#2094=ORIENTED_EDGE('',*,*,#3520,.F.);
#2095=ORIENTED_EDGE('',*,*,#3708,.F.);
#2096=ORIENTED_EDGE('',*,*,#3709,.T.);
#2097=ORIENTED_EDGE('',*,*,#3706,.T.);
#2098=ORIENTED_EDGE('',*,*,#3519,.F.);
#2099=ORIENTED_EDGE('',*,*,#3710,.F.);
#2100=ORIENTED_EDGE('',*,*,#3711,.T.);
#2101=ORIENTED_EDGE('',*,*,#3708,.T.);
#2102=ORIENTED_EDGE('',*,*,#3518,.F.);
#2103=ORIENTED_EDGE('',*,*,#3679,.F.);
#2104=ORIENTED_EDGE('',*,*,#3712,.T.);
#2105=ORIENTED_EDGE('',*,*,#3710,.T.);
#2106=ORIENTED_EDGE('',*,*,#3713,.F.);
#2107=ORIENTED_EDGE('',*,*,#3664,.F.);
#2108=ORIENTED_EDGE('',*,*,#3714,.T.);
#2109=ORIENTED_EDGE('',*,*,#3675,.T.);
#2110=ORIENTED_EDGE('',*,*,#3678,.F.);
#2111=ORIENTED_EDGE('',*,*,#3681,.F.);
#2112=ORIENTED_EDGE('',*,*,#3683,.F.);
#2113=ORIENTED_EDGE('',*,*,#3685,.F.);
#2114=ORIENTED_EDGE('',*,*,#3687,.F.);
#2115=ORIENTED_EDGE('',*,*,#3689,.F.);
#2116=ORIENTED_EDGE('',*,*,#3691,.F.);
#2117=ORIENTED_EDGE('',*,*,#3693,.F.);
#2118=ORIENTED_EDGE('',*,*,#3695,.F.);
#2119=ORIENTED_EDGE('',*,*,#3697,.F.);
#2120=ORIENTED_EDGE('',*,*,#3699,.F.);
#2121=ORIENTED_EDGE('',*,*,#3701,.F.);
#2122=ORIENTED_EDGE('',*,*,#3703,.F.);
#2123=ORIENTED_EDGE('',*,*,#3705,.F.);
#2124=ORIENTED_EDGE('',*,*,#3707,.F.);
#2125=ORIENTED_EDGE('',*,*,#3709,.F.);
#2126=ORIENTED_EDGE('',*,*,#3711,.F.);
#2127=ORIENTED_EDGE('',*,*,#3712,.F.);
#2128=ORIENTED_EDGE('',*,*,#3663,.F.);
#2129=ORIENTED_EDGE('',*,*,#3667,.F.);
#2130=ORIENTED_EDGE('',*,*,#3670,.F.);
#2131=ORIENTED_EDGE('',*,*,#3673,.F.);
#2132=ORIENTED_EDGE('',*,*,#3676,.F.);
#2133=ORIENTED_EDGE('',*,*,#3714,.F.);
#2134=ORIENTED_EDGE('',*,*,#3665,.T.);
#2135=ORIENTED_EDGE('',*,*,#3661,.T.);
#2136=ORIENTED_EDGE('',*,*,#3713,.T.);
#2137=ORIENTED_EDGE('',*,*,#3674,.T.);
#2138=ORIENTED_EDGE('',*,*,#3671,.T.);
#2139=ORIENTED_EDGE('',*,*,#3668,.T.);
#2140=ORIENTED_EDGE('',*,*,#3535,.F.);
#2141=ORIENTED_EDGE('',*,*,#3715,.F.);
#2142=ORIENTED_EDGE('',*,*,#3716,.T.);
#2143=ORIENTED_EDGE('',*,*,#3717,.T.);
#2144=ORIENTED_EDGE('',*,*,#3534,.F.);
#2145=ORIENTED_EDGE('',*,*,#3718,.F.);
#2146=ORIENTED_EDGE('',*,*,#3719,.T.);
#2147=ORIENTED_EDGE('',*,*,#3715,.T.);
#2148=ORIENTED_EDGE('',*,*,#3541,.F.);
#2149=ORIENTED_EDGE('',*,*,#3720,.F.);
#2150=ORIENTED_EDGE('',*,*,#3721,.T.);
#2151=ORIENTED_EDGE('',*,*,#3718,.T.);
#2152=ORIENTED_EDGE('',*,*,#3540,.F.);
#2153=ORIENTED_EDGE('',*,*,#3722,.F.);
#2154=ORIENTED_EDGE('',*,*,#3723,.T.);
#2155=ORIENTED_EDGE('',*,*,#3720,.T.);
#2156=ORIENTED_EDGE('',*,*,#3539,.F.);
#2157=ORIENTED_EDGE('',*,*,#3724,.F.);
#2158=ORIENTED_EDGE('',*,*,#3725,.T.);
#2159=ORIENTED_EDGE('',*,*,#3722,.T.);
#2160=ORIENTED_EDGE('',*,*,#3538,.F.);
#2161=ORIENTED_EDGE('',*,*,#3726,.F.);
#2162=ORIENTED_EDGE('',*,*,#3727,.T.);
#2163=ORIENTED_EDGE('',*,*,#3724,.T.);
#2164=ORIENTED_EDGE('',*,*,#3537,.F.);
#2165=ORIENTED_EDGE('',*,*,#3728,.F.);
#2166=ORIENTED_EDGE('',*,*,#3729,.T.);
#2167=ORIENTED_EDGE('',*,*,#3726,.T.);
#2168=ORIENTED_EDGE('',*,*,#3536,.F.);
#2169=ORIENTED_EDGE('',*,*,#3717,.F.);
#2170=ORIENTED_EDGE('',*,*,#3730,.T.);
#2171=ORIENTED_EDGE('',*,*,#3728,.T.);
#2172=ORIENTED_EDGE('',*,*,#3716,.F.);
#2173=ORIENTED_EDGE('',*,*,#3719,.F.);
#2174=ORIENTED_EDGE('',*,*,#3721,.F.);
#2175=ORIENTED_EDGE('',*,*,#3723,.F.);
#2176=ORIENTED_EDGE('',*,*,#3725,.F.);
#2177=ORIENTED_EDGE('',*,*,#3727,.F.);
#2178=ORIENTED_EDGE('',*,*,#3729,.F.);
#2179=ORIENTED_EDGE('',*,*,#3730,.F.);
#2180=ORIENTED_EDGE('',*,*,#3543,.F.);
#2181=ORIENTED_EDGE('',*,*,#3731,.F.);
#2182=ORIENTED_EDGE('',*,*,#3732,.T.);
#2183=ORIENTED_EDGE('',*,*,#3733,.T.);
#2184=ORIENTED_EDGE('',*,*,#3542,.F.);
#2185=ORIENTED_EDGE('',*,*,#3734,.F.);
#2186=ORIENTED_EDGE('',*,*,#3735,.T.);
#2187=ORIENTED_EDGE('',*,*,#3731,.T.);
#2188=ORIENTED_EDGE('',*,*,#3575,.F.);
#2189=ORIENTED_EDGE('',*,*,#3736,.F.);
#2190=ORIENTED_EDGE('',*,*,#3737,.T.);
#2191=ORIENTED_EDGE('',*,*,#3734,.T.);
#2192=ORIENTED_EDGE('',*,*,#3574,.F.);
#2193=ORIENTED_EDGE('',*,*,#3738,.F.);
#2194=ORIENTED_EDGE('',*,*,#3739,.T.);
#2195=ORIENTED_EDGE('',*,*,#3736,.T.);
#2196=ORIENTED_EDGE('',*,*,#3573,.F.);
#2197=ORIENTED_EDGE('',*,*,#3740,.F.);
#2198=ORIENTED_EDGE('',*,*,#3741,.T.);
#2199=ORIENTED_EDGE('',*,*,#3738,.T.);
#2200=ORIENTED_EDGE('',*,*,#3572,.F.);
#2201=ORIENTED_EDGE('',*,*,#3742,.F.);
#2202=ORIENTED_EDGE('',*,*,#3743,.T.);
#2203=ORIENTED_EDGE('',*,*,#3740,.T.);
#2204=ORIENTED_EDGE('',*,*,#3571,.F.);
#2205=ORIENTED_EDGE('',*,*,#3744,.F.);
#2206=ORIENTED_EDGE('',*,*,#3745,.T.);
#2207=ORIENTED_EDGE('',*,*,#3742,.T.);
#2208=ORIENTED_EDGE('',*,*,#3570,.F.);
#2209=ORIENTED_EDGE('',*,*,#3746,.F.);
#2210=ORIENTED_EDGE('',*,*,#3747,.T.);
#2211=ORIENTED_EDGE('',*,*,#3744,.T.);
#2212=ORIENTED_EDGE('',*,*,#3569,.F.);
#2213=ORIENTED_EDGE('',*,*,#3748,.F.);
#2214=ORIENTED_EDGE('',*,*,#3749,.T.);
#2215=ORIENTED_EDGE('',*,*,#3746,.T.);
#2216=ORIENTED_EDGE('',*,*,#3568,.F.);
#2217=ORIENTED_EDGE('',*,*,#3750,.F.);
#2218=ORIENTED_EDGE('',*,*,#3751,.T.);
#2219=ORIENTED_EDGE('',*,*,#3748,.T.);
#2220=ORIENTED_EDGE('',*,*,#3567,.F.);
#2221=ORIENTED_EDGE('',*,*,#3752,.F.);
#2222=ORIENTED_EDGE('',*,*,#3753,.T.);
#2223=ORIENTED_EDGE('',*,*,#3750,.T.);
#2224=ORIENTED_EDGE('',*,*,#3566,.F.);
#2225=ORIENTED_EDGE('',*,*,#3754,.F.);
#2226=ORIENTED_EDGE('',*,*,#3755,.T.);
#2227=ORIENTED_EDGE('',*,*,#3752,.T.);
#2228=ORIENTED_EDGE('',*,*,#3565,.F.);
#2229=ORIENTED_EDGE('',*,*,#3756,.F.);
#2230=ORIENTED_EDGE('',*,*,#3757,.T.);
#2231=ORIENTED_EDGE('',*,*,#3754,.T.);
#2232=ORIENTED_EDGE('',*,*,#3564,.F.);
#2233=ORIENTED_EDGE('',*,*,#3758,.F.);
#2234=ORIENTED_EDGE('',*,*,#3759,.T.);
#2235=ORIENTED_EDGE('',*,*,#3756,.T.);
#2236=ORIENTED_EDGE('',*,*,#3563,.F.);
#2237=ORIENTED_EDGE('',*,*,#3760,.F.);
#2238=ORIENTED_EDGE('',*,*,#3761,.T.);
#2239=ORIENTED_EDGE('',*,*,#3758,.T.);
#2240=ORIENTED_EDGE('',*,*,#3562,.F.);
#2241=ORIENTED_EDGE('',*,*,#3762,.F.);
#2242=ORIENTED_EDGE('',*,*,#3763,.T.);
#2243=ORIENTED_EDGE('',*,*,#3760,.T.);
#2244=ORIENTED_EDGE('',*,*,#3561,.F.);
#2245=ORIENTED_EDGE('',*,*,#3764,.F.);
#2246=ORIENTED_EDGE('',*,*,#3765,.T.);
#2247=ORIENTED_EDGE('',*,*,#3762,.T.);
#2248=ORIENTED_EDGE('',*,*,#3560,.F.);
#2249=ORIENTED_EDGE('',*,*,#3766,.F.);
#2250=ORIENTED_EDGE('',*,*,#3767,.T.);
#2251=ORIENTED_EDGE('',*,*,#3764,.T.);
#2252=ORIENTED_EDGE('',*,*,#3559,.F.);
#2253=ORIENTED_EDGE('',*,*,#3768,.F.);
#2254=ORIENTED_EDGE('',*,*,#3769,.T.);
#2255=ORIENTED_EDGE('',*,*,#3766,.T.);
#2256=ORIENTED_EDGE('',*,*,#3558,.F.);
#2257=ORIENTED_EDGE('',*,*,#3770,.F.);
#2258=ORIENTED_EDGE('',*,*,#3771,.T.);
#2259=ORIENTED_EDGE('',*,*,#3768,.T.);
#2260=ORIENTED_EDGE('',*,*,#3557,.F.);
#2261=ORIENTED_EDGE('',*,*,#3772,.F.);
#2262=ORIENTED_EDGE('',*,*,#3773,.T.);
#2263=ORIENTED_EDGE('',*,*,#3770,.T.);
#2264=ORIENTED_EDGE('',*,*,#3556,.F.);
#2265=ORIENTED_EDGE('',*,*,#3774,.F.);
#2266=ORIENTED_EDGE('',*,*,#3775,.T.);
#2267=ORIENTED_EDGE('',*,*,#3772,.T.);
#2268=ORIENTED_EDGE('',*,*,#3555,.F.);
#2269=ORIENTED_EDGE('',*,*,#3776,.F.);
#2270=ORIENTED_EDGE('',*,*,#3777,.T.);
#2271=ORIENTED_EDGE('',*,*,#3774,.T.);
#2272=ORIENTED_EDGE('',*,*,#3554,.F.);
#2273=ORIENTED_EDGE('',*,*,#3778,.F.);
#2274=ORIENTED_EDGE('',*,*,#3779,.T.);
#2275=ORIENTED_EDGE('',*,*,#3776,.T.);
#2276=ORIENTED_EDGE('',*,*,#3553,.F.);
#2277=ORIENTED_EDGE('',*,*,#3780,.F.);
#2278=ORIENTED_EDGE('',*,*,#3781,.T.);
#2279=ORIENTED_EDGE('',*,*,#3778,.T.);
#2280=ORIENTED_EDGE('',*,*,#3552,.F.);
#2281=ORIENTED_EDGE('',*,*,#3782,.F.);
#2282=ORIENTED_EDGE('',*,*,#3783,.T.);
#2283=ORIENTED_EDGE('',*,*,#3780,.T.);
#2284=ORIENTED_EDGE('',*,*,#3551,.F.);
#2285=ORIENTED_EDGE('',*,*,#3784,.F.);
#2286=ORIENTED_EDGE('',*,*,#3785,.T.);
#2287=ORIENTED_EDGE('',*,*,#3782,.T.);
#2288=ORIENTED_EDGE('',*,*,#3550,.F.);
#2289=ORIENTED_EDGE('',*,*,#3786,.F.);
#2290=ORIENTED_EDGE('',*,*,#3787,.T.);
#2291=ORIENTED_EDGE('',*,*,#3784,.T.);
#2292=ORIENTED_EDGE('',*,*,#3549,.F.);
#2293=ORIENTED_EDGE('',*,*,#3788,.F.);
#2294=ORIENTED_EDGE('',*,*,#3789,.T.);
#2295=ORIENTED_EDGE('',*,*,#3786,.T.);
#2296=ORIENTED_EDGE('',*,*,#3548,.F.);
#2297=ORIENTED_EDGE('',*,*,#3790,.F.);
#2298=ORIENTED_EDGE('',*,*,#3791,.T.);
#2299=ORIENTED_EDGE('',*,*,#3788,.T.);
#2300=ORIENTED_EDGE('',*,*,#3547,.F.);
#2301=ORIENTED_EDGE('',*,*,#3792,.F.);
#2302=ORIENTED_EDGE('',*,*,#3793,.T.);
#2303=ORIENTED_EDGE('',*,*,#3790,.T.);
#2304=ORIENTED_EDGE('',*,*,#3546,.F.);
#2305=ORIENTED_EDGE('',*,*,#3794,.F.);
#2306=ORIENTED_EDGE('',*,*,#3795,.T.);
#2307=ORIENTED_EDGE('',*,*,#3792,.T.);
#2308=ORIENTED_EDGE('',*,*,#3545,.F.);
#2309=ORIENTED_EDGE('',*,*,#3796,.F.);
#2310=ORIENTED_EDGE('',*,*,#3797,.T.);
#2311=ORIENTED_EDGE('',*,*,#3794,.T.);
#2312=ORIENTED_EDGE('',*,*,#3544,.F.);
#2313=ORIENTED_EDGE('',*,*,#3733,.F.);
#2314=ORIENTED_EDGE('',*,*,#3798,.T.);
#2315=ORIENTED_EDGE('',*,*,#3796,.T.);
#2316=ORIENTED_EDGE('',*,*,#3732,.F.);
#2317=ORIENTED_EDGE('',*,*,#3735,.F.);
#2318=ORIENTED_EDGE('',*,*,#3737,.F.);
#2319=ORIENTED_EDGE('',*,*,#3739,.F.);
#2320=ORIENTED_EDGE('',*,*,#3741,.F.);
#2321=ORIENTED_EDGE('',*,*,#3743,.F.);
#2322=ORIENTED_EDGE('',*,*,#3745,.F.);
#2323=ORIENTED_EDGE('',*,*,#3747,.F.);
#2324=ORIENTED_EDGE('',*,*,#3749,.F.);
#2325=ORIENTED_EDGE('',*,*,#3751,.F.);
#2326=ORIENTED_EDGE('',*,*,#3753,.F.);
#2327=ORIENTED_EDGE('',*,*,#3755,.F.);
#2328=ORIENTED_EDGE('',*,*,#3757,.F.);
#2329=ORIENTED_EDGE('',*,*,#3759,.F.);
#2330=ORIENTED_EDGE('',*,*,#3761,.F.);
#2331=ORIENTED_EDGE('',*,*,#3763,.F.);
#2332=ORIENTED_EDGE('',*,*,#3765,.F.);
#2333=ORIENTED_EDGE('',*,*,#3767,.F.);
#2334=ORIENTED_EDGE('',*,*,#3769,.F.);
#2335=ORIENTED_EDGE('',*,*,#3771,.F.);
#2336=ORIENTED_EDGE('',*,*,#3773,.F.);
#2337=ORIENTED_EDGE('',*,*,#3775,.F.);
#2338=ORIENTED_EDGE('',*,*,#3777,.F.);
#2339=ORIENTED_EDGE('',*,*,#3779,.F.);
#2340=ORIENTED_EDGE('',*,*,#3781,.F.);
#2341=ORIENTED_EDGE('',*,*,#3783,.F.);
#2342=ORIENTED_EDGE('',*,*,#3785,.F.);
#2343=ORIENTED_EDGE('',*,*,#3787,.F.);
#2344=ORIENTED_EDGE('',*,*,#3789,.F.);
#2345=ORIENTED_EDGE('',*,*,#3791,.F.);
#2346=ORIENTED_EDGE('',*,*,#3793,.F.);
#2347=ORIENTED_EDGE('',*,*,#3795,.F.);
#2348=ORIENTED_EDGE('',*,*,#3797,.F.);
#2349=ORIENTED_EDGE('',*,*,#3798,.F.);
#2350=ORIENTED_EDGE('',*,*,#3577,.F.);
#2351=ORIENTED_EDGE('',*,*,#3799,.F.);
#2352=ORIENTED_EDGE('',*,*,#3800,.T.);
#2353=ORIENTED_EDGE('',*,*,#3801,.T.);
#2354=ORIENTED_EDGE('',*,*,#3576,.F.);
#2355=ORIENTED_EDGE('',*,*,#3802,.F.);
#2356=ORIENTED_EDGE('',*,*,#3803,.T.);
#2357=ORIENTED_EDGE('',*,*,#3799,.T.);
#2358=ORIENTED_EDGE('',*,*,#3579,.F.);
#2359=ORIENTED_EDGE('',*,*,#3804,.F.);
#2360=ORIENTED_EDGE('',*,*,#3805,.T.);
#2361=ORIENTED_EDGE('',*,*,#3802,.T.);
#2362=ORIENTED_EDGE('',*,*,#3578,.F.);
#2363=ORIENTED_EDGE('',*,*,#3801,.F.);
#2364=ORIENTED_EDGE('',*,*,#3806,.T.);
#2365=ORIENTED_EDGE('',*,*,#3804,.T.);
#2366=ORIENTED_EDGE('',*,*,#3800,.F.);
#2367=ORIENTED_EDGE('',*,*,#3803,.F.);
#2368=ORIENTED_EDGE('',*,*,#3805,.F.);
#2369=ORIENTED_EDGE('',*,*,#3806,.F.);
#2370=ORIENTED_EDGE('',*,*,#3807,.F.);
#2371=ORIENTED_EDGE('',*,*,#3808,.F.);
#2372=ORIENTED_EDGE('',*,*,#3809,.T.);
#2373=ORIENTED_EDGE('',*,*,#3810,.T.);
#2374=ORIENTED_EDGE('',*,*,#3811,.F.);
#2375=ORIENTED_EDGE('',*,*,#3812,.F.);
#2376=ORIENTED_EDGE('',*,*,#3813,.T.);
#2377=ORIENTED_EDGE('',*,*,#3808,.T.);
#2378=ORIENTED_EDGE('',*,*,#3814,.F.);
#2379=ORIENTED_EDGE('',*,*,#3815,.F.);
#2380=ORIENTED_EDGE('',*,*,#3816,.T.);
#2381=ORIENTED_EDGE('',*,*,#3812,.T.);
#2382=ORIENTED_EDGE('',*,*,#3817,.F.);
#2383=ORIENTED_EDGE('',*,*,#3818,.F.);
#2384=ORIENTED_EDGE('',*,*,#3819,.T.);
#2385=ORIENTED_EDGE('',*,*,#3815,.T.);
#2386=ORIENTED_EDGE('',*,*,#3820,.F.);
#2387=ORIENTED_EDGE('',*,*,#3821,.F.);
#2388=ORIENTED_EDGE('',*,*,#3822,.T.);
#2389=ORIENTED_EDGE('',*,*,#3818,.T.);
#2390=ORIENTED_EDGE('',*,*,#3823,.F.);
#2391=ORIENTED_EDGE('',*,*,#3824,.F.);
#2392=ORIENTED_EDGE('',*,*,#3825,.T.);
#2393=ORIENTED_EDGE('',*,*,#3821,.T.);
#2394=ORIENTED_EDGE('',*,*,#3826,.F.);
#2395=ORIENTED_EDGE('',*,*,#3827,.F.);
#2396=ORIENTED_EDGE('',*,*,#3828,.T.);
#2397=ORIENTED_EDGE('',*,*,#3824,.T.);
#2398=ORIENTED_EDGE('',*,*,#3829,.F.);
#2399=ORIENTED_EDGE('',*,*,#3830,.F.);
#2400=ORIENTED_EDGE('',*,*,#3831,.T.);
#2401=ORIENTED_EDGE('',*,*,#3827,.T.);
#2402=ORIENTED_EDGE('',*,*,#3832,.F.);
#2403=ORIENTED_EDGE('',*,*,#3833,.F.);
#2404=ORIENTED_EDGE('',*,*,#3834,.T.);
#2405=ORIENTED_EDGE('',*,*,#3830,.T.);
#2406=ORIENTED_EDGE('',*,*,#3487,.F.);
#2407=ORIENTED_EDGE('',*,*,#3835,.F.);
#2408=ORIENTED_EDGE('',*,*,#3836,.T.);
#2409=ORIENTED_EDGE('',*,*,#3837,.T.);
#2410=ORIENTED_EDGE('',*,*,#3486,.F.);
#2411=ORIENTED_EDGE('',*,*,#3838,.F.);
#2412=ORIENTED_EDGE('',*,*,#3839,.T.);
#2413=ORIENTED_EDGE('',*,*,#3835,.T.);
#2414=ORIENTED_EDGE('',*,*,#3501,.F.);
#2415=ORIENTED_EDGE('',*,*,#3840,.F.);
#2416=ORIENTED_EDGE('',*,*,#3841,.T.);
#2417=ORIENTED_EDGE('',*,*,#3838,.T.);
#2418=ORIENTED_EDGE('',*,*,#3500,.F.);
#2419=ORIENTED_EDGE('',*,*,#3842,.F.);
#2420=ORIENTED_EDGE('',*,*,#3843,.T.);
#2421=ORIENTED_EDGE('',*,*,#3840,.T.);
#2422=ORIENTED_EDGE('',*,*,#3499,.F.);
#2423=ORIENTED_EDGE('',*,*,#3844,.F.);
#2424=ORIENTED_EDGE('',*,*,#3845,.T.);
#2425=ORIENTED_EDGE('',*,*,#3842,.T.);
#2426=ORIENTED_EDGE('',*,*,#3498,.F.);
#2427=ORIENTED_EDGE('',*,*,#3846,.F.);
#2428=ORIENTED_EDGE('',*,*,#3847,.T.);
#2429=ORIENTED_EDGE('',*,*,#3844,.T.);
#2430=ORIENTED_EDGE('',*,*,#3497,.F.);
#2431=ORIENTED_EDGE('',*,*,#3848,.F.);
#2432=ORIENTED_EDGE('',*,*,#3849,.T.);
#2433=ORIENTED_EDGE('',*,*,#3846,.T.);
#2434=ORIENTED_EDGE('',*,*,#3496,.F.);
#2435=ORIENTED_EDGE('',*,*,#3850,.F.);
#2436=ORIENTED_EDGE('',*,*,#3851,.T.);
#2437=ORIENTED_EDGE('',*,*,#3848,.T.);
#2438=ORIENTED_EDGE('',*,*,#3495,.F.);
#2439=ORIENTED_EDGE('',*,*,#3852,.F.);
#2440=ORIENTED_EDGE('',*,*,#3853,.T.);
#2441=ORIENTED_EDGE('',*,*,#3850,.T.);
#2442=ORIENTED_EDGE('',*,*,#3494,.F.);
#2443=ORIENTED_EDGE('',*,*,#3854,.F.);
#2444=ORIENTED_EDGE('',*,*,#3855,.T.);
#2445=ORIENTED_EDGE('',*,*,#3852,.T.);
#2446=ORIENTED_EDGE('',*,*,#3493,.F.);
#2447=ORIENTED_EDGE('',*,*,#3856,.F.);
#2448=ORIENTED_EDGE('',*,*,#3857,.T.);
#2449=ORIENTED_EDGE('',*,*,#3854,.T.);
#2450=ORIENTED_EDGE('',*,*,#3492,.F.);
#2451=ORIENTED_EDGE('',*,*,#3858,.F.);
#2452=ORIENTED_EDGE('',*,*,#3859,.T.);
#2453=ORIENTED_EDGE('',*,*,#3856,.T.);
#2454=ORIENTED_EDGE('',*,*,#3491,.F.);
#2455=ORIENTED_EDGE('',*,*,#3860,.F.);
#2456=ORIENTED_EDGE('',*,*,#3861,.T.);
#2457=ORIENTED_EDGE('',*,*,#3858,.T.);
#2458=ORIENTED_EDGE('',*,*,#3490,.F.);
#2459=ORIENTED_EDGE('',*,*,#3862,.F.);
#2460=ORIENTED_EDGE('',*,*,#3863,.T.);
#2461=ORIENTED_EDGE('',*,*,#3860,.T.);
#2462=ORIENTED_EDGE('',*,*,#3489,.F.);
#2463=ORIENTED_EDGE('',*,*,#3864,.F.);
#2464=ORIENTED_EDGE('',*,*,#3865,.T.);
#2465=ORIENTED_EDGE('',*,*,#3862,.T.);
#2466=ORIENTED_EDGE('',*,*,#3488,.F.);
#2467=ORIENTED_EDGE('',*,*,#3837,.F.);
#2468=ORIENTED_EDGE('',*,*,#3866,.T.);
#2469=ORIENTED_EDGE('',*,*,#3864,.T.);
#2470=ORIENTED_EDGE('',*,*,#3867,.F.);
#2471=ORIENTED_EDGE('',*,*,#3810,.F.);
#2472=ORIENTED_EDGE('',*,*,#3868,.T.);
#2473=ORIENTED_EDGE('',*,*,#3833,.T.);
#2474=ORIENTED_EDGE('',*,*,#3836,.F.);
#2475=ORIENTED_EDGE('',*,*,#3839,.F.);
#2476=ORIENTED_EDGE('',*,*,#3841,.F.);
#2477=ORIENTED_EDGE('',*,*,#3843,.F.);
#2478=ORIENTED_EDGE('',*,*,#3845,.F.);
#2479=ORIENTED_EDGE('',*,*,#3847,.F.);
#2480=ORIENTED_EDGE('',*,*,#3849,.F.);
#2481=ORIENTED_EDGE('',*,*,#3851,.F.);
#2482=ORIENTED_EDGE('',*,*,#3853,.F.);
#2483=ORIENTED_EDGE('',*,*,#3855,.F.);
#2484=ORIENTED_EDGE('',*,*,#3857,.F.);
#2485=ORIENTED_EDGE('',*,*,#3859,.F.);
#2486=ORIENTED_EDGE('',*,*,#3861,.F.);
#2487=ORIENTED_EDGE('',*,*,#3863,.F.);
#2488=ORIENTED_EDGE('',*,*,#3865,.F.);
#2489=ORIENTED_EDGE('',*,*,#3866,.F.);
#2490=ORIENTED_EDGE('',*,*,#3809,.F.);
#2491=ORIENTED_EDGE('',*,*,#3813,.F.);
#2492=ORIENTED_EDGE('',*,*,#3816,.F.);
#2493=ORIENTED_EDGE('',*,*,#3819,.F.);
#2494=ORIENTED_EDGE('',*,*,#3822,.F.);
#2495=ORIENTED_EDGE('',*,*,#3825,.F.);
#2496=ORIENTED_EDGE('',*,*,#3828,.F.);
#2497=ORIENTED_EDGE('',*,*,#3831,.F.);
#2498=ORIENTED_EDGE('',*,*,#3834,.F.);
#2499=ORIENTED_EDGE('',*,*,#3868,.F.);
#2500=ORIENTED_EDGE('',*,*,#3811,.T.);
#2501=ORIENTED_EDGE('',*,*,#3807,.T.);
#2502=ORIENTED_EDGE('',*,*,#3867,.T.);
#2503=ORIENTED_EDGE('',*,*,#3832,.T.);
#2504=ORIENTED_EDGE('',*,*,#3829,.T.);
#2505=ORIENTED_EDGE('',*,*,#3826,.T.);
#2506=ORIENTED_EDGE('',*,*,#3823,.T.);
#2507=ORIENTED_EDGE('',*,*,#3820,.T.);
#2508=ORIENTED_EDGE('',*,*,#3817,.T.);
#2509=ORIENTED_EDGE('',*,*,#3814,.T.);
#2510=ORIENTED_EDGE('',*,*,#3453,.F.);
#2511=ORIENTED_EDGE('',*,*,#3869,.F.);
#2512=ORIENTED_EDGE('',*,*,#3870,.T.);
#2513=ORIENTED_EDGE('',*,*,#3871,.T.);
#2514=ORIENTED_EDGE('',*,*,#3452,.F.);
#2515=ORIENTED_EDGE('',*,*,#3872,.F.);
#2516=ORIENTED_EDGE('',*,*,#3873,.T.);
#2517=ORIENTED_EDGE('',*,*,#3869,.T.);
#2518=ORIENTED_EDGE('',*,*,#3485,.F.);
#2519=ORIENTED_EDGE('',*,*,#3874,.F.);
#2520=ORIENTED_EDGE('',*,*,#3875,.T.);
#2521=ORIENTED_EDGE('',*,*,#3872,.T.);
#2522=ORIENTED_EDGE('',*,*,#3484,.F.);
#2523=ORIENTED_EDGE('',*,*,#3876,.F.);
#2524=ORIENTED_EDGE('',*,*,#3877,.T.);
#2525=ORIENTED_EDGE('',*,*,#3874,.T.);
#2526=ORIENTED_EDGE('',*,*,#3483,.F.);
#2527=ORIENTED_EDGE('',*,*,#3878,.F.);
#2528=ORIENTED_EDGE('',*,*,#3879,.T.);
#2529=ORIENTED_EDGE('',*,*,#3876,.T.);
#2530=ORIENTED_EDGE('',*,*,#3482,.F.);
#2531=ORIENTED_EDGE('',*,*,#3880,.F.);
#2532=ORIENTED_EDGE('',*,*,#3881,.T.);
#2533=ORIENTED_EDGE('',*,*,#3878,.T.);
#2534=ORIENTED_EDGE('',*,*,#3481,.F.);
#2535=ORIENTED_EDGE('',*,*,#3882,.F.);
#2536=ORIENTED_EDGE('',*,*,#3883,.T.);
#2537=ORIENTED_EDGE('',*,*,#3880,.T.);
#2538=ORIENTED_EDGE('',*,*,#3480,.F.);
#2539=ORIENTED_EDGE('',*,*,#3884,.F.);
#2540=ORIENTED_EDGE('',*,*,#3885,.T.);
#2541=ORIENTED_EDGE('',*,*,#3882,.T.);
#2542=ORIENTED_EDGE('',*,*,#3479,.F.);
#2543=ORIENTED_EDGE('',*,*,#3886,.F.);
#2544=ORIENTED_EDGE('',*,*,#3887,.T.);
#2545=ORIENTED_EDGE('',*,*,#3884,.T.);
#2546=ORIENTED_EDGE('',*,*,#3478,.F.);
#2547=ORIENTED_EDGE('',*,*,#3888,.F.);
#2548=ORIENTED_EDGE('',*,*,#3889,.T.);
#2549=ORIENTED_EDGE('',*,*,#3886,.T.);
#2550=ORIENTED_EDGE('',*,*,#3477,.F.);
#2551=ORIENTED_EDGE('',*,*,#3890,.F.);
#2552=ORIENTED_EDGE('',*,*,#3891,.T.);
#2553=ORIENTED_EDGE('',*,*,#3888,.T.);
#2554=ORIENTED_EDGE('',*,*,#3476,.F.);
#2555=ORIENTED_EDGE('',*,*,#3892,.F.);
#2556=ORIENTED_EDGE('',*,*,#3893,.T.);
#2557=ORIENTED_EDGE('',*,*,#3890,.T.);
#2558=ORIENTED_EDGE('',*,*,#3475,.F.);
#2559=ORIENTED_EDGE('',*,*,#3894,.F.);
#2560=ORIENTED_EDGE('',*,*,#3895,.T.);
#2561=ORIENTED_EDGE('',*,*,#3892,.T.);
#2562=ORIENTED_EDGE('',*,*,#3474,.F.);
#2563=ORIENTED_EDGE('',*,*,#3896,.F.);
#2564=ORIENTED_EDGE('',*,*,#3897,.T.);
#2565=ORIENTED_EDGE('',*,*,#3894,.T.);
#2566=ORIENTED_EDGE('',*,*,#3473,.F.);
#2567=ORIENTED_EDGE('',*,*,#3898,.F.);
#2568=ORIENTED_EDGE('',*,*,#3899,.T.);
#2569=ORIENTED_EDGE('',*,*,#3896,.T.);
#2570=ORIENTED_EDGE('',*,*,#3472,.F.);
#2571=ORIENTED_EDGE('',*,*,#3900,.F.);
#2572=ORIENTED_EDGE('',*,*,#3901,.T.);
#2573=ORIENTED_EDGE('',*,*,#3898,.T.);
#2574=ORIENTED_EDGE('',*,*,#3471,.F.);
#2575=ORIENTED_EDGE('',*,*,#3902,.F.);
#2576=ORIENTED_EDGE('',*,*,#3903,.T.);
#2577=ORIENTED_EDGE('',*,*,#3900,.T.);
#2578=ORIENTED_EDGE('',*,*,#3470,.F.);
#2579=ORIENTED_EDGE('',*,*,#3904,.F.);
#2580=ORIENTED_EDGE('',*,*,#3905,.T.);
#2581=ORIENTED_EDGE('',*,*,#3902,.T.);
#2582=ORIENTED_EDGE('',*,*,#3469,.F.);
#2583=ORIENTED_EDGE('',*,*,#3906,.F.);
#2584=ORIENTED_EDGE('',*,*,#3907,.T.);
#2585=ORIENTED_EDGE('',*,*,#3904,.T.);
#2586=ORIENTED_EDGE('',*,*,#3468,.F.);
#2587=ORIENTED_EDGE('',*,*,#3908,.F.);
#2588=ORIENTED_EDGE('',*,*,#3909,.T.);
#2589=ORIENTED_EDGE('',*,*,#3906,.T.);
#2590=ORIENTED_EDGE('',*,*,#3467,.F.);
#2591=ORIENTED_EDGE('',*,*,#3910,.F.);
#2592=ORIENTED_EDGE('',*,*,#3911,.T.);
#2593=ORIENTED_EDGE('',*,*,#3908,.T.);
#2594=ORIENTED_EDGE('',*,*,#3466,.F.);
#2595=ORIENTED_EDGE('',*,*,#3912,.F.);
#2596=ORIENTED_EDGE('',*,*,#3913,.T.);
#2597=ORIENTED_EDGE('',*,*,#3910,.T.);
#2598=ORIENTED_EDGE('',*,*,#3465,.F.);
#2599=ORIENTED_EDGE('',*,*,#3914,.F.);
#2600=ORIENTED_EDGE('',*,*,#3915,.T.);
#2601=ORIENTED_EDGE('',*,*,#3912,.T.);
#2602=ORIENTED_EDGE('',*,*,#3464,.F.);
#2603=ORIENTED_EDGE('',*,*,#3916,.F.);
#2604=ORIENTED_EDGE('',*,*,#3917,.T.);
#2605=ORIENTED_EDGE('',*,*,#3914,.T.);
#2606=ORIENTED_EDGE('',*,*,#3463,.F.);
#2607=ORIENTED_EDGE('',*,*,#3918,.F.);
#2608=ORIENTED_EDGE('',*,*,#3919,.T.);
#2609=ORIENTED_EDGE('',*,*,#3916,.T.);
#2610=ORIENTED_EDGE('',*,*,#3462,.F.);
#2611=ORIENTED_EDGE('',*,*,#3920,.F.);
#2612=ORIENTED_EDGE('',*,*,#3921,.T.);
#2613=ORIENTED_EDGE('',*,*,#3918,.T.);
#2614=ORIENTED_EDGE('',*,*,#3461,.F.);
#2615=ORIENTED_EDGE('',*,*,#3922,.F.);
#2616=ORIENTED_EDGE('',*,*,#3923,.T.);
#2617=ORIENTED_EDGE('',*,*,#3920,.T.);
#2618=ORIENTED_EDGE('',*,*,#3460,.F.);
#2619=ORIENTED_EDGE('',*,*,#3924,.F.);
#2620=ORIENTED_EDGE('',*,*,#3925,.T.);
#2621=ORIENTED_EDGE('',*,*,#3922,.T.);
#2622=ORIENTED_EDGE('',*,*,#3459,.F.);
#2623=ORIENTED_EDGE('',*,*,#3926,.F.);
#2624=ORIENTED_EDGE('',*,*,#3927,.T.);
#2625=ORIENTED_EDGE('',*,*,#3924,.T.);
#2626=ORIENTED_EDGE('',*,*,#3458,.F.);
#2627=ORIENTED_EDGE('',*,*,#3928,.F.);
#2628=ORIENTED_EDGE('',*,*,#3929,.T.);
#2629=ORIENTED_EDGE('',*,*,#3926,.T.);
#2630=ORIENTED_EDGE('',*,*,#3457,.F.);
#2631=ORIENTED_EDGE('',*,*,#3930,.F.);
#2632=ORIENTED_EDGE('',*,*,#3931,.T.);
#2633=ORIENTED_EDGE('',*,*,#3928,.T.);
#2634=ORIENTED_EDGE('',*,*,#3456,.F.);
#2635=ORIENTED_EDGE('',*,*,#3932,.F.);
#2636=ORIENTED_EDGE('',*,*,#3933,.T.);
#2637=ORIENTED_EDGE('',*,*,#3930,.T.);
#2638=ORIENTED_EDGE('',*,*,#3455,.F.);
#2639=ORIENTED_EDGE('',*,*,#3934,.F.);
#2640=ORIENTED_EDGE('',*,*,#3935,.T.);
#2641=ORIENTED_EDGE('',*,*,#3932,.T.);
#2642=ORIENTED_EDGE('',*,*,#3454,.F.);
#2643=ORIENTED_EDGE('',*,*,#3871,.F.);
#2644=ORIENTED_EDGE('',*,*,#3936,.T.);
#2645=ORIENTED_EDGE('',*,*,#3934,.T.);
#2646=ORIENTED_EDGE('',*,*,#3870,.F.);
#2647=ORIENTED_EDGE('',*,*,#3873,.F.);
#2648=ORIENTED_EDGE('',*,*,#3875,.F.);
#2649=ORIENTED_EDGE('',*,*,#3877,.F.);
#2650=ORIENTED_EDGE('',*,*,#3879,.F.);
#2651=ORIENTED_EDGE('',*,*,#3881,.F.);
#2652=ORIENTED_EDGE('',*,*,#3883,.F.);
#2653=ORIENTED_EDGE('',*,*,#3885,.F.);
#2654=ORIENTED_EDGE('',*,*,#3887,.F.);
#2655=ORIENTED_EDGE('',*,*,#3889,.F.);
#2656=ORIENTED_EDGE('',*,*,#3891,.F.);
#2657=ORIENTED_EDGE('',*,*,#3893,.F.);
#2658=ORIENTED_EDGE('',*,*,#3895,.F.);
#2659=ORIENTED_EDGE('',*,*,#3897,.F.);
#2660=ORIENTED_EDGE('',*,*,#3899,.F.);
#2661=ORIENTED_EDGE('',*,*,#3901,.F.);
#2662=ORIENTED_EDGE('',*,*,#3903,.F.);
#2663=ORIENTED_EDGE('',*,*,#3905,.F.);
#2664=ORIENTED_EDGE('',*,*,#3907,.F.);
#2665=ORIENTED_EDGE('',*,*,#3909,.F.);
#2666=ORIENTED_EDGE('',*,*,#3911,.F.);
#2667=ORIENTED_EDGE('',*,*,#3913,.F.);
#2668=ORIENTED_EDGE('',*,*,#3915,.F.);
#2669=ORIENTED_EDGE('',*,*,#3917,.F.);
#2670=ORIENTED_EDGE('',*,*,#3919,.F.);
#2671=ORIENTED_EDGE('',*,*,#3921,.F.);
#2672=ORIENTED_EDGE('',*,*,#3923,.F.);
#2673=ORIENTED_EDGE('',*,*,#3925,.F.);
#2674=ORIENTED_EDGE('',*,*,#3927,.F.);
#2675=ORIENTED_EDGE('',*,*,#3929,.F.);
#2676=ORIENTED_EDGE('',*,*,#3931,.F.);
#2677=ORIENTED_EDGE('',*,*,#3933,.F.);
#2678=ORIENTED_EDGE('',*,*,#3935,.F.);
#2679=ORIENTED_EDGE('',*,*,#3936,.F.);
#2680=ORIENTED_EDGE('',*,*,#3434,.F.);
#2681=ORIENTED_EDGE('',*,*,#3937,.F.);
#2682=ORIENTED_EDGE('',*,*,#3938,.T.);
#2683=ORIENTED_EDGE('',*,*,#3939,.T.);
#2684=ORIENTED_EDGE('',*,*,#3433,.F.);
#2685=ORIENTED_EDGE('',*,*,#3940,.F.);
#2686=ORIENTED_EDGE('',*,*,#3941,.T.);
#2687=ORIENTED_EDGE('',*,*,#3937,.T.);
#2688=ORIENTED_EDGE('',*,*,#3451,.F.);
#2689=ORIENTED_EDGE('',*,*,#3942,.F.);
#2690=ORIENTED_EDGE('',*,*,#3943,.T.);
#2691=ORIENTED_EDGE('',*,*,#3940,.T.);
#2692=ORIENTED_EDGE('',*,*,#3450,.F.);
#2693=ORIENTED_EDGE('',*,*,#3944,.F.);
#2694=ORIENTED_EDGE('',*,*,#3945,.T.);
#2695=ORIENTED_EDGE('',*,*,#3942,.T.);
#2696=ORIENTED_EDGE('',*,*,#3449,.F.);
#2697=ORIENTED_EDGE('',*,*,#3946,.F.);
#2698=ORIENTED_EDGE('',*,*,#3947,.T.);
#2699=ORIENTED_EDGE('',*,*,#3944,.T.);
#2700=ORIENTED_EDGE('',*,*,#3448,.F.);
#2701=ORIENTED_EDGE('',*,*,#3948,.F.);
#2702=ORIENTED_EDGE('',*,*,#3949,.T.);
#2703=ORIENTED_EDGE('',*,*,#3946,.T.);
#2704=ORIENTED_EDGE('',*,*,#3447,.F.);
#2705=ORIENTED_EDGE('',*,*,#3950,.F.);
#2706=ORIENTED_EDGE('',*,*,#3951,.T.);
#2707=ORIENTED_EDGE('',*,*,#3948,.T.);
#2708=ORIENTED_EDGE('',*,*,#3446,.F.);
#2709=ORIENTED_EDGE('',*,*,#3952,.F.);
#2710=ORIENTED_EDGE('',*,*,#3953,.T.);
#2711=ORIENTED_EDGE('',*,*,#3950,.T.);
#2712=ORIENTED_EDGE('',*,*,#3445,.F.);
#2713=ORIENTED_EDGE('',*,*,#3954,.F.);
#2714=ORIENTED_EDGE('',*,*,#3955,.T.);
#2715=ORIENTED_EDGE('',*,*,#3952,.T.);
#2716=ORIENTED_EDGE('',*,*,#3444,.F.);
#2717=ORIENTED_EDGE('',*,*,#3956,.F.);
#2718=ORIENTED_EDGE('',*,*,#3957,.T.);
#2719=ORIENTED_EDGE('',*,*,#3954,.T.);
#2720=ORIENTED_EDGE('',*,*,#3443,.F.);
#2721=ORIENTED_EDGE('',*,*,#3958,.F.);
#2722=ORIENTED_EDGE('',*,*,#3959,.T.);
#2723=ORIENTED_EDGE('',*,*,#3956,.T.);
#2724=ORIENTED_EDGE('',*,*,#3442,.F.);
#2725=ORIENTED_EDGE('',*,*,#3960,.F.);
#2726=ORIENTED_EDGE('',*,*,#3961,.T.);
#2727=ORIENTED_EDGE('',*,*,#3958,.T.);
#2728=ORIENTED_EDGE('',*,*,#3441,.F.);
#2729=ORIENTED_EDGE('',*,*,#3962,.F.);
#2730=ORIENTED_EDGE('',*,*,#3963,.T.);
#2731=ORIENTED_EDGE('',*,*,#3960,.T.);
#2732=ORIENTED_EDGE('',*,*,#3440,.F.);
#2733=ORIENTED_EDGE('',*,*,#3964,.F.);
#2734=ORIENTED_EDGE('',*,*,#3965,.T.);
#2735=ORIENTED_EDGE('',*,*,#3962,.T.);
#2736=ORIENTED_EDGE('',*,*,#3439,.F.);
#2737=ORIENTED_EDGE('',*,*,#3966,.F.);
#2738=ORIENTED_EDGE('',*,*,#3967,.T.);
#2739=ORIENTED_EDGE('',*,*,#3964,.T.);
#2740=ORIENTED_EDGE('',*,*,#3438,.F.);
#2741=ORIENTED_EDGE('',*,*,#3968,.F.);
#2742=ORIENTED_EDGE('',*,*,#3969,.T.);
#2743=ORIENTED_EDGE('',*,*,#3966,.T.);
#2744=ORIENTED_EDGE('',*,*,#3437,.F.);
#2745=ORIENTED_EDGE('',*,*,#3970,.F.);
#2746=ORIENTED_EDGE('',*,*,#3971,.T.);
#2747=ORIENTED_EDGE('',*,*,#3968,.T.);
#2748=ORIENTED_EDGE('',*,*,#3436,.F.);
#2749=ORIENTED_EDGE('',*,*,#3972,.F.);
#2750=ORIENTED_EDGE('',*,*,#3973,.T.);
#2751=ORIENTED_EDGE('',*,*,#3970,.T.);
#2752=ORIENTED_EDGE('',*,*,#3435,.F.);
#2753=ORIENTED_EDGE('',*,*,#3939,.F.);
#2754=ORIENTED_EDGE('',*,*,#3974,.T.);
#2755=ORIENTED_EDGE('',*,*,#3972,.T.);
#2756=ORIENTED_EDGE('',*,*,#3938,.F.);
#2757=ORIENTED_EDGE('',*,*,#3941,.F.);
#2758=ORIENTED_EDGE('',*,*,#3943,.F.);
#2759=ORIENTED_EDGE('',*,*,#3945,.F.);
#2760=ORIENTED_EDGE('',*,*,#3947,.F.);
#2761=ORIENTED_EDGE('',*,*,#3949,.F.);
#2762=ORIENTED_EDGE('',*,*,#3951,.F.);
#2763=ORIENTED_EDGE('',*,*,#3953,.F.);
#2764=ORIENTED_EDGE('',*,*,#3955,.F.);
#2765=ORIENTED_EDGE('',*,*,#3957,.F.);
#2766=ORIENTED_EDGE('',*,*,#3959,.F.);
#2767=ORIENTED_EDGE('',*,*,#3961,.F.);
#2768=ORIENTED_EDGE('',*,*,#3963,.F.);
#2769=ORIENTED_EDGE('',*,*,#3965,.F.);
#2770=ORIENTED_EDGE('',*,*,#3967,.F.);
#2771=ORIENTED_EDGE('',*,*,#3969,.F.);
#2772=ORIENTED_EDGE('',*,*,#3971,.F.);
#2773=ORIENTED_EDGE('',*,*,#3973,.F.);
#2774=ORIENTED_EDGE('',*,*,#3974,.F.);
#2775=ORIENTED_EDGE('',*,*,#3975,.F.);
#2776=ORIENTED_EDGE('',*,*,#3976,.F.);
#2777=ORIENTED_EDGE('',*,*,#3977,.T.);
#2778=ORIENTED_EDGE('',*,*,#3978,.T.);
#2779=ORIENTED_EDGE('',*,*,#3979,.F.);
#2780=ORIENTED_EDGE('',*,*,#3980,.F.);
#2781=ORIENTED_EDGE('',*,*,#3981,.T.);
#2782=ORIENTED_EDGE('',*,*,#3976,.T.);
#2783=ORIENTED_EDGE('',*,*,#3982,.F.);
#2784=ORIENTED_EDGE('',*,*,#3983,.F.);
#2785=ORIENTED_EDGE('',*,*,#3984,.T.);
#2786=ORIENTED_EDGE('',*,*,#3980,.T.);
#2787=ORIENTED_EDGE('',*,*,#3985,.F.);
#2788=ORIENTED_EDGE('',*,*,#3986,.F.);
#2789=ORIENTED_EDGE('',*,*,#3987,.T.);
#2790=ORIENTED_EDGE('',*,*,#3983,.T.);
#2791=ORIENTED_EDGE('',*,*,#3988,.F.);
#2792=ORIENTED_EDGE('',*,*,#3989,.F.);
#2793=ORIENTED_EDGE('',*,*,#3990,.T.);
#2794=ORIENTED_EDGE('',*,*,#3986,.T.);
#2795=ORIENTED_EDGE('',*,*,#3991,.F.);
#2796=ORIENTED_EDGE('',*,*,#3992,.F.);
#2797=ORIENTED_EDGE('',*,*,#3993,.T.);
#2798=ORIENTED_EDGE('',*,*,#3989,.T.);
#2799=ORIENTED_EDGE('',*,*,#3994,.F.);
#2800=ORIENTED_EDGE('',*,*,#3995,.F.);
#2801=ORIENTED_EDGE('',*,*,#3996,.T.);
#2802=ORIENTED_EDGE('',*,*,#3992,.T.);
#2803=ORIENTED_EDGE('',*,*,#3421,.F.);
#2804=ORIENTED_EDGE('',*,*,#3997,.F.);
#2805=ORIENTED_EDGE('',*,*,#3998,.T.);
#2806=ORIENTED_EDGE('',*,*,#3999,.T.);
#2807=ORIENTED_EDGE('',*,*,#3420,.F.);
#2808=ORIENTED_EDGE('',*,*,#4000,.F.);
#2809=ORIENTED_EDGE('',*,*,#4001,.T.);
#2810=ORIENTED_EDGE('',*,*,#3997,.T.);
#2811=ORIENTED_EDGE('',*,*,#3432,.F.);
#2812=ORIENTED_EDGE('',*,*,#4002,.F.);
#2813=ORIENTED_EDGE('',*,*,#4003,.T.);
#2814=ORIENTED_EDGE('',*,*,#4000,.T.);
#2815=ORIENTED_EDGE('',*,*,#3431,.F.);
#2816=ORIENTED_EDGE('',*,*,#4004,.F.);
#2817=ORIENTED_EDGE('',*,*,#4005,.T.);
#2818=ORIENTED_EDGE('',*,*,#4002,.T.);
#2819=ORIENTED_EDGE('',*,*,#3430,.F.);
#2820=ORIENTED_EDGE('',*,*,#4006,.F.);
#2821=ORIENTED_EDGE('',*,*,#4007,.T.);
#2822=ORIENTED_EDGE('',*,*,#4004,.T.);
#2823=ORIENTED_EDGE('',*,*,#3429,.F.);
#2824=ORIENTED_EDGE('',*,*,#4008,.F.);
#2825=ORIENTED_EDGE('',*,*,#4009,.T.);
#2826=ORIENTED_EDGE('',*,*,#4006,.T.);
#2827=ORIENTED_EDGE('',*,*,#3428,.F.);
#2828=ORIENTED_EDGE('',*,*,#4010,.F.);
#2829=ORIENTED_EDGE('',*,*,#4011,.T.);
#2830=ORIENTED_EDGE('',*,*,#4008,.T.);
#2831=ORIENTED_EDGE('',*,*,#3427,.F.);
#2832=ORIENTED_EDGE('',*,*,#4012,.F.);
#2833=ORIENTED_EDGE('',*,*,#4013,.T.);
#2834=ORIENTED_EDGE('',*,*,#4010,.T.);
#2835=ORIENTED_EDGE('',*,*,#3426,.F.);
#2836=ORIENTED_EDGE('',*,*,#4014,.F.);
#2837=ORIENTED_EDGE('',*,*,#4015,.T.);
#2838=ORIENTED_EDGE('',*,*,#4012,.T.);
#2839=ORIENTED_EDGE('',*,*,#3425,.F.);
#2840=ORIENTED_EDGE('',*,*,#4016,.F.);
#2841=ORIENTED_EDGE('',*,*,#4017,.T.);
#2842=ORIENTED_EDGE('',*,*,#4014,.T.);
#2843=ORIENTED_EDGE('',*,*,#3424,.F.);
#2844=ORIENTED_EDGE('',*,*,#4018,.F.);
#2845=ORIENTED_EDGE('',*,*,#4019,.T.);
#2846=ORIENTED_EDGE('',*,*,#4016,.T.);
#2847=ORIENTED_EDGE('',*,*,#3423,.F.);
#2848=ORIENTED_EDGE('',*,*,#4020,.F.);
#2849=ORIENTED_EDGE('',*,*,#4021,.T.);
#2850=ORIENTED_EDGE('',*,*,#4018,.T.);
#2851=ORIENTED_EDGE('',*,*,#3422,.F.);
#2852=ORIENTED_EDGE('',*,*,#3999,.F.);
#2853=ORIENTED_EDGE('',*,*,#4022,.T.);
#2854=ORIENTED_EDGE('',*,*,#4020,.T.);
#2855=ORIENTED_EDGE('',*,*,#4023,.F.);
#2856=ORIENTED_EDGE('',*,*,#3978,.F.);
#2857=ORIENTED_EDGE('',*,*,#4024,.T.);
#2858=ORIENTED_EDGE('',*,*,#3995,.T.);
#2859=ORIENTED_EDGE('',*,*,#3998,.F.);
#2860=ORIENTED_EDGE('',*,*,#4001,.F.);
#2861=ORIENTED_EDGE('',*,*,#4003,.F.);
#2862=ORIENTED_EDGE('',*,*,#4005,.F.);
#2863=ORIENTED_EDGE('',*,*,#4007,.F.);
#2864=ORIENTED_EDGE('',*,*,#4009,.F.);
#2865=ORIENTED_EDGE('',*,*,#4011,.F.);
#2866=ORIENTED_EDGE('',*,*,#4013,.F.);
#2867=ORIENTED_EDGE('',*,*,#4015,.F.);
#2868=ORIENTED_EDGE('',*,*,#4017,.F.);
#2869=ORIENTED_EDGE('',*,*,#4019,.F.);
#2870=ORIENTED_EDGE('',*,*,#4021,.F.);
#2871=ORIENTED_EDGE('',*,*,#4022,.F.);
#2872=ORIENTED_EDGE('',*,*,#3977,.F.);
#2873=ORIENTED_EDGE('',*,*,#3981,.F.);
#2874=ORIENTED_EDGE('',*,*,#3984,.F.);
#2875=ORIENTED_EDGE('',*,*,#3987,.F.);
#2876=ORIENTED_EDGE('',*,*,#3990,.F.);
#2877=ORIENTED_EDGE('',*,*,#3993,.F.);
#2878=ORIENTED_EDGE('',*,*,#3996,.F.);
#2879=ORIENTED_EDGE('',*,*,#4024,.F.);
#2880=ORIENTED_EDGE('',*,*,#3979,.T.);
#2881=ORIENTED_EDGE('',*,*,#3975,.T.);
#2882=ORIENTED_EDGE('',*,*,#4023,.T.);
#2883=ORIENTED_EDGE('',*,*,#3994,.T.);
#2884=ORIENTED_EDGE('',*,*,#3991,.T.);
#2885=ORIENTED_EDGE('',*,*,#3988,.T.);
#2886=ORIENTED_EDGE('',*,*,#3985,.T.);
#2887=ORIENTED_EDGE('',*,*,#3982,.T.);
#2888=ORIENTED_EDGE('',*,*,#3408,.F.);
#2889=ORIENTED_EDGE('',*,*,#4025,.F.);
#2890=ORIENTED_EDGE('',*,*,#4026,.T.);
#2891=ORIENTED_EDGE('',*,*,#4027,.T.);
#2892=ORIENTED_EDGE('',*,*,#3415,.F.);
#2893=ORIENTED_EDGE('',*,*,#4028,.F.);
#2894=ORIENTED_EDGE('',*,*,#4029,.T.);
#2895=ORIENTED_EDGE('',*,*,#4025,.T.);
#2896=ORIENTED_EDGE('',*,*,#3414,.F.);
#2897=ORIENTED_EDGE('',*,*,#4030,.F.);
#2898=ORIENTED_EDGE('',*,*,#4031,.T.);
#2899=ORIENTED_EDGE('',*,*,#4028,.T.);
#2900=ORIENTED_EDGE('',*,*,#3413,.F.);
#2901=ORIENTED_EDGE('',*,*,#4032,.F.);
#2902=ORIENTED_EDGE('',*,*,#4033,.T.);
#2903=ORIENTED_EDGE('',*,*,#4030,.T.);
#2904=ORIENTED_EDGE('',*,*,#3412,.F.);
#2905=ORIENTED_EDGE('',*,*,#4034,.F.);
#2906=ORIENTED_EDGE('',*,*,#4035,.T.);
#2907=ORIENTED_EDGE('',*,*,#4032,.T.);
#2908=ORIENTED_EDGE('',*,*,#3411,.F.);
#2909=ORIENTED_EDGE('',*,*,#4036,.F.);
#2910=ORIENTED_EDGE('',*,*,#4037,.T.);
#2911=ORIENTED_EDGE('',*,*,#4034,.T.);
#2912=ORIENTED_EDGE('',*,*,#3410,.F.);
#2913=ORIENTED_EDGE('',*,*,#4038,.F.);
#2914=ORIENTED_EDGE('',*,*,#4039,.T.);
#2915=ORIENTED_EDGE('',*,*,#4036,.T.);
#2916=ORIENTED_EDGE('',*,*,#3409,.F.);
#2917=ORIENTED_EDGE('',*,*,#4027,.F.);
#2918=ORIENTED_EDGE('',*,*,#4040,.T.);
#2919=ORIENTED_EDGE('',*,*,#4038,.T.);
#2920=ORIENTED_EDGE('',*,*,#4026,.F.);
#2921=ORIENTED_EDGE('',*,*,#4029,.F.);
#2922=ORIENTED_EDGE('',*,*,#4031,.F.);
#2923=ORIENTED_EDGE('',*,*,#4033,.F.);
#2924=ORIENTED_EDGE('',*,*,#4035,.F.);
#2925=ORIENTED_EDGE('',*,*,#4037,.F.);
#2926=ORIENTED_EDGE('',*,*,#4039,.F.);
#2927=ORIENTED_EDGE('',*,*,#4040,.F.);
#2928=ORIENTED_EDGE('',*,*,#3404,.F.);
#2929=ORIENTED_EDGE('',*,*,#4041,.F.);
#2930=ORIENTED_EDGE('',*,*,#4042,.T.);
#2931=ORIENTED_EDGE('',*,*,#4043,.T.);
#2932=ORIENTED_EDGE('',*,*,#3407,.F.);
#2933=ORIENTED_EDGE('',*,*,#4044,.F.);
#2934=ORIENTED_EDGE('',*,*,#4045,.T.);
#2935=ORIENTED_EDGE('',*,*,#4041,.T.);
#2936=ORIENTED_EDGE('',*,*,#3406,.F.);
#2937=ORIENTED_EDGE('',*,*,#4046,.F.);
#2938=ORIENTED_EDGE('',*,*,#4047,.T.);
#2939=ORIENTED_EDGE('',*,*,#4044,.T.);
#2940=ORIENTED_EDGE('',*,*,#3405,.F.);
#2941=ORIENTED_EDGE('',*,*,#4043,.F.);
#2942=ORIENTED_EDGE('',*,*,#4048,.T.);
#2943=ORIENTED_EDGE('',*,*,#4046,.T.);
#2944=ORIENTED_EDGE('',*,*,#4042,.F.);
#2945=ORIENTED_EDGE('',*,*,#4045,.F.);
#2946=ORIENTED_EDGE('',*,*,#4047,.F.);
#2947=ORIENTED_EDGE('',*,*,#4048,.F.);
#2948=ORIENTED_EDGE('',*,*,#4049,.F.);
#2949=ORIENTED_EDGE('',*,*,#4050,.F.);
#2950=ORIENTED_EDGE('',*,*,#4051,.T.);
#2951=ORIENTED_EDGE('',*,*,#4052,.T.);
#2952=ORIENTED_EDGE('',*,*,#4053,.F.);
#2953=ORIENTED_EDGE('',*,*,#4054,.F.);
#2954=ORIENTED_EDGE('',*,*,#4055,.T.);
#2955=ORIENTED_EDGE('',*,*,#4050,.T.);
#2956=ORIENTED_EDGE('',*,*,#4056,.F.);
#2957=ORIENTED_EDGE('',*,*,#4057,.F.);
#2958=ORIENTED_EDGE('',*,*,#4058,.T.);
#2959=ORIENTED_EDGE('',*,*,#4054,.T.);
#2960=ORIENTED_EDGE('',*,*,#4059,.F.);
#2961=ORIENTED_EDGE('',*,*,#4060,.F.);
#2962=ORIENTED_EDGE('',*,*,#4061,.T.);
#2963=ORIENTED_EDGE('',*,*,#4057,.T.);
#2964=ORIENTED_EDGE('',*,*,#4062,.F.);
#2965=ORIENTED_EDGE('',*,*,#4063,.F.);
#2966=ORIENTED_EDGE('',*,*,#4064,.T.);
#2967=ORIENTED_EDGE('',*,*,#4060,.T.);
#2968=ORIENTED_EDGE('',*,*,#4065,.F.);
#2969=ORIENTED_EDGE('',*,*,#4066,.F.);
#2970=ORIENTED_EDGE('',*,*,#4067,.T.);
#2971=ORIENTED_EDGE('',*,*,#4063,.T.);
#2972=ORIENTED_EDGE('',*,*,#4068,.F.);
#2973=ORIENTED_EDGE('',*,*,#4069,.F.);
#2974=ORIENTED_EDGE('',*,*,#4070,.T.);
#2975=ORIENTED_EDGE('',*,*,#4066,.T.);
#2976=ORIENTED_EDGE('',*,*,#4071,.F.);
#2977=ORIENTED_EDGE('',*,*,#4072,.F.);
#2978=ORIENTED_EDGE('',*,*,#4073,.T.);
#2979=ORIENTED_EDGE('',*,*,#4069,.T.);
#2980=ORIENTED_EDGE('',*,*,#4074,.F.);
#2981=ORIENTED_EDGE('',*,*,#4075,.F.);
#2982=ORIENTED_EDGE('',*,*,#4076,.T.);
#2983=ORIENTED_EDGE('',*,*,#4072,.T.);
#2984=ORIENTED_EDGE('',*,*,#3388,.F.);
#2985=ORIENTED_EDGE('',*,*,#4077,.F.);
#2986=ORIENTED_EDGE('',*,*,#4078,.T.);
#2987=ORIENTED_EDGE('',*,*,#4079,.T.);
#2988=ORIENTED_EDGE('',*,*,#3403,.F.);
#2989=ORIENTED_EDGE('',*,*,#4080,.F.);
#2990=ORIENTED_EDGE('',*,*,#4081,.T.);
#2991=ORIENTED_EDGE('',*,*,#4077,.T.);
#2992=ORIENTED_EDGE('',*,*,#3402,.F.);
#2993=ORIENTED_EDGE('',*,*,#4082,.F.);
#2994=ORIENTED_EDGE('',*,*,#4083,.T.);
#2995=ORIENTED_EDGE('',*,*,#4080,.T.);
#2996=ORIENTED_EDGE('',*,*,#3401,.F.);
#2997=ORIENTED_EDGE('',*,*,#4084,.F.);
#2998=ORIENTED_EDGE('',*,*,#4085,.T.);
#2999=ORIENTED_EDGE('',*,*,#4082,.T.);
#3000=ORIENTED_EDGE('',*,*,#3400,.F.);
#3001=ORIENTED_EDGE('',*,*,#4086,.F.);
#3002=ORIENTED_EDGE('',*,*,#4087,.T.);
#3003=ORIENTED_EDGE('',*,*,#4084,.T.);
#3004=ORIENTED_EDGE('',*,*,#3399,.F.);
#3005=ORIENTED_EDGE('',*,*,#4088,.F.);
#3006=ORIENTED_EDGE('',*,*,#4089,.T.);
#3007=ORIENTED_EDGE('',*,*,#4086,.T.);
#3008=ORIENTED_EDGE('',*,*,#3398,.F.);
#3009=ORIENTED_EDGE('',*,*,#4090,.F.);
#3010=ORIENTED_EDGE('',*,*,#4091,.T.);
#3011=ORIENTED_EDGE('',*,*,#4088,.T.);
#3012=ORIENTED_EDGE('',*,*,#3397,.F.);
#3013=ORIENTED_EDGE('',*,*,#4092,.F.);
#3014=ORIENTED_EDGE('',*,*,#4093,.T.);
#3015=ORIENTED_EDGE('',*,*,#4090,.T.);
#3016=ORIENTED_EDGE('',*,*,#3396,.F.);
#3017=ORIENTED_EDGE('',*,*,#4094,.F.);
#3018=ORIENTED_EDGE('',*,*,#4095,.T.);
#3019=ORIENTED_EDGE('',*,*,#4092,.T.);
#3020=ORIENTED_EDGE('',*,*,#3395,.F.);
#3021=ORIENTED_EDGE('',*,*,#4096,.F.);
#3022=ORIENTED_EDGE('',*,*,#4097,.T.);
#3023=ORIENTED_EDGE('',*,*,#4094,.T.);
#3024=ORIENTED_EDGE('',*,*,#3394,.F.);
#3025=ORIENTED_EDGE('',*,*,#4098,.F.);
#3026=ORIENTED_EDGE('',*,*,#4099,.T.);
#3027=ORIENTED_EDGE('',*,*,#4096,.T.);
#3028=ORIENTED_EDGE('',*,*,#3393,.F.);
#3029=ORIENTED_EDGE('',*,*,#4100,.F.);
#3030=ORIENTED_EDGE('',*,*,#4101,.T.);
#3031=ORIENTED_EDGE('',*,*,#4098,.T.);
#3032=ORIENTED_EDGE('',*,*,#3392,.F.);
#3033=ORIENTED_EDGE('',*,*,#4102,.F.);
#3034=ORIENTED_EDGE('',*,*,#4103,.T.);
#3035=ORIENTED_EDGE('',*,*,#4100,.T.);
#3036=ORIENTED_EDGE('',*,*,#3391,.F.);
#3037=ORIENTED_EDGE('',*,*,#4104,.F.);
#3038=ORIENTED_EDGE('',*,*,#4105,.T.);
#3039=ORIENTED_EDGE('',*,*,#4102,.T.);
#3040=ORIENTED_EDGE('',*,*,#3390,.F.);
#3041=ORIENTED_EDGE('',*,*,#4106,.F.);
#3042=ORIENTED_EDGE('',*,*,#4107,.T.);
#3043=ORIENTED_EDGE('',*,*,#4104,.T.);
#3044=ORIENTED_EDGE('',*,*,#3389,.F.);
#3045=ORIENTED_EDGE('',*,*,#4079,.F.);
#3046=ORIENTED_EDGE('',*,*,#4108,.T.);
#3047=ORIENTED_EDGE('',*,*,#4106,.T.);
#3048=ORIENTED_EDGE('',*,*,#4109,.F.);
#3049=ORIENTED_EDGE('',*,*,#4052,.F.);
#3050=ORIENTED_EDGE('',*,*,#4110,.T.);
#3051=ORIENTED_EDGE('',*,*,#4075,.T.);
#3052=ORIENTED_EDGE('',*,*,#4078,.F.);
#3053=ORIENTED_EDGE('',*,*,#4081,.F.);
#3054=ORIENTED_EDGE('',*,*,#4083,.F.);
#3055=ORIENTED_EDGE('',*,*,#4085,.F.);
#3056=ORIENTED_EDGE('',*,*,#4087,.F.);
#3057=ORIENTED_EDGE('',*,*,#4089,.F.);
#3058=ORIENTED_EDGE('',*,*,#4091,.F.);
#3059=ORIENTED_EDGE('',*,*,#4093,.F.);
#3060=ORIENTED_EDGE('',*,*,#4095,.F.);
#3061=ORIENTED_EDGE('',*,*,#4097,.F.);
#3062=ORIENTED_EDGE('',*,*,#4099,.F.);
#3063=ORIENTED_EDGE('',*,*,#4101,.F.);
#3064=ORIENTED_EDGE('',*,*,#4103,.F.);
#3065=ORIENTED_EDGE('',*,*,#4105,.F.);
#3066=ORIENTED_EDGE('',*,*,#4107,.F.);
#3067=ORIENTED_EDGE('',*,*,#4108,.F.);
#3068=ORIENTED_EDGE('',*,*,#4051,.F.);
#3069=ORIENTED_EDGE('',*,*,#4055,.F.);
#3070=ORIENTED_EDGE('',*,*,#4058,.F.);
#3071=ORIENTED_EDGE('',*,*,#4061,.F.);
#3072=ORIENTED_EDGE('',*,*,#4064,.F.);
#3073=ORIENTED_EDGE('',*,*,#4067,.F.);
#3074=ORIENTED_EDGE('',*,*,#4070,.F.);
#3075=ORIENTED_EDGE('',*,*,#4073,.F.);
#3076=ORIENTED_EDGE('',*,*,#4076,.F.);
#3077=ORIENTED_EDGE('',*,*,#4110,.F.);
#3078=ORIENTED_EDGE('',*,*,#4049,.T.);
#3079=ORIENTED_EDGE('',*,*,#4109,.T.);
#3080=ORIENTED_EDGE('',*,*,#4074,.T.);
#3081=ORIENTED_EDGE('',*,*,#4071,.T.);
#3082=ORIENTED_EDGE('',*,*,#4068,.T.);
#3083=ORIENTED_EDGE('',*,*,#4065,.T.);
#3084=ORIENTED_EDGE('',*,*,#4062,.T.);
#3085=ORIENTED_EDGE('',*,*,#4059,.T.);
#3086=ORIENTED_EDGE('',*,*,#4056,.T.);
#3087=ORIENTED_EDGE('',*,*,#4053,.T.);
#3088=ORIENTED_EDGE('',*,*,#3380,.F.);
#3089=ORIENTED_EDGE('',*,*,#4111,.F.);
#3090=ORIENTED_EDGE('',*,*,#4112,.T.);
#3091=ORIENTED_EDGE('',*,*,#4113,.T.);
#3092=ORIENTED_EDGE('',*,*,#3387,.F.);
#3093=ORIENTED_EDGE('',*,*,#4114,.F.);
#3094=ORIENTED_EDGE('',*,*,#4115,.T.);
#3095=ORIENTED_EDGE('',*,*,#4111,.T.);
#3096=ORIENTED_EDGE('',*,*,#3386,.F.);
#3097=ORIENTED_EDGE('',*,*,#4116,.F.);
#3098=ORIENTED_EDGE('',*,*,#4117,.T.);
#3099=ORIENTED_EDGE('',*,*,#4114,.T.);
#3100=ORIENTED_EDGE('',*,*,#3385,.F.);
#3101=ORIENTED_EDGE('',*,*,#4118,.F.);
#3102=ORIENTED_EDGE('',*,*,#4119,.T.);
#3103=ORIENTED_EDGE('',*,*,#4116,.T.);
#3104=ORIENTED_EDGE('',*,*,#3384,.F.);
#3105=ORIENTED_EDGE('',*,*,#4120,.F.);
#3106=ORIENTED_EDGE('',*,*,#4121,.T.);
#3107=ORIENTED_EDGE('',*,*,#4118,.T.);
#3108=ORIENTED_EDGE('',*,*,#3383,.F.);
#3109=ORIENTED_EDGE('',*,*,#4122,.F.);
#3110=ORIENTED_EDGE('',*,*,#4123,.T.);
#3111=ORIENTED_EDGE('',*,*,#4120,.T.);
#3112=ORIENTED_EDGE('',*,*,#3382,.F.);
#3113=ORIENTED_EDGE('',*,*,#4124,.F.);
#3114=ORIENTED_EDGE('',*,*,#4125,.T.);
#3115=ORIENTED_EDGE('',*,*,#4122,.T.);
#3116=ORIENTED_EDGE('',*,*,#3381,.F.);
#3117=ORIENTED_EDGE('',*,*,#4113,.F.);
#3118=ORIENTED_EDGE('',*,*,#4126,.T.);
#3119=ORIENTED_EDGE('',*,*,#4124,.T.);
#3120=ORIENTED_EDGE('',*,*,#4112,.F.);
#3121=ORIENTED_EDGE('',*,*,#4115,.F.);
#3122=ORIENTED_EDGE('',*,*,#4117,.F.);
#3123=ORIENTED_EDGE('',*,*,#4119,.F.);
#3124=ORIENTED_EDGE('',*,*,#4121,.F.);
#3125=ORIENTED_EDGE('',*,*,#4123,.F.);
#3126=ORIENTED_EDGE('',*,*,#4125,.F.);
#3127=ORIENTED_EDGE('',*,*,#4126,.F.);
#3128=ORIENTED_EDGE('',*,*,#3376,.F.);
#3129=ORIENTED_EDGE('',*,*,#4127,.F.);
#3130=ORIENTED_EDGE('',*,*,#4128,.T.);
#3131=ORIENTED_EDGE('',*,*,#4129,.T.);
#3132=ORIENTED_EDGE('',*,*,#3379,.F.);
#3133=ORIENTED_EDGE('',*,*,#4130,.F.);
#3134=ORIENTED_EDGE('',*,*,#4131,.T.);
#3135=ORIENTED_EDGE('',*,*,#4127,.T.);
#3136=ORIENTED_EDGE('',*,*,#3378,.F.);
#3137=ORIENTED_EDGE('',*,*,#4132,.F.);
#3138=ORIENTED_EDGE('',*,*,#4133,.T.);
#3139=ORIENTED_EDGE('',*,*,#4130,.T.);
#3140=ORIENTED_EDGE('',*,*,#3377,.F.);
#3141=ORIENTED_EDGE('',*,*,#4129,.F.);
#3142=ORIENTED_EDGE('',*,*,#4134,.T.);
#3143=ORIENTED_EDGE('',*,*,#4132,.T.);
#3144=ORIENTED_EDGE('',*,*,#4128,.F.);
#3145=ORIENTED_EDGE('',*,*,#4131,.F.);
#3146=ORIENTED_EDGE('',*,*,#4133,.F.);
#3147=ORIENTED_EDGE('',*,*,#4134,.F.);
#3148=ORIENTED_EDGE('',*,*,#3357,.F.);
#3149=ORIENTED_EDGE('',*,*,#4135,.F.);
#3150=ORIENTED_EDGE('',*,*,#4136,.T.);
#3151=ORIENTED_EDGE('',*,*,#4137,.T.);
#3152=ORIENTED_EDGE('',*,*,#3375,.F.);
#3153=ORIENTED_EDGE('',*,*,#4138,.F.);
#3154=ORIENTED_EDGE('',*,*,#4139,.T.);
#3155=ORIENTED_EDGE('',*,*,#4135,.T.);
#3156=ORIENTED_EDGE('',*,*,#3374,.F.);
#3157=ORIENTED_EDGE('',*,*,#4140,.F.);
#3158=ORIENTED_EDGE('',*,*,#4141,.T.);
#3159=ORIENTED_EDGE('',*,*,#4138,.T.);
#3160=ORIENTED_EDGE('',*,*,#3373,.F.);
#3161=ORIENTED_EDGE('',*,*,#4142,.F.);
#3162=ORIENTED_EDGE('',*,*,#4143,.T.);
#3163=ORIENTED_EDGE('',*,*,#4140,.T.);
#3164=ORIENTED_EDGE('',*,*,#3372,.F.);
#3165=ORIENTED_EDGE('',*,*,#4144,.F.);
#3166=ORIENTED_EDGE('',*,*,#4145,.T.);
#3167=ORIENTED_EDGE('',*,*,#4142,.T.);
#3168=ORIENTED_EDGE('',*,*,#3371,.F.);
#3169=ORIENTED_EDGE('',*,*,#4146,.F.);
#3170=ORIENTED_EDGE('',*,*,#4147,.T.);
#3171=ORIENTED_EDGE('',*,*,#4144,.T.);
#3172=ORIENTED_EDGE('',*,*,#3370,.F.);
#3173=ORIENTED_EDGE('',*,*,#4148,.F.);
#3174=ORIENTED_EDGE('',*,*,#4149,.T.);
#3175=ORIENTED_EDGE('',*,*,#4146,.T.);
#3176=ORIENTED_EDGE('',*,*,#3369,.F.);
#3177=ORIENTED_EDGE('',*,*,#4150,.F.);
#3178=ORIENTED_EDGE('',*,*,#4151,.T.);
#3179=ORIENTED_EDGE('',*,*,#4148,.T.);
#3180=ORIENTED_EDGE('',*,*,#3368,.F.);
#3181=ORIENTED_EDGE('',*,*,#4152,.F.);
#3182=ORIENTED_EDGE('',*,*,#4153,.T.);
#3183=ORIENTED_EDGE('',*,*,#4150,.T.);
#3184=ORIENTED_EDGE('',*,*,#3367,.F.);
#3185=ORIENTED_EDGE('',*,*,#4154,.F.);
#3186=ORIENTED_EDGE('',*,*,#4155,.T.);
#3187=ORIENTED_EDGE('',*,*,#4152,.T.);
#3188=ORIENTED_EDGE('',*,*,#3366,.F.);
#3189=ORIENTED_EDGE('',*,*,#4156,.F.);
#3190=ORIENTED_EDGE('',*,*,#4157,.T.);
#3191=ORIENTED_EDGE('',*,*,#4154,.T.);
#3192=ORIENTED_EDGE('',*,*,#3365,.F.);
#3193=ORIENTED_EDGE('',*,*,#4158,.F.);
#3194=ORIENTED_EDGE('',*,*,#4159,.T.);
#3195=ORIENTED_EDGE('',*,*,#4156,.T.);
#3196=ORIENTED_EDGE('',*,*,#3364,.F.);
#3197=ORIENTED_EDGE('',*,*,#4160,.F.);
#3198=ORIENTED_EDGE('',*,*,#4161,.T.);
#3199=ORIENTED_EDGE('',*,*,#4158,.T.);
#3200=ORIENTED_EDGE('',*,*,#3363,.F.);
#3201=ORIENTED_EDGE('',*,*,#4162,.F.);
#3202=ORIENTED_EDGE('',*,*,#4163,.T.);
#3203=ORIENTED_EDGE('',*,*,#4160,.T.);
#3204=ORIENTED_EDGE('',*,*,#3362,.F.);
#3205=ORIENTED_EDGE('',*,*,#4164,.F.);
#3206=ORIENTED_EDGE('',*,*,#4165,.T.);
#3207=ORIENTED_EDGE('',*,*,#4162,.T.);
#3208=ORIENTED_EDGE('',*,*,#3361,.F.);
#3209=ORIENTED_EDGE('',*,*,#4166,.F.);
#3210=ORIENTED_EDGE('',*,*,#4167,.T.);
#3211=ORIENTED_EDGE('',*,*,#4164,.T.);
#3212=ORIENTED_EDGE('',*,*,#3360,.F.);
#3213=ORIENTED_EDGE('',*,*,#4168,.F.);
#3214=ORIENTED_EDGE('',*,*,#4169,.T.);
#3215=ORIENTED_EDGE('',*,*,#4166,.T.);
#3216=ORIENTED_EDGE('',*,*,#3359,.F.);
#3217=ORIENTED_EDGE('',*,*,#4170,.F.);
#3218=ORIENTED_EDGE('',*,*,#4171,.T.);
#3219=ORIENTED_EDGE('',*,*,#4168,.T.);
#3220=ORIENTED_EDGE('',*,*,#3358,.F.);
#3221=ORIENTED_EDGE('',*,*,#4137,.F.);
#3222=ORIENTED_EDGE('',*,*,#4172,.T.);
#3223=ORIENTED_EDGE('',*,*,#4170,.T.);
#3224=ORIENTED_EDGE('',*,*,#4136,.F.);
#3225=ORIENTED_EDGE('',*,*,#4139,.F.);
#3226=ORIENTED_EDGE('',*,*,#4141,.F.);
#3227=ORIENTED_EDGE('',*,*,#4143,.F.);
#3228=ORIENTED_EDGE('',*,*,#4145,.F.);
#3229=ORIENTED_EDGE('',*,*,#4147,.F.);
#3230=ORIENTED_EDGE('',*,*,#4149,.F.);
#3231=ORIENTED_EDGE('',*,*,#4151,.F.);
#3232=ORIENTED_EDGE('',*,*,#4153,.F.);
#3233=ORIENTED_EDGE('',*,*,#4155,.F.);
#3234=ORIENTED_EDGE('',*,*,#4157,.F.);
#3235=ORIENTED_EDGE('',*,*,#4159,.F.);
#3236=ORIENTED_EDGE('',*,*,#4161,.F.);
#3237=ORIENTED_EDGE('',*,*,#4163,.F.);
#3238=ORIENTED_EDGE('',*,*,#4165,.F.);
#3239=ORIENTED_EDGE('',*,*,#4167,.F.);
#3240=ORIENTED_EDGE('',*,*,#4169,.F.);
#3241=ORIENTED_EDGE('',*,*,#4171,.F.);
#3242=ORIENTED_EDGE('',*,*,#4172,.F.);
#3243=ORIENTED_EDGE('',*,*,#3338,.F.);
#3244=ORIENTED_EDGE('',*,*,#4173,.F.);
#3245=ORIENTED_EDGE('',*,*,#4174,.T.);
#3246=ORIENTED_EDGE('',*,*,#4175,.T.);
#3247=ORIENTED_EDGE('',*,*,#3356,.F.);
#3248=ORIENTED_EDGE('',*,*,#4176,.F.);
#3249=ORIENTED_EDGE('',*,*,#4177,.T.);
#3250=ORIENTED_EDGE('',*,*,#4173,.T.);
#3251=ORIENTED_EDGE('',*,*,#3355,.F.);
#3252=ORIENTED_EDGE('',*,*,#4178,.F.);
#3253=ORIENTED_EDGE('',*,*,#4179,.T.);
#3254=ORIENTED_EDGE('',*,*,#4176,.T.);
#3255=ORIENTED_EDGE('',*,*,#3354,.F.);
#3256=ORIENTED_EDGE('',*,*,#4180,.F.);
#3257=ORIENTED_EDGE('',*,*,#4181,.T.);
#3258=ORIENTED_EDGE('',*,*,#4178,.T.);
#3259=ORIENTED_EDGE('',*,*,#3353,.F.);
#3260=ORIENTED_EDGE('',*,*,#4182,.F.);
#3261=ORIENTED_EDGE('',*,*,#4183,.T.);
#3262=ORIENTED_EDGE('',*,*,#4180,.T.);
#3263=ORIENTED_EDGE('',*,*,#3352,.F.);
#3264=ORIENTED_EDGE('',*,*,#4184,.F.);
#3265=ORIENTED_EDGE('',*,*,#4185,.T.);
#3266=ORIENTED_EDGE('',*,*,#4182,.T.);
#3267=ORIENTED_EDGE('',*,*,#3351,.F.);
#3268=ORIENTED_EDGE('',*,*,#4186,.F.);
#3269=ORIENTED_EDGE('',*,*,#4187,.T.);
#3270=ORIENTED_EDGE('',*,*,#4184,.T.);
#3271=ORIENTED_EDGE('',*,*,#3350,.F.);
#3272=ORIENTED_EDGE('',*,*,#4188,.F.);
#3273=ORIENTED_EDGE('',*,*,#4189,.T.);
#3274=ORIENTED_EDGE('',*,*,#4186,.T.);
#3275=ORIENTED_EDGE('',*,*,#3349,.F.);
#3276=ORIENTED_EDGE('',*,*,#4190,.F.);
#3277=ORIENTED_EDGE('',*,*,#4191,.T.);
#3278=ORIENTED_EDGE('',*,*,#4188,.T.);
#3279=ORIENTED_EDGE('',*,*,#3348,.F.);
#3280=ORIENTED_EDGE('',*,*,#4192,.F.);
#3281=ORIENTED_EDGE('',*,*,#4193,.T.);
#3282=ORIENTED_EDGE('',*,*,#4190,.T.);
#3283=ORIENTED_EDGE('',*,*,#3347,.F.);
#3284=ORIENTED_EDGE('',*,*,#4194,.F.);
#3285=ORIENTED_EDGE('',*,*,#4195,.T.);
#3286=ORIENTED_EDGE('',*,*,#4192,.T.);
#3287=ORIENTED_EDGE('',*,*,#3346,.F.);
#3288=ORIENTED_EDGE('',*,*,#4196,.F.);
#3289=ORIENTED_EDGE('',*,*,#4197,.T.);
#3290=ORIENTED_EDGE('',*,*,#4194,.T.);
#3291=ORIENTED_EDGE('',*,*,#3345,.F.);
#3292=ORIENTED_EDGE('',*,*,#4198,.F.);
#3293=ORIENTED_EDGE('',*,*,#4199,.T.);
#3294=ORIENTED_EDGE('',*,*,#4196,.T.);
#3295=ORIENTED_EDGE('',*,*,#3344,.F.);
#3296=ORIENTED_EDGE('',*,*,#4200,.F.);
#3297=ORIENTED_EDGE('',*,*,#4201,.T.);
#3298=ORIENTED_EDGE('',*,*,#4198,.T.);
#3299=ORIENTED_EDGE('',*,*,#3343,.F.);
#3300=ORIENTED_EDGE('',*,*,#4202,.F.);
#3301=ORIENTED_EDGE('',*,*,#4203,.T.);
#3302=ORIENTED_EDGE('',*,*,#4200,.T.);
#3303=ORIENTED_EDGE('',*,*,#3342,.F.);
#3304=ORIENTED_EDGE('',*,*,#4204,.F.);
#3305=ORIENTED_EDGE('',*,*,#4205,.T.);
#3306=ORIENTED_EDGE('',*,*,#4202,.T.);
#3307=ORIENTED_EDGE('',*,*,#3341,.F.);
#3308=ORIENTED_EDGE('',*,*,#4206,.F.);
#3309=ORIENTED_EDGE('',*,*,#4207,.T.);
#3310=ORIENTED_EDGE('',*,*,#4204,.T.);
#3311=ORIENTED_EDGE('',*,*,#3340,.F.);
#3312=ORIENTED_EDGE('',*,*,#4208,.F.);
#3313=ORIENTED_EDGE('',*,*,#4209,.T.);
#3314=ORIENTED_EDGE('',*,*,#4206,.T.);
#3315=ORIENTED_EDGE('',*,*,#3339,.F.);
#3316=ORIENTED_EDGE('',*,*,#4175,.F.);
#3317=ORIENTED_EDGE('',*,*,#4210,.T.);
#3318=ORIENTED_EDGE('',*,*,#4208,.T.);
#3319=ORIENTED_EDGE('',*,*,#4174,.F.);
#3320=ORIENTED_EDGE('',*,*,#4177,.F.);
#3321=ORIENTED_EDGE('',*,*,#4179,.F.);
#3322=ORIENTED_EDGE('',*,*,#4181,.F.);
#3323=ORIENTED_EDGE('',*,*,#4183,.F.);
#3324=ORIENTED_EDGE('',*,*,#4185,.F.);
#3325=ORIENTED_EDGE('',*,*,#4187,.F.);
#3326=ORIENTED_EDGE('',*,*,#4189,.F.);
#3327=ORIENTED_EDGE('',*,*,#4191,.F.);
#3328=ORIENTED_EDGE('',*,*,#4193,.F.);
#3329=ORIENTED_EDGE('',*,*,#4195,.F.);
#3330=ORIENTED_EDGE('',*,*,#4197,.F.);
#3331=ORIENTED_EDGE('',*,*,#4199,.F.);
#3332=ORIENTED_EDGE('',*,*,#4201,.F.);
#3333=ORIENTED_EDGE('',*,*,#4203,.F.);
#3334=ORIENTED_EDGE('',*,*,#4205,.F.);
#3335=ORIENTED_EDGE('',*,*,#4207,.F.);
#3336=ORIENTED_EDGE('',*,*,#4209,.F.);
#3337=ORIENTED_EDGE('',*,*,#4210,.F.);
#3338=EDGE_CURVE('',#4211,#4212,#4793,.T.);
#3339=EDGE_CURVE('',#4212,#4213,#4794,.T.);
#3340=EDGE_CURVE('',#4213,#4214,#1512,.T.);
#3341=EDGE_CURVE('',#4214,#4215,#474,.T.);
#3342=EDGE_CURVE('',#4215,#4216,#475,.T.);
#3343=EDGE_CURVE('',#4216,#4217,#476,.T.);
#3344=EDGE_CURVE('',#4217,#4218,#1513,.F.);
#3345=EDGE_CURVE('',#4218,#4219,#4795,.T.);
#3346=EDGE_CURVE('',#4219,#4220,#4796,.T.);
#3347=EDGE_CURVE('',#4220,#4221,#4797,.T.);
#3348=EDGE_CURVE('',#4221,#4222,#4798,.T.);
#3349=EDGE_CURVE('',#4222,#4223,#477,.T.);
#3350=EDGE_CURVE('',#4223,#4224,#478,.T.);
#3351=EDGE_CURVE('',#4224,#4225,#479,.T.);
#3352=EDGE_CURVE('',#4225,#4226,#480,.T.);
#3353=EDGE_CURVE('',#4226,#4227,#481,.T.);
#3354=EDGE_CURVE('',#4227,#4228,#482,.T.);
#3355=EDGE_CURVE('',#4228,#4229,#1514,.T.);
#3356=EDGE_CURVE('',#4229,#4211,#1515,.T.);
#3357=EDGE_CURVE('',#4230,#4231,#1516,.F.);
#3358=EDGE_CURVE('',#4231,#4232,#4799,.T.);
#3359=EDGE_CURVE('',#4232,#4233,#4800,.T.);
#3360=EDGE_CURVE('',#4233,#4234,#483,.T.);
#3361=EDGE_CURVE('',#4234,#4235,#484,.T.);
#3362=EDGE_CURVE('',#4235,#4236,#485,.T.);
#3363=EDGE_CURVE('',#4236,#4237,#4801,.T.);
#3364=EDGE_CURVE('',#4237,#4238,#1517,.T.);
#3365=EDGE_CURVE('',#4238,#4239,#486,.T.);
#3366=EDGE_CURVE('',#4239,#4240,#487,.T.);
#3367=EDGE_CURVE('',#4240,#4241,#488,.T.);
#3368=EDGE_CURVE('',#4241,#4242,#489,.T.);
#3369=EDGE_CURVE('',#4242,#4243,#490,.T.);
#3370=EDGE_CURVE('',#4243,#4244,#491,.T.);
#3371=EDGE_CURVE('',#4244,#4245,#492,.T.);
#3372=EDGE_CURVE('',#4245,#4246,#493,.T.);
#3373=EDGE_CURVE('',#4246,#4247,#494,.T.);
#3374=EDGE_CURVE('',#4247,#4248,#495,.T.);
#3375=EDGE_CURVE('',#4248,#4230,#496,.T.);
#3376=EDGE_CURVE('',#4249,#4250,#497,.T.);
#3377=EDGE_CURVE('',#4250,#4251,#498,.T.);
#3378=EDGE_CURVE('',#4251,#4252,#499,.T.);
#3379=EDGE_CURVE('',#4252,#4249,#500,.T.);
#3380=EDGE_CURVE('',#4253,#4254,#4802,.T.);
#3381=EDGE_CURVE('',#4254,#4255,#1518,.T.);
#3382=EDGE_CURVE('',#4255,#4256,#4803,.T.);
#3383=EDGE_CURVE('',#4256,#4257,#4804,.T.);
#3384=EDGE_CURVE('',#4257,#4258,#4805,.T.);
#3385=EDGE_CURVE('',#4258,#4259,#4806,.T.);
#3386=EDGE_CURVE('',#4259,#4260,#4807,.T.);
#3387=EDGE_CURVE('',#4260,#4253,#4808,.T.);
#3388=EDGE_CURVE('',#4261,#4262,#4809,.T.);
#3389=EDGE_CURVE('',#4262,#4263,#4810,.T.);
#3390=EDGE_CURVE('',#4263,#4264,#1519,.T.);
#3391=EDGE_CURVE('',#4264,#4265,#4811,.T.);
#3392=EDGE_CURVE('',#4265,#4266,#4812,.T.);
#3393=EDGE_CURVE('',#4266,#4267,#501,.T.);
#3394=EDGE_CURVE('',#4267,#4268,#502,.T.);
#3395=EDGE_CURVE('',#4268,#4269,#503,.T.);
#3396=EDGE_CURVE('',#4269,#4270,#504,.T.);
#3397=EDGE_CURVE('',#4270,#4271,#505,.T.);
#3398=EDGE_CURVE('',#4271,#4272,#1520,.T.);
#3399=EDGE_CURVE('',#4272,#4273,#4813,.T.);
#3400=EDGE_CURVE('',#4273,#4274,#4814,.T.);
#3401=EDGE_CURVE('',#4274,#4275,#4815,.T.);
#3402=EDGE_CURVE('',#4275,#4276,#4816,.T.);
#3403=EDGE_CURVE('',#4276,#4261,#1521,.T.);
#3404=EDGE_CURVE('',#4277,#4278,#506,.T.);
#3405=EDGE_CURVE('',#4278,#4279,#507,.T.);
#3406=EDGE_CURVE('',#4279,#4280,#508,.T.);
#3407=EDGE_CURVE('',#4280,#4277,#509,.T.);
#3408=EDGE_CURVE('',#4281,#4282,#4817,.T.);
#3409=EDGE_CURVE('',#4282,#4283,#1522,.T.);
#3410=EDGE_CURVE('',#4283,#4284,#4818,.T.);
#3411=EDGE_CURVE('',#4284,#4285,#4819,.T.);
#3412=EDGE_CURVE('',#4285,#4286,#4820,.T.);
#3413=EDGE_CURVE('',#4286,#4287,#4821,.T.);
#3414=EDGE_CURVE('',#4287,#4288,#4822,.T.);
#3415=EDGE_CURVE('',#4288,#4281,#4823,.T.);
#3416=EDGE_CURVE('',#4289,#4290,#510,.T.);
#3417=EDGE_CURVE('',#4291,#4289,#511,.T.);
#3418=EDGE_CURVE('',#4291,#4292,#512,.T.);
#3419=EDGE_CURVE('',#4292,#4290,#513,.T.);
#3420=EDGE_CURVE('',#4293,#4294,#514,.T.);
#3421=EDGE_CURVE('',#4294,#4295,#4824,.T.);
#3422=EDGE_CURVE('',#4295,#4296,#4825,.T.);
#3423=EDGE_CURVE('',#4296,#4297,#1523,.T.);
#3424=EDGE_CURVE('',#4297,#4298,#4826,.T.);
#3425=EDGE_CURVE('',#4298,#4299,#4827,.T.);
#3426=EDGE_CURVE('',#4299,#4300,#515,.T.);
#3427=EDGE_CURVE('',#4300,#4301,#516,.T.);
#3428=EDGE_CURVE('',#4301,#4302,#517,.T.);
#3429=EDGE_CURVE('',#4302,#4303,#518,.T.);
#3430=EDGE_CURVE('',#4303,#4304,#519,.T.);
#3431=EDGE_CURVE('',#4304,#4305,#520,.T.);
#3432=EDGE_CURVE('',#4305,#4293,#521,.T.);
#3433=EDGE_CURVE('',#4306,#4307,#1524,.T.);
#3434=EDGE_CURVE('',#4307,#4308,#4828,.T.);
#3435=EDGE_CURVE('',#4308,#4309,#4829,.T.);
#3436=EDGE_CURVE('',#4309,#4310,#1525,.T.);
#3437=EDGE_CURVE('',#4310,#4311,#522,.T.);
#3438=EDGE_CURVE('',#4311,#4312,#523,.T.);
#3439=EDGE_CURVE('',#4312,#4313,#524,.T.);
#3440=EDGE_CURVE('',#4313,#4314,#1526,.F.);
#3441=EDGE_CURVE('',#4314,#4315,#4830,.T.);
#3442=EDGE_CURVE('',#4315,#4316,#4831,.T.);
#3443=EDGE_CURVE('',#4316,#4317,#4832,.T.);
#3444=EDGE_CURVE('',#4317,#4318,#4833,.T.);
#3445=EDGE_CURVE('',#4318,#4319,#525,.T.);
#3446=EDGE_CURVE('',#4319,#4320,#526,.T.);
#3447=EDGE_CURVE('',#4320,#4321,#527,.T.);
#3448=EDGE_CURVE('',#4321,#4322,#528,.T.);
#3449=EDGE_CURVE('',#4322,#4323,#529,.T.);
#3450=EDGE_CURVE('',#4323,#4324,#530,.T.);
#3451=EDGE_CURVE('',#4324,#4306,#4834,.T.);
#3452=EDGE_CURVE('',#4325,#4326,#4835,.T.);
#3453=EDGE_CURVE('',#4326,#4327,#4836,.T.);
#3454=EDGE_CURVE('',#4327,#4328,#4837,.T.);
#3455=EDGE_CURVE('',#4328,#4329,#1527,.T.);
#3456=EDGE_CURVE('',#4329,#4330,#1528,.T.);
#3457=EDGE_CURVE('',#4330,#4331,#531,.T.);
#3458=EDGE_CURVE('',#4331,#4332,#4838,.T.);
#3459=EDGE_CURVE('',#4332,#4333,#4839,.T.);
#3460=EDGE_CURVE('',#4333,#4334,#4840,.T.);
#3461=EDGE_CURVE('',#4334,#4335,#4841,.T.);
#3462=EDGE_CURVE('',#4335,#4336,#4842,.T.);
#3463=EDGE_CURVE('',#4336,#4337,#4843,.T.);
#3464=EDGE_CURVE('',#4337,#4338,#4844,.T.);
#3465=EDGE_CURVE('',#4338,#4339,#1529,.T.);
#3466=EDGE_CURVE('',#4339,#4340,#4845,.T.);
#3467=EDGE_CURVE('',#4340,#4341,#1530,.T.);
#3468=EDGE_CURVE('',#4341,#4342,#4846,.T.);
#3469=EDGE_CURVE('',#4342,#4343,#4847,.T.);
#3470=EDGE_CURVE('',#4343,#4344,#4848,.T.);
#3471=EDGE_CURVE('',#4344,#4345,#4849,.T.);
#3472=EDGE_CURVE('',#4345,#4346,#1531,.T.);
#3473=EDGE_CURVE('',#4346,#4347,#532,.T.);
#3474=EDGE_CURVE('',#4347,#4348,#533,.T.);
#3475=EDGE_CURVE('',#4348,#4349,#4850,.T.);
#3476=EDGE_CURVE('',#4349,#4350,#4851,.T.);
#3477=EDGE_CURVE('',#4350,#4351,#4852,.T.);
#3478=EDGE_CURVE('',#4351,#4352,#4853,.T.);
#3479=EDGE_CURVE('',#4352,#4353,#4854,.T.);
#3480=EDGE_CURVE('',#4353,#4354,#4855,.T.);
#3481=EDGE_CURVE('',#4354,#4355,#4856,.T.);
#3482=EDGE_CURVE('',#4355,#4356,#1532,.T.);
#3483=EDGE_CURVE('',#4356,#4357,#4857,.T.);
#3484=EDGE_CURVE('',#4357,#4358,#4858,.T.);
#3485=EDGE_CURVE('',#4358,#4325,#4859,.T.);
#3486=EDGE_CURVE('',#4359,#4360,#1533,.T.);
#3487=EDGE_CURVE('',#4360,#4361,#4860,.T.);
#3488=EDGE_CURVE('',#4361,#4362,#4861,.T.);
#3489=EDGE_CURVE('',#4362,#4363,#1534,.T.);
#3490=EDGE_CURVE('',#4363,#4364,#4862,.T.);
#3491=EDGE_CURVE('',#4364,#4365,#4863,.T.);
#3492=EDGE_CURVE('',#4365,#4366,#534,.T.);
#3493=EDGE_CURVE('',#4366,#4367,#535,.T.);
#3494=EDGE_CURVE('',#4367,#4368,#536,.T.);
#3495=EDGE_CURVE('',#4368,#4369,#537,.T.);
#3496=EDGE_CURVE('',#4369,#4370,#538,.T.);
#3497=EDGE_CURVE('',#4370,#4371,#4864,.T.);
#3498=EDGE_CURVE('',#4371,#4372,#4865,.T.);
#3499=EDGE_CURVE('',#4372,#4373,#4866,.T.);
#3500=EDGE_CURVE('',#4373,#4374,#4867,.T.);
#3501=EDGE_CURVE('',#4374,#4359,#4868,.T.);
#3502=EDGE_CURVE('',#4375,#4376,#539,.T.);
#3503=EDGE_CURVE('',#4376,#4377,#540,.T.);
#3504=EDGE_CURVE('',#4377,#4378,#541,.T.);
#3505=EDGE_CURVE('',#4378,#4379,#542,.T.);
#3506=EDGE_CURVE('',#4379,#4380,#543,.T.);
#3507=EDGE_CURVE('',#4380,#4381,#544,.T.);
#3508=EDGE_CURVE('',#4381,#4382,#545,.T.);
#3509=EDGE_CURVE('',#4382,#4383,#546,.T.);
#3510=EDGE_CURVE('',#4383,#4384,#547,.T.);
#3511=EDGE_CURVE('',#4384,#4385,#548,.T.);
#3512=EDGE_CURVE('',#4385,#4375,#549,.T.);
#3513=EDGE_CURVE('',#4386,#4290,#550,.T.);
#3514=EDGE_CURVE('',#4387,#4292,#551,.T.);
#3515=EDGE_CURVE('',#4387,#4386,#552,.T.);
#3516=EDGE_CURVE('',#4388,#4389,#4869,.T.);
#3517=EDGE_CURVE('',#4389,#4390,#4870,.T.);
#3518=EDGE_CURVE('',#4390,#4391,#4871,.T.);
#3519=EDGE_CURVE('',#4391,#4392,#1535,.T.);
#3520=EDGE_CURVE('',#4392,#4393,#1536,.T.);
#3521=EDGE_CURVE('',#4393,#4394,#553,.T.);
#3522=EDGE_CURVE('',#4394,#4395,#1537,.F.);
#3523=EDGE_CURVE('',#4395,#4396,#4872,.T.);
#3524=EDGE_CURVE('',#4396,#4397,#4873,.T.);
#3525=EDGE_CURVE('',#4397,#4398,#4874,.T.);
#3526=EDGE_CURVE('',#4398,#4399,#554,.T.);
#3527=EDGE_CURVE('',#4399,#4400,#4875,.T.);
#3528=EDGE_CURVE('',#4400,#4401,#4876,.T.);
#3529=EDGE_CURVE('',#4401,#4402,#4877,.T.);
#3530=EDGE_CURVE('',#4402,#4403,#4878,.T.);
#3531=EDGE_CURVE('',#4403,#4404,#1538,.T.);
#3532=EDGE_CURVE('',#4404,#4405,#4879,.T.);
#3533=EDGE_CURVE('',#4405,#4388,#1539,.T.);
#3534=EDGE_CURVE('',#4406,#4407,#555,.T.);
#3535=EDGE_CURVE('',#4407,#4408,#556,.T.);
#3536=EDGE_CURVE('',#4408,#4409,#557,.T.);
#3537=EDGE_CURVE('',#4409,#4410,#558,.T.);
#3538=EDGE_CURVE('',#4410,#4411,#559,.T.);
#3539=EDGE_CURVE('',#4411,#4412,#560,.T.);
#3540=EDGE_CURVE('',#4412,#4413,#561,.T.);
#3541=EDGE_CURVE('',#4413,#4406,#562,.T.);
#3542=EDGE_CURVE('',#4414,#4415,#4880,.T.);
#3543=EDGE_CURVE('',#4415,#4416,#4881,.T.);
#3544=EDGE_CURVE('',#4416,#4417,#4882,.T.);
#3545=EDGE_CURVE('',#4417,#4418,#1540,.T.);
#3546=EDGE_CURVE('',#4418,#4419,#563,.T.);
#3547=EDGE_CURVE('',#4419,#4420,#4883,.T.);
#3548=EDGE_CURVE('',#4420,#4421,#4884,.T.);
#3549=EDGE_CURVE('',#4421,#4422,#4885,.T.);
#3550=EDGE_CURVE('',#4422,#4423,#4886,.T.);
#3551=EDGE_CURVE('',#4423,#4424,#4887,.T.);
#3552=EDGE_CURVE('',#4424,#4425,#4888,.T.);
#3553=EDGE_CURVE('',#4425,#4426,#4889,.T.);
#3554=EDGE_CURVE('',#4426,#4427,#1541,.T.);
#3555=EDGE_CURVE('',#4427,#4428,#4890,.T.);
#3556=EDGE_CURVE('',#4428,#4429,#4891,.T.);
#3557=EDGE_CURVE('',#4429,#4430,#4892,.T.);
#3558=EDGE_CURVE('',#4430,#4431,#4893,.T.);
#3559=EDGE_CURVE('',#4431,#4432,#4894,.T.);
#3560=EDGE_CURVE('',#4432,#4433,#4895,.T.);
#3561=EDGE_CURVE('',#4433,#4434,#4896,.T.);
#3562=EDGE_CURVE('',#4434,#4435,#1542,.T.);
#3563=EDGE_CURVE('',#4435,#4436,#564,.T.);
#3564=EDGE_CURVE('',#4436,#4437,#1543,.F.);
#3565=EDGE_CURVE('',#4437,#4438,#4897,.T.);
#3566=EDGE_CURVE('',#4438,#4439,#4898,.T.);
#3567=EDGE_CURVE('',#4439,#4440,#4899,.T.);
#3568=EDGE_CURVE('',#4440,#4441,#4900,.T.);
#3569=EDGE_CURVE('',#4441,#4442,#4901,.T.);
#3570=EDGE_CURVE('',#4442,#4443,#4902,.T.);
#3571=EDGE_CURVE('',#4443,#4444,#4903,.T.);
#3572=EDGE_CURVE('',#4444,#4445,#1544,.T.);
#3573=EDGE_CURVE('',#4445,#4446,#4904,.T.);
#3574=EDGE_CURVE('',#4446,#4447,#4905,.T.);
#3575=EDGE_CURVE('',#4447,#4414,#4906,.T.);
#3576=EDGE_CURVE('',#4448,#4449,#565,.T.);
#3577=EDGE_CURVE('',#4449,#4450,#566,.T.);
#3578=EDGE_CURVE('',#4450,#4451,#567,.T.);
#3579=EDGE_CURVE('',#4451,#4448,#568,.T.);
#3580=EDGE_CURVE('',#4452,#4453,#569,.T.);
#3581=EDGE_CURVE('',#4453,#4454,#570,.T.);
#3582=EDGE_CURVE('',#4454,#4455,#571,.T.);
#3583=EDGE_CURVE('',#4456,#4455,#572,.T.);
#3584=EDGE_CURVE('',#4456,#4457,#573,.T.);
#3585=EDGE_CURVE('',#4458,#4457,#574,.T.);
#3586=EDGE_CURVE('',#4458,#4459,#575,.T.);
#3587=EDGE_CURVE('',#4459,#4460,#576,.T.);
#3588=EDGE_CURVE('',#4461,#4460,#577,.T.);
#3589=EDGE_CURVE('',#4461,#4462,#578,.T.);
#3590=EDGE_CURVE('',#4463,#4462,#579,.T.);
#3591=EDGE_CURVE('',#4463,#4464,#580,.T.);
#3592=EDGE_CURVE('',#4464,#4465,#581,.T.);
#3593=EDGE_CURVE('',#4465,#4466,#582,.T.);
#3594=EDGE_CURVE('',#4467,#4466,#583,.T.);
#3595=EDGE_CURVE('',#4452,#4467,#584,.T.);
#3596=EDGE_CURVE('',#4468,#4456,#585,.T.);
#3597=EDGE_CURVE('',#4469,#4468,#586,.T.);
#3598=EDGE_CURVE('',#4469,#4453,#587,.T.);
#3599=EDGE_CURVE('',#4470,#4452,#588,.T.);
#3600=EDGE_CURVE('',#4471,#4470,#589,.T.);
#3601=EDGE_CURVE('',#4471,#4465,#590,.T.);
#3602=EDGE_CURVE('',#4464,#4472,#591,.T.);
#3603=EDGE_CURVE('',#4472,#4473,#592,.T.);
#3604=EDGE_CURVE('',#4457,#4473,#593,.T.);
#3605=EDGE_CURVE('',#4474,#4475,#594,.T.);
#3606=EDGE_CURVE('',#4474,#4476,#595,.T.);
#3607=EDGE_CURVE('',#4476,#4458,#596,.T.);
#3608=EDGE_CURVE('',#4475,#4473,#597,.T.);
#3609=EDGE_CURVE('',#4477,#4460,#598,.T.);
#3610=EDGE_CURVE('',#4474,#4477,#599,.T.);
#3611=EDGE_CURVE('',#4478,#4475,#600,.T.);
#3612=EDGE_CURVE('',#4479,#4478,#601,.T.);
#3613=EDGE_CURVE('',#4479,#4480,#602,.T.);
#3614=EDGE_CURVE('',#4480,#4461,#603,.T.);
#3615=EDGE_CURVE('',#4481,#4463,#604,.T.);
#3616=EDGE_CURVE('',#4479,#4481,#605,.T.);
#3617=EDGE_CURVE('',#4478,#4472,#606,.T.);
#3618=EDGE_CURVE('',#4482,#4291,#607,.T.);
#3619=EDGE_CURVE('',#4482,#4387,#608,.T.);
#3620=EDGE_CURVE('',#4483,#4289,#609,.T.);
#3621=EDGE_CURVE('',#4482,#4483,#610,.T.);
#3622=EDGE_CURVE('',#4483,#4386,#611,.T.);
#3623=EDGE_CURVE('',#4484,#4462,#612,.T.);
#3624=EDGE_CURVE('',#4481,#4484,#613,.T.);
#3625=EDGE_CURVE('',#4480,#4484,#614,.T.);
#3626=EDGE_CURVE('',#4485,#4467,#615,.T.);
#3627=EDGE_CURVE('',#4470,#4485,#616,.T.);
#3628=EDGE_CURVE('',#4486,#4466,#617,.T.);
#3629=EDGE_CURVE('',#4485,#4486,#618,.T.);
#3630=EDGE_CURVE('',#4471,#4486,#619,.T.);
#3631=EDGE_CURVE('',#4476,#4487,#620,.T.);
#3632=EDGE_CURVE('',#4487,#4459,#621,.T.);
#3633=EDGE_CURVE('',#4487,#4477,#622,.T.);
#3634=EDGE_CURVE('',#4469,#4488,#623,.T.);
#3635=EDGE_CURVE('',#4488,#4454,#624,.T.);
#3636=EDGE_CURVE('',#4489,#4455,#625,.T.);
#3637=EDGE_CURVE('',#4468,#4489,#626,.T.);
#3638=EDGE_CURVE('',#4488,#4489,#627,.T.);
#3639=EDGE_CURVE('',#4490,#4376,#628,.T.);
#3640=EDGE_CURVE('',#4490,#4491,#629,.T.);
#3641=EDGE_CURVE('',#4491,#4377,#630,.T.);
#3642=EDGE_CURVE('',#4492,#4375,#631,.T.);
#3643=EDGE_CURVE('',#4492,#4490,#632,.T.);
#3644=EDGE_CURVE('',#4493,#4385,#633,.T.);
#3645=EDGE_CURVE('',#4493,#4492,#634,.T.);
#3646=EDGE_CURVE('',#4494,#4384,#635,.T.);
#3647=EDGE_CURVE('',#4494,#4493,#636,.T.);
#3648=EDGE_CURVE('',#4495,#4383,#637,.T.);
#3649=EDGE_CURVE('',#4495,#4494,#638,.T.);
#3650=EDGE_CURVE('',#4496,#4382,#639,.T.);
#3651=EDGE_CURVE('',#4496,#4495,#640,.T.);
#3652=EDGE_CURVE('',#4497,#4381,#641,.T.);
#3653=EDGE_CURVE('',#4497,#4496,#642,.T.);
#3654=EDGE_CURVE('',#4498,#4380,#643,.T.);
#3655=EDGE_CURVE('',#4498,#4497,#644,.T.);
#3656=EDGE_CURVE('',#4499,#4379,#645,.T.);
#3657=EDGE_CURVE('',#4499,#4498,#646,.T.);
#3658=EDGE_CURVE('',#4500,#4378,#647,.T.);
#3659=EDGE_CURVE('',#4500,#4499,#648,.T.);
#3660=EDGE_CURVE('',#4491,#4500,#649,.T.);
#3661=EDGE_CURVE('',#4501,#4502,#1545,.F.);
#3662=EDGE_CURVE('',#4503,#4501,#650,.T.);
#3663=EDGE_CURVE('',#4503,#4504,#1546,.F.);
#3664=EDGE_CURVE('',#4504,#4502,#651,.T.);
#3665=EDGE_CURVE('',#4505,#4501,#652,.T.);
#3666=EDGE_CURVE('',#4506,#4505,#653,.T.);
#3667=EDGE_CURVE('',#4506,#4503,#654,.T.);
#3668=EDGE_CURVE('',#4507,#4505,#4907,.T.);
#3669=EDGE_CURVE('',#4508,#4507,#655,.T.);
#3670=EDGE_CURVE('',#4508,#4506,#4908,.T.);
#3671=EDGE_CURVE('',#4509,#4507,#1547,.F.);
#3672=EDGE_CURVE('',#4510,#4509,#656,.T.);
#3673=EDGE_CURVE('',#4510,#4508,#1548,.F.);
#3674=EDGE_CURVE('',#4511,#4509,#4909,.T.);
#3675=EDGE_CURVE('',#4512,#4511,#657,.T.);
#3676=EDGE_CURVE('',#4512,#4510,#4910,.T.);
#3677=EDGE_CURVE('',#4513,#4389,#658,.T.);
#3678=EDGE_CURVE('',#4513,#4514,#4911,.T.);
#3679=EDGE_CURVE('',#4514,#4390,#659,.T.);
#3680=EDGE_CURVE('',#4515,#4388,#660,.T.);
#3681=EDGE_CURVE('',#4515,#4513,#4912,.T.);
#3682=EDGE_CURVE('',#4516,#4405,#661,.T.);
#3683=EDGE_CURVE('',#4516,#4515,#1549,.T.);
#3684=EDGE_CURVE('',#4517,#4404,#662,.T.);
#3685=EDGE_CURVE('',#4517,#4516,#4913,.T.);
#3686=EDGE_CURVE('',#4518,#4403,#663,.T.);
#3687=EDGE_CURVE('',#4518,#4517,#1550,.T.);
#3688=EDGE_CURVE('',#4519,#4402,#664,.T.);
#3689=EDGE_CURVE('',#4519,#4518,#4914,.T.);
#3690=EDGE_CURVE('',#4520,#4401,#665,.T.);
#3691=EDGE_CURVE('',#4520,#4519,#4915,.T.);
#3692=EDGE_CURVE('',#4521,#4400,#666,.T.);
#3693=EDGE_CURVE('',#4521,#4520,#4916,.T.);
#3694=EDGE_CURVE('',#4522,#4399,#667,.T.);
#3695=EDGE_CURVE('',#4522,#4521,#4917,.T.);
#3696=EDGE_CURVE('',#4523,#4398,#668,.T.);
#3697=EDGE_CURVE('',#4523,#4522,#669,.T.);
#3698=EDGE_CURVE('',#4524,#4397,#670,.T.);
#3699=EDGE_CURVE('',#4524,#4523,#4918,.T.);
#3700=EDGE_CURVE('',#4525,#4396,#671,.T.);
#3701=EDGE_CURVE('',#4525,#4524,#4919,.T.);
#3702=EDGE_CURVE('',#4526,#4395,#672,.T.);
#3703=EDGE_CURVE('',#4526,#4525,#4920,.T.);
#3704=EDGE_CURVE('',#4527,#4394,#673,.T.);
#3705=EDGE_CURVE('',#4527,#4526,#1551,.F.);
#3706=EDGE_CURVE('',#4528,#4393,#674,.T.);
#3707=EDGE_CURVE('',#4528,#4527,#675,.T.);
#3708=EDGE_CURVE('',#4529,#4392,#676,.T.);
#3709=EDGE_CURVE('',#4529,#4528,#1552,.T.);
#3710=EDGE_CURVE('',#4530,#4391,#677,.T.);
#3711=EDGE_CURVE('',#4530,#4529,#1553,.T.);
#3712=EDGE_CURVE('',#4514,#4530,#4921,.T.);
#3713=EDGE_CURVE('',#4502,#4511,#4922,.T.);
#3714=EDGE_CURVE('',#4504,#4512,#4923,.T.);
#3715=EDGE_CURVE('',#4531,#4407,#678,.T.);
#3716=EDGE_CURVE('',#4531,#4532,#679,.T.);
#3717=EDGE_CURVE('',#4532,#4408,#680,.T.);
#3718=EDGE_CURVE('',#4533,#4406,#681,.T.);
#3719=EDGE_CURVE('',#4533,#4531,#682,.T.);
#3720=EDGE_CURVE('',#4534,#4413,#683,.T.);
#3721=EDGE_CURVE('',#4534,#4533,#684,.T.);
#3722=EDGE_CURVE('',#4535,#4412,#685,.T.);
#3723=EDGE_CURVE('',#4535,#4534,#686,.T.);
#3724=EDGE_CURVE('',#4536,#4411,#687,.T.);
#3725=EDGE_CURVE('',#4536,#4535,#688,.T.);
#3726=EDGE_CURVE('',#4537,#4410,#689,.T.);
#3727=EDGE_CURVE('',#4537,#4536,#690,.T.);
#3728=EDGE_CURVE('',#4538,#4409,#691,.T.);
#3729=EDGE_CURVE('',#4538,#4537,#692,.T.);
#3730=EDGE_CURVE('',#4532,#4538,#693,.T.);
#3731=EDGE_CURVE('',#4539,#4415,#694,.T.);
#3732=EDGE_CURVE('',#4539,#4540,#4924,.T.);
#3733=EDGE_CURVE('',#4540,#4416,#695,.T.);
#3734=EDGE_CURVE('',#4541,#4414,#696,.T.);
#3735=EDGE_CURVE('',#4541,#4539,#4925,.T.);
#3736=EDGE_CURVE('',#4542,#4447,#697,.T.);
#3737=EDGE_CURVE('',#4542,#4541,#4926,.T.);
#3738=EDGE_CURVE('',#4543,#4446,#698,.T.);
#3739=EDGE_CURVE('',#4543,#4542,#4927,.T.);
#3740=EDGE_CURVE('',#4544,#4445,#699,.T.);
#3741=EDGE_CURVE('',#4544,#4543,#4928,.T.);
#3742=EDGE_CURVE('',#4545,#4444,#700,.T.);
#3743=EDGE_CURVE('',#4545,#4544,#1554,.T.);
#3744=EDGE_CURVE('',#4546,#4443,#701,.T.);
#3745=EDGE_CURVE('',#4546,#4545,#4929,.T.);
#3746=EDGE_CURVE('',#4547,#4442,#702,.T.);
#3747=EDGE_CURVE('',#4547,#4546,#4930,.T.);
#3748=EDGE_CURVE('',#4548,#4441,#703,.T.);
#3749=EDGE_CURVE('',#4548,#4547,#4931,.T.);
#3750=EDGE_CURVE('',#4549,#4440,#704,.T.);
#3751=EDGE_CURVE('',#4549,#4548,#4932,.T.);
#3752=EDGE_CURVE('',#4550,#4439,#705,.T.);
#3753=EDGE_CURVE('',#4550,#4549,#4933,.T.);
#3754=EDGE_CURVE('',#4551,#4438,#706,.T.);
#3755=EDGE_CURVE('',#4551,#4550,#4934,.T.);
#3756=EDGE_CURVE('',#4552,#4437,#707,.T.);
#3757=EDGE_CURVE('',#4552,#4551,#4935,.T.);
#3758=EDGE_CURVE('',#4553,#4436,#708,.T.);
#3759=EDGE_CURVE('',#4553,#4552,#1555,.F.);
#3760=EDGE_CURVE('',#4554,#4435,#709,.T.);
#3761=EDGE_CURVE('',#4554,#4553,#710,.T.);
#3762=EDGE_CURVE('',#4555,#4434,#711,.T.);
#3763=EDGE_CURVE('',#4555,#4554,#1556,.T.);
#3764=EDGE_CURVE('',#4556,#4433,#712,.T.);
#3765=EDGE_CURVE('',#4556,#4555,#4936,.T.);
#3766=EDGE_CURVE('',#4557,#4432,#713,.T.);
#3767=EDGE_CURVE('',#4557,#4556,#4937,.T.);
#3768=EDGE_CURVE('',#4558,#4431,#714,.T.);
#3769=EDGE_CURVE('',#4558,#4557,#4938,.T.);
#3770=EDGE_CURVE('',#4559,#4430,#715,.T.);
#3771=EDGE_CURVE('',#4559,#4558,#4939,.T.);
#3772=EDGE_CURVE('',#4560,#4429,#716,.T.);
#3773=EDGE_CURVE('',#4560,#4559,#4940,.T.);
#3774=EDGE_CURVE('',#4561,#4428,#717,.T.);
#3775=EDGE_CURVE('',#4561,#4560,#4941,.T.);
#3776=EDGE_CURVE('',#4562,#4427,#718,.T.);
#3777=EDGE_CURVE('',#4562,#4561,#4942,.T.);
#3778=EDGE_CURVE('',#4563,#4426,#719,.T.);
#3779=EDGE_CURVE('',#4563,#4562,#1557,.T.);
#3780=EDGE_CURVE('',#4564,#4425,#720,.T.);
#3781=EDGE_CURVE('',#4564,#4563,#4943,.T.);
#3782=EDGE_CURVE('',#4565,#4424,#721,.T.);
#3783=EDGE_CURVE('',#4565,#4564,#4944,.T.);
#3784=EDGE_CURVE('',#4566,#4423,#722,.T.);
#3785=EDGE_CURVE('',#4566,#4565,#4945,.T.);
#3786=EDGE_CURVE('',#4567,#4422,#723,.T.);
#3787=EDGE_CURVE('',#4567,#4566,#4946,.T.);
#3788=EDGE_CURVE('',#4568,#4421,#724,.T.);
#3789=EDGE_CURVE('',#4568,#4567,#4947,.T.);
#3790=EDGE_CURVE('',#4569,#4420,#725,.T.);
#3791=EDGE_CURVE('',#4569,#4568,#4948,.T.);
#3792=EDGE_CURVE('',#4570,#4419,#726,.T.);
#3793=EDGE_CURVE('',#4570,#4569,#4949,.T.);
#3794=EDGE_CURVE('',#4571,#4418,#727,.T.);
#3795=EDGE_CURVE('',#4571,#4570,#728,.T.);
#3796=EDGE_CURVE('',#4572,#4417,#729,.T.);
#3797=EDGE_CURVE('',#4572,#4571,#1558,.T.);
#3798=EDGE_CURVE('',#4540,#4572,#4950,.T.);
#3799=EDGE_CURVE('',#4573,#4449,#730,.T.);
#3800=EDGE_CURVE('',#4573,#4574,#731,.T.);
#3801=EDGE_CURVE('',#4574,#4450,#732,.T.);
#3802=EDGE_CURVE('',#4575,#4448,#733,.T.);
#3803=EDGE_CURVE('',#4575,#4573,#734,.T.);
#3804=EDGE_CURVE('',#4576,#4451,#735,.T.);
#3805=EDGE_CURVE('',#4576,#4575,#736,.T.);
#3806=EDGE_CURVE('',#4574,#4576,#737,.T.);
#3807=EDGE_CURVE('',#4577,#4578,#1559,.F.);
#3808=EDGE_CURVE('',#4579,#4577,#738,.T.);
#3809=EDGE_CURVE('',#4579,#4580,#1560,.F.);
#3810=EDGE_CURVE('',#4580,#4578,#739,.T.);
#3811=EDGE_CURVE('',#4581,#4577,#4951,.T.);
#3812=EDGE_CURVE('',#4582,#4581,#740,.T.);
#3813=EDGE_CURVE('',#4582,#4579,#4952,.T.);
#3814=EDGE_CURVE('',#4583,#4581,#4953,.T.);
#3815=EDGE_CURVE('',#4584,#4583,#741,.T.);
#3816=EDGE_CURVE('',#4584,#4582,#4954,.T.);
#3817=EDGE_CURVE('',#4585,#4583,#4955,.T.);
#3818=EDGE_CURVE('',#4586,#4585,#742,.T.);
#3819=EDGE_CURVE('',#4586,#4584,#4956,.T.);
#3820=EDGE_CURVE('',#4587,#4585,#4957,.T.);
#3821=EDGE_CURVE('',#4588,#4587,#743,.T.);
#3822=EDGE_CURVE('',#4588,#4586,#4958,.T.);
#3823=EDGE_CURVE('',#4589,#4587,#1561,.F.);
#3824=EDGE_CURVE('',#4590,#4589,#744,.T.);
#3825=EDGE_CURVE('',#4590,#4588,#1562,.F.);
#3826=EDGE_CURVE('',#4591,#4589,#4959,.T.);
#3827=EDGE_CURVE('',#4592,#4591,#745,.T.);
#3828=EDGE_CURVE('',#4592,#4590,#4960,.T.);
#3829=EDGE_CURVE('',#4593,#4591,#4961,.T.);
#3830=EDGE_CURVE('',#4594,#4593,#746,.T.);
#3831=EDGE_CURVE('',#4594,#4592,#4962,.T.);
#3832=EDGE_CURVE('',#4595,#4593,#4963,.T.);
#3833=EDGE_CURVE('',#4596,#4595,#747,.T.);
#3834=EDGE_CURVE('',#4596,#4594,#4964,.T.);
#3835=EDGE_CURVE('',#4597,#4360,#748,.T.);
#3836=EDGE_CURVE('',#4597,#4598,#4965,.T.);
#3837=EDGE_CURVE('',#4598,#4361,#749,.T.);
#3838=EDGE_CURVE('',#4599,#4359,#750,.T.);
#3839=EDGE_CURVE('',#4599,#4597,#1563,.T.);
#3840=EDGE_CURVE('',#4600,#4374,#751,.T.);
#3841=EDGE_CURVE('',#4600,#4599,#4966,.T.);
#3842=EDGE_CURVE('',#4601,#4373,#752,.T.);
#3843=EDGE_CURVE('',#4601,#4600,#4967,.T.);
#3844=EDGE_CURVE('',#4602,#4372,#753,.T.);
#3845=EDGE_CURVE('',#4602,#4601,#4968,.T.);
#3846=EDGE_CURVE('',#4603,#4371,#754,.T.);
#3847=EDGE_CURVE('',#4603,#4602,#4969,.T.);
#3848=EDGE_CURVE('',#4604,#4370,#755,.T.);
#3849=EDGE_CURVE('',#4604,#4603,#4970,.T.);
#3850=EDGE_CURVE('',#4605,#4369,#756,.T.);
#3851=EDGE_CURVE('',#4605,#4604,#757,.T.);
#3852=EDGE_CURVE('',#4606,#4368,#758,.T.);
#3853=EDGE_CURVE('',#4606,#4605,#759,.T.);
#3854=EDGE_CURVE('',#4607,#4367,#760,.T.);
#3855=EDGE_CURVE('',#4607,#4606,#761,.T.);
#3856=EDGE_CURVE('',#4608,#4366,#762,.T.);
#3857=EDGE_CURVE('',#4608,#4607,#763,.T.);
#3858=EDGE_CURVE('',#4609,#4365,#764,.T.);
#3859=EDGE_CURVE('',#4609,#4608,#765,.T.);
#3860=EDGE_CURVE('',#4610,#4364,#766,.T.);
#3861=EDGE_CURVE('',#4610,#4609,#4971,.T.);
#3862=EDGE_CURVE('',#4611,#4363,#767,.T.);
#3863=EDGE_CURVE('',#4611,#4610,#4972,.T.);
#3864=EDGE_CURVE('',#4612,#4362,#768,.T.);
#3865=EDGE_CURVE('',#4612,#4611,#1564,.T.);
#3866=EDGE_CURVE('',#4598,#4612,#4973,.T.);
#3867=EDGE_CURVE('',#4578,#4595,#4974,.T.);
#3868=EDGE_CURVE('',#4580,#4596,#4975,.T.);
#3869=EDGE_CURVE('',#4613,#4326,#769,.T.);
#3870=EDGE_CURVE('',#4613,#4614,#4976,.T.);
#3871=EDGE_CURVE('',#4614,#4327,#770,.T.);
#3872=EDGE_CURVE('',#4615,#4325,#771,.T.);
#3873=EDGE_CURVE('',#4615,#4613,#4977,.T.);
#3874=EDGE_CURVE('',#4616,#4358,#772,.T.);
#3875=EDGE_CURVE('',#4616,#4615,#4978,.T.);
#3876=EDGE_CURVE('',#4617,#4357,#773,.T.);
#3877=EDGE_CURVE('',#4617,#4616,#4979,.T.);
#3878=EDGE_CURVE('',#4618,#4356,#774,.T.);
#3879=EDGE_CURVE('',#4618,#4617,#4980,.T.);
#3880=EDGE_CURVE('',#4619,#4355,#775,.T.);
#3881=EDGE_CURVE('',#4619,#4618,#1565,.T.);
#3882=EDGE_CURVE('',#4620,#4354,#776,.T.);
#3883=EDGE_CURVE('',#4620,#4619,#4981,.T.);
#3884=EDGE_CURVE('',#4621,#4353,#777,.T.);
#3885=EDGE_CURVE('',#4621,#4620,#4982,.T.);
#3886=EDGE_CURVE('',#4622,#4352,#778,.T.);
#3887=EDGE_CURVE('',#4622,#4621,#4983,.T.);
#3888=EDGE_CURVE('',#4623,#4351,#779,.T.);
#3889=EDGE_CURVE('',#4623,#4622,#4984,.T.);
#3890=EDGE_CURVE('',#4624,#4350,#780,.T.);
#3891=EDGE_CURVE('',#4624,#4623,#4985,.T.);
#3892=EDGE_CURVE('',#4625,#4349,#781,.T.);
#3893=EDGE_CURVE('',#4625,#4624,#4986,.T.);
#3894=EDGE_CURVE('',#4626,#4348,#782,.T.);
#3895=EDGE_CURVE('',#4626,#4625,#4987,.T.);
#3896=EDGE_CURVE('',#4627,#4347,#783,.T.);
#3897=EDGE_CURVE('',#4627,#4626,#784,.T.);
#3898=EDGE_CURVE('',#4628,#4346,#785,.T.);
#3899=EDGE_CURVE('',#4628,#4627,#786,.T.);
#3900=EDGE_CURVE('',#4629,#4345,#787,.T.);
#3901=EDGE_CURVE('',#4629,#4628,#1566,.T.);
#3902=EDGE_CURVE('',#4630,#4344,#788,.T.);
#3903=EDGE_CURVE('',#4630,#4629,#4988,.T.);
#3904=EDGE_CURVE('',#4631,#4343,#789,.T.);
#3905=EDGE_CURVE('',#4631,#4630,#4989,.T.);
#3906=EDGE_CURVE('',#4632,#4342,#790,.T.);
#3907=EDGE_CURVE('',#4632,#4631,#4990,.T.);
#3908=EDGE_CURVE('',#4633,#4341,#791,.T.);
#3909=EDGE_CURVE('',#4633,#4632,#4991,.T.);
#3910=EDGE_CURVE('',#4634,#4340,#792,.T.);
#3911=EDGE_CURVE('',#4634,#4633,#1567,.T.);
#3912=EDGE_CURVE('',#4635,#4339,#793,.T.);
#3913=EDGE_CURVE('',#4635,#4634,#4992,.T.);
#3914=EDGE_CURVE('',#4636,#4338,#794,.T.);
#3915=EDGE_CURVE('',#4636,#4635,#1568,.T.);
#3916=EDGE_CURVE('',#4637,#4337,#795,.T.);
#3917=EDGE_CURVE('',#4637,#4636,#4993,.T.);
#3918=EDGE_CURVE('',#4638,#4336,#796,.T.);
#3919=EDGE_CURVE('',#4638,#4637,#4994,.T.);
#3920=EDGE_CURVE('',#4639,#4335,#797,.T.);
#3921=EDGE_CURVE('',#4639,#4638,#4995,.T.);
#3922=EDGE_CURVE('',#4640,#4334,#798,.T.);
#3923=EDGE_CURVE('',#4640,#4639,#4996,.T.);
#3924=EDGE_CURVE('',#4641,#4333,#799,.T.);
#3925=EDGE_CURVE('',#4641,#4640,#4997,.T.);
#3926=EDGE_CURVE('',#4642,#4332,#800,.T.);
#3927=EDGE_CURVE('',#4642,#4641,#4998,.T.);
#3928=EDGE_CURVE('',#4643,#4331,#801,.T.);
#3929=EDGE_CURVE('',#4643,#4642,#4999,.T.);
#3930=EDGE_CURVE('',#4644,#4330,#802,.T.);
#3931=EDGE_CURVE('',#4644,#4643,#803,.T.);
#3932=EDGE_CURVE('',#4645,#4329,#804,.T.);
#3933=EDGE_CURVE('',#4645,#4644,#1569,.T.);
#3934=EDGE_CURVE('',#4646,#4328,#805,.T.);
#3935=EDGE_CURVE('',#4646,#4645,#1570,.T.);
#3936=EDGE_CURVE('',#4614,#4646,#5000,.T.);
#3937=EDGE_CURVE('',#4647,#4307,#806,.T.);
#3938=EDGE_CURVE('',#4647,#4648,#5001,.T.);
#3939=EDGE_CURVE('',#4648,#4308,#807,.T.);
#3940=EDGE_CURVE('',#4649,#4306,#808,.T.);
#3941=EDGE_CURVE('',#4649,#4647,#1571,.T.);
#3942=EDGE_CURVE('',#4650,#4324,#809,.T.);
#3943=EDGE_CURVE('',#4650,#4649,#5002,.T.);
#3944=EDGE_CURVE('',#4651,#4323,#810,.T.);
#3945=EDGE_CURVE('',#4651,#4650,#811,.T.);
#3946=EDGE_CURVE('',#4652,#4322,#812,.T.);
#3947=EDGE_CURVE('',#4652,#4651,#813,.T.);
#3948=EDGE_CURVE('',#4653,#4321,#814,.T.);
#3949=EDGE_CURVE('',#4653,#4652,#815,.T.);
#3950=EDGE_CURVE('',#4654,#4320,#816,.T.);
#3951=EDGE_CURVE('',#4654,#4653,#817,.T.);
#3952=EDGE_CURVE('',#4655,#4319,#818,.T.);
#3953=EDGE_CURVE('',#4655,#4654,#819,.T.);
#3954=EDGE_CURVE('',#4656,#4318,#820,.T.);
#3955=EDGE_CURVE('',#4656,#4655,#821,.T.);
#3956=EDGE_CURVE('',#4657,#4317,#822,.T.);
#3957=EDGE_CURVE('',#4657,#4656,#5003,.T.);
#3958=EDGE_CURVE('',#4658,#4316,#823,.T.);
#3959=EDGE_CURVE('',#4658,#4657,#5004,.T.);
#3960=EDGE_CURVE('',#4659,#4315,#824,.T.);
#3961=EDGE_CURVE('',#4659,#4658,#5005,.T.);
#3962=EDGE_CURVE('',#4660,#4314,#825,.T.);
#3963=EDGE_CURVE('',#4660,#4659,#5006,.T.);
#3964=EDGE_CURVE('',#4661,#4313,#826,.T.);
#3965=EDGE_CURVE('',#4661,#4660,#1572,.F.);
#3966=EDGE_CURVE('',#4662,#4312,#827,.T.);
#3967=EDGE_CURVE('',#4662,#4661,#828,.T.);
#3968=EDGE_CURVE('',#4663,#4311,#829,.T.);
#3969=EDGE_CURVE('',#4663,#4662,#830,.T.);
#3970=EDGE_CURVE('',#4664,#4310,#831,.T.);
#3971=EDGE_CURVE('',#4664,#4663,#832,.T.);
#3972=EDGE_CURVE('',#4665,#4309,#833,.T.);
#3973=EDGE_CURVE('',#4665,#4664,#1573,.T.);
#3974=EDGE_CURVE('',#4648,#4665,#5007,.T.);
#3975=EDGE_CURVE('',#4666,#4667,#1574,.F.);
#3976=EDGE_CURVE('',#4668,#4666,#834,.T.);
#3977=EDGE_CURVE('',#4668,#4669,#1575,.F.);
#3978=EDGE_CURVE('',#4669,#4667,#835,.T.);
#3979=EDGE_CURVE('',#4670,#4666,#5008,.T.);
#3980=EDGE_CURVE('',#4671,#4670,#836,.T.);
#3981=EDGE_CURVE('',#4671,#4668,#5009,.T.);
#3982=EDGE_CURVE('',#4672,#4670,#5010,.T.);
#3983=EDGE_CURVE('',#4673,#4672,#837,.T.);
#3984=EDGE_CURVE('',#4673,#4671,#5011,.T.);
#3985=EDGE_CURVE('',#4674,#4672,#838,.T.);
#3986=EDGE_CURVE('',#4675,#4674,#839,.T.);
#3987=EDGE_CURVE('',#4675,#4673,#840,.T.);
#3988=EDGE_CURVE('',#4676,#4674,#841,.T.);
#3989=EDGE_CURVE('',#4677,#4676,#842,.T.);
#3990=EDGE_CURVE('',#4677,#4675,#843,.T.);
#3991=EDGE_CURVE('',#4678,#4676,#844,.T.);
#3992=EDGE_CURVE('',#4679,#4678,#845,.T.);
#3993=EDGE_CURVE('',#4679,#4677,#846,.T.);
#3994=EDGE_CURVE('',#4680,#4678,#5012,.T.);
#3995=EDGE_CURVE('',#4681,#4680,#847,.T.);
#3996=EDGE_CURVE('',#4681,#4679,#5013,.T.);
#3997=EDGE_CURVE('',#4682,#4294,#848,.T.);
#3998=EDGE_CURVE('',#4682,#4683,#5014,.T.);
#3999=EDGE_CURVE('',#4683,#4295,#849,.T.);
#4000=EDGE_CURVE('',#4684,#4293,#850,.T.);
#4001=EDGE_CURVE('',#4684,#4682,#851,.T.);
#4002=EDGE_CURVE('',#4685,#4305,#852,.T.);
#4003=EDGE_CURVE('',#4685,#4684,#853,.T.);
#4004=EDGE_CURVE('',#4686,#4304,#854,.T.);
#4005=EDGE_CURVE('',#4686,#4685,#855,.T.);
#4006=EDGE_CURVE('',#4687,#4303,#856,.T.);
#4007=EDGE_CURVE('',#4687,#4686,#857,.T.);
#4008=EDGE_CURVE('',#4688,#4302,#858,.T.);
#4009=EDGE_CURVE('',#4688,#4687,#859,.T.);
#4010=EDGE_CURVE('',#4689,#4301,#860,.T.);
#4011=EDGE_CURVE('',#4689,#4688,#861,.T.);
#4012=EDGE_CURVE('',#4690,#4300,#862,.T.);
#4013=EDGE_CURVE('',#4690,#4689,#863,.T.);
#4014=EDGE_CURVE('',#4691,#4299,#864,.T.);
#4015=EDGE_CURVE('',#4691,#4690,#865,.T.);
#4016=EDGE_CURVE('',#4692,#4298,#866,.T.);
#4017=EDGE_CURVE('',#4692,#4691,#5015,.T.);
#4018=EDGE_CURVE('',#4693,#4297,#867,.T.);
#4019=EDGE_CURVE('',#4693,#4692,#5016,.T.);
#4020=EDGE_CURVE('',#4694,#4296,#868,.T.);
#4021=EDGE_CURVE('',#4694,#4693,#1576,.T.);
#4022=EDGE_CURVE('',#4683,#4694,#5017,.T.);
#4023=EDGE_CURVE('',#4667,#4680,#5018,.T.);
#4024=EDGE_CURVE('',#4669,#4681,#5019,.T.);
#4025=EDGE_CURVE('',#4695,#4281,#869,.T.);
#4026=EDGE_CURVE('',#4695,#4696,#5020,.T.);
#4027=EDGE_CURVE('',#4696,#4282,#870,.T.);
#4028=EDGE_CURVE('',#4697,#4288,#871,.T.);
#4029=EDGE_CURVE('',#4697,#4695,#5021,.T.);
#4030=EDGE_CURVE('',#4698,#4287,#872,.T.);
#4031=EDGE_CURVE('',#4698,#4697,#5022,.T.);
#4032=EDGE_CURVE('',#4699,#4286,#873,.T.);
#4033=EDGE_CURVE('',#4699,#4698,#5023,.T.);
#4034=EDGE_CURVE('',#4700,#4285,#874,.T.);
#4035=EDGE_CURVE('',#4700,#4699,#5024,.T.);
#4036=EDGE_CURVE('',#4701,#4284,#875,.T.);
#4037=EDGE_CURVE('',#4701,#4700,#5025,.T.);
#4038=EDGE_CURVE('',#4702,#4283,#876,.T.);
#4039=EDGE_CURVE('',#4702,#4701,#5026,.T.);
#4040=EDGE_CURVE('',#4696,#4702,#1577,.T.);
#4041=EDGE_CURVE('',#4703,#4277,#877,.T.);
#4042=EDGE_CURVE('',#4703,#4704,#878,.T.);
#4043=EDGE_CURVE('',#4704,#4278,#879,.T.);
#4044=EDGE_CURVE('',#4705,#4280,#880,.T.);
#4045=EDGE_CURVE('',#4705,#4703,#881,.T.);
#4046=EDGE_CURVE('',#4706,#4279,#882,.T.);
#4047=EDGE_CURVE('',#4706,#4705,#883,.T.);
#4048=EDGE_CURVE('',#4704,#4706,#884,.T.);
#4049=EDGE_CURVE('',#4707,#4708,#1578,.F.);
#4050=EDGE_CURVE('',#4709,#4707,#885,.T.);
#4051=EDGE_CURVE('',#4709,#4710,#1579,.F.);
#4052=EDGE_CURVE('',#4710,#4708,#886,.T.);
#4053=EDGE_CURVE('',#4711,#4707,#5027,.T.);
#4054=EDGE_CURVE('',#4712,#4711,#887,.T.);
#4055=EDGE_CURVE('',#4712,#4709,#5028,.T.);
#4056=EDGE_CURVE('',#4713,#4711,#5029,.T.);
#4057=EDGE_CURVE('',#4714,#4713,#888,.T.);
#4058=EDGE_CURVE('',#4714,#4712,#5030,.T.);
#4059=EDGE_CURVE('',#4715,#4713,#5031,.T.);
#4060=EDGE_CURVE('',#4716,#4715,#889,.T.);
#4061=EDGE_CURVE('',#4716,#4714,#5032,.T.);
#4062=EDGE_CURVE('',#4717,#4715,#5033,.T.);
#4063=EDGE_CURVE('',#4718,#4717,#890,.T.);
#4064=EDGE_CURVE('',#4718,#4716,#5034,.T.);
#4065=EDGE_CURVE('',#4719,#4717,#1580,.F.);
#4066=EDGE_CURVE('',#4720,#4719,#891,.T.);
#4067=EDGE_CURVE('',#4720,#4718,#1581,.F.);
#4068=EDGE_CURVE('',#4721,#4719,#5035,.T.);
#4069=EDGE_CURVE('',#4722,#4721,#892,.T.);
#4070=EDGE_CURVE('',#4722,#4720,#5036,.T.);
#4071=EDGE_CURVE('',#4723,#4721,#5037,.T.);
#4072=EDGE_CURVE('',#4724,#4723,#893,.T.);
#4073=EDGE_CURVE('',#4724,#4722,#5038,.T.);
#4074=EDGE_CURVE('',#4725,#4723,#5039,.T.);
#4075=EDGE_CURVE('',#4726,#4725,#894,.T.);
#4076=EDGE_CURVE('',#4726,#4724,#5040,.T.);
#4077=EDGE_CURVE('',#4727,#4261,#895,.T.);
#4078=EDGE_CURVE('',#4727,#4728,#5041,.T.);
#4079=EDGE_CURVE('',#4728,#4262,#896,.T.);
#4080=EDGE_CURVE('',#4729,#4276,#897,.T.);
#4081=EDGE_CURVE('',#4729,#4727,#1582,.T.);
#4082=EDGE_CURVE('',#4730,#4275,#898,.T.);
#4083=EDGE_CURVE('',#4730,#4729,#5042,.T.);
#4084=EDGE_CURVE('',#4731,#4274,#899,.T.);
#4085=EDGE_CURVE('',#4731,#4730,#5043,.T.);
#4086=EDGE_CURVE('',#4732,#4273,#900,.T.);
#4087=EDGE_CURVE('',#4732,#4731,#5044,.T.);
#4088=EDGE_CURVE('',#4733,#4272,#901,.T.);
#4089=EDGE_CURVE('',#4733,#4732,#5045,.T.);
#4090=EDGE_CURVE('',#4734,#4271,#902,.T.);
#4091=EDGE_CURVE('',#4734,#4733,#1583,.T.);
#4092=EDGE_CURVE('',#4735,#4270,#903,.T.);
#4093=EDGE_CURVE('',#4735,#4734,#904,.T.);
#4094=EDGE_CURVE('',#4736,#4269,#905,.T.);
#4095=EDGE_CURVE('',#4736,#4735,#906,.T.);
#4096=EDGE_CURVE('',#4737,#4268,#907,.T.);
#4097=EDGE_CURVE('',#4737,#4736,#908,.T.);
#4098=EDGE_CURVE('',#4738,#4267,#909,.T.);
#4099=EDGE_CURVE('',#4738,#4737,#910,.T.);
#4100=EDGE_CURVE('',#4739,#4266,#911,.T.);
#4101=EDGE_CURVE('',#4739,#4738,#912,.T.);
#4102=EDGE_CURVE('',#4740,#4265,#913,.T.);
#4103=EDGE_CURVE('',#4740,#4739,#5046,.T.);
#4104=EDGE_CURVE('',#4741,#4264,#914,.T.);
#4105=EDGE_CURVE('',#4741,#4740,#5047,.T.);
#4106=EDGE_CURVE('',#4742,#4263,#915,.T.);
#4107=EDGE_CURVE('',#4742,#4741,#1584,.T.);
#4108=EDGE_CURVE('',#4728,#4742,#5048,.T.);
#4109=EDGE_CURVE('',#4708,#4725,#5049,.T.);
#4110=EDGE_CURVE('',#4710,#4726,#5050,.T.);
#4111=EDGE_CURVE('',#4743,#4253,#916,.T.);
#4112=EDGE_CURVE('',#4743,#4744,#5051,.T.);
#4113=EDGE_CURVE('',#4744,#4254,#917,.T.);
#4114=EDGE_CURVE('',#4745,#4260,#918,.T.);
#4115=EDGE_CURVE('',#4745,#4743,#5052,.T.);
#4116=EDGE_CURVE('',#4746,#4259,#919,.T.);
#4117=EDGE_CURVE('',#4746,#4745,#5053,.T.);
#4118=EDGE_CURVE('',#4747,#4258,#920,.T.);
#4119=EDGE_CURVE('',#4747,#4746,#5054,.T.);
#4120=EDGE_CURVE('',#4748,#4257,#921,.T.);
#4121=EDGE_CURVE('',#4748,#4747,#5055,.T.);
#4122=EDGE_CURVE('',#4749,#4256,#922,.T.);
#4123=EDGE_CURVE('',#4749,#4748,#5056,.T.);
#4124=EDGE_CURVE('',#4750,#4255,#923,.T.);
#4125=EDGE_CURVE('',#4750,#4749,#5057,.T.);
#4126=EDGE_CURVE('',#4744,#4750,#1585,.T.);
#4127=EDGE_CURVE('',#4751,#4249,#924,.T.);
#4128=EDGE_CURVE('',#4751,#4752,#925,.T.);
#4129=EDGE_CURVE('',#4752,#4250,#926,.T.);
#4130=EDGE_CURVE('',#4753,#4252,#927,.T.);
#4131=EDGE_CURVE('',#4753,#4751,#928,.T.);
#4132=EDGE_CURVE('',#4754,#4251,#929,.T.);
#4133=EDGE_CURVE('',#4754,#4753,#930,.T.);
#4134=EDGE_CURVE('',#4752,#4754,#931,.T.);
#4135=EDGE_CURVE('',#4755,#4230,#932,.T.);
#4136=EDGE_CURVE('',#4755,#4756,#1586,.F.);
#4137=EDGE_CURVE('',#4756,#4231,#933,.T.);
#4138=EDGE_CURVE('',#4757,#4248,#934,.T.);
#4139=EDGE_CURVE('',#4757,#4755,#935,.T.);
#4140=EDGE_CURVE('',#4758,#4247,#936,.T.);
#4141=EDGE_CURVE('',#4758,#4757,#937,.T.);
#4142=EDGE_CURVE('',#4759,#4246,#938,.T.);
#4143=EDGE_CURVE('',#4759,#4758,#939,.T.);
#4144=EDGE_CURVE('',#4760,#4245,#940,.T.);
#4145=EDGE_CURVE('',#4760,#4759,#941,.T.);
#4146=EDGE_CURVE('',#4761,#4244,#942,.T.);
#4147=EDGE_CURVE('',#4761,#4760,#943,.T.);
#4148=EDGE_CURVE('',#4762,#4243,#944,.T.);
#4149=EDGE_CURVE('',#4762,#4761,#945,.T.);
#4150=EDGE_CURVE('',#4763,#4242,#946,.T.);
#4151=EDGE_CURVE('',#4763,#4762,#947,.T.);
#4152=EDGE_CURVE('',#4764,#4241,#948,.T.);
#4153=EDGE_CURVE('',#4764,#4763,#949,.T.);
#4154=EDGE_CURVE('',#4765,#4240,#950,.T.);
#4155=EDGE_CURVE('',#4765,#4764,#951,.T.);
#4156=EDGE_CURVE('',#4766,#4239,#952,.T.);
#4157=EDGE_CURVE('',#4766,#4765,#953,.T.);
#4158=EDGE_CURVE('',#4767,#4238,#954,.T.);
#4159=EDGE_CURVE('',#4767,#4766,#955,.T.);
#4160=EDGE_CURVE('',#4768,#4237,#956,.T.);
#4161=EDGE_CURVE('',#4768,#4767,#1587,.T.);
#4162=EDGE_CURVE('',#4769,#4236,#957,.T.);
#4163=EDGE_CURVE('',#4769,#4768,#5058,.T.);
#4164=EDGE_CURVE('',#4770,#4235,#958,.T.);
#4165=EDGE_CURVE('',#4770,#4769,#959,.T.);
#4166=EDGE_CURVE('',#4771,#4234,#960,.T.);
#4167=EDGE_CURVE('',#4771,#4770,#961,.T.);
#4168=EDGE_CURVE('',#4772,#4233,#962,.T.);
#4169=EDGE_CURVE('',#4772,#4771,#963,.T.);
#4170=EDGE_CURVE('',#4773,#4232,#964,.T.);
#4171=EDGE_CURVE('',#4773,#4772,#5059,.T.);
#4172=EDGE_CURVE('',#4756,#4773,#5060,.T.);
#4173=EDGE_CURVE('',#4774,#4211,#965,.T.);
#4174=EDGE_CURVE('',#4774,#4775,#5061,.T.);
#4175=EDGE_CURVE('',#4775,#4212,#966,.T.);
#4176=EDGE_CURVE('',#4776,#4229,#967,.T.);
#4177=EDGE_CURVE('',#4776,#4774,#1588,.T.);
#4178=EDGE_CURVE('',#4777,#4228,#968,.T.);
#4179=EDGE_CURVE('',#4777,#4776,#1589,.T.);
#4180=EDGE_CURVE('',#4778,#4227,#969,.T.);
#4181=EDGE_CURVE('',#4778,#4777,#970,.T.);
#4182=EDGE_CURVE('',#4779,#4226,#971,.T.);
#4183=EDGE_CURVE('',#4779,#4778,#972,.T.);
#4184=EDGE_CURVE('',#4780,#4225,#973,.T.);
#4185=EDGE_CURVE('',#4780,#4779,#974,.T.);
#4186=EDGE_CURVE('',#4781,#4224,#975,.T.);
#4187=EDGE_CURVE('',#4781,#4780,#976,.T.);
#4188=EDGE_CURVE('',#4782,#4223,#977,.T.);
#4189=EDGE_CURVE('',#4782,#4781,#978,.T.);
#4190=EDGE_CURVE('',#4783,#4222,#979,.T.);
#4191=EDGE_CURVE('',#4783,#4782,#980,.T.);
#4192=EDGE_CURVE('',#4784,#4221,#981,.T.);
#4193=EDGE_CURVE('',#4784,#4783,#5062,.T.);
#4194=EDGE_CURVE('',#4785,#4220,#982,.T.);
#4195=EDGE_CURVE('',#4785,#4784,#5063,.T.);
#4196=EDGE_CURVE('',#4786,#4219,#983,.T.);
#4197=EDGE_CURVE('',#4786,#4785,#5064,.T.);
#4198=EDGE_CURVE('',#4787,#4218,#984,.T.);
#4199=EDGE_CURVE('',#4787,#4786,#5065,.T.);
#4200=EDGE_CURVE('',#4788,#4217,#985,.T.);
#4201=EDGE_CURVE('',#4788,#4787,#1590,.F.);
#4202=EDGE_CURVE('',#4789,#4216,#986,.T.);
#4203=EDGE_CURVE('',#4789,#4788,#987,.T.);
#4204=EDGE_CURVE('',#4790,#4215,#988,.T.);
#4205=EDGE_CURVE('',#4790,#4789,#989,.T.);
#4206=EDGE_CURVE('',#4791,#4214,#990,.T.);
#4207=EDGE_CURVE('',#4791,#4790,#991,.T.);
#4208=EDGE_CURVE('',#4792,#4213,#992,.T.);
#4209=EDGE_CURVE('',#4792,#4791,#1591,.T.);
#4210=EDGE_CURVE('',#4775,#4792,#5066,.T.);
#4211=VERTEX_POINT('',#9209);
#4212=VERTEX_POINT('',#9210);
#4213=VERTEX_POINT('',#9214);
#4214=VERTEX_POINT('',#9216);
#4215=VERTEX_POINT('',#9218);
#4216=VERTEX_POINT('',#9220);
#4217=VERTEX_POINT('',#9222);
#4218=VERTEX_POINT('',#9224);
#4219=VERTEX_POINT('',#9228);
#4220=VERTEX_POINT('',#9232);
#4221=VERTEX_POINT('',#9236);
#4222=VERTEX_POINT('',#9240);
#4223=VERTEX_POINT('',#9242);
#4224=VERTEX_POINT('',#9244);
#4225=VERTEX_POINT('',#9246);
#4226=VERTEX_POINT('',#9248);
#4227=VERTEX_POINT('',#9250);
#4228=VERTEX_POINT('',#9252);
#4229=VERTEX_POINT('',#9254);
#4230=VERTEX_POINT('',#9257);
#4231=VERTEX_POINT('',#9258);
#4232=VERTEX_POINT('',#9262);
#4233=VERTEX_POINT('',#9266);
#4234=VERTEX_POINT('',#9268);
#4235=VERTEX_POINT('',#9270);
#4236=VERTEX_POINT('',#9272);
#4237=VERTEX_POINT('',#9276);
#4238=VERTEX_POINT('',#9278);
#4239=VERTEX_POINT('',#9280);
#4240=VERTEX_POINT('',#9282);
#4241=VERTEX_POINT('',#9284);
#4242=VERTEX_POINT('',#9286);
#4243=VERTEX_POINT('',#9288);
#4244=VERTEX_POINT('',#9290);
#4245=VERTEX_POINT('',#9292);
#4246=VERTEX_POINT('',#9294);
#4247=VERTEX_POINT('',#9296);
#4248=VERTEX_POINT('',#9298);
#4249=VERTEX_POINT('',#9301);
#4250=VERTEX_POINT('',#9302);
#4251=VERTEX_POINT('',#9304);
#4252=VERTEX_POINT('',#9306);
#4253=VERTEX_POINT('',#9311);
#4254=VERTEX_POINT('',#9312);
#4255=VERTEX_POINT('',#9314);
#4256=VERTEX_POINT('',#9318);
#4257=VERTEX_POINT('',#9322);
#4258=VERTEX_POINT('',#9326);
#4259=VERTEX_POINT('',#9330);
#4260=VERTEX_POINT('',#9334);
#4261=VERTEX_POINT('',#9341);
#4262=VERTEX_POINT('',#9342);
#4263=VERTEX_POINT('',#9346);
#4264=VERTEX_POINT('',#9348);
#4265=VERTEX_POINT('',#9352);
#4266=VERTEX_POINT('',#9356);
#4267=VERTEX_POINT('',#9358);
#4268=VERTEX_POINT('',#9360);
#4269=VERTEX_POINT('',#9362);
#4270=VERTEX_POINT('',#9364);
#4271=VERTEX_POINT('',#9366);
#4272=VERTEX_POINT('',#9368);
#4273=VERTEX_POINT('',#9372);
#4274=VERTEX_POINT('',#9376);
#4275=VERTEX_POINT('',#9380);
#4276=VERTEX_POINT('',#9384);
#4277=VERTEX_POINT('',#9387);
#4278=VERTEX_POINT('',#9388);
#4279=VERTEX_POINT('',#9390);
#4280=VERTEX_POINT('',#9392);
#4281=VERTEX_POINT('',#9397);
#4282=VERTEX_POINT('',#9398);
#4283=VERTEX_POINT('',#9400);
#4284=VERTEX_POINT('',#9404);
#4285=VERTEX_POINT('',#9408);
#4286=VERTEX_POINT('',#9412);
#4287=VERTEX_POINT('',#9416);
#4288=VERTEX_POINT('',#9420);
#4289=VERTEX_POINT('',#9425);
#4290=VERTEX_POINT('',#9426);
#4291=VERTEX_POINT('',#9428);
#4292=VERTEX_POINT('',#9430);
#4293=VERTEX_POINT('',#9433);
#4294=VERTEX_POINT('',#9434);
#4295=VERTEX_POINT('',#9438);
#4296=VERTEX_POINT('',#9442);
#4297=VERTEX_POINT('',#9444);
#4298=VERTEX_POINT('',#9448);
#4299=VERTEX_POINT('',#9452);
#4300=VERTEX_POINT('',#9454);
#4301=VERTEX_POINT('',#9456);
#4302=VERTEX_POINT('',#9458);
#4303=VERTEX_POINT('',#9460);
#4304=VERTEX_POINT('',#9462);
#4305=VERTEX_POINT('',#9464);
#4306=VERTEX_POINT('',#9468);
#4307=VERTEX_POINT('',#9469);
#4308=VERTEX_POINT('',#9473);
#4309=VERTEX_POINT('',#9477);
#4310=VERTEX_POINT('',#9479);
#4311=VERTEX_POINT('',#9481);
#4312=VERTEX_POINT('',#9483);
#4313=VERTEX_POINT('',#9485);
#4314=VERTEX_POINT('',#9487);
#4315=VERTEX_POINT('',#9491);
#4316=VERTEX_POINT('',#9495);
#4317=VERTEX_POINT('',#9499);
#4318=VERTEX_POINT('',#9503);
#4319=VERTEX_POINT('',#9505);
#4320=VERTEX_POINT('',#9507);
#4321=VERTEX_POINT('',#9509);
#4322=VERTEX_POINT('',#9511);
#4323=VERTEX_POINT('',#9513);
#4324=VERTEX_POINT('',#9515);
#4325=VERTEX_POINT('',#9522);
#4326=VERTEX_POINT('',#9523);
#4327=VERTEX_POINT('',#9527);
#4328=VERTEX_POINT('',#9531);
#4329=VERTEX_POINT('',#9533);
#4330=VERTEX_POINT('',#9535);
#4331=VERTEX_POINT('',#9537);
#4332=VERTEX_POINT('',#9541);
#4333=VERTEX_POINT('',#9545);
#4334=VERTEX_POINT('',#9549);
#4335=VERTEX_POINT('',#9553);
#4336=VERTEX_POINT('',#9557);
#4337=VERTEX_POINT('',#9561);
#4338=VERTEX_POINT('',#9565);
#4339=VERTEX_POINT('',#9567);
#4340=VERTEX_POINT('',#9571);
#4341=VERTEX_POINT('',#9573);
#4342=VERTEX_POINT('',#9577);
#4343=VERTEX_POINT('',#9581);
#4344=VERTEX_POINT('',#9585);
#4345=VERTEX_POINT('',#9589);
#4346=VERTEX_POINT('',#9591);
#4347=VERTEX_POINT('',#9593);
#4348=VERTEX_POINT('',#9595);
#4349=VERTEX_POINT('',#9599);
#4350=VERTEX_POINT('',#9603);
#4351=VERTEX_POINT('',#9607);
#4352=VERTEX_POINT('',#9611);
#4353=VERTEX_POINT('',#9615);
#4354=VERTEX_POINT('',#9619);
#4355=VERTEX_POINT('',#9623);
#4356=VERTEX_POINT('',#9625);
#4357=VERTEX_POINT('',#9629);
#4358=VERTEX_POINT('',#9633);
#4359=VERTEX_POINT('',#9638);
#4360=VERTEX_POINT('',#9639);
#4361=VERTEX_POINT('',#9643);
#4362=VERTEX_POINT('',#9647);
#4363=VERTEX_POINT('',#9649);
#4364=VERTEX_POINT('',#9653);
#4365=VERTEX_POINT('',#9657);
#4366=VERTEX_POINT('',#9659);
#4367=VERTEX_POINT('',#9661);
#4368=VERTEX_POINT('',#9663);
#4369=VERTEX_POINT('',#9665);
#4370=VERTEX_POINT('',#9667);
#4371=VERTEX_POINT('',#9671);
#4372=VERTEX_POINT('',#9675);
#4373=VERTEX_POINT('',#9679);
#4374=VERTEX_POINT('',#9683);
#4375=VERTEX_POINT('',#9688);
#4376=VERTEX_POINT('',#9689);
#4377=VERTEX_POINT('',#9691);
#4378=VERTEX_POINT('',#9693);
#4379=VERTEX_POINT('',#9695);
#4380=VERTEX_POINT('',#9697);
#4381=VERTEX_POINT('',#9699);
#4382=VERTEX_POINT('',#9701);
#4383=VERTEX_POINT('',#9703);
#4384=VERTEX_POINT('',#9705);
#4385=VERTEX_POINT('',#9707);
#4386=VERTEX_POINT('',#9710);
#4387=VERTEX_POINT('',#9712);
#4388=VERTEX_POINT('',#9717);
#4389=VERTEX_POINT('',#9718);
#4390=VERTEX_POINT('',#9722);
#4391=VERTEX_POINT('',#9726);
#4392=VERTEX_POINT('',#9728);
#4393=VERTEX_POINT('',#9730);
#4394=VERTEX_POINT('',#9732);
#4395=VERTEX_POINT('',#9734);
#4396=VERTEX_POINT('',#9738);
#4397=VERTEX_POINT('',#9742);
#4398=VERTEX_POINT('',#9746);
#4399=VERTEX_POINT('',#9748);
#4400=VERTEX_POINT('',#9752);
#4401=VERTEX_POINT('',#9756);
#4402=VERTEX_POINT('',#9760);
#4403=VERTEX_POINT('',#9764);
#4404=VERTEX_POINT('',#9766);
#4405=VERTEX_POINT('',#9770);
#4406=VERTEX_POINT('',#9773);
#4407=VERTEX_POINT('',#9774);
#4408=VERTEX_POINT('',#9776);
#4409=VERTEX_POINT('',#9778);
#4410=VERTEX_POINT('',#9780);
#4411=VERTEX_POINT('',#9782);
#4412=VERTEX_POINT('',#9784);
#4413=VERTEX_POINT('',#9786);
#4414=VERTEX_POINT('',#9791);
#4415=VERTEX_POINT('',#9792);
#4416=VERTEX_POINT('',#9796);
#4417=VERTEX_POINT('',#9800);
#4418=VERTEX_POINT('',#9802);
#4419=VERTEX_POINT('',#9804);
#4420=VERTEX_POINT('',#9808);
#4421=VERTEX_POINT('',#9812);
#4422=VERTEX_POINT('',#9816);
#4423=VERTEX_POINT('',#9820);
#4424=VERTEX_POINT('',#9824);
#4425=VERTEX_POINT('',#9828);
#4426=VERTEX_POINT('',#9832);
#4427=VERTEX_POINT('',#9834);
#4428=VERTEX_POINT('',#9838);
#4429=VERTEX_POINT('',#9842);
#4430=VERTEX_POINT('',#9846);
#4431=VERTEX_POINT('',#9850);
#4432=VERTEX_POINT('',#9854);
#4433=VERTEX_POINT('',#9858);
#4434=VERTEX_POINT('',#9862);
#4435=VERTEX_POINT('',#9864);
#4436=VERTEX_POINT('',#9866);
#4437=VERTEX_POINT('',#9868);
#4438=VERTEX_POINT('',#9872);
#4439=VERTEX_POINT('',#9876);
#4440=VERTEX_POINT('',#9880);
#4441=VERTEX_POINT('',#9884);
#4442=VERTEX_POINT('',#9888);
#4443=VERTEX_POINT('',#9892);
#4444=VERTEX_POINT('',#9896);
#4445=VERTEX_POINT('',#9898);
#4446=VERTEX_POINT('',#9902);
#4447=VERTEX_POINT('',#9906);
#4448=VERTEX_POINT('',#9911);
#4449=VERTEX_POINT('',#9912);
#4450=VERTEX_POINT('',#9914);
#4451=VERTEX_POINT('',#9916);
#4452=VERTEX_POINT('',#9920);
#4453=VERTEX_POINT('',#9921);
#4454=VERTEX_POINT('',#9923);
#4455=VERTEX_POINT('',#9925);
#4456=VERTEX_POINT('',#9927);
#4457=VERTEX_POINT('',#9929);
#4458=VERTEX_POINT('',#9931);
#4459=VERTEX_POINT('',#9933);
#4460=VERTEX_POINT('',#9935);
#4461=VERTEX_POINT('',#9937);
#4462=VERTEX_POINT('',#9939);
#4463=VERTEX_POINT('',#9941);
#4464=VERTEX_POINT('',#9943);
#4465=VERTEX_POINT('',#9945);
#4466=VERTEX_POINT('',#9947);
#4467=VERTEX_POINT('',#9949);
#4468=VERTEX_POINT('',#9953);
#4469=VERTEX_POINT('',#9955);
#4470=VERTEX_POINT('',#9958);
#4471=VERTEX_POINT('',#9960);
#4472=VERTEX_POINT('',#9963);
#4473=VERTEX_POINT('',#9965);
#4474=VERTEX_POINT('',#9969);
#4475=VERTEX_POINT('',#9970);
#4476=VERTEX_POINT('',#9972);
#4477=VERTEX_POINT('',#9977);
#4478=VERTEX_POINT('',#9980);
#4479=VERTEX_POINT('',#9982);
#4480=VERTEX_POINT('',#9984);
#4481=VERTEX_POINT('',#9988);
#4482=VERTEX_POINT('',#9993);
#4483=VERTEX_POINT('',#9997);
#4484=VERTEX_POINT('',#10004);
#4485=VERTEX_POINT('',#10011);
#4486=VERTEX_POINT('',#10015);
#4487=VERTEX_POINT('',#10022);
#4488=VERTEX_POINT('',#10029);
#4489=VERTEX_POINT('',#10033);
#4490=VERTEX_POINT('',#10040);
#4491=VERTEX_POINT('',#10042);
#4492=VERTEX_POINT('',#10046);
#4493=VERTEX_POINT('',#10050);
#4494=VERTEX_POINT('',#10054);
#4495=VERTEX_POINT('',#10058);
#4496=VERTEX_POINT('',#10062);
#4497=VERTEX_POINT('',#10066);
#4498=VERTEX_POINT('',#10070);
#4499=VERTEX_POINT('',#10074);
#4500=VERTEX_POINT('',#10078);
#4501=VERTEX_POINT('',#10085);
#4502=VERTEX_POINT('',#10086);
#4503=VERTEX_POINT('',#10088);
#4504=VERTEX_POINT('',#10090);
#4505=VERTEX_POINT('',#10094);
#4506=VERTEX_POINT('',#10096);
#4507=VERTEX_POINT('',#10109);
#4508=VERTEX_POINT('',#10111);
#4509=VERTEX_POINT('',#10117);
#4510=VERTEX_POINT('',#10119);
#4511=VERTEX_POINT('',#10132);
#4512=VERTEX_POINT('',#10134);
#4513=VERTEX_POINT('',#10147);
#4514=VERTEX_POINT('',#10151);
#4515=VERTEX_POINT('',#10162);
#4516=VERTEX_POINT('',#10168);
#4517=VERTEX_POINT('',#10179);
#4518=VERTEX_POINT('',#10185);
#4519=VERTEX_POINT('',#10196);
#4520=VERTEX_POINT('',#10209);
#4521=VERTEX_POINT('',#10222);
#4522=VERTEX_POINT('',#10235);
#4523=VERTEX_POINT('',#10241);
#4524=VERTEX_POINT('',#10252);
#4525=VERTEX_POINT('',#10265);
#4526=VERTEX_POINT('',#10278);
#4527=VERTEX_POINT('',#10284);
#4528=VERTEX_POINT('',#10288);
#4529=VERTEX_POINT('',#10292);
#4530=VERTEX_POINT('',#10296);
#4531=VERTEX_POINT('',#10327);
#4532=VERTEX_POINT('',#10329);
#4533=VERTEX_POINT('',#10333);
#4534=VERTEX_POINT('',#10337);
#4535=VERTEX_POINT('',#10341);
#4536=VERTEX_POINT('',#10345);
#4537=VERTEX_POINT('',#10349);
#4538=VERTEX_POINT('',#10353);
#4539=VERTEX_POINT('',#10367);
#4540=VERTEX_POINT('',#10371);
#4541=VERTEX_POINT('',#10382);
#4542=VERTEX_POINT('',#10395);
#4543=VERTEX_POINT('',#10408);
#4544=VERTEX_POINT('',#10421);
#4545=VERTEX_POINT('',#10427);
#4546=VERTEX_POINT('',#10438);
#4547=VERTEX_POINT('',#10451);
#4548=VERTEX_POINT('',#10464);
#4549=VERTEX_POINT('',#10477);
#4550=VERTEX_POINT('',#10490);
#4551=VERTEX_POINT('',#10503);
#4552=VERTEX_POINT('',#10516);
#4553=VERTEX_POINT('',#10522);
#4554=VERTEX_POINT('',#10526);
#4555=VERTEX_POINT('',#10530);
#4556=VERTEX_POINT('',#10541);
#4557=VERTEX_POINT('',#10554);
#4558=VERTEX_POINT('',#10567);
#4559=VERTEX_POINT('',#10580);
#4560=VERTEX_POINT('',#10593);
#4561=VERTEX_POINT('',#10606);
#4562=VERTEX_POINT('',#10619);
#4563=VERTEX_POINT('',#10625);
#4564=VERTEX_POINT('',#10636);
#4565=VERTEX_POINT('',#10649);
#4566=VERTEX_POINT('',#10662);
#4567=VERTEX_POINT('',#10675);
#4568=VERTEX_POINT('',#10688);
#4569=VERTEX_POINT('',#10701);
#4570=VERTEX_POINT('',#10714);
#4571=VERTEX_POINT('',#10720);
#4572=VERTEX_POINT('',#10724);
#4573=VERTEX_POINT('',#10740);
#4574=VERTEX_POINT('',#10742);
#4575=VERTEX_POINT('',#10746);
#4576=VERTEX_POINT('',#10750);
#4577=VERTEX_POINT('',#10757);
#4578=VERTEX_POINT('',#10758);
#4579=VERTEX_POINT('',#10760);
#4580=VERTEX_POINT('',#10762);
#4581=VERTEX_POINT('',#10775);
#4582=VERTEX_POINT('',#10777);
#4583=VERTEX_POINT('',#10792);
#4584=VERTEX_POINT('',#10794);
#4585=VERTEX_POINT('',#10809);
#4586=VERTEX_POINT('',#10811);
#4587=VERTEX_POINT('',#10826);
#4588=VERTEX_POINT('',#10828);
#4589=VERTEX_POINT('',#10834);
#4590=VERTEX_POINT('',#10836);
#4591=VERTEX_POINT('',#10849);
#4592=VERTEX_POINT('',#10851);
#4593=VERTEX_POINT('',#10866);
#4594=VERTEX_POINT('',#10868);
#4595=VERTEX_POINT('',#10883);
#4596=VERTEX_POINT('',#10885);
#4597=VERTEX_POINT('',#10898);
#4598=VERTEX_POINT('',#10902);
#4599=VERTEX_POINT('',#10906);
#4600=VERTEX_POINT('',#10917);
#4601=VERTEX_POINT('',#10930);
#4602=VERTEX_POINT('',#10943);
#4603=VERTEX_POINT('',#10956);
#4604=VERTEX_POINT('',#10969);
#4605=VERTEX_POINT('',#10975);
#4606=VERTEX_POINT('',#10979);
#4607=VERTEX_POINT('',#10983);
#4608=VERTEX_POINT('',#10987);
#4609=VERTEX_POINT('',#10991);
#4610=VERTEX_POINT('',#11002);
#4611=VERTEX_POINT('',#11015);
#4612=VERTEX_POINT('',#11021);
#4613=VERTEX_POINT('',#11059);
#4614=VERTEX_POINT('',#11063);
#4615=VERTEX_POINT('',#11074);
#4616=VERTEX_POINT('',#11087);
#4617=VERTEX_POINT('',#11100);
#4618=VERTEX_POINT('',#11113);
#4619=VERTEX_POINT('',#11119);
#4620=VERTEX_POINT('',#11130);
#4621=VERTEX_POINT('',#11143);
#4622=VERTEX_POINT('',#11156);
#4623=VERTEX_POINT('',#11169);
#4624=VERTEX_POINT('',#11182);
#4625=VERTEX_POINT('',#11195);
#4626=VERTEX_POINT('',#11208);
#4627=VERTEX_POINT('',#11214);
#4628=VERTEX_POINT('',#11218);
#4629=VERTEX_POINT('',#11222);
#4630=VERTEX_POINT('',#11233);
#4631=VERTEX_POINT('',#11246);
#4632=VERTEX_POINT('',#11259);
#4633=VERTEX_POINT('',#11272);
#4634=VERTEX_POINT('',#11278);
#4635=VERTEX_POINT('',#11289);
#4636=VERTEX_POINT('',#11295);
#4637=VERTEX_POINT('',#11306);
#4638=VERTEX_POINT('',#11319);
#4639=VERTEX_POINT('',#11332);
#4640=VERTEX_POINT('',#11345);
#4641=VERTEX_POINT('',#11358);
#4642=VERTEX_POINT('',#11371);
#4643=VERTEX_POINT('',#11384);
#4644=VERTEX_POINT('',#11390);
#4645=VERTEX_POINT('',#11394);
#4646=VERTEX_POINT('',#11398);
#4647=VERTEX_POINT('',#11421);
#4648=VERTEX_POINT('',#11425);
#4649=VERTEX_POINT('',#11429);
#4650=VERTEX_POINT('',#11440);
#4651=VERTEX_POINT('',#11446);
#4652=VERTEX_POINT('',#11450);
#4653=VERTEX_POINT('',#11454);
#4654=VERTEX_POINT('',#11458);
#4655=VERTEX_POINT('',#11462);
#4656=VERTEX_POINT('',#11466);
#4657=VERTEX_POINT('',#11477);
#4658=VERTEX_POINT('',#11490);
#4659=VERTEX_POINT('',#11503);
#4660=VERTEX_POINT('',#11516);
#4661=VERTEX_POINT('',#11522);
#4662=VERTEX_POINT('',#11526);
#4663=VERTEX_POINT('',#11530);
#4664=VERTEX_POINT('',#11534);
#4665=VERTEX_POINT('',#11538);
#4666=VERTEX_POINT('',#11554);
#4667=VERTEX_POINT('',#11555);
#4668=VERTEX_POINT('',#11557);
#4669=VERTEX_POINT('',#11559);
#4670=VERTEX_POINT('',#11572);
#4671=VERTEX_POINT('',#11574);
#4672=VERTEX_POINT('',#11589);
#4673=VERTEX_POINT('',#11591);
#4674=VERTEX_POINT('',#11597);
#4675=VERTEX_POINT('',#11599);
#4676=VERTEX_POINT('',#11603);
#4677=VERTEX_POINT('',#11605);
#4678=VERTEX_POINT('',#11609);
#4679=VERTEX_POINT('',#11611);
#4680=VERTEX_POINT('',#11624);
#4681=VERTEX_POINT('',#11626);
#4682=VERTEX_POINT('',#11639);
#4683=VERTEX_POINT('',#11643);
#4684=VERTEX_POINT('',#11647);
#4685=VERTEX_POINT('',#11651);
#4686=VERTEX_POINT('',#11655);
#4687=VERTEX_POINT('',#11659);
#4688=VERTEX_POINT('',#11663);
#4689=VERTEX_POINT('',#11667);
#4690=VERTEX_POINT('',#11671);
#4691=VERTEX_POINT('',#11675);
#4692=VERTEX_POINT('',#11686);
#4693=VERTEX_POINT('',#11699);
#4694=VERTEX_POINT('',#11705);
#4695=VERTEX_POINT('',#11743);
#4696=VERTEX_POINT('',#11747);
#4697=VERTEX_POINT('',#11758);
#4698=VERTEX_POINT('',#11771);
#4699=VERTEX_POINT('',#11784);
#4700=VERTEX_POINT('',#11797);
#4701=VERTEX_POINT('',#11810);
#4702=VERTEX_POINT('',#11823);
#4703=VERTEX_POINT('',#11832);
#4704=VERTEX_POINT('',#11834);
#4705=VERTEX_POINT('',#11838);
#4706=VERTEX_POINT('',#11842);
#4707=VERTEX_POINT('',#11849);
#4708=VERTEX_POINT('',#11850);
#4709=VERTEX_POINT('',#11852);
#4710=VERTEX_POINT('',#11854);
#4711=VERTEX_POINT('',#11867);
#4712=VERTEX_POINT('',#11869);
#4713=VERTEX_POINT('',#11884);
#4714=VERTEX_POINT('',#11886);
#4715=VERTEX_POINT('',#11901);
#4716=VERTEX_POINT('',#11903);
#4717=VERTEX_POINT('',#11918);
#4718=VERTEX_POINT('',#11920);
#4719=VERTEX_POINT('',#11926);
#4720=VERTEX_POINT('',#11928);
#4721=VERTEX_POINT('',#11941);
#4722=VERTEX_POINT('',#11943);
#4723=VERTEX_POINT('',#11958);
#4724=VERTEX_POINT('',#11960);
#4725=VERTEX_POINT('',#11975);
#4726=VERTEX_POINT('',#11977);
#4727=VERTEX_POINT('',#11990);
#4728=VERTEX_POINT('',#11994);
#4729=VERTEX_POINT('',#11998);
#4730=VERTEX_POINT('',#12009);
#4731=VERTEX_POINT('',#12022);
#4732=VERTEX_POINT('',#12035);
#4733=VERTEX_POINT('',#12048);
#4734=VERTEX_POINT('',#12054);
#4735=VERTEX_POINT('',#12058);
#4736=VERTEX_POINT('',#12062);
#4737=VERTEX_POINT('',#12066);
#4738=VERTEX_POINT('',#12070);
#4739=VERTEX_POINT('',#12074);
#4740=VERTEX_POINT('',#12085);
#4741=VERTEX_POINT('',#12098);
#4742=VERTEX_POINT('',#12104);
#4743=VERTEX_POINT('',#12142);
#4744=VERTEX_POINT('',#12146);
#4745=VERTEX_POINT('',#12157);
#4746=VERTEX_POINT('',#12170);
#4747=VERTEX_POINT('',#12183);
#4748=VERTEX_POINT('',#12196);
#4749=VERTEX_POINT('',#12209);
#4750=VERTEX_POINT('',#12222);
#4751=VERTEX_POINT('',#12231);
#4752=VERTEX_POINT('',#12233);
#4753=VERTEX_POINT('',#12237);
#4754=VERTEX_POINT('',#12241);
#4755=VERTEX_POINT('',#12248);
#4756=VERTEX_POINT('',#12250);
#4757=VERTEX_POINT('',#12254);
#4758=VERTEX_POINT('',#12258);
#4759=VERTEX_POINT('',#12262);
#4760=VERTEX_POINT('',#12266);
#4761=VERTEX_POINT('',#12270);
#4762=VERTEX_POINT('',#12274);
#4763=VERTEX_POINT('',#12278);
#4764=VERTEX_POINT('',#12282);
#4765=VERTEX_POINT('',#12286);
#4766=VERTEX_POINT('',#12290);
#4767=VERTEX_POINT('',#12294);
#4768=VERTEX_POINT('',#12298);
#4769=VERTEX_POINT('',#12309);
#4770=VERTEX_POINT('',#12315);
#4771=VERTEX_POINT('',#12319);
#4772=VERTEX_POINT('',#12323);
#4773=VERTEX_POINT('',#12334);
#4774=VERTEX_POINT('',#12359);
#4775=VERTEX_POINT('',#12363);
#4776=VERTEX_POINT('',#12367);
#4777=VERTEX_POINT('',#12371);
#4778=VERTEX_POINT('',#12375);
#4779=VERTEX_POINT('',#12379);
#4780=VERTEX_POINT('',#12383);
#4781=VERTEX_POINT('',#12387);
#4782=VERTEX_POINT('',#12391);
#4783=VERTEX_POINT('',#12395);
#4784=VERTEX_POINT('',#12406);
#4785=VERTEX_POINT('',#12419);
#4786=VERTEX_POINT('',#12432);
#4787=VERTEX_POINT('',#12445);
#4788=VERTEX_POINT('',#12451);
#4789=VERTEX_POINT('',#12455);
#4790=VERTEX_POINT('',#12459);
#4791=VERTEX_POINT('',#12463);
#4792=VERTEX_POINT('',#12467);
#4793=B_SPLINE_CURVE_WITH_KNOTS('',2,(#9206,#9207,#9208),.UNSPECIFIED.,
 .F.,.F.,(3,3),(0.,1.),.PIECEWISE_BEZIER_KNOTS.);
#4794=B_SPLINE_CURVE_WITH_KNOTS('',2,(#9211,#9212,#9213),.UNSPECIFIED.,
 .F.,.F.,(3,3),(0.,1.),.PIECEWISE_BEZIER_KNOTS.);
#4795=B_SPLINE_CURVE_WITH_KNOTS('',2,(#9225,#9226,#9227),.UNSPECIFIED.,
 .F.,.F.,(3,3),(0.,1.),.PIECEWISE_BEZIER_KNOTS.);
#4796=B_SPLINE_CURVE_WITH_KNOTS('',2,(#9229,#9230,#9231),.UNSPECIFIED.,
 .F.,.F.,(3,3),(0.,1.),.PIECEWISE_BEZIER_KNOTS.);
#4797=B_SPLINE_CURVE_WITH_KNOTS('',2,(#9233,#9234,#9235),.UNSPECIFIED.,
 .F.,.F.,(3,3),(0.,1.),.PIECEWISE_BEZIER_KNOTS.);
#4798=B_SPLINE_CURVE_WITH_KNOTS('',2,(#9237,#9238,#9239),.UNSPECIFIED.,
 .F.,.F.,(3,3),(0.,1.),.PIECEWISE_BEZIER_KNOTS.);
#4799=B_SPLINE_CURVE_WITH_KNOTS('',2,(#9259,#9260,#9261),.UNSPECIFIED.,
 .F.,.F.,(3,3),(0.,1.),.PIECEWISE_BEZIER_KNOTS.);
#4800=B_SPLINE_CURVE_WITH_KNOTS('',2,(#9263,#9264,#9265),.UNSPECIFIED.,
 .F.,.F.,(3,3),(0.,1.),.PIECEWISE_BEZIER_KNOTS.);
#4801=B_SPLINE_CURVE_WITH_KNOTS('',2,(#9273,#9274,#9275),.UNSPECIFIED.,
 .F.,.F.,(3,3),(0.,1.),.PIECEWISE_BEZIER_KNOTS.);
#4802=B_SPLINE_CURVE_WITH_KNOTS('',2,(#9308,#9309,#9310),.UNSPECIFIED.,
 .F.,.F.,(3,3),(0.,1.),.PIECEWISE_BEZIER_KNOTS.);
#4803=B_SPLINE_CURVE_WITH_KNOTS('',2,(#9315,#9316,#9317),.UNSPECIFIED.,
 .F.,.F.,(3,3),(0.,1.),.PIECEWISE_BEZIER_KNOTS.);
#4804=B_SPLINE_CURVE_WITH_KNOTS('',2,(#9319,#9320,#9321),.UNSPECIFIED.,
 .F.,.F.,(3,3),(0.,1.),.PIECEWISE_BEZIER_KNOTS.);
#4805=B_SPLINE_CURVE_WITH_KNOTS('',2,(#9323,#9324,#9325),.UNSPECIFIED.,
 .F.,.F.,(3,3),(0.,1.),.PIECEWISE_BEZIER_KNOTS.);
#4806=B_SPLINE_CURVE_WITH_KNOTS('',2,(#9327,#9328,#9329),.UNSPECIFIED.,
 .F.,.F.,(3,3),(0.,1.),.PIECEWISE_BEZIER_KNOTS.);
#4807=B_SPLINE_CURVE_WITH_KNOTS('',2,(#9331,#9332,#9333),.UNSPECIFIED.,
 .F.,.F.,(3,3),(0.,1.),.PIECEWISE_BEZIER_KNOTS.);
#4808=B_SPLINE_CURVE_WITH_KNOTS('',2,(#9335,#9336,#9337),.UNSPECIFIED.,
 .F.,.F.,(3,3),(0.,1.),.PIECEWISE_BEZIER_KNOTS.);
#4809=B_SPLINE_CURVE_WITH_KNOTS('',2,(#9338,#9339,#9340),.UNSPECIFIED.,
 .F.,.F.,(3,3),(0.,1.),.PIECEWISE_BEZIER_KNOTS.);
#4810=B_SPLINE_CURVE_WITH_KNOTS('',2,(#9343,#9344,#9345),.UNSPECIFIED.,
 .F.,.F.,(3,3),(0.,1.),.PIECEWISE_BEZIER_KNOTS.);
#4811=B_SPLINE_CURVE_WITH_KNOTS('',2,(#9349,#9350,#9351),.UNSPECIFIED.,
 .F.,.F.,(3,3),(0.,1.),.PIECEWISE_BEZIER_KNOTS.);
#4812=B_SPLINE_CURVE_WITH_KNOTS('',2,(#9353,#9354,#9355),.UNSPECIFIED.,
 .F.,.F.,(3,3),(0.,1.),.PIECEWISE_BEZIER_KNOTS.);
#4813=B_SPLINE_CURVE_WITH_KNOTS('',2,(#9369,#9370,#9371),.UNSPECIFIED.,
 .F.,.F.,(3,3),(0.,1.),.PIECEWISE_BEZIER_KNOTS.);
#4814=B_SPLINE_CURVE_WITH_KNOTS('',2,(#9373,#9374,#9375),.UNSPECIFIED.,
 .F.,.F.,(3,3),(0.,1.),.PIECEWISE_BEZIER_KNOTS.);
#4815=B_SPLINE_CURVE_WITH_KNOTS('',2,(#9377,#9378,#9379),.UNSPECIFIED.,
 .F.,.F.,(3,3),(0.,1.),.PIECEWISE_BEZIER_KNOTS.);
#4816=B_SPLINE_CURVE_WITH_KNOTS('',2,(#9381,#9382,#9383),.UNSPECIFIED.,
 .F.,.F.,(3,3),(0.,1.),.PIECEWISE_BEZIER_KNOTS.);
#4817=B_SPLINE_CURVE_WITH_KNOTS('',2,(#9394,#9395,#9396),.UNSPECIFIED.,
 .F.,.F.,(3,3),(0.,1.),.PIECEWISE_BEZIER_KNOTS.);
#4818=B_SPLINE_CURVE_WITH_KNOTS('',2,(#9401,#9402,#9403),.UNSPECIFIED.,
 .F.,.F.,(3,3),(0.,1.),.PIECEWISE_BEZIER_KNOTS.);
#4819=B_SPLINE_CURVE_WITH_KNOTS('',2,(#9405,#9406,#9407),.UNSPECIFIED.,
 .F.,.F.,(3,3),(0.,1.),.PIECEWISE_BEZIER_KNOTS.);
#4820=B_SPLINE_CURVE_WITH_KNOTS('',2,(#9409,#9410,#9411),.UNSPECIFIED.,
 .F.,.F.,(3,3),(0.,1.),.PIECEWISE_BEZIER_KNOTS.);
#4821=B_SPLINE_CURVE_WITH_KNOTS('',2,(#9413,#9414,#9415),.UNSPECIFIED.,
 .F.,.F.,(3,3),(0.,1.),.PIECEWISE_BEZIER_KNOTS.);
#4822=B_SPLINE_CURVE_WITH_KNOTS('',2,(#9417,#9418,#9419),.UNSPECIFIED.,
 .F.,.F.,(3,3),(0.,1.),.PIECEWISE_BEZIER_KNOTS.);
#4823=B_SPLINE_CURVE_WITH_KNOTS('',2,(#9421,#9422,#9423),.UNSPECIFIED.,
 .F.,.F.,(3,3),(0.,1.),.PIECEWISE_BEZIER_KNOTS.);
#4824=B_SPLINE_CURVE_WITH_KNOTS('',2,(#9435,#9436,#9437),.UNSPECIFIED.,
 .F.,.F.,(3,3),(0.,1.),.PIECEWISE_BEZIER_KNOTS.);
#4825=B_SPLINE_CURVE_WITH_KNOTS('',2,(#9439,#9440,#9441),.UNSPECIFIED.,
 .F.,.F.,(3,3),(0.,1.),.PIECEWISE_BEZIER_KNOTS.);
#4826=B_SPLINE_CURVE_WITH_KNOTS('',2,(#9445,#9446,#9447),.UNSPECIFIED.,
 .F.,.F.,(3,3),(0.,1.),.PIECEWISE_BEZIER_KNOTS.);
#4827=B_SPLINE_CURVE_WITH_KNOTS('',2,(#9449,#9450,#9451),.UNSPECIFIED.,
 .F.,.F.,(3,3),(0.,1.),.PIECEWISE_BEZIER_KNOTS.);
#4828=B_SPLINE_CURVE_WITH_KNOTS('',2,(#9470,#9471,#9472),.UNSPECIFIED.,
 .F.,.F.,(3,3),(0.,1.),.PIECEWISE_BEZIER_KNOTS.);
#4829=B_SPLINE_CURVE_WITH_KNOTS('',2,(#9474,#9475,#9476),.UNSPECIFIED.,
 .F.,.F.,(3,3),(0.,1.),.PIECEWISE_BEZIER_KNOTS.);
#4830=B_SPLINE_CURVE_WITH_KNOTS('',2,(#9488,#9489,#9490),.UNSPECIFIED.,
 .F.,.F.,(3,3),(0.,1.),.PIECEWISE_BEZIER_KNOTS.);
#4831=B_SPLINE_CURVE_WITH_KNOTS('',2,(#9492,#9493,#9494),.UNSPECIFIED.,
 .F.,.F.,(3,3),(0.,1.),.PIECEWISE_BEZIER_KNOTS.);
#4832=B_SPLINE_CURVE_WITH_KNOTS('',2,(#9496,#9497,#9498),.UNSPECIFIED.,
 .F.,.F.,(3,3),(0.,1.),.PIECEWISE_BEZIER_KNOTS.);
#4833=B_SPLINE_CURVE_WITH_KNOTS('',2,(#9500,#9501,#9502),.UNSPECIFIED.,
 .F.,.F.,(3,3),(0.,1.),.PIECEWISE_BEZIER_KNOTS.);
#4834=B_SPLINE_CURVE_WITH_KNOTS('',2,(#9516,#9517,#9518),.UNSPECIFIED.,
 .F.,.F.,(3,3),(0.,1.),.PIECEWISE_BEZIER_KNOTS.);
#4835=B_SPLINE_CURVE_WITH_KNOTS('',2,(#9519,#9520,#9521),.UNSPECIFIED.,
 .F.,.F.,(3,3),(0.,1.),.PIECEWISE_BEZIER_KNOTS.);
#4836=B_SPLINE_CURVE_WITH_KNOTS('',2,(#9524,#9525,#9526),.UNSPECIFIED.,
 .F.,.F.,(3,3),(0.,1.),.PIECEWISE_BEZIER_KNOTS.);
#4837=B_SPLINE_CURVE_WITH_KNOTS('',2,(#9528,#9529,#9530),.UNSPECIFIED.,
 .F.,.F.,(3,3),(0.,1.),.PIECEWISE_BEZIER_KNOTS.);
#4838=B_SPLINE_CURVE_WITH_KNOTS('',2,(#9538,#9539,#9540),.UNSPECIFIED.,
 .F.,.F.,(3,3),(0.,1.),.PIECEWISE_BEZIER_KNOTS.);
#4839=B_SPLINE_CURVE_WITH_KNOTS('',2,(#9542,#9543,#9544),.UNSPECIFIED.,
 .F.,.F.,(3,3),(0.,1.),.PIECEWISE_BEZIER_KNOTS.);
#4840=B_SPLINE_CURVE_WITH_KNOTS('',2,(#9546,#9547,#9548),.UNSPECIFIED.,
 .F.,.F.,(3,3),(0.,1.),.PIECEWISE_BEZIER_KNOTS.);
#4841=B_SPLINE_CURVE_WITH_KNOTS('',2,(#9550,#9551,#9552),.UNSPECIFIED.,
 .F.,.F.,(3,3),(0.,1.),.PIECEWISE_BEZIER_KNOTS.);
#4842=B_SPLINE_CURVE_WITH_KNOTS('',2,(#9554,#9555,#9556),.UNSPECIFIED.,
 .F.,.F.,(3,3),(0.,1.),.PIECEWISE_BEZIER_KNOTS.);
#4843=B_SPLINE_CURVE_WITH_KNOTS('',2,(#9558,#9559,#9560),.UNSPECIFIED.,
 .F.,.F.,(3,3),(0.,1.),.PIECEWISE_BEZIER_KNOTS.);
#4844=B_SPLINE_CURVE_WITH_KNOTS('',2,(#9562,#9563,#9564),.UNSPECIFIED.,
 .F.,.F.,(3,3),(0.,1.),.PIECEWISE_BEZIER_KNOTS.);
#4845=B_SPLINE_CURVE_WITH_KNOTS('',2,(#9568,#9569,#9570),.UNSPECIFIED.,
 .F.,.F.,(3,3),(0.,1.),.PIECEWISE_BEZIER_KNOTS.);
#4846=B_SPLINE_CURVE_WITH_KNOTS('',2,(#9574,#9575,#9576),.UNSPECIFIED.,
 .F.,.F.,(3,3),(0.,1.),.PIECEWISE_BEZIER_KNOTS.);
#4847=B_SPLINE_CURVE_WITH_KNOTS('',2,(#9578,#9579,#9580),.UNSPECIFIED.,
 .F.,.F.,(3,3),(0.,1.),.PIECEWISE_BEZIER_KNOTS.);
#4848=B_SPLINE_CURVE_WITH_KNOTS('',2,(#9582,#9583,#9584),.UNSPECIFIED.,
 .F.,.F.,(3,3),(0.,1.),.PIECEWISE_BEZIER_KNOTS.);
#4849=B_SPLINE_CURVE_WITH_KNOTS('',2,(#9586,#9587,#9588),.UNSPECIFIED.,
 .F.,.F.,(3,3),(0.,1.),.PIECEWISE_BEZIER_KNOTS.);
#4850=B_SPLINE_CURVE_WITH_KNOTS('',2,(#9596,#9597,#9598),.UNSPECIFIED.,
 .F.,.F.,(3,3),(0.,1.),.PIECEWISE_BEZIER_KNOTS.);
#4851=B_SPLINE_CURVE_WITH_KNOTS('',2,(#9600,#9601,#9602),.UNSPECIFIED.,
 .F.,.F.,(3,3),(0.,1.),.PIECEWISE_BEZIER_KNOTS.);
#4852=B_SPLINE_CURVE_WITH_KNOTS('',2,(#9604,#9605,#9606),.UNSPECIFIED.,
 .F.,.F.,(3,3),(0.,1.),.PIECEWISE_BEZIER_KNOTS.);
#4853=B_SPLINE_CURVE_WITH_KNOTS('',2,(#9608,#9609,#9610),.UNSPECIFIED.,
 .F.,.F.,(3,3),(0.,1.),.PIECEWISE_BEZIER_KNOTS.);
#4854=B_SPLINE_CURVE_WITH_KNOTS('',2,(#9612,#9613,#9614),.UNSPECIFIED.,
 .F.,.F.,(3,3),(0.,1.),.PIECEWISE_BEZIER_KNOTS.);
#4855=B_SPLINE_CURVE_WITH_KNOTS('',2,(#9616,#9617,#9618),.UNSPECIFIED.,
 .F.,.F.,(3,3),(0.,1.),.PIECEWISE_BEZIER_KNOTS.);
#4856=B_SPLINE_CURVE_WITH_KNOTS('',2,(#9620,#9621,#9622),.UNSPECIFIED.,
 .F.,.F.,(3,3),(0.,1.),.PIECEWISE_BEZIER_KNOTS.);
#4857=B_SPLINE_CURVE_WITH_KNOTS('',2,(#9626,#9627,#9628),.UNSPECIFIED.,
 .F.,.F.,(3,3),(0.,1.),.PIECEWISE_BEZIER_KNOTS.);
#4858=B_SPLINE_CURVE_WITH_KNOTS('',2,(#9630,#9631,#9632),.UNSPECIFIED.,
 .F.,.F.,(3,3),(0.,1.),.PIECEWISE_BEZIER_KNOTS.);
#4859=B_SPLINE_CURVE_WITH_KNOTS('',2,(#9634,#9635,#9636),.UNSPECIFIED.,
 .F.,.F.,(3,3),(0.,1.),.PIECEWISE_BEZIER_KNOTS.);
#4860=B_SPLINE_CURVE_WITH_KNOTS('',2,(#9640,#9641,#9642),.UNSPECIFIED.,
 .F.,.F.,(3,3),(0.,1.),.PIECEWISE_BEZIER_KNOTS.);
#4861=B_SPLINE_CURVE_WITH_KNOTS('',2,(#9644,#9645,#9646),.UNSPECIFIED.,
 .F.,.F.,(3,3),(0.,1.),.PIECEWISE_BEZIER_KNOTS.);
#4862=B_SPLINE_CURVE_WITH_KNOTS('',2,(#9650,#9651,#9652),.UNSPECIFIED.,
 .F.,.F.,(3,3),(0.,1.),.PIECEWISE_BEZIER_KNOTS.);
#4863=B_SPLINE_CURVE_WITH_KNOTS('',2,(#9654,#9655,#9656),.UNSPECIFIED.,
 .F.,.F.,(3,3),(0.,1.),.PIECEWISE_BEZIER_KNOTS.);
#4864=B_SPLINE_CURVE_WITH_KNOTS('',2,(#9668,#9669,#9670),.UNSPECIFIED.,
 .F.,.F.,(3,3),(0.,1.),.PIECEWISE_BEZIER_KNOTS.);
#4865=B_SPLINE_CURVE_WITH_KNOTS('',2,(#9672,#9673,#9674),.UNSPECIFIED.,
 .F.,.F.,(3,3),(0.,1.),.PIECEWISE_BEZIER_KNOTS.);
#4866=B_SPLINE_CURVE_WITH_KNOTS('',2,(#9676,#9677,#9678),.UNSPECIFIED.,
 .F.,.F.,(3,3),(0.,1.),.PIECEWISE_BEZIER_KNOTS.);
#4867=B_SPLINE_CURVE_WITH_KNOTS('',2,(#9680,#9681,#9682),.UNSPECIFIED.,
 .F.,.F.,(3,3),(0.,1.),.PIECEWISE_BEZIER_KNOTS.);
#4868=B_SPLINE_CURVE_WITH_KNOTS('',2,(#9684,#9685,#9686),.UNSPECIFIED.,
 .F.,.F.,(3,3),(0.,1.),.PIECEWISE_BEZIER_KNOTS.);
#4869=B_SPLINE_CURVE_WITH_KNOTS('',2,(#9714,#9715,#9716),.UNSPECIFIED.,
 .F.,.F.,(3,3),(0.,1.),.PIECEWISE_BEZIER_KNOTS.);
#4870=B_SPLINE_CURVE_WITH_KNOTS('',2,(#9719,#9720,#9721),.UNSPECIFIED.,
 .F.,.F.,(3,3),(0.,1.),.PIECEWISE_BEZIER_KNOTS.);
#4871=B_SPLINE_CURVE_WITH_KNOTS('',2,(#9723,#9724,#9725),.UNSPECIFIED.,
 .F.,.F.,(3,3),(0.,1.),.PIECEWISE_BEZIER_KNOTS.);
#4872=B_SPLINE_CURVE_WITH_KNOTS('',2,(#9735,#9736,#9737),.UNSPECIFIED.,
 .F.,.F.,(3,3),(0.,1.),.PIECEWISE_BEZIER_KNOTS.);
#4873=B_SPLINE_CURVE_WITH_KNOTS('',2,(#9739,#9740,#9741),.UNSPECIFIED.,
 .F.,.F.,(3,3),(0.,1.),.PIECEWISE_BEZIER_KNOTS.);
#4874=B_SPLINE_CURVE_WITH_KNOTS('',2,(#9743,#9744,#9745),.UNSPECIFIED.,
 .F.,.F.,(3,3),(0.,1.),.PIECEWISE_BEZIER_KNOTS.);
#4875=B_SPLINE_CURVE_WITH_KNOTS('',2,(#9749,#9750,#9751),.UNSPECIFIED.,
 .F.,.F.,(3,3),(0.,1.),.PIECEWISE_BEZIER_KNOTS.);
#4876=B_SPLINE_CURVE_WITH_KNOTS('',2,(#9753,#9754,#9755),.UNSPECIFIED.,
 .F.,.F.,(3,3),(0.,1.),.PIECEWISE_BEZIER_KNOTS.);
#4877=B_SPLINE_CURVE_WITH_KNOTS('',2,(#9757,#9758,#9759),.UNSPECIFIED.,
 .F.,.F.,(3,3),(0.,1.),.PIECEWISE_BEZIER_KNOTS.);
#4878=B_SPLINE_CURVE_WITH_KNOTS('',2,(#9761,#9762,#9763),.UNSPECIFIED.,
 .F.,.F.,(3,3),(0.,1.),.PIECEWISE_BEZIER_KNOTS.);
#4879=B_SPLINE_CURVE_WITH_KNOTS('',2,(#9767,#9768,#9769),.UNSPECIFIED.,
 .F.,.F.,(3,3),(0.,1.),.PIECEWISE_BEZIER_KNOTS.);
#4880=B_SPLINE_CURVE_WITH_KNOTS('',2,(#9788,#9789,#9790),.UNSPECIFIED.,
 .F.,.F.,(3,3),(0.,1.),.PIECEWISE_BEZIER_KNOTS.);
#4881=B_SPLINE_CURVE_WITH_KNOTS('',2,(#9793,#9794,#9795),.UNSPECIFIED.,
 .F.,.F.,(3,3),(0.,1.),.PIECEWISE_BEZIER_KNOTS.);
#4882=B_SPLINE_CURVE_WITH_KNOTS('',2,(#9797,#9798,#9799),.UNSPECIFIED.,
 .F.,.F.,(3,3),(0.,1.),.PIECEWISE_BEZIER_KNOTS.);
#4883=B_SPLINE_CURVE_WITH_KNOTS('',2,(#9805,#9806,#9807),.UNSPECIFIED.,
 .F.,.F.,(3,3),(0.,1.),.PIECEWISE_BEZIER_KNOTS.);
#4884=B_SPLINE_CURVE_WITH_KNOTS('',2,(#9809,#9810,#9811),.UNSPECIFIED.,
 .F.,.F.,(3,3),(0.,1.),.PIECEWISE_BEZIER_KNOTS.);
#4885=B_SPLINE_CURVE_WITH_KNOTS('',2,(#9813,#9814,#9815),.UNSPECIFIED.,
 .F.,.F.,(3,3),(0.,1.),.PIECEWISE_BEZIER_KNOTS.);
#4886=B_SPLINE_CURVE_WITH_KNOTS('',2,(#9817,#9818,#9819),.UNSPECIFIED.,
 .F.,.F.,(3,3),(0.,1.),.PIECEWISE_BEZIER_KNOTS.);
#4887=B_SPLINE_CURVE_WITH_KNOTS('',2,(#9821,#9822,#9823),.UNSPECIFIED.,
 .F.,.F.,(3,3),(0.,1.),.PIECEWISE_BEZIER_KNOTS.);
#4888=B_SPLINE_CURVE_WITH_KNOTS('',2,(#9825,#9826,#9827),.UNSPECIFIED.,
 .F.,.F.,(3,3),(0.,1.),.PIECEWISE_BEZIER_KNOTS.);
#4889=B_SPLINE_CURVE_WITH_KNOTS('',2,(#9829,#9830,#9831),.UNSPECIFIED.,
 .F.,.F.,(3,3),(0.,1.),.PIECEWISE_BEZIER_KNOTS.);
#4890=B_SPLINE_CURVE_WITH_KNOTS('',2,(#9835,#9836,#9837),.UNSPECIFIED.,
 .F.,.F.,(3,3),(0.,1.),.PIECEWISE_BEZIER_KNOTS.);
#4891=B_SPLINE_CURVE_WITH_KNOTS('',2,(#9839,#9840,#9841),.UNSPECIFIED.,
 .F.,.F.,(3,3),(0.,1.),.PIECEWISE_BEZIER_KNOTS.);
#4892=B_SPLINE_CURVE_WITH_KNOTS('',2,(#9843,#9844,#9845),.UNSPECIFIED.,
 .F.,.F.,(3,3),(0.,1.),.PIECEWISE_BEZIER_KNOTS.);
#4893=B_SPLINE_CURVE_WITH_KNOTS('',2,(#9847,#9848,#9849),.UNSPECIFIED.,
 .F.,.F.,(3,3),(0.,1.),.PIECEWISE_BEZIER_KNOTS.);
#4894=B_SPLINE_CURVE_WITH_KNOTS('',2,(#9851,#9852,#9853),.UNSPECIFIED.,
 .F.,.F.,(3,3),(0.,1.),.PIECEWISE_BEZIER_KNOTS.);
#4895=B_SPLINE_CURVE_WITH_KNOTS('',2,(#9855,#9856,#9857),.UNSPECIFIED.,
 .F.,.F.,(3,3),(0.,1.),.PIECEWISE_BEZIER_KNOTS.);
#4896=B_SPLINE_CURVE_WITH_KNOTS('',2,(#9859,#9860,#9861),.UNSPECIFIED.,
 .F.,.F.,(3,3),(0.,1.),.PIECEWISE_BEZIER_KNOTS.);
#4897=B_SPLINE_CURVE_WITH_KNOTS('',2,(#9869,#9870,#9871),.UNSPECIFIED.,
 .F.,.F.,(3,3),(0.,1.),.PIECEWISE_BEZIER_KNOTS.);
#4898=B_SPLINE_CURVE_WITH_KNOTS('',2,(#9873,#9874,#9875),.UNSPECIFIED.,
 .F.,.F.,(3,3),(0.,1.),.PIECEWISE_BEZIER_KNOTS.);
#4899=B_SPLINE_CURVE_WITH_KNOTS('',2,(#9877,#9878,#9879),.UNSPECIFIED.,
 .F.,.F.,(3,3),(0.,1.),.PIECEWISE_BEZIER_KNOTS.);
#4900=B_SPLINE_CURVE_WITH_KNOTS('',2,(#9881,#9882,#9883),.UNSPECIFIED.,
 .F.,.F.,(3,3),(0.,1.),.PIECEWISE_BEZIER_KNOTS.);
#4901=B_SPLINE_CURVE_WITH_KNOTS('',2,(#9885,#9886,#9887),.UNSPECIFIED.,
 .F.,.F.,(3,3),(0.,1.),.PIECEWISE_BEZIER_KNOTS.);
#4902=B_SPLINE_CURVE_WITH_KNOTS('',2,(#9889,#9890,#9891),.UNSPECIFIED.,
 .F.,.F.,(3,3),(0.,1.),.PIECEWISE_BEZIER_KNOTS.);
#4903=B_SPLINE_CURVE_WITH_KNOTS('',2,(#9893,#9894,#9895),.UNSPECIFIED.,
 .F.,.F.,(3,3),(0.,1.),.PIECEWISE_BEZIER_KNOTS.);
#4904=B_SPLINE_CURVE_WITH_KNOTS('',2,(#9899,#9900,#9901),.UNSPECIFIED.,
 .F.,.F.,(3,3),(0.,1.),.PIECEWISE_BEZIER_KNOTS.);
#4905=B_SPLINE_CURVE_WITH_KNOTS('',2,(#9903,#9904,#9905),.UNSPECIFIED.,
 .F.,.F.,(3,3),(0.,1.),.PIECEWISE_BEZIER_KNOTS.);
#4906=B_SPLINE_CURVE_WITH_KNOTS('',2,(#9907,#9908,#9909),.UNSPECIFIED.,
 .F.,.F.,(3,3),(0.,1.),.PIECEWISE_BEZIER_KNOTS.);
#4907=B_SPLINE_CURVE_WITH_KNOTS('',2,(#10106,#10107,#10108),
 .UNSPECIFIED.,.F.,.F.,(3,3),(0.,1.),.PIECEWISE_BEZIER_KNOTS.);
#4908=B_SPLINE_CURVE_WITH_KNOTS('',2,(#10112,#10113,#10114),
 .UNSPECIFIED.,.F.,.F.,(3,3),(0.,1.),.PIECEWISE_BEZIER_KNOTS.);
#4909=B_SPLINE_CURVE_WITH_KNOTS('',2,(#10129,#10130,#10131),
 .UNSPECIFIED.,.F.,.F.,(3,3),(0.,1.),.PIECEWISE_BEZIER_KNOTS.);
#4910=B_SPLINE_CURVE_WITH_KNOTS('',2,(#10135,#10136,#10137),
 .UNSPECIFIED.,.F.,.F.,(3,3),(0.,1.),.PIECEWISE_BEZIER_KNOTS.);
#4911=B_SPLINE_CURVE_WITH_KNOTS('',2,(#10148,#10149,#10150),
 .UNSPECIFIED.,.F.,.F.,(3,3),(0.,1.),.PIECEWISE_BEZIER_KNOTS.);
#4912=B_SPLINE_CURVE_WITH_KNOTS('',2,(#10163,#10164,#10165),
 .UNSPECIFIED.,.F.,.F.,(3,3),(0.,1.),.PIECEWISE_BEZIER_KNOTS.);
#4913=B_SPLINE_CURVE_WITH_KNOTS('',2,(#10180,#10181,#10182),
 .UNSPECIFIED.,.F.,.F.,(3,3),(0.,1.),.PIECEWISE_BEZIER_KNOTS.);
#4914=B_SPLINE_CURVE_WITH_KNOTS('',2,(#10197,#10198,#10199),
 .UNSPECIFIED.,.F.,.F.,(3,3),(0.,1.),.PIECEWISE_BEZIER_KNOTS.);
#4915=B_SPLINE_CURVE_WITH_KNOTS('',2,(#10210,#10211,#10212),
 .UNSPECIFIED.,.F.,.F.,(3,3),(0.,1.),.PIECEWISE_BEZIER_KNOTS.);
#4916=B_SPLINE_CURVE_WITH_KNOTS('',2,(#10223,#10224,#10225),
 .UNSPECIFIED.,.F.,.F.,(3,3),(0.,1.),.PIECEWISE_BEZIER_KNOTS.);
#4917=B_SPLINE_CURVE_WITH_KNOTS('',2,(#10236,#10237,#10238),
 .UNSPECIFIED.,.F.,.F.,(3,3),(0.,1.),.PIECEWISE_BEZIER_KNOTS.);
#4918=B_SPLINE_CURVE_WITH_KNOTS('',2,(#10253,#10254,#10255),
 .UNSPECIFIED.,.F.,.F.,(3,3),(0.,1.),.PIECEWISE_BEZIER_KNOTS.);
#4919=B_SPLINE_CURVE_WITH_KNOTS('',2,(#10266,#10267,#10268),
 .UNSPECIFIED.,.F.,.F.,(3,3),(0.,1.),.PIECEWISE_BEZIER_KNOTS.);
#4920=B_SPLINE_CURVE_WITH_KNOTS('',2,(#10279,#10280,#10281),
 .UNSPECIFIED.,.F.,.F.,(3,3),(0.,1.),.PIECEWISE_BEZIER_KNOTS.);
#4921=B_SPLINE_CURVE_WITH_KNOTS('',2,(#10306,#10307,#10308),
 .UNSPECIFIED.,.F.,.F.,(3,3),(0.,1.),.PIECEWISE_BEZIER_KNOTS.);
#4922=B_SPLINE_CURVE_WITH_KNOTS('',2,(#10317,#10318,#10319),
 .UNSPECIFIED.,.F.,.F.,(3,3),(0.,1.),.PIECEWISE_BEZIER_KNOTS.);
#4923=B_SPLINE_CURVE_WITH_KNOTS('',2,(#10320,#10321,#10322),
 .UNSPECIFIED.,.F.,.F.,(3,3),(0.,1.),.PIECEWISE_BEZIER_KNOTS.);
#4924=B_SPLINE_CURVE_WITH_KNOTS('',2,(#10368,#10369,#10370),
 .UNSPECIFIED.,.F.,.F.,(3,3),(0.,1.),.PIECEWISE_BEZIER_KNOTS.);
#4925=B_SPLINE_CURVE_WITH_KNOTS('',2,(#10383,#10384,#10385),
 .UNSPECIFIED.,.F.,.F.,(3,3),(0.,1.),.PIECEWISE_BEZIER_KNOTS.);
#4926=B_SPLINE_CURVE_WITH_KNOTS('',2,(#10396,#10397,#10398),
 .UNSPECIFIED.,.F.,.F.,(3,3),(0.,1.),.PIECEWISE_BEZIER_KNOTS.);
#4927=B_SPLINE_CURVE_WITH_KNOTS('',2,(#10409,#10410,#10411),
 .UNSPECIFIED.,.F.,.F.,(3,3),(0.,1.),.PIECEWISE_BEZIER_KNOTS.);
#4928=B_SPLINE_CURVE_WITH_KNOTS('',2,(#10422,#10423,#10424),
 .UNSPECIFIED.,.F.,.F.,(3,3),(0.,1.),.PIECEWISE_BEZIER_KNOTS.);
#4929=B_SPLINE_CURVE_WITH_KNOTS('',2,(#10439,#10440,#10441),
 .UNSPECIFIED.,.F.,.F.,(3,3),(0.,1.),.PIECEWISE_BEZIER_KNOTS.);
#4930=B_SPLINE_CURVE_WITH_KNOTS('',2,(#10452,#10453,#10454),
 .UNSPECIFIED.,.F.,.F.,(3,3),(0.,1.),.PIECEWISE_BEZIER_KNOTS.);
#4931=B_SPLINE_CURVE_WITH_KNOTS('',2,(#10465,#10466,#10467),
 .UNSPECIFIED.,.F.,.F.,(3,3),(0.,1.),.PIECEWISE_BEZIER_KNOTS.);
#4932=B_SPLINE_CURVE_WITH_KNOTS('',2,(#10478,#10479,#10480),
 .UNSPECIFIED.,.F.,.F.,(3,3),(0.,1.),.PIECEWISE_BEZIER_KNOTS.);
#4933=B_SPLINE_CURVE_WITH_KNOTS('',2,(#10491,#10492,#10493),
 .UNSPECIFIED.,.F.,.F.,(3,3),(0.,1.),.PIECEWISE_BEZIER_KNOTS.);
#4934=B_SPLINE_CURVE_WITH_KNOTS('',2,(#10504,#10505,#10506),
 .UNSPECIFIED.,.F.,.F.,(3,3),(0.,1.),.PIECEWISE_BEZIER_KNOTS.);
#4935=B_SPLINE_CURVE_WITH_KNOTS('',2,(#10517,#10518,#10519),
 .UNSPECIFIED.,.F.,.F.,(3,3),(0.,1.),.PIECEWISE_BEZIER_KNOTS.);
#4936=B_SPLINE_CURVE_WITH_KNOTS('',2,(#10542,#10543,#10544),
 .UNSPECIFIED.,.F.,.F.,(3,3),(0.,1.),.PIECEWISE_BEZIER_KNOTS.);
#4937=B_SPLINE_CURVE_WITH_KNOTS('',2,(#10555,#10556,#10557),
 .UNSPECIFIED.,.F.,.F.,(3,3),(0.,1.),.PIECEWISE_BEZIER_KNOTS.);
#4938=B_SPLINE_CURVE_WITH_KNOTS('',2,(#10568,#10569,#10570),
 .UNSPECIFIED.,.F.,.F.,(3,3),(0.,1.),.PIECEWISE_BEZIER_KNOTS.);
#4939=B_SPLINE_CURVE_WITH_KNOTS('',2,(#10581,#10582,#10583),
 .UNSPECIFIED.,.F.,.F.,(3,3),(0.,1.),.PIECEWISE_BEZIER_KNOTS.);
#4940=B_SPLINE_CURVE_WITH_KNOTS('',2,(#10594,#10595,#10596),
 .UNSPECIFIED.,.F.,.F.,(3,3),(0.,1.),.PIECEWISE_BEZIER_KNOTS.);
#4941=B_SPLINE_CURVE_WITH_KNOTS('',2,(#10607,#10608,#10609),
 .UNSPECIFIED.,.F.,.F.,(3,3),(0.,1.),.PIECEWISE_BEZIER_KNOTS.);
#4942=B_SPLINE_CURVE_WITH_KNOTS('',2,(#10620,#10621,#10622),
 .UNSPECIFIED.,.F.,.F.,(3,3),(0.,1.),.PIECEWISE_BEZIER_KNOTS.);
#4943=B_SPLINE_CURVE_WITH_KNOTS('',2,(#10637,#10638,#10639),
 .UNSPECIFIED.,.F.,.F.,(3,3),(0.,1.),.PIECEWISE_BEZIER_KNOTS.);
#4944=B_SPLINE_CURVE_WITH_KNOTS('',2,(#10650,#10651,#10652),
 .UNSPECIFIED.,.F.,.F.,(3,3),(0.,1.),.PIECEWISE_BEZIER_KNOTS.);
#4945=B_SPLINE_CURVE_WITH_KNOTS('',2,(#10663,#10664,#10665),
 .UNSPECIFIED.,.F.,.F.,(3,3),(0.,1.),.PIECEWISE_BEZIER_KNOTS.);
#4946=B_SPLINE_CURVE_WITH_KNOTS('',2,(#10676,#10677,#10678),
 .UNSPECIFIED.,.F.,.F.,(3,3),(0.,1.),.PIECEWISE_BEZIER_KNOTS.);
#4947=B_SPLINE_CURVE_WITH_KNOTS('',2,(#10689,#10690,#10691),
 .UNSPECIFIED.,.F.,.F.,(3,3),(0.,1.),.PIECEWISE_BEZIER_KNOTS.);
#4948=B_SPLINE_CURVE_WITH_KNOTS('',2,(#10702,#10703,#10704),
 .UNSPECIFIED.,.F.,.F.,(3,3),(0.,1.),.PIECEWISE_BEZIER_KNOTS.);
#4949=B_SPLINE_CURVE_WITH_KNOTS('',2,(#10715,#10716,#10717),
 .UNSPECIFIED.,.F.,.F.,(3,3),(0.,1.),.PIECEWISE_BEZIER_KNOTS.);
#4950=B_SPLINE_CURVE_WITH_KNOTS('',2,(#10734,#10735,#10736),
 .UNSPECIFIED.,.F.,.F.,(3,3),(0.,1.),.PIECEWISE_BEZIER_KNOTS.);
#4951=B_SPLINE_CURVE_WITH_KNOTS('',2,(#10772,#10773,#10774),
 .UNSPECIFIED.,.F.,.F.,(3,3),(0.,1.),.PIECEWISE_BEZIER_KNOTS.);
#4952=B_SPLINE_CURVE_WITH_KNOTS('',2,(#10778,#10779,#10780),
 .UNSPECIFIED.,.F.,.F.,(3,3),(0.,1.),.PIECEWISE_BEZIER_KNOTS.);
#4953=B_SPLINE_CURVE_WITH_KNOTS('',2,(#10789,#10790,#10791),
 .UNSPECIFIED.,.F.,.F.,(3,3),(0.,1.),.PIECEWISE_BEZIER_KNOTS.);
#4954=B_SPLINE_CURVE_WITH_KNOTS('',2,(#10795,#10796,#10797),
 .UNSPECIFIED.,.F.,.F.,(3,3),(0.,1.),.PIECEWISE_BEZIER_KNOTS.);
#4955=B_SPLINE_CURVE_WITH_KNOTS('',2,(#10806,#10807,#10808),
 .UNSPECIFIED.,.F.,.F.,(3,3),(0.,1.),.PIECEWISE_BEZIER_KNOTS.);
#4956=B_SPLINE_CURVE_WITH_KNOTS('',2,(#10812,#10813,#10814),
 .UNSPECIFIED.,.F.,.F.,(3,3),(0.,1.),.PIECEWISE_BEZIER_KNOTS.);
#4957=B_SPLINE_CURVE_WITH_KNOTS('',2,(#10823,#10824,#10825),
 .UNSPECIFIED.,.F.,.F.,(3,3),(0.,1.),.PIECEWISE_BEZIER_KNOTS.);
#4958=B_SPLINE_CURVE_WITH_KNOTS('',2,(#10829,#10830,#10831),
 .UNSPECIFIED.,.F.,.F.,(3,3),(0.,1.),.PIECEWISE_BEZIER_KNOTS.);
#4959=B_SPLINE_CURVE_WITH_KNOTS('',2,(#10846,#10847,#10848),
 .UNSPECIFIED.,.F.,.F.,(3,3),(0.,1.),.PIECEWISE_BEZIER_KNOTS.);
#4960=B_SPLINE_CURVE_WITH_KNOTS('',2,(#10852,#10853,#10854),
 .UNSPECIFIED.,.F.,.F.,(3,3),(0.,1.),.PIECEWISE_BEZIER_KNOTS.);
#4961=B_SPLINE_CURVE_WITH_KNOTS('',2,(#10863,#10864,#10865),
 .UNSPECIFIED.,.F.,.F.,(3,3),(0.,1.),.PIECEWISE_BEZIER_KNOTS.);
#4962=B_SPLINE_CURVE_WITH_KNOTS('',2,(#10869,#10870,#10871),
 .UNSPECIFIED.,.F.,.F.,(3,3),(0.,1.),.PIECEWISE_BEZIER_KNOTS.);
#4963=B_SPLINE_CURVE_WITH_KNOTS('',2,(#10880,#10881,#10882),
 .UNSPECIFIED.,.F.,.F.,(3,3),(0.,1.),.PIECEWISE_BEZIER_KNOTS.);
#4964=B_SPLINE_CURVE_WITH_KNOTS('',2,(#10886,#10887,#10888),
 .UNSPECIFIED.,.F.,.F.,(3,3),(0.,1.),.PIECEWISE_BEZIER_KNOTS.);
#4965=B_SPLINE_CURVE_WITH_KNOTS('',2,(#10899,#10900,#10901),
 .UNSPECIFIED.,.F.,.F.,(3,3),(0.,1.),.PIECEWISE_BEZIER_KNOTS.);
#4966=B_SPLINE_CURVE_WITH_KNOTS('',2,(#10918,#10919,#10920),
 .UNSPECIFIED.,.F.,.F.,(3,3),(0.,1.),.PIECEWISE_BEZIER_KNOTS.);
#4967=B_SPLINE_CURVE_WITH_KNOTS('',2,(#10931,#10932,#10933),
 .UNSPECIFIED.,.F.,.F.,(3,3),(0.,1.),.PIECEWISE_BEZIER_KNOTS.);
#4968=B_SPLINE_CURVE_WITH_KNOTS('',2,(#10944,#10945,#10946),
 .UNSPECIFIED.,.F.,.F.,(3,3),(0.,1.),.PIECEWISE_BEZIER_KNOTS.);
#4969=B_SPLINE_CURVE_WITH_KNOTS('',2,(#10957,#10958,#10959),
 .UNSPECIFIED.,.F.,.F.,(3,3),(0.,1.),.PIECEWISE_BEZIER_KNOTS.);
#4970=B_SPLINE_CURVE_WITH_KNOTS('',2,(#10970,#10971,#10972),
 .UNSPECIFIED.,.F.,.F.,(3,3),(0.,1.),.PIECEWISE_BEZIER_KNOTS.);
#4971=B_SPLINE_CURVE_WITH_KNOTS('',2,(#11003,#11004,#11005),
 .UNSPECIFIED.,.F.,.F.,(3,3),(0.,1.),.PIECEWISE_BEZIER_KNOTS.);
#4972=B_SPLINE_CURVE_WITH_KNOTS('',2,(#11016,#11017,#11018),
 .UNSPECIFIED.,.F.,.F.,(3,3),(0.,1.),.PIECEWISE_BEZIER_KNOTS.);
#4973=B_SPLINE_CURVE_WITH_KNOTS('',2,(#11031,#11032,#11033),
 .UNSPECIFIED.,.F.,.F.,(3,3),(0.,1.),.PIECEWISE_BEZIER_KNOTS.);
#4974=B_SPLINE_CURVE_WITH_KNOTS('',2,(#11042,#11043,#11044),
 .UNSPECIFIED.,.F.,.F.,(3,3),(0.,1.),.PIECEWISE_BEZIER_KNOTS.);
#4975=B_SPLINE_CURVE_WITH_KNOTS('',2,(#11045,#11046,#11047),
 .UNSPECIFIED.,.F.,.F.,(3,3),(0.,1.),.PIECEWISE_BEZIER_KNOTS.);
#4976=B_SPLINE_CURVE_WITH_KNOTS('',2,(#11060,#11061,#11062),
 .UNSPECIFIED.,.F.,.F.,(3,3),(0.,1.),.PIECEWISE_BEZIER_KNOTS.);
#4977=B_SPLINE_CURVE_WITH_KNOTS('',2,(#11075,#11076,#11077),
 .UNSPECIFIED.,.F.,.F.,(3,3),(0.,1.),.PIECEWISE_BEZIER_KNOTS.);
#4978=B_SPLINE_CURVE_WITH_KNOTS('',2,(#11088,#11089,#11090),
 .UNSPECIFIED.,.F.,.F.,(3,3),(0.,1.),.PIECEWISE_BEZIER_KNOTS.);
#4979=B_SPLINE_CURVE_WITH_KNOTS('',2,(#11101,#11102,#11103),
 .UNSPECIFIED.,.F.,.F.,(3,3),(0.,1.),.PIECEWISE_BEZIER_KNOTS.);
#4980=B_SPLINE_CURVE_WITH_KNOTS('',2,(#11114,#11115,#11116),
 .UNSPECIFIED.,.F.,.F.,(3,3),(0.,1.),.PIECEWISE_BEZIER_KNOTS.);
#4981=B_SPLINE_CURVE_WITH_KNOTS('',2,(#11131,#11132,#11133),
 .UNSPECIFIED.,.F.,.F.,(3,3),(0.,1.),.PIECEWISE_BEZIER_KNOTS.);
#4982=B_SPLINE_CURVE_WITH_KNOTS('',2,(#11144,#11145,#11146),
 .UNSPECIFIED.,.F.,.F.,(3,3),(0.,1.),.PIECEWISE_BEZIER_KNOTS.);
#4983=B_SPLINE_CURVE_WITH_KNOTS('',2,(#11157,#11158,#11159),
 .UNSPECIFIED.,.F.,.F.,(3,3),(0.,1.),.PIECEWISE_BEZIER_KNOTS.);
#4984=B_SPLINE_CURVE_WITH_KNOTS('',2,(#11170,#11171,#11172),
 .UNSPECIFIED.,.F.,.F.,(3,3),(0.,1.),.PIECEWISE_BEZIER_KNOTS.);
#4985=B_SPLINE_CURVE_WITH_KNOTS('',2,(#11183,#11184,#11185),
 .UNSPECIFIED.,.F.,.F.,(3,3),(0.,1.),.PIECEWISE_BEZIER_KNOTS.);
#4986=B_SPLINE_CURVE_WITH_KNOTS('',2,(#11196,#11197,#11198),
 .UNSPECIFIED.,.F.,.F.,(3,3),(0.,1.),.PIECEWISE_BEZIER_KNOTS.);
#4987=B_SPLINE_CURVE_WITH_KNOTS('',2,(#11209,#11210,#11211),
 .UNSPECIFIED.,.F.,.F.,(3,3),(0.,1.),.PIECEWISE_BEZIER_KNOTS.);
#4988=B_SPLINE_CURVE_WITH_KNOTS('',2,(#11234,#11235,#11236),
 .UNSPECIFIED.,.F.,.F.,(3,3),(0.,1.),.PIECEWISE_BEZIER_KNOTS.);
#4989=B_SPLINE_CURVE_WITH_KNOTS('',2,(#11247,#11248,#11249),
 .UNSPECIFIED.,.F.,.F.,(3,3),(0.,1.),.PIECEWISE_BEZIER_KNOTS.);
#4990=B_SPLINE_CURVE_WITH_KNOTS('',2,(#11260,#11261,#11262),
 .UNSPECIFIED.,.F.,.F.,(3,3),(0.,1.),.PIECEWISE_BEZIER_KNOTS.);
#4991=B_SPLINE_CURVE_WITH_KNOTS('',2,(#11273,#11274,#11275),
 .UNSPECIFIED.,.F.,.F.,(3,3),(0.,1.),.PIECEWISE_BEZIER_KNOTS.);
#4992=B_SPLINE_CURVE_WITH_KNOTS('',2,(#11290,#11291,#11292),
 .UNSPECIFIED.,.F.,.F.,(3,3),(0.,1.),.PIECEWISE_BEZIER_KNOTS.);
#4993=B_SPLINE_CURVE_WITH_KNOTS('',2,(#11307,#11308,#11309),
 .UNSPECIFIED.,.F.,.F.,(3,3),(0.,1.),.PIECEWISE_BEZIER_KNOTS.);
#4994=B_SPLINE_CURVE_WITH_KNOTS('',2,(#11320,#11321,#11322),
 .UNSPECIFIED.,.F.,.F.,(3,3),(0.,1.),.PIECEWISE_BEZIER_KNOTS.);
#4995=B_SPLINE_CURVE_WITH_KNOTS('',2,(#11333,#11334,#11335),
 .UNSPECIFIED.,.F.,.F.,(3,3),(0.,1.),.PIECEWISE_BEZIER_KNOTS.);
#4996=B_SPLINE_CURVE_WITH_KNOTS('',2,(#11346,#11347,#11348),
 .UNSPECIFIED.,.F.,.F.,(3,3),(0.,1.),.PIECEWISE_BEZIER_KNOTS.);
#4997=B_SPLINE_CURVE_WITH_KNOTS('',2,(#11359,#11360,#11361),
 .UNSPECIFIED.,.F.,.F.,(3,3),(0.,1.),.PIECEWISE_BEZIER_KNOTS.);
#4998=B_SPLINE_CURVE_WITH_KNOTS('',2,(#11372,#11373,#11374),
 .UNSPECIFIED.,.F.,.F.,(3,3),(0.,1.),.PIECEWISE_BEZIER_KNOTS.);
#4999=B_SPLINE_CURVE_WITH_KNOTS('',2,(#11385,#11386,#11387),
 .UNSPECIFIED.,.F.,.F.,(3,3),(0.,1.),.PIECEWISE_BEZIER_KNOTS.);
#5000=B_SPLINE_CURVE_WITH_KNOTS('',2,(#11408,#11409,#11410),
 .UNSPECIFIED.,.F.,.F.,(3,3),(0.,1.),.PIECEWISE_BEZIER_KNOTS.);
#5001=B_SPLINE_CURVE_WITH_KNOTS('',2,(#11422,#11423,#11424),
 .UNSPECIFIED.,.F.,.F.,(3,3),(0.,1.),.PIECEWISE_BEZIER_KNOTS.);
#5002=B_SPLINE_CURVE_WITH_KNOTS('',2,(#11441,#11442,#11443),
 .UNSPECIFIED.,.F.,.F.,(3,3),(0.,1.),.PIECEWISE_BEZIER_KNOTS.);
#5003=B_SPLINE_CURVE_WITH_KNOTS('',2,(#11478,#11479,#11480),
 .UNSPECIFIED.,.F.,.F.,(3,3),(0.,1.),.PIECEWISE_BEZIER_KNOTS.);
#5004=B_SPLINE_CURVE_WITH_KNOTS('',2,(#11491,#11492,#11493),
 .UNSPECIFIED.,.F.,.F.,(3,3),(0.,1.),.PIECEWISE_BEZIER_KNOTS.);
#5005=B_SPLINE_CURVE_WITH_KNOTS('',2,(#11504,#11505,#11506),
 .UNSPECIFIED.,.F.,.F.,(3,3),(0.,1.),.PIECEWISE_BEZIER_KNOTS.);
#5006=B_SPLINE_CURVE_WITH_KNOTS('',2,(#11517,#11518,#11519),
 .UNSPECIFIED.,.F.,.F.,(3,3),(0.,1.),.PIECEWISE_BEZIER_KNOTS.);
#5007=B_SPLINE_CURVE_WITH_KNOTS('',2,(#11548,#11549,#11550),
 .UNSPECIFIED.,.F.,.F.,(3,3),(0.,1.),.PIECEWISE_BEZIER_KNOTS.);
#5008=B_SPLINE_CURVE_WITH_KNOTS('',2,(#11569,#11570,#11571),
 .UNSPECIFIED.,.F.,.F.,(3,3),(0.,1.),.PIECEWISE_BEZIER_KNOTS.);
#5009=B_SPLINE_CURVE_WITH_KNOTS('',2,(#11575,#11576,#11577),
 .UNSPECIFIED.,.F.,.F.,(3,3),(0.,1.),.PIECEWISE_BEZIER_KNOTS.);
#5010=B_SPLINE_CURVE_WITH_KNOTS('',2,(#11586,#11587,#11588),
 .UNSPECIFIED.,.F.,.F.,(3,3),(0.,1.),.PIECEWISE_BEZIER_KNOTS.);
#5011=B_SPLINE_CURVE_WITH_KNOTS('',2,(#11592,#11593,#11594),
 .UNSPECIFIED.,.F.,.F.,(3,3),(0.,1.),.PIECEWISE_BEZIER_KNOTS.);
#5012=B_SPLINE_CURVE_WITH_KNOTS('',2,(#11621,#11622,#11623),
 .UNSPECIFIED.,.F.,.F.,(3,3),(0.,1.),.PIECEWISE_BEZIER_KNOTS.);
#5013=B_SPLINE_CURVE_WITH_KNOTS('',2,(#11627,#11628,#11629),
 .UNSPECIFIED.,.F.,.F.,(3,3),(0.,1.),.PIECEWISE_BEZIER_KNOTS.);
#5014=B_SPLINE_CURVE_WITH_KNOTS('',2,(#11640,#11641,#11642),
 .UNSPECIFIED.,.F.,.F.,(3,3),(0.,1.),.PIECEWISE_BEZIER_KNOTS.);
#5015=B_SPLINE_CURVE_WITH_KNOTS('',2,(#11687,#11688,#11689),
 .UNSPECIFIED.,.F.,.F.,(3,3),(0.,1.),.PIECEWISE_BEZIER_KNOTS.);
#5016=B_SPLINE_CURVE_WITH_KNOTS('',2,(#11700,#11701,#11702),
 .UNSPECIFIED.,.F.,.F.,(3,3),(0.,1.),.PIECEWISE_BEZIER_KNOTS.);
#5017=B_SPLINE_CURVE_WITH_KNOTS('',2,(#11715,#11716,#11717),
 .UNSPECIFIED.,.F.,.F.,(3,3),(0.,1.),.PIECEWISE_BEZIER_KNOTS.);
#5018=B_SPLINE_CURVE_WITH_KNOTS('',2,(#11726,#11727,#11728),
 .UNSPECIFIED.,.F.,.F.,(3,3),(0.,1.),.PIECEWISE_BEZIER_KNOTS.);
#5019=B_SPLINE_CURVE_WITH_KNOTS('',2,(#11729,#11730,#11731),
 .UNSPECIFIED.,.F.,.F.,(3,3),(0.,1.),.PIECEWISE_BEZIER_KNOTS.);
#5020=B_SPLINE_CURVE_WITH_KNOTS('',2,(#11744,#11745,#11746),
 .UNSPECIFIED.,.F.,.F.,(3,3),(0.,1.),.PIECEWISE_BEZIER_KNOTS.);
#5021=B_SPLINE_CURVE_WITH_KNOTS('',2,(#11759,#11760,#11761),
 .UNSPECIFIED.,.F.,.F.,(3,3),(0.,1.),.PIECEWISE_BEZIER_KNOTS.);
#5022=B_SPLINE_CURVE_WITH_KNOTS('',2,(#11772,#11773,#11774),
 .UNSPECIFIED.,.F.,.F.,(3,3),(0.,1.),.PIECEWISE_BEZIER_KNOTS.);
#5023=B_SPLINE_CURVE_WITH_KNOTS('',2,(#11785,#11786,#11787),
 .UNSPECIFIED.,.F.,.F.,(3,3),(0.,1.),.PIECEWISE_BEZIER_KNOTS.);
#5024=B_SPLINE_CURVE_WITH_KNOTS('',2,(#11798,#11799,#11800),
 .UNSPECIFIED.,.F.,.F.,(3,3),(0.,1.),.PIECEWISE_BEZIER_KNOTS.);
#5025=B_SPLINE_CURVE_WITH_KNOTS('',2,(#11811,#11812,#11813),
 .UNSPECIFIED.,.F.,.F.,(3,3),(0.,1.),.PIECEWISE_BEZIER_KNOTS.);
#5026=B_SPLINE_CURVE_WITH_KNOTS('',2,(#11824,#11825,#11826),
 .UNSPECIFIED.,.F.,.F.,(3,3),(0.,1.),.PIECEWISE_BEZIER_KNOTS.);
#5027=B_SPLINE_CURVE_WITH_KNOTS('',2,(#11864,#11865,#11866),
 .UNSPECIFIED.,.F.,.F.,(3,3),(0.,1.),.PIECEWISE_BEZIER_KNOTS.);
#5028=B_SPLINE_CURVE_WITH_KNOTS('',2,(#11870,#11871,#11872),
 .UNSPECIFIED.,.F.,.F.,(3,3),(0.,1.),.PIECEWISE_BEZIER_KNOTS.);
#5029=B_SPLINE_CURVE_WITH_KNOTS('',2,(#11881,#11882,#11883),
 .UNSPECIFIED.,.F.,.F.,(3,3),(0.,1.),.PIECEWISE_BEZIER_KNOTS.);
#5030=B_SPLINE_CURVE_WITH_KNOTS('',2,(#11887,#11888,#11889),
 .UNSPECIFIED.,.F.,.F.,(3,3),(0.,1.),.PIECEWISE_BEZIER_KNOTS.);
#5031=B_SPLINE_CURVE_WITH_KNOTS('',2,(#11898,#11899,#11900),
 .UNSPECIFIED.,.F.,.F.,(3,3),(0.,1.),.PIECEWISE_BEZIER_KNOTS.);
#5032=B_SPLINE_CURVE_WITH_KNOTS('',2,(#11904,#11905,#11906),
 .UNSPECIFIED.,.F.,.F.,(3,3),(0.,1.),.PIECEWISE_BEZIER_KNOTS.);
#5033=B_SPLINE_CURVE_WITH_KNOTS('',2,(#11915,#11916,#11917),
 .UNSPECIFIED.,.F.,.F.,(3,3),(0.,1.),.PIECEWISE_BEZIER_KNOTS.);
#5034=B_SPLINE_CURVE_WITH_KNOTS('',2,(#11921,#11922,#11923),
 .UNSPECIFIED.,.F.,.F.,(3,3),(0.,1.),.PIECEWISE_BEZIER_KNOTS.);
#5035=B_SPLINE_CURVE_WITH_KNOTS('',2,(#11938,#11939,#11940),
 .UNSPECIFIED.,.F.,.F.,(3,3),(0.,1.),.PIECEWISE_BEZIER_KNOTS.);
#5036=B_SPLINE_CURVE_WITH_KNOTS('',2,(#11944,#11945,#11946),
 .UNSPECIFIED.,.F.,.F.,(3,3),(0.,1.),.PIECEWISE_BEZIER_KNOTS.);
#5037=B_SPLINE_CURVE_WITH_KNOTS('',2,(#11955,#11956,#11957),
 .UNSPECIFIED.,.F.,.F.,(3,3),(0.,1.),.PIECEWISE_BEZIER_KNOTS.);
#5038=B_SPLINE_CURVE_WITH_KNOTS('',2,(#11961,#11962,#11963),
 .UNSPECIFIED.,.F.,.F.,(3,3),(0.,1.),.PIECEWISE_BEZIER_KNOTS.);
#5039=B_SPLINE_CURVE_WITH_KNOTS('',2,(#11972,#11973,#11974),
 .UNSPECIFIED.,.F.,.F.,(3,3),(0.,1.),.PIECEWISE_BEZIER_KNOTS.);
#5040=B_SPLINE_CURVE_WITH_KNOTS('',2,(#11978,#11979,#11980),
 .UNSPECIFIED.,.F.,.F.,(3,3),(0.,1.),.PIECEWISE_BEZIER_KNOTS.);
#5041=B_SPLINE_CURVE_WITH_KNOTS('',2,(#11991,#11992,#11993),
 .UNSPECIFIED.,.F.,.F.,(3,3),(0.,1.),.PIECEWISE_BEZIER_KNOTS.);
#5042=B_SPLINE_CURVE_WITH_KNOTS('',2,(#12010,#12011,#12012),
 .UNSPECIFIED.,.F.,.F.,(3,3),(0.,1.),.PIECEWISE_BEZIER_KNOTS.);
#5043=B_SPLINE_CURVE_WITH_KNOTS('',2,(#12023,#12024,#12025),
 .UNSPECIFIED.,.F.,.F.,(3,3),(0.,1.),.PIECEWISE_BEZIER_KNOTS.);
#5044=B_SPLINE_CURVE_WITH_KNOTS('',2,(#12036,#12037,#12038),
 .UNSPECIFIED.,.F.,.F.,(3,3),(0.,1.),.PIECEWISE_BEZIER_KNOTS.);
#5045=B_SPLINE_CURVE_WITH_KNOTS('',2,(#12049,#12050,#12051),
 .UNSPECIFIED.,.F.,.F.,(3,3),(0.,1.),.PIECEWISE_BEZIER_KNOTS.);
#5046=B_SPLINE_CURVE_WITH_KNOTS('',2,(#12086,#12087,#12088),
 .UNSPECIFIED.,.F.,.F.,(3,3),(0.,1.),.PIECEWISE_BEZIER_KNOTS.);
#5047=B_SPLINE_CURVE_WITH_KNOTS('',2,(#12099,#12100,#12101),
 .UNSPECIFIED.,.F.,.F.,(3,3),(0.,1.),.PIECEWISE_BEZIER_KNOTS.);
#5048=B_SPLINE_CURVE_WITH_KNOTS('',2,(#12114,#12115,#12116),
 .UNSPECIFIED.,.F.,.F.,(3,3),(0.,1.),.PIECEWISE_BEZIER_KNOTS.);
#5049=B_SPLINE_CURVE_WITH_KNOTS('',2,(#12125,#12126,#12127),
 .UNSPECIFIED.,.F.,.F.,(3,3),(0.,1.),.PIECEWISE_BEZIER_KNOTS.);
#5050=B_SPLINE_CURVE_WITH_KNOTS('',2,(#12128,#12129,#12130),
 .UNSPECIFIED.,.F.,.F.,(3,3),(0.,1.),.PIECEWISE_BEZIER_KNOTS.);
#5051=B_SPLINE_CURVE_WITH_KNOTS('',2,(#12143,#12144,#12145),
 .UNSPECIFIED.,.F.,.F.,(3,3),(0.,1.),.PIECEWISE_BEZIER_KNOTS.);
#5052=B_SPLINE_CURVE_WITH_KNOTS('',2,(#12158,#12159,#12160),
 .UNSPECIFIED.,.F.,.F.,(3,3),(0.,1.),.PIECEWISE_BEZIER_KNOTS.);
#5053=B_SPLINE_CURVE_WITH_KNOTS('',2,(#12171,#12172,#12173),
 .UNSPECIFIED.,.F.,.F.,(3,3),(0.,1.),.PIECEWISE_BEZIER_KNOTS.);
#5054=B_SPLINE_CURVE_WITH_KNOTS('',2,(#12184,#12185,#12186),
 .UNSPECIFIED.,.F.,.F.,(3,3),(0.,1.),.PIECEWISE_BEZIER_KNOTS.);
#5055=B_SPLINE_CURVE_WITH_KNOTS('',2,(#12197,#12198,#12199),
 .UNSPECIFIED.,.F.,.F.,(3,3),(0.,1.),.PIECEWISE_BEZIER_KNOTS.);
#5056=B_SPLINE_CURVE_WITH_KNOTS('',2,(#12210,#12211,#12212),
 .UNSPECIFIED.,.F.,.F.,(3,3),(0.,1.),.PIECEWISE_BEZIER_KNOTS.);
#5057=B_SPLINE_CURVE_WITH_KNOTS('',2,(#12223,#12224,#12225),
 .UNSPECIFIED.,.F.,.F.,(3,3),(0.,1.),.PIECEWISE_BEZIER_KNOTS.);
#5058=B_SPLINE_CURVE_WITH_KNOTS('',2,(#12310,#12311,#12312),
 .UNSPECIFIED.,.F.,.F.,(3,3),(0.,1.),.PIECEWISE_BEZIER_KNOTS.);
#5059=B_SPLINE_CURVE_WITH_KNOTS('',2,(#12335,#12336,#12337),
 .UNSPECIFIED.,.F.,.F.,(3,3),(0.,1.),.PIECEWISE_BEZIER_KNOTS.);
#5060=B_SPLINE_CURVE_WITH_KNOTS('',2,(#12346,#12347,#12348),
 .UNSPECIFIED.,.F.,.F.,(3,3),(0.,1.),.PIECEWISE_BEZIER_KNOTS.);
#5061=B_SPLINE_CURVE_WITH_KNOTS('',2,(#12360,#12361,#12362),
 .UNSPECIFIED.,.F.,.F.,(3,3),(0.,1.),.PIECEWISE_BEZIER_KNOTS.);
#5062=B_SPLINE_CURVE_WITH_KNOTS('',2,(#12407,#12408,#12409),
 .UNSPECIFIED.,.F.,.F.,(3,3),(0.,1.),.PIECEWISE_BEZIER_KNOTS.);
#5063=B_SPLINE_CURVE_WITH_KNOTS('',2,(#12420,#12421,#12422),
 .UNSPECIFIED.,.F.,.F.,(3,3),(0.,1.),.PIECEWISE_BEZIER_KNOTS.);
#5064=B_SPLINE_CURVE_WITH_KNOTS('',2,(#12433,#12434,#12435),
 .UNSPECIFIED.,.F.,.F.,(3,3),(0.,1.),.PIECEWISE_BEZIER_KNOTS.);
#5065=B_SPLINE_CURVE_WITH_KNOTS('',2,(#12446,#12447,#12448),
 .UNSPECIFIED.,.F.,.F.,(3,3),(0.,1.),.PIECEWISE_BEZIER_KNOTS.);
#5066=B_SPLINE_CURVE_WITH_KNOTS('',2,(#12477,#12478,#12479),
 .UNSPECIFIED.,.F.,.F.,(3,3),(0.,1.),.PIECEWISE_BEZIER_KNOTS.);
#5067=EDGE_LOOP('',(#1592,#1593,#1594,#1595,#1596,#1597,#1598,#1599,#1600,
#1601,#1602,#1603,#1604,#1605,#1606,#1607,#1608,#1609,#1610));
#5068=EDGE_LOOP('',(#1611,#1612,#1613,#1614,#1615,#1616,#1617,#1618,#1619,
#1620,#1621,#1622,#1623,#1624,#1625,#1626,#1627,#1628,#1629));
#5069=EDGE_LOOP('',(#1630,#1631,#1632,#1633));
#5070=EDGE_LOOP('',(#1634,#1635,#1636,#1637,#1638,#1639,#1640,#1641));
#5071=EDGE_LOOP('',(#1642,#1643,#1644,#1645,#1646,#1647,#1648,#1649,#1650,
#1651,#1652,#1653,#1654,#1655,#1656,#1657));
#5072=EDGE_LOOP('',(#1658,#1659,#1660,#1661));
#5073=EDGE_LOOP('',(#1662,#1663,#1664,#1665,#1666,#1667,#1668,#1669));
#5074=EDGE_LOOP('',(#1670,#1671,#1672,#1673));
#5075=EDGE_LOOP('',(#1674,#1675,#1676,#1677,#1678,#1679,#1680,#1681,#1682,
#1683,#1684,#1685,#1686));
#5076=EDGE_LOOP('',(#1687,#1688,#1689,#1690,#1691,#1692,#1693,#1694,#1695,
#1696,#1697,#1698,#1699,#1700,#1701,#1702,#1703,#1704,#1705));
#5077=EDGE_LOOP('',(#1706,#1707,#1708,#1709,#1710,#1711,#1712,#1713,#1714,
#1715,#1716,#1717,#1718,#1719,#1720,#1721,#1722,#1723,#1724,#1725,#1726,
#1727,#1728,#1729,#1730,#1731,#1732,#1733,#1734,#1735,#1736,#1737,#1738,
#1739));
#5078=EDGE_LOOP('',(#1740,#1741,#1742,#1743,#1744,#1745,#1746,#1747,#1748,
#1749,#1750,#1751,#1752,#1753,#1754,#1755));
#5079=EDGE_LOOP('',(#1756,#1757,#1758,#1759,#1760,#1761,#1762,#1763,#1764,
#1765,#1766));
#5080=EDGE_LOOP('',(#1767,#1768,#1769,#1770));
#5081=EDGE_LOOP('',(#1771,#1772,#1773,#1774,#1775,#1776,#1777,#1778,#1779,
#1780,#1781,#1782,#1783,#1784,#1785,#1786,#1787,#1788));
#5082=EDGE_LOOP('',(#1789,#1790,#1791,#1792,#1793,#1794,#1795,#1796));
#5083=EDGE_LOOP('',(#1797,#1798,#1799,#1800,#1801,#1802,#1803,#1804,#1805,
#1806,#1807,#1808,#1809,#1810,#1811,#1812,#1813,#1814,#1815,#1816,#1817,
#1818,#1819,#1820,#1821,#1822,#1823,#1824,#1825,#1826,#1827,#1828,#1829,
#1830));
#5084=EDGE_LOOP('',(#1831,#1832,#1833,#1834));
#5085=EDGE_LOOP('',(#1835,#1836,#1837,#1838,#1839,#1840,#1841,#1842,#1843,
#1844,#1845,#1846,#1847,#1848,#1849,#1850));
#5086=EDGE_LOOP('',(#1851,#1852,#1853,#1854,#1855,#1856,#1857,#1858,#1859,
#1860,#1861,#1862));
#5087=EDGE_LOOP('',(#1863,#1864,#1865,#1866,#1867,#1868));
#5088=EDGE_LOOP('',(#1869,#1870,#1871,#1872,#1873,#1874,#1875,#1876));
#5089=EDGE_LOOP('',(#1877,#1878,#1879,#1880,#1881,#1882));
#5090=EDGE_LOOP('',(#1883,#1884,#1885,#1886));
#5091=EDGE_LOOP('',(#1887,#1888,#1889,#1890));
#5092=EDGE_LOOP('',(#1891,#1892,#1893,#1894));
#5093=EDGE_LOOP('',(#1895,#1896,#1897,#1898));
#5094=EDGE_LOOP('',(#1899,#1900,#1901,#1902));
#5095=EDGE_LOOP('',(#1903,#1904,#1905,#1906));
#5096=EDGE_LOOP('',(#1907,#1908,#1909,#1910));
#5097=EDGE_LOOP('',(#1911,#1912,#1913,#1914));
#5098=EDGE_LOOP('',(#1915,#1916,#1917,#1918));
#5099=EDGE_LOOP('',(#1919,#1920,#1921,#1922));
#5100=EDGE_LOOP('',(#1923,#1924,#1925,#1926));
#5101=EDGE_LOOP('',(#1927,#1928,#1929,#1930));
#5102=EDGE_LOOP('',(#1931,#1932,#1933,#1934));
#5103=EDGE_LOOP('',(#1935,#1936,#1937,#1938));
#5104=EDGE_LOOP('',(#1939,#1940,#1941,#1942));
#5105=EDGE_LOOP('',(#1943,#1944,#1945,#1946));
#5106=EDGE_LOOP('',(#1947,#1948,#1949,#1950));
#5107=EDGE_LOOP('',(#1951,#1952,#1953,#1954));
#5108=EDGE_LOOP('',(#1955,#1956,#1957,#1958));
#5109=EDGE_LOOP('',(#1959,#1960,#1961,#1962));
#5110=EDGE_LOOP('',(#1963,#1964,#1965,#1966));
#5111=EDGE_LOOP('',(#1967,#1968,#1969,#1970));
#5112=EDGE_LOOP('',(#1971,#1972,#1973,#1974));
#5113=EDGE_LOOP('',(#1975,#1976,#1977,#1978));
#5114=EDGE_LOOP('',(#1979,#1980,#1981,#1982));
#5115=EDGE_LOOP('',(#1983,#1984,#1985,#1986));
#5116=EDGE_LOOP('',(#1987,#1988,#1989,#1990));
#5117=EDGE_LOOP('',(#1991,#1992,#1993,#1994));
#5118=EDGE_LOOP('',(#1995,#1996,#1997,#1998));
#5119=EDGE_LOOP('',(#1999,#2000,#2001,#2002));
#5120=EDGE_LOOP('',(#2003,#2004,#2005,#2006,#2007,#2008,#2009,#2010,#2011,
#2012,#2013));
#5121=EDGE_LOOP('',(#2014,#2015,#2016,#2017));
#5122=EDGE_LOOP('',(#2018,#2019,#2020,#2021));
#5123=EDGE_LOOP('',(#2022,#2023,#2024,#2025));
#5124=EDGE_LOOP('',(#2026,#2027,#2028,#2029));
#5125=EDGE_LOOP('',(#2030,#2031,#2032,#2033));
#5126=EDGE_LOOP('',(#2034,#2035,#2036,#2037));
#5127=EDGE_LOOP('',(#2038,#2039,#2040,#2041));
#5128=EDGE_LOOP('',(#2042,#2043,#2044,#2045));
#5129=EDGE_LOOP('',(#2046,#2047,#2048,#2049));
#5130=EDGE_LOOP('',(#2050,#2051,#2052,#2053));
#5131=EDGE_LOOP('',(#2054,#2055,#2056,#2057));
#5132=EDGE_LOOP('',(#2058,#2059,#2060,#2061));
#5133=EDGE_LOOP('',(#2062,#2063,#2064,#2065));
#5134=EDGE_LOOP('',(#2066,#2067,#2068,#2069));
#5135=EDGE_LOOP('',(#2070,#2071,#2072,#2073));
#5136=EDGE_LOOP('',(#2074,#2075,#2076,#2077));
#5137=EDGE_LOOP('',(#2078,#2079,#2080,#2081));
#5138=EDGE_LOOP('',(#2082,#2083,#2084,#2085));
#5139=EDGE_LOOP('',(#2086,#2087,#2088,#2089));
#5140=EDGE_LOOP('',(#2090,#2091,#2092,#2093));
#5141=EDGE_LOOP('',(#2094,#2095,#2096,#2097));
#5142=EDGE_LOOP('',(#2098,#2099,#2100,#2101));
#5143=EDGE_LOOP('',(#2102,#2103,#2104,#2105));
#5144=EDGE_LOOP('',(#2106,#2107,#2108,#2109));
#5145=EDGE_LOOP('',(#2110,#2111,#2112,#2113,#2114,#2115,#2116,#2117,#2118,
#2119,#2120,#2121,#2122,#2123,#2124,#2125,#2126,#2127));
#5146=EDGE_LOOP('',(#2128,#2129,#2130,#2131,#2132,#2133));
#5147=EDGE_LOOP('',(#2134,#2135,#2136,#2137,#2138,#2139));
#5148=EDGE_LOOP('',(#2140,#2141,#2142,#2143));
#5149=EDGE_LOOP('',(#2144,#2145,#2146,#2147));
#5150=EDGE_LOOP('',(#2148,#2149,#2150,#2151));
#5151=EDGE_LOOP('',(#2152,#2153,#2154,#2155));
#5152=EDGE_LOOP('',(#2156,#2157,#2158,#2159));
#5153=EDGE_LOOP('',(#2160,#2161,#2162,#2163));
#5154=EDGE_LOOP('',(#2164,#2165,#2166,#2167));
#5155=EDGE_LOOP('',(#2168,#2169,#2170,#2171));
#5156=EDGE_LOOP('',(#2172,#2173,#2174,#2175,#2176,#2177,#2178,#2179));
#5157=EDGE_LOOP('',(#2180,#2181,#2182,#2183));
#5158=EDGE_LOOP('',(#2184,#2185,#2186,#2187));
#5159=EDGE_LOOP('',(#2188,#2189,#2190,#2191));
#5160=EDGE_LOOP('',(#2192,#2193,#2194,#2195));
#5161=EDGE_LOOP('',(#2196,#2197,#2198,#2199));
#5162=EDGE_LOOP('',(#2200,#2201,#2202,#2203));
#5163=EDGE_LOOP('',(#2204,#2205,#2206,#2207));
#5164=EDGE_LOOP('',(#2208,#2209,#2210,#2211));
#5165=EDGE_LOOP('',(#2212,#2213,#2214,#2215));
#5166=EDGE_LOOP('',(#2216,#2217,#2218,#2219));
#5167=EDGE_LOOP('',(#2220,#2221,#2222,#2223));
#5168=EDGE_LOOP('',(#2224,#2225,#2226,#2227));
#5169=EDGE_LOOP('',(#2228,#2229,#2230,#2231));
#5170=EDGE_LOOP('',(#2232,#2233,#2234,#2235));
#5171=EDGE_LOOP('',(#2236,#2237,#2238,#2239));
#5172=EDGE_LOOP('',(#2240,#2241,#2242,#2243));
#5173=EDGE_LOOP('',(#2244,#2245,#2246,#2247));
#5174=EDGE_LOOP('',(#2248,#2249,#2250,#2251));
#5175=EDGE_LOOP('',(#2252,#2253,#2254,#2255));
#5176=EDGE_LOOP('',(#2256,#2257,#2258,#2259));
#5177=EDGE_LOOP('',(#2260,#2261,#2262,#2263));
#5178=EDGE_LOOP('',(#2264,#2265,#2266,#2267));
#5179=EDGE_LOOP('',(#2268,#2269,#2270,#2271));
#5180=EDGE_LOOP('',(#2272,#2273,#2274,#2275));
#5181=EDGE_LOOP('',(#2276,#2277,#2278,#2279));
#5182=EDGE_LOOP('',(#2280,#2281,#2282,#2283));
#5183=EDGE_LOOP('',(#2284,#2285,#2286,#2287));
#5184=EDGE_LOOP('',(#2288,#2289,#2290,#2291));
#5185=EDGE_LOOP('',(#2292,#2293,#2294,#2295));
#5186=EDGE_LOOP('',(#2296,#2297,#2298,#2299));
#5187=EDGE_LOOP('',(#2300,#2301,#2302,#2303));
#5188=EDGE_LOOP('',(#2304,#2305,#2306,#2307));
#5189=EDGE_LOOP('',(#2308,#2309,#2310,#2311));
#5190=EDGE_LOOP('',(#2312,#2313,#2314,#2315));
#5191=EDGE_LOOP('',(#2316,#2317,#2318,#2319,#2320,#2321,#2322,#2323,#2324,
#2325,#2326,#2327,#2328,#2329,#2330,#2331,#2332,#2333,#2334,#2335,#2336,
#2337,#2338,#2339,#2340,#2341,#2342,#2343,#2344,#2345,#2346,#2347,#2348,
#2349));
#5192=EDGE_LOOP('',(#2350,#2351,#2352,#2353));
#5193=EDGE_LOOP('',(#2354,#2355,#2356,#2357));
#5194=EDGE_LOOP('',(#2358,#2359,#2360,#2361));
#5195=EDGE_LOOP('',(#2362,#2363,#2364,#2365));
#5196=EDGE_LOOP('',(#2366,#2367,#2368,#2369));
#5197=EDGE_LOOP('',(#2370,#2371,#2372,#2373));
#5198=EDGE_LOOP('',(#2374,#2375,#2376,#2377));
#5199=EDGE_LOOP('',(#2378,#2379,#2380,#2381));
#5200=EDGE_LOOP('',(#2382,#2383,#2384,#2385));
#5201=EDGE_LOOP('',(#2386,#2387,#2388,#2389));
#5202=EDGE_LOOP('',(#2390,#2391,#2392,#2393));
#5203=EDGE_LOOP('',(#2394,#2395,#2396,#2397));
#5204=EDGE_LOOP('',(#2398,#2399,#2400,#2401));
#5205=EDGE_LOOP('',(#2402,#2403,#2404,#2405));
#5206=EDGE_LOOP('',(#2406,#2407,#2408,#2409));
#5207=EDGE_LOOP('',(#2410,#2411,#2412,#2413));
#5208=EDGE_LOOP('',(#2414,#2415,#2416,#2417));
#5209=EDGE_LOOP('',(#2418,#2419,#2420,#2421));
#5210=EDGE_LOOP('',(#2422,#2423,#2424,#2425));
#5211=EDGE_LOOP('',(#2426,#2427,#2428,#2429));
#5212=EDGE_LOOP('',(#2430,#2431,#2432,#2433));
#5213=EDGE_LOOP('',(#2434,#2435,#2436,#2437));
#5214=EDGE_LOOP('',(#2438,#2439,#2440,#2441));
#5215=EDGE_LOOP('',(#2442,#2443,#2444,#2445));
#5216=EDGE_LOOP('',(#2446,#2447,#2448,#2449));
#5217=EDGE_LOOP('',(#2450,#2451,#2452,#2453));
#5218=EDGE_LOOP('',(#2454,#2455,#2456,#2457));
#5219=EDGE_LOOP('',(#2458,#2459,#2460,#2461));
#5220=EDGE_LOOP('',(#2462,#2463,#2464,#2465));
#5221=EDGE_LOOP('',(#2466,#2467,#2468,#2469));
#5222=EDGE_LOOP('',(#2470,#2471,#2472,#2473));
#5223=EDGE_LOOP('',(#2474,#2475,#2476,#2477,#2478,#2479,#2480,#2481,#2482,
#2483,#2484,#2485,#2486,#2487,#2488,#2489));
#5224=EDGE_LOOP('',(#2490,#2491,#2492,#2493,#2494,#2495,#2496,#2497,#2498,
#2499));
#5225=EDGE_LOOP('',(#2500,#2501,#2502,#2503,#2504,#2505,#2506,#2507,#2508,
#2509));
#5226=EDGE_LOOP('',(#2510,#2511,#2512,#2513));
#5227=EDGE_LOOP('',(#2514,#2515,#2516,#2517));
#5228=EDGE_LOOP('',(#2518,#2519,#2520,#2521));
#5229=EDGE_LOOP('',(#2522,#2523,#2524,#2525));
#5230=EDGE_LOOP('',(#2526,#2527,#2528,#2529));
#5231=EDGE_LOOP('',(#2530,#2531,#2532,#2533));
#5232=EDGE_LOOP('',(#2534,#2535,#2536,#2537));
#5233=EDGE_LOOP('',(#2538,#2539,#2540,#2541));
#5234=EDGE_LOOP('',(#2542,#2543,#2544,#2545));
#5235=EDGE_LOOP('',(#2546,#2547,#2548,#2549));
#5236=EDGE_LOOP('',(#2550,#2551,#2552,#2553));
#5237=EDGE_LOOP('',(#2554,#2555,#2556,#2557));
#5238=EDGE_LOOP('',(#2558,#2559,#2560,#2561));
#5239=EDGE_LOOP('',(#2562,#2563,#2564,#2565));
#5240=EDGE_LOOP('',(#2566,#2567,#2568,#2569));
#5241=EDGE_LOOP('',(#2570,#2571,#2572,#2573));
#5242=EDGE_LOOP('',(#2574,#2575,#2576,#2577));
#5243=EDGE_LOOP('',(#2578,#2579,#2580,#2581));
#5244=EDGE_LOOP('',(#2582,#2583,#2584,#2585));
#5245=EDGE_LOOP('',(#2586,#2587,#2588,#2589));
#5246=EDGE_LOOP('',(#2590,#2591,#2592,#2593));
#5247=EDGE_LOOP('',(#2594,#2595,#2596,#2597));
#5248=EDGE_LOOP('',(#2598,#2599,#2600,#2601));
#5249=EDGE_LOOP('',(#2602,#2603,#2604,#2605));
#5250=EDGE_LOOP('',(#2606,#2607,#2608,#2609));
#5251=EDGE_LOOP('',(#2610,#2611,#2612,#2613));
#5252=EDGE_LOOP('',(#2614,#2615,#2616,#2617));
#5253=EDGE_LOOP('',(#2618,#2619,#2620,#2621));
#5254=EDGE_LOOP('',(#2622,#2623,#2624,#2625));
#5255=EDGE_LOOP('',(#2626,#2627,#2628,#2629));
#5256=EDGE_LOOP('',(#2630,#2631,#2632,#2633));
#5257=EDGE_LOOP('',(#2634,#2635,#2636,#2637));
#5258=EDGE_LOOP('',(#2638,#2639,#2640,#2641));
#5259=EDGE_LOOP('',(#2642,#2643,#2644,#2645));
#5260=EDGE_LOOP('',(#2646,#2647,#2648,#2649,#2650,#2651,#2652,#2653,#2654,
#2655,#2656,#2657,#2658,#2659,#2660,#2661,#2662,#2663,#2664,#2665,#2666,
#2667,#2668,#2669,#2670,#2671,#2672,#2673,#2674,#2675,#2676,#2677,#2678,
#2679));
#5261=EDGE_LOOP('',(#2680,#2681,#2682,#2683));
#5262=EDGE_LOOP('',(#2684,#2685,#2686,#2687));
#5263=EDGE_LOOP('',(#2688,#2689,#2690,#2691));
#5264=EDGE_LOOP('',(#2692,#2693,#2694,#2695));
#5265=EDGE_LOOP('',(#2696,#2697,#2698,#2699));
#5266=EDGE_LOOP('',(#2700,#2701,#2702,#2703));
#5267=EDGE_LOOP('',(#2704,#2705,#2706,#2707));
#5268=EDGE_LOOP('',(#2708,#2709,#2710,#2711));
#5269=EDGE_LOOP('',(#2712,#2713,#2714,#2715));
#5270=EDGE_LOOP('',(#2716,#2717,#2718,#2719));
#5271=EDGE_LOOP('',(#2720,#2721,#2722,#2723));
#5272=EDGE_LOOP('',(#2724,#2725,#2726,#2727));
#5273=EDGE_LOOP('',(#2728,#2729,#2730,#2731));
#5274=EDGE_LOOP('',(#2732,#2733,#2734,#2735));
#5275=EDGE_LOOP('',(#2736,#2737,#2738,#2739));
#5276=EDGE_LOOP('',(#2740,#2741,#2742,#2743));
#5277=EDGE_LOOP('',(#2744,#2745,#2746,#2747));
#5278=EDGE_LOOP('',(#2748,#2749,#2750,#2751));
#5279=EDGE_LOOP('',(#2752,#2753,#2754,#2755));
#5280=EDGE_LOOP('',(#2756,#2757,#2758,#2759,#2760,#2761,#2762,#2763,#2764,
#2765,#2766,#2767,#2768,#2769,#2770,#2771,#2772,#2773,#2774));
#5281=EDGE_LOOP('',(#2775,#2776,#2777,#2778));
#5282=EDGE_LOOP('',(#2779,#2780,#2781,#2782));
#5283=EDGE_LOOP('',(#2783,#2784,#2785,#2786));
#5284=EDGE_LOOP('',(#2787,#2788,#2789,#2790));
#5285=EDGE_LOOP('',(#2791,#2792,#2793,#2794));
#5286=EDGE_LOOP('',(#2795,#2796,#2797,#2798));
#5287=EDGE_LOOP('',(#2799,#2800,#2801,#2802));
#5288=EDGE_LOOP('',(#2803,#2804,#2805,#2806));
#5289=EDGE_LOOP('',(#2807,#2808,#2809,#2810));
#5290=EDGE_LOOP('',(#2811,#2812,#2813,#2814));
#5291=EDGE_LOOP('',(#2815,#2816,#2817,#2818));
#5292=EDGE_LOOP('',(#2819,#2820,#2821,#2822));
#5293=EDGE_LOOP('',(#2823,#2824,#2825,#2826));
#5294=EDGE_LOOP('',(#2827,#2828,#2829,#2830));
#5295=EDGE_LOOP('',(#2831,#2832,#2833,#2834));
#5296=EDGE_LOOP('',(#2835,#2836,#2837,#2838));
#5297=EDGE_LOOP('',(#2839,#2840,#2841,#2842));
#5298=EDGE_LOOP('',(#2843,#2844,#2845,#2846));
#5299=EDGE_LOOP('',(#2847,#2848,#2849,#2850));
#5300=EDGE_LOOP('',(#2851,#2852,#2853,#2854));
#5301=EDGE_LOOP('',(#2855,#2856,#2857,#2858));
#5302=EDGE_LOOP('',(#2859,#2860,#2861,#2862,#2863,#2864,#2865,#2866,#2867,
#2868,#2869,#2870,#2871));
#5303=EDGE_LOOP('',(#2872,#2873,#2874,#2875,#2876,#2877,#2878,#2879));
#5304=EDGE_LOOP('',(#2880,#2881,#2882,#2883,#2884,#2885,#2886,#2887));
#5305=EDGE_LOOP('',(#2888,#2889,#2890,#2891));
#5306=EDGE_LOOP('',(#2892,#2893,#2894,#2895));
#5307=EDGE_LOOP('',(#2896,#2897,#2898,#2899));
#5308=EDGE_LOOP('',(#2900,#2901,#2902,#2903));
#5309=EDGE_LOOP('',(#2904,#2905,#2906,#2907));
#5310=EDGE_LOOP('',(#2908,#2909,#2910,#2911));
#5311=EDGE_LOOP('',(#2912,#2913,#2914,#2915));
#5312=EDGE_LOOP('',(#2916,#2917,#2918,#2919));
#5313=EDGE_LOOP('',(#2920,#2921,#2922,#2923,#2924,#2925,#2926,#2927));
#5314=EDGE_LOOP('',(#2928,#2929,#2930,#2931));
#5315=EDGE_LOOP('',(#2932,#2933,#2934,#2935));
#5316=EDGE_LOOP('',(#2936,#2937,#2938,#2939));
#5317=EDGE_LOOP('',(#2940,#2941,#2942,#2943));
#5318=EDGE_LOOP('',(#2944,#2945,#2946,#2947));
#5319=EDGE_LOOP('',(#2948,#2949,#2950,#2951));
#5320=EDGE_LOOP('',(#2952,#2953,#2954,#2955));
#5321=EDGE_LOOP('',(#2956,#2957,#2958,#2959));
#5322=EDGE_LOOP('',(#2960,#2961,#2962,#2963));
#5323=EDGE_LOOP('',(#2964,#2965,#2966,#2967));
#5324=EDGE_LOOP('',(#2968,#2969,#2970,#2971));
#5325=EDGE_LOOP('',(#2972,#2973,#2974,#2975));
#5326=EDGE_LOOP('',(#2976,#2977,#2978,#2979));
#5327=EDGE_LOOP('',(#2980,#2981,#2982,#2983));
#5328=EDGE_LOOP('',(#2984,#2985,#2986,#2987));
#5329=EDGE_LOOP('',(#2988,#2989,#2990,#2991));
#5330=EDGE_LOOP('',(#2992,#2993,#2994,#2995));
#5331=EDGE_LOOP('',(#2996,#2997,#2998,#2999));
#5332=EDGE_LOOP('',(#3000,#3001,#3002,#3003));
#5333=EDGE_LOOP('',(#3004,#3005,#3006,#3007));
#5334=EDGE_LOOP('',(#3008,#3009,#3010,#3011));
#5335=EDGE_LOOP('',(#3012,#3013,#3014,#3015));
#5336=EDGE_LOOP('',(#3016,#3017,#3018,#3019));
#5337=EDGE_LOOP('',(#3020,#3021,#3022,#3023));
#5338=EDGE_LOOP('',(#3024,#3025,#3026,#3027));
#5339=EDGE_LOOP('',(#3028,#3029,#3030,#3031));
#5340=EDGE_LOOP('',(#3032,#3033,#3034,#3035));
#5341=EDGE_LOOP('',(#3036,#3037,#3038,#3039));
#5342=EDGE_LOOP('',(#3040,#3041,#3042,#3043));
#5343=EDGE_LOOP('',(#3044,#3045,#3046,#3047));
#5344=EDGE_LOOP('',(#3048,#3049,#3050,#3051));
#5345=EDGE_LOOP('',(#3052,#3053,#3054,#3055,#3056,#3057,#3058,#3059,#3060,
#3061,#3062,#3063,#3064,#3065,#3066,#3067));
#5346=EDGE_LOOP('',(#3068,#3069,#3070,#3071,#3072,#3073,#3074,#3075,#3076,
#3077));
#5347=EDGE_LOOP('',(#3078,#3079,#3080,#3081,#3082,#3083,#3084,#3085,#3086,
#3087));
#5348=EDGE_LOOP('',(#3088,#3089,#3090,#3091));
#5349=EDGE_LOOP('',(#3092,#3093,#3094,#3095));
#5350=EDGE_LOOP('',(#3096,#3097,#3098,#3099));
#5351=EDGE_LOOP('',(#3100,#3101,#3102,#3103));
#5352=EDGE_LOOP('',(#3104,#3105,#3106,#3107));
#5353=EDGE_LOOP('',(#3108,#3109,#3110,#3111));
#5354=EDGE_LOOP('',(#3112,#3113,#3114,#3115));
#5355=EDGE_LOOP('',(#3116,#3117,#3118,#3119));
#5356=EDGE_LOOP('',(#3120,#3121,#3122,#3123,#3124,#3125,#3126,#3127));
#5357=EDGE_LOOP('',(#3128,#3129,#3130,#3131));
#5358=EDGE_LOOP('',(#3132,#3133,#3134,#3135));
#5359=EDGE_LOOP('',(#3136,#3137,#3138,#3139));
#5360=EDGE_LOOP('',(#3140,#3141,#3142,#3143));
#5361=EDGE_LOOP('',(#3144,#3145,#3146,#3147));
#5362=EDGE_LOOP('',(#3148,#3149,#3150,#3151));
#5363=EDGE_LOOP('',(#3152,#3153,#3154,#3155));
#5364=EDGE_LOOP('',(#3156,#3157,#3158,#3159));
#5365=EDGE_LOOP('',(#3160,#3161,#3162,#3163));
#5366=EDGE_LOOP('',(#3164,#3165,#3166,#3167));
#5367=EDGE_LOOP('',(#3168,#3169,#3170,#3171));
#5368=EDGE_LOOP('',(#3172,#3173,#3174,#3175));
#5369=EDGE_LOOP('',(#3176,#3177,#3178,#3179));
#5370=EDGE_LOOP('',(#3180,#3181,#3182,#3183));
#5371=EDGE_LOOP('',(#3184,#3185,#3186,#3187));
#5372=EDGE_LOOP('',(#3188,#3189,#3190,#3191));
#5373=EDGE_LOOP('',(#3192,#3193,#3194,#3195));
#5374=EDGE_LOOP('',(#3196,#3197,#3198,#3199));
#5375=EDGE_LOOP('',(#3200,#3201,#3202,#3203));
#5376=EDGE_LOOP('',(#3204,#3205,#3206,#3207));
#5377=EDGE_LOOP('',(#3208,#3209,#3210,#3211));
#5378=EDGE_LOOP('',(#3212,#3213,#3214,#3215));
#5379=EDGE_LOOP('',(#3216,#3217,#3218,#3219));
#5380=EDGE_LOOP('',(#3220,#3221,#3222,#3223));
#5381=EDGE_LOOP('',(#3224,#3225,#3226,#3227,#3228,#3229,#3230,#3231,#3232,
#3233,#3234,#3235,#3236,#3237,#3238,#3239,#3240,#3241,#3242));
#5382=EDGE_LOOP('',(#3243,#3244,#3245,#3246));
#5383=EDGE_LOOP('',(#3247,#3248,#3249,#3250));
#5384=EDGE_LOOP('',(#3251,#3252,#3253,#3254));
#5385=EDGE_LOOP('',(#3255,#3256,#3257,#3258));
#5386=EDGE_LOOP('',(#3259,#3260,#3261,#3262));
#5387=EDGE_LOOP('',(#3263,#3264,#3265,#3266));
#5388=EDGE_LOOP('',(#3267,#3268,#3269,#3270));
#5389=EDGE_LOOP('',(#3271,#3272,#3273,#3274));
#5390=EDGE_LOOP('',(#3275,#3276,#3277,#3278));
#5391=EDGE_LOOP('',(#3279,#3280,#3281,#3282));
#5392=EDGE_LOOP('',(#3283,#3284,#3285,#3286));
#5393=EDGE_LOOP('',(#3287,#3288,#3289,#3290));
#5394=EDGE_LOOP('',(#3291,#3292,#3293,#3294));
#5395=EDGE_LOOP('',(#3295,#3296,#3297,#3298));
#5396=EDGE_LOOP('',(#3299,#3300,#3301,#3302));
#5397=EDGE_LOOP('',(#3303,#3304,#3305,#3306));
#5398=EDGE_LOOP('',(#3307,#3308,#3309,#3310));
#5399=EDGE_LOOP('',(#3311,#3312,#3313,#3314));
#5400=EDGE_LOOP('',(#3315,#3316,#3317,#3318));
#5401=EDGE_LOOP('',(#3319,#3320,#3321,#3322,#3323,#3324,#3325,#3326,#3327,
#3328,#3329,#3330,#3331,#3332,#3333,#3334,#3335,#3336,#3337));
#5402=FACE_BOUND('',#5067,.T.);
#5403=FACE_BOUND('',#5068,.T.);
#5404=FACE_BOUND('',#5069,.T.);
#5405=FACE_BOUND('',#5070,.T.);
#5406=FACE_BOUND('',#5071,.T.);
#5407=FACE_BOUND('',#5072,.T.);
#5408=FACE_BOUND('',#5073,.T.);
#5409=FACE_BOUND('',#5074,.T.);
#5410=FACE_BOUND('',#5075,.T.);
#5411=FACE_BOUND('',#5076,.T.);
#5412=FACE_BOUND('',#5077,.T.);
#5413=FACE_BOUND('',#5078,.T.);
#5414=FACE_BOUND('',#5079,.T.);
#5415=FACE_BOUND('',#5080,.T.);
#5416=FACE_BOUND('',#5081,.T.);
#5417=FACE_BOUND('',#5082,.T.);
#5418=FACE_BOUND('',#5083,.T.);
#5419=FACE_BOUND('',#5084,.T.);
#5420=FACE_BOUND('',#5085,.T.);
#5421=FACE_BOUND('',#5086,.T.);
#5422=FACE_BOUND('',#5087,.T.);
#5423=FACE_BOUND('',#5088,.T.);
#5424=FACE_BOUND('',#5089,.T.);
#5425=FACE_BOUND('',#5090,.T.);
#5426=FACE_BOUND('',#5091,.T.);
#5427=FACE_BOUND('',#5092,.T.);
#5428=FACE_BOUND('',#5093,.T.);
#5429=FACE_BOUND('',#5094,.T.);
#5430=FACE_BOUND('',#5095,.T.);
#5431=FACE_BOUND('',#5096,.T.);
#5432=FACE_BOUND('',#5097,.T.);
#5433=FACE_BOUND('',#5098,.T.);
#5434=FACE_BOUND('',#5099,.T.);
#5435=FACE_BOUND('',#5100,.T.);
#5436=FACE_BOUND('',#5101,.T.);
#5437=FACE_BOUND('',#5102,.T.);
#5438=FACE_BOUND('',#5103,.T.);
#5439=FACE_BOUND('',#5104,.T.);
#5440=FACE_BOUND('',#5105,.T.);
#5441=FACE_BOUND('',#5106,.T.);
#5442=FACE_BOUND('',#5107,.T.);
#5443=FACE_BOUND('',#5108,.T.);
#5444=FACE_BOUND('',#5109,.T.);
#5445=FACE_BOUND('',#5110,.T.);
#5446=FACE_BOUND('',#5111,.T.);
#5447=FACE_BOUND('',#5112,.T.);
#5448=FACE_BOUND('',#5113,.T.);
#5449=FACE_BOUND('',#5114,.T.);
#5450=FACE_BOUND('',#5115,.T.);
#5451=FACE_BOUND('',#5116,.T.);
#5452=FACE_BOUND('',#5117,.T.);
#5453=FACE_BOUND('',#5118,.T.);
#5454=FACE_BOUND('',#5119,.T.);
#5455=FACE_BOUND('',#5120,.T.);
#5456=FACE_BOUND('',#5121,.T.);
#5457=FACE_BOUND('',#5122,.T.);
#5458=FACE_BOUND('',#5123,.T.);
#5459=FACE_BOUND('',#5124,.T.);
#5460=FACE_BOUND('',#5125,.T.);
#5461=FACE_BOUND('',#5126,.T.);
#5462=FACE_BOUND('',#5127,.T.);
#5463=FACE_BOUND('',#5128,.T.);
#5464=FACE_BOUND('',#5129,.T.);
#5465=FACE_BOUND('',#5130,.T.);
#5466=FACE_BOUND('',#5131,.T.);
#5467=FACE_BOUND('',#5132,.T.);
#5468=FACE_BOUND('',#5133,.T.);
#5469=FACE_BOUND('',#5134,.T.);
#5470=FACE_BOUND('',#5135,.T.);
#5471=FACE_BOUND('',#5136,.T.);
#5472=FACE_BOUND('',#5137,.T.);
#5473=FACE_BOUND('',#5138,.T.);
#5474=FACE_BOUND('',#5139,.T.);
#5475=FACE_BOUND('',#5140,.T.);
#5476=FACE_BOUND('',#5141,.T.);
#5477=FACE_BOUND('',#5142,.T.);
#5478=FACE_BOUND('',#5143,.T.);
#5479=FACE_BOUND('',#5144,.T.);
#5480=FACE_BOUND('',#5145,.T.);
#5481=FACE_BOUND('',#5146,.T.);
#5482=FACE_BOUND('',#5147,.T.);
#5483=FACE_BOUND('',#5148,.T.);
#5484=FACE_BOUND('',#5149,.T.);
#5485=FACE_BOUND('',#5150,.T.);
#5486=FACE_BOUND('',#5151,.T.);
#5487=FACE_BOUND('',#5152,.T.);
#5488=FACE_BOUND('',#5153,.T.);
#5489=FACE_BOUND('',#5154,.T.);
#5490=FACE_BOUND('',#5155,.T.);
#5491=FACE_BOUND('',#5156,.T.);
#5492=FACE_BOUND('',#5157,.T.);
#5493=FACE_BOUND('',#5158,.T.);
#5494=FACE_BOUND('',#5159,.T.);
#5495=FACE_BOUND('',#5160,.T.);
#5496=FACE_BOUND('',#5161,.T.);
#5497=FACE_BOUND('',#5162,.T.);
#5498=FACE_BOUND('',#5163,.T.);
#5499=FACE_BOUND('',#5164,.T.);
#5500=FACE_BOUND('',#5165,.T.);
#5501=FACE_BOUND('',#5166,.T.);
#5502=FACE_BOUND('',#5167,.T.);
#5503=FACE_BOUND('',#5168,.T.);
#5504=FACE_BOUND('',#5169,.T.);
#5505=FACE_BOUND('',#5170,.T.);
#5506=FACE_BOUND('',#5171,.T.);
#5507=FACE_BOUND('',#5172,.T.);
#5508=FACE_BOUND('',#5173,.T.);
#5509=FACE_BOUND('',#5174,.T.);
#5510=FACE_BOUND('',#5175,.T.);
#5511=FACE_BOUND('',#5176,.T.);
#5512=FACE_BOUND('',#5177,.T.);
#5513=FACE_BOUND('',#5178,.T.);
#5514=FACE_BOUND('',#5179,.T.);
#5515=FACE_BOUND('',#5180,.T.);
#5516=FACE_BOUND('',#5181,.T.);
#5517=FACE_BOUND('',#5182,.T.);
#5518=FACE_BOUND('',#5183,.T.);
#5519=FACE_BOUND('',#5184,.T.);
#5520=FACE_BOUND('',#5185,.T.);
#5521=FACE_BOUND('',#5186,.T.);
#5522=FACE_BOUND('',#5187,.T.);
#5523=FACE_BOUND('',#5188,.T.);
#5524=FACE_BOUND('',#5189,.T.);
#5525=FACE_BOUND('',#5190,.T.);
#5526=FACE_BOUND('',#5191,.T.);
#5527=FACE_BOUND('',#5192,.T.);
#5528=FACE_BOUND('',#5193,.T.);
#5529=FACE_BOUND('',#5194,.T.);
#5530=FACE_BOUND('',#5195,.T.);
#5531=FACE_BOUND('',#5196,.T.);
#5532=FACE_BOUND('',#5197,.T.);
#5533=FACE_BOUND('',#5198,.T.);
#5534=FACE_BOUND('',#5199,.T.);
#5535=FACE_BOUND('',#5200,.T.);
#5536=FACE_BOUND('',#5201,.T.);
#5537=FACE_BOUND('',#5202,.T.);
#5538=FACE_BOUND('',#5203,.T.);
#5539=FACE_BOUND('',#5204,.T.);
#5540=FACE_BOUND('',#5205,.T.);
#5541=FACE_BOUND('',#5206,.T.);
#5542=FACE_BOUND('',#5207,.T.);
#5543=FACE_BOUND('',#5208,.T.);
#5544=FACE_BOUND('',#5209,.T.);
#5545=FACE_BOUND('',#5210,.T.);
#5546=FACE_BOUND('',#5211,.T.);
#5547=FACE_BOUND('',#5212,.T.);
#5548=FACE_BOUND('',#5213,.T.);
#5549=FACE_BOUND('',#5214,.T.);
#5550=FACE_BOUND('',#5215,.T.);
#5551=FACE_BOUND('',#5216,.T.);
#5552=FACE_BOUND('',#5217,.T.);
#5553=FACE_BOUND('',#5218,.T.);
#5554=FACE_BOUND('',#5219,.T.);
#5555=FACE_BOUND('',#5220,.T.);
#5556=FACE_BOUND('',#5221,.T.);
#5557=FACE_BOUND('',#5222,.T.);
#5558=FACE_BOUND('',#5223,.T.);
#5559=FACE_BOUND('',#5224,.T.);
#5560=FACE_BOUND('',#5225,.T.);
#5561=FACE_BOUND('',#5226,.T.);
#5562=FACE_BOUND('',#5227,.T.);
#5563=FACE_BOUND('',#5228,.T.);
#5564=FACE_BOUND('',#5229,.T.);
#5565=FACE_BOUND('',#5230,.T.);
#5566=FACE_BOUND('',#5231,.T.);
#5567=FACE_BOUND('',#5232,.T.);
#5568=FACE_BOUND('',#5233,.T.);
#5569=FACE_BOUND('',#5234,.T.);
#5570=FACE_BOUND('',#5235,.T.);
#5571=FACE_BOUND('',#5236,.T.);
#5572=FACE_BOUND('',#5237,.T.);
#5573=FACE_BOUND('',#5238,.T.);
#5574=FACE_BOUND('',#5239,.T.);
#5575=FACE_BOUND('',#5240,.T.);
#5576=FACE_BOUND('',#5241,.T.);
#5577=FACE_BOUND('',#5242,.T.);
#5578=FACE_BOUND('',#5243,.T.);
#5579=FACE_BOUND('',#5244,.T.);
#5580=FACE_BOUND('',#5245,.T.);
#5581=FACE_BOUND('',#5246,.T.);
#5582=FACE_BOUND('',#5247,.T.);
#5583=FACE_BOUND('',#5248,.T.);
#5584=FACE_BOUND('',#5249,.T.);
#5585=FACE_BOUND('',#5250,.T.);
#5586=FACE_BOUND('',#5251,.T.);
#5587=FACE_BOUND('',#5252,.T.);
#5588=FACE_BOUND('',#5253,.T.);
#5589=FACE_BOUND('',#5254,.T.);
#5590=FACE_BOUND('',#5255,.T.);
#5591=FACE_BOUND('',#5256,.T.);
#5592=FACE_BOUND('',#5257,.T.);
#5593=FACE_BOUND('',#5258,.T.);
#5594=FACE_BOUND('',#5259,.T.);
#5595=FACE_BOUND('',#5260,.T.);
#5596=FACE_BOUND('',#5261,.T.);
#5597=FACE_BOUND('',#5262,.T.);
#5598=FACE_BOUND('',#5263,.T.);
#5599=FACE_BOUND('',#5264,.T.);
#5600=FACE_BOUND('',#5265,.T.);
#5601=FACE_BOUND('',#5266,.T.);
#5602=FACE_BOUND('',#5267,.T.);
#5603=FACE_BOUND('',#5268,.T.);
#5604=FACE_BOUND('',#5269,.T.);
#5605=FACE_BOUND('',#5270,.T.);
#5606=FACE_BOUND('',#5271,.T.);
#5607=FACE_BOUND('',#5272,.T.);
#5608=FACE_BOUND('',#5273,.T.);
#5609=FACE_BOUND('',#5274,.T.);
#5610=FACE_BOUND('',#5275,.T.);
#5611=FACE_BOUND('',#5276,.T.);
#5612=FACE_BOUND('',#5277,.T.);
#5613=FACE_BOUND('',#5278,.T.);
#5614=FACE_BOUND('',#5279,.T.);
#5615=FACE_BOUND('',#5280,.T.);
#5616=FACE_BOUND('',#5281,.T.);
#5617=FACE_BOUND('',#5282,.T.);
#5618=FACE_BOUND('',#5283,.T.);
#5619=FACE_BOUND('',#5284,.T.);
#5620=FACE_BOUND('',#5285,.T.);
#5621=FACE_BOUND('',#5286,.T.);
#5622=FACE_BOUND('',#5287,.T.);
#5623=FACE_BOUND('',#5288,.T.);
#5624=FACE_BOUND('',#5289,.T.);
#5625=FACE_BOUND('',#5290,.T.);
#5626=FACE_BOUND('',#5291,.T.);
#5627=FACE_BOUND('',#5292,.T.);
#5628=FACE_BOUND('',#5293,.T.);
#5629=FACE_BOUND('',#5294,.T.);
#5630=FACE_BOUND('',#5295,.T.);
#5631=FACE_BOUND('',#5296,.T.);
#5632=FACE_BOUND('',#5297,.T.);
#5633=FACE_BOUND('',#5298,.T.);
#5634=FACE_BOUND('',#5299,.T.);
#5635=FACE_BOUND('',#5300,.T.);
#5636=FACE_BOUND('',#5301,.T.);
#5637=FACE_BOUND('',#5302,.T.);
#5638=FACE_BOUND('',#5303,.T.);
#5639=FACE_BOUND('',#5304,.T.);
#5640=FACE_BOUND('',#5305,.T.);
#5641=FACE_BOUND('',#5306,.T.);
#5642=FACE_BOUND('',#5307,.T.);
#5643=FACE_BOUND('',#5308,.T.);
#5644=FACE_BOUND('',#5309,.T.);
#5645=FACE_BOUND('',#5310,.T.);
#5646=FACE_BOUND('',#5311,.T.);
#5647=FACE_BOUND('',#5312,.T.);
#5648=FACE_BOUND('',#5313,.T.);
#5649=FACE_BOUND('',#5314,.T.);
#5650=FACE_BOUND('',#5315,.T.);
#5651=FACE_BOUND('',#5316,.T.);
#5652=FACE_BOUND('',#5317,.T.);
#5653=FACE_BOUND('',#5318,.T.);
#5654=FACE_BOUND('',#5319,.T.);
#5655=FACE_BOUND('',#5320,.T.);
#5656=FACE_BOUND('',#5321,.T.);
#5657=FACE_BOUND('',#5322,.T.);
#5658=FACE_BOUND('',#5323,.T.);
#5659=FACE_BOUND('',#5324,.T.);
#5660=FACE_BOUND('',#5325,.T.);
#5661=FACE_BOUND('',#5326,.T.);
#5662=FACE_BOUND('',#5327,.T.);
#5663=FACE_BOUND('',#5328,.T.);
#5664=FACE_BOUND('',#5329,.T.);
#5665=FACE_BOUND('',#5330,.T.);
#5666=FACE_BOUND('',#5331,.T.);
#5667=FACE_BOUND('',#5332,.T.);
#5668=FACE_BOUND('',#5333,.T.);
#5669=FACE_BOUND('',#5334,.T.);
#5670=FACE_BOUND('',#5335,.T.);
#5671=FACE_BOUND('',#5336,.T.);
#5672=FACE_BOUND('',#5337,.T.);
#5673=FACE_BOUND('',#5338,.T.);
#5674=FACE_BOUND('',#5339,.T.);
#5675=FACE_BOUND('',#5340,.T.);
#5676=FACE_BOUND('',#5341,.T.);
#5677=FACE_BOUND('',#5342,.T.);
#5678=FACE_BOUND('',#5343,.T.);
#5679=FACE_BOUND('',#5344,.T.);
#5680=FACE_BOUND('',#5345,.T.);
#5681=FACE_BOUND('',#5346,.T.);
#5682=FACE_BOUND('',#5347,.T.);
#5683=FACE_BOUND('',#5348,.T.);
#5684=FACE_BOUND('',#5349,.T.);
#5685=FACE_BOUND('',#5350,.T.);
#5686=FACE_BOUND('',#5351,.T.);
#5687=FACE_BOUND('',#5352,.T.);
#5688=FACE_BOUND('',#5353,.T.);
#5689=FACE_BOUND('',#5354,.T.);
#5690=FACE_BOUND('',#5355,.T.);
#5691=FACE_BOUND('',#5356,.T.);
#5692=FACE_BOUND('',#5357,.T.);
#5693=FACE_BOUND('',#5358,.T.);
#5694=FACE_BOUND('',#5359,.T.);
#5695=FACE_BOUND('',#5360,.T.);
#5696=FACE_BOUND('',#5361,.T.);
#5697=FACE_BOUND('',#5362,.T.);
#5698=FACE_BOUND('',#5363,.T.);
#5699=FACE_BOUND('',#5364,.T.);
#5700=FACE_BOUND('',#5365,.T.);
#5701=FACE_BOUND('',#5366,.T.);
#5702=FACE_BOUND('',#5367,.T.);
#5703=FACE_BOUND('',#5368,.T.);
#5704=FACE_BOUND('',#5369,.T.);
#5705=FACE_BOUND('',#5370,.T.);
#5706=FACE_BOUND('',#5371,.T.);
#5707=FACE_BOUND('',#5372,.T.);
#5708=FACE_BOUND('',#5373,.T.);
#5709=FACE_BOUND('',#5374,.T.);
#5710=FACE_BOUND('',#5375,.T.);
#5711=FACE_BOUND('',#5376,.T.);
#5712=FACE_BOUND('',#5377,.T.);
#5713=FACE_BOUND('',#5378,.T.);
#5714=FACE_BOUND('',#5379,.T.);
#5715=FACE_BOUND('',#5380,.T.);
#5716=FACE_BOUND('',#5381,.T.);
#5717=FACE_BOUND('',#5382,.T.);
#5718=FACE_BOUND('',#5383,.T.);
#5719=FACE_BOUND('',#5384,.T.);
#5720=FACE_BOUND('',#5385,.T.);
#5721=FACE_BOUND('',#5386,.T.);
#5722=FACE_BOUND('',#5387,.T.);
#5723=FACE_BOUND('',#5388,.T.);
#5724=FACE_BOUND('',#5389,.T.);
#5725=FACE_BOUND('',#5390,.T.);
#5726=FACE_BOUND('',#5391,.T.);
#5727=FACE_BOUND('',#5392,.T.);
#5728=FACE_BOUND('',#5393,.T.);
#5729=FACE_BOUND('',#5394,.T.);
#5730=FACE_BOUND('',#5395,.T.);
#5731=FACE_BOUND('',#5396,.T.);
#5732=FACE_BOUND('',#5397,.T.);
#5733=FACE_BOUND('',#5398,.T.);
#5734=FACE_BOUND('',#5399,.T.);
#5735=FACE_BOUND('',#5400,.T.);
#5736=FACE_BOUND('',#5401,.T.);
#5737=PLANE('',#7912);
#5738=PLANE('',#7925);
#5739=PLANE('',#7947);
#5740=PLANE('',#7948);
#5741=PLANE('',#7949);
#5742=PLANE('',#7950);
#5743=PLANE('',#7951);
#5744=PLANE('',#7952);
#5745=PLANE('',#7953);
#5746=PLANE('',#7954);
#5747=PLANE('',#7955);
#5748=PLANE('',#7956);
#5749=PLANE('',#7957);
#5750=PLANE('',#7958);
#5751=PLANE('',#7959);
#5752=PLANE('',#7960);
#5753=PLANE('',#7961);
#5754=PLANE('',#7962);
#5755=PLANE('',#7963);
#5756=PLANE('',#7964);
#5757=PLANE('',#7965);
#5758=PLANE('',#7966);
#5759=PLANE('',#7967);
#5760=PLANE('',#7968);
#5761=PLANE('',#7969);
#5762=PLANE('',#7970);
#5763=PLANE('',#7971);
#5764=PLANE('',#7972);
#5765=PLANE('',#7973);
#5766=PLANE('',#7974);
#5767=PLANE('',#7975);
#5768=PLANE('',#7976);
#5769=PLANE('',#7977);
#5770=PLANE('',#7978);
#5771=PLANE('',#7979);
#5772=PLANE('',#7980);
#5773=PLANE('',#7981);
#5774=PLANE('',#7985);
#5775=PLANE('',#7993);
#5776=PLANE('',#7996);
#5777=PLANE('',#8001);
#5778=PLANE('',#8002);
#5779=PLANE('',#8003);
#5780=PLANE('',#8004);
#5781=PLANE('',#8005);
#5782=PLANE('',#8006);
#5783=PLANE('',#8007);
#5784=PLANE('',#8008);
#5785=PLANE('',#8009);
#5786=PLANE('',#8010);
#5787=PLANE('',#8011);
#5788=PLANE('',#8016);
#5789=PLANE('',#8021);
#5790=PLANE('',#8024);
#5791=PLANE('',#8025);
#5792=PLANE('',#8026);
#5793=PLANE('',#8027);
#5794=PLANE('',#8028);
#5795=PLANE('',#8029);
#5796=PLANE('',#8038);
#5797=PLANE('',#8039);
#5798=PLANE('',#8040);
#5799=PLANE('',#8041);
#5800=PLANE('',#8042);
#5801=PLANE('',#8045);
#5802=PLANE('',#8046);
#5803=PLANE('',#8049);
#5804=PLANE('',#8050);
#5805=PLANE('',#8057);
#5806=PLANE('',#8062);
#5807=PLANE('',#8065);
#5808=PLANE('',#8066);
#5809=PLANE('',#8067);
#5810=PLANE('',#8068);
#5811=PLANE('',#8069);
#5812=PLANE('',#8070);
#5813=PLANE('',#8073);
#5814=PLANE('',#8074);
#5815=PLANE('',#8075);
#5816=PLANE('',#8078);
#5817=PLANE('',#8082);
#5818=PLANE('',#8083);
#5819=PLANE('',#8084);
#5820=PLANE('',#8085);
#5821=PLANE('',#8086);
#5822=PLANE('',#8087);
#5823=PLANE('',#8088);
#5824=PLANE('',#8089);
#5825=PLANE('',#8090);
#5826=PLANE('',#8091);
#5827=PLANE('',#8092);
#5828=PLANE('',#8095);
#5829=PLANE('',#8096);
#5830=PLANE('',#8099);
#5831=PLANE('',#8100);
#5832=PLANE('',#8101);
#5833=PLANE('',#8102);
#5834=PLANE('',#8103);
#5835=PLANE('',#8104);
#5836=PLANE('',#8115);
#5837=PLANE('',#8116);
#5838=PLANE('',#8117);
#5839=PLANE('',#8118);
#5840=PLANE('',#8119);
#5841=PLANE('',#8122);
#5842=PLANE('',#8123);
#5843=PLANE('',#8126);
#5844=PLANE('',#8127);
#5845=PLANE('',#8128);
#5846=PLANE('',#8129);
#5847=PLANE('',#8130);
#5848=PLANE('',#8131);
#5849=PLANE('',#8134);
#5850=PLANE('',#8135);
#5851=PLANE('',#8136);
#5852=PLANE('',#8137);
#5853=PLANE('',#8138);
#5854=PLANE('',#8139);
#5855=PLANE('',#8140);
#5856=PLANE('',#8141);
#5857=PLANE('',#8142);
#5858=PLANE('',#8143);
#5859=PLANE('',#8144);
#5860=PLANE('',#8147);
#5861=PLANE('',#8148);
#5862=PLANE('',#8149);
#5863=PLANE('',#8150);
#5864=PLANE('',#8155);
#5865=PLANE('',#8156);
#5866=PLANE('',#8157);
#5867=PLANE('',#8158);
#5868=PLANE('',#8159);
#5869=PLANE('',#8160);
#5870=PLANE('',#8163);
#5871=PLANE('',#8164);
#5872=PLANE('',#8165);
#5873=PLANE('',#8168);
#5874=ADVANCED_FACE('',(#5402,#5403,#5404,#5405,#5406,#5407,#5408,#5409,
#5410),#5737,.T.);
#5875=ADVANCED_FACE('',(#5411,#5412,#5413,#5414,#5415,#5416,#5417,#5418,
#5419),#5738,.F.);
#5876=ADVANCED_FACE('',(#5420),#5739,.T.);
#5877=ADVANCED_FACE('',(#5421),#5740,.F.);
#5878=ADVANCED_FACE('',(#5422),#5741,.T.);
#5879=ADVANCED_FACE('',(#5423),#5742,.T.);
#5880=ADVANCED_FACE('',(#5424),#5743,.F.);
#5881=ADVANCED_FACE('',(#5425,#5426),#5744,.T.);
#5882=ADVANCED_FACE('',(#5427),#5745,.T.);
#5883=ADVANCED_FACE('',(#5428),#5746,.F.);
#5884=ADVANCED_FACE('',(#5429),#5747,.F.);
#5885=ADVANCED_FACE('',(#5430),#5748,.F.);
#5886=ADVANCED_FACE('',(#5431),#5749,.T.);
#5887=ADVANCED_FACE('',(#5432),#5750,.T.);
#5888=ADVANCED_FACE('',(#5433),#5751,.F.);
#5889=ADVANCED_FACE('',(#5434),#5752,.F.);
#5890=ADVANCED_FACE('',(#5435),#5753,.T.);
#5891=ADVANCED_FACE('',(#5436),#5754,.T.);
#5892=ADVANCED_FACE('',(#5437),#5755,.T.);
#5893=ADVANCED_FACE('',(#5438),#5756,.T.);
#5894=ADVANCED_FACE('',(#5439),#5757,.T.);
#5895=ADVANCED_FACE('',(#5440),#5758,.T.);
#5896=ADVANCED_FACE('',(#5441),#5759,.F.);
#5897=ADVANCED_FACE('',(#5442),#5760,.T.);
#5898=ADVANCED_FACE('',(#5443),#5761,.T.);
#5899=ADVANCED_FACE('Face appearance 2',(#5444),#5762,.T.);
#5900=ADVANCED_FACE('Face appearance 2',(#5445),#5763,.T.);
#5901=ADVANCED_FACE('Face appearance 2',(#5446),#5764,.T.);
#5902=ADVANCED_FACE('Face appearance 2',(#5447),#5765,.T.);
#5903=ADVANCED_FACE('Face appearance 2',(#5448),#5766,.T.);
#5904=ADVANCED_FACE('Face appearance 2',(#5449),#5767,.T.);
#5905=ADVANCED_FACE('Face appearance 2',(#5450),#5768,.T.);
#5906=ADVANCED_FACE('Face appearance 2',(#5451),#5769,.T.);
#5907=ADVANCED_FACE('Face appearance 2',(#5452),#5770,.T.);
#5908=ADVANCED_FACE('Face appearance 2',(#5453),#5771,.T.);
#5909=ADVANCED_FACE('Face appearance 2',(#5454),#5772,.T.);
#5910=ADVANCED_FACE('Face appearance 2',(#5455),#5773,.T.);
#5911=ADVANCED_FACE('Face appearance 2',(#5456),#149,.F.);
#5912=ADVANCED_FACE('Face appearance 2',(#5457),#5774,.T.);
#5913=ADVANCED_FACE('Face appearance 2',(#5458),#12,.T.);
#5914=ADVANCED_FACE('Face appearance 2',(#5459),#150,.F.);
#5915=ADVANCED_FACE('Face appearance 2',(#5460),#13,.T.);
#5916=ADVANCED_FACE('Face appearance 2',(#5461),#14,.T.);
#5917=ADVANCED_FACE('Face appearance 2',(#5462),#15,.T.);
#5918=ADVANCED_FACE('Face appearance 2',(#5463),#151,.T.);
#5919=ADVANCED_FACE('Face appearance 2',(#5464),#16,.T.);
#5920=ADVANCED_FACE('Face appearance 2',(#5465),#152,.T.);
#5921=ADVANCED_FACE('Face appearance 2',(#5466),#17,.T.);
#5922=ADVANCED_FACE('Face appearance 2',(#5467),#18,.T.);
#5923=ADVANCED_FACE('Face appearance 2',(#5468),#19,.T.);
#5924=ADVANCED_FACE('Face appearance 2',(#5469),#20,.T.);
#5925=ADVANCED_FACE('Face appearance 2',(#5470),#5775,.T.);
#5926=ADVANCED_FACE('Face appearance 2',(#5471),#21,.T.);
#5927=ADVANCED_FACE('Face appearance 2',(#5472),#22,.T.);
#5928=ADVANCED_FACE('Face appearance 2',(#5473),#23,.T.);
#5929=ADVANCED_FACE('Face appearance 2',(#5474),#153,.F.);
#5930=ADVANCED_FACE('Face appearance 2',(#5475),#5776,.T.);
#5931=ADVANCED_FACE('Face appearance 2',(#5476),#154,.T.);
#5932=ADVANCED_FACE('Face appearance 2',(#5477),#155,.T.);
#5933=ADVANCED_FACE('Face appearance 2',(#5478),#24,.T.);
#5934=ADVANCED_FACE('Face appearance 2',(#5479),#25,.T.);
#5935=ADVANCED_FACE('Face appearance 2',(#5480,#5481),#5777,.T.);
#5936=ADVANCED_FACE('',(#5482),#5778,.F.);
#5937=ADVANCED_FACE('Face appearance 2',(#5483),#5779,.T.);
#5938=ADVANCED_FACE('Face appearance 2',(#5484),#5780,.T.);
#5939=ADVANCED_FACE('Face appearance 2',(#5485),#5781,.T.);
#5940=ADVANCED_FACE('Face appearance 2',(#5486),#5782,.T.);
#5941=ADVANCED_FACE('Face appearance 2',(#5487),#5783,.T.);
#5942=ADVANCED_FACE('Face appearance 2',(#5488),#5784,.T.);
#5943=ADVANCED_FACE('Face appearance 2',(#5489),#5785,.T.);
#5944=ADVANCED_FACE('Face appearance 2',(#5490),#5786,.T.);
#5945=ADVANCED_FACE('Face appearance 2',(#5491),#5787,.T.);
#5946=ADVANCED_FACE('Face appearance 2',(#5492),#26,.T.);
#5947=ADVANCED_FACE('Face appearance 2',(#5493),#27,.T.);
#5948=ADVANCED_FACE('Face appearance 2',(#5494),#28,.T.);
#5949=ADVANCED_FACE('Face appearance 2',(#5495),#29,.T.);
#5950=ADVANCED_FACE('Face appearance 2',(#5496),#30,.T.);
#5951=ADVANCED_FACE('Face appearance 2',(#5497),#156,.T.);
#5952=ADVANCED_FACE('Face appearance 2',(#5498),#31,.T.);
#5953=ADVANCED_FACE('Face appearance 2',(#5499),#32,.T.);
#5954=ADVANCED_FACE('Face appearance 2',(#5500),#33,.T.);
#5955=ADVANCED_FACE('Face appearance 2',(#5501),#34,.T.);
#5956=ADVANCED_FACE('Face appearance 2',(#5502),#35,.T.);
#5957=ADVANCED_FACE('Face appearance 2',(#5503),#36,.T.);
#5958=ADVANCED_FACE('Face appearance 2',(#5504),#37,.T.);
#5959=ADVANCED_FACE('Face appearance 2',(#5505),#157,.F.);
#5960=ADVANCED_FACE('Face appearance 2',(#5506),#5788,.T.);
#5961=ADVANCED_FACE('Face appearance 2',(#5507),#158,.T.);
#5962=ADVANCED_FACE('Face appearance 2',(#5508),#38,.T.);
#5963=ADVANCED_FACE('Face appearance 2',(#5509),#39,.T.);
#5964=ADVANCED_FACE('Face appearance 2',(#5510),#40,.T.);
#5965=ADVANCED_FACE('Face appearance 2',(#5511),#41,.T.);
#5966=ADVANCED_FACE('Face appearance 2',(#5512),#42,.T.);
#5967=ADVANCED_FACE('Face appearance 2',(#5513),#43,.T.);
#5968=ADVANCED_FACE('Face appearance 2',(#5514),#44,.T.);
#5969=ADVANCED_FACE('Face appearance 2',(#5515),#159,.T.);
#5970=ADVANCED_FACE('Face appearance 2',(#5516),#45,.T.);
#5971=ADVANCED_FACE('Face appearance 2',(#5517),#46,.T.);
#5972=ADVANCED_FACE('Face appearance 2',(#5518),#47,.T.);
#5973=ADVANCED_FACE('Face appearance 2',(#5519),#48,.T.);
#5974=ADVANCED_FACE('Face appearance 2',(#5520),#49,.T.);
#5975=ADVANCED_FACE('Face appearance 2',(#5521),#50,.T.);
#5976=ADVANCED_FACE('Face appearance 2',(#5522),#51,.T.);
#5977=ADVANCED_FACE('Face appearance 2',(#5523),#5789,.T.);
#5978=ADVANCED_FACE('Face appearance 2',(#5524),#160,.T.);
#5979=ADVANCED_FACE('Face appearance 2',(#5525),#52,.T.);
#5980=ADVANCED_FACE('Face appearance 2',(#5526),#5790,.T.);
#5981=ADVANCED_FACE('Face appearance 2',(#5527),#5791,.T.);
#5982=ADVANCED_FACE('Face appearance 2',(#5528),#5792,.T.);
#5983=ADVANCED_FACE('Face appearance 2',(#5529),#5793,.T.);
#5984=ADVANCED_FACE('Face appearance 2',(#5530),#5794,.T.);
#5985=ADVANCED_FACE('Face appearance 2',(#5531),#5795,.T.);
#5986=ADVANCED_FACE('Face appearance 2',(#5532),#161,.F.);
#5987=ADVANCED_FACE('Face appearance 2',(#5533),#53,.T.);
#5988=ADVANCED_FACE('Face appearance 2',(#5534),#54,.T.);
#5989=ADVANCED_FACE('Face appearance 2',(#5535),#55,.T.);
#5990=ADVANCED_FACE('Face appearance 2',(#5536),#56,.T.);
#5991=ADVANCED_FACE('Face appearance 2',(#5537),#162,.F.);
#5992=ADVANCED_FACE('Face appearance 2',(#5538),#57,.T.);
#5993=ADVANCED_FACE('Face appearance 2',(#5539),#58,.T.);
#5994=ADVANCED_FACE('Face appearance 2',(#5540),#59,.T.);
#5995=ADVANCED_FACE('Face appearance 2',(#5541),#60,.T.);
#5996=ADVANCED_FACE('Face appearance 2',(#5542),#163,.T.);
#5997=ADVANCED_FACE('Face appearance 2',(#5543),#61,.T.);
#5998=ADVANCED_FACE('Face appearance 2',(#5544),#62,.T.);
#5999=ADVANCED_FACE('Face appearance 2',(#5545),#63,.T.);
#6000=ADVANCED_FACE('Face appearance 2',(#5546),#64,.T.);
#6001=ADVANCED_FACE('Face appearance 2',(#5547),#65,.T.);
#6002=ADVANCED_FACE('Face appearance 2',(#5548),#5796,.T.);
#6003=ADVANCED_FACE('Face appearance 2',(#5549),#5797,.T.);
#6004=ADVANCED_FACE('Face appearance 2',(#5550),#5798,.T.);
#6005=ADVANCED_FACE('Face appearance 2',(#5551),#5799,.T.);
#6006=ADVANCED_FACE('Face appearance 2',(#5552),#5800,.T.);
#6007=ADVANCED_FACE('Face appearance 2',(#5553),#66,.T.);
#6008=ADVANCED_FACE('Face appearance 2',(#5554),#67,.T.);
#6009=ADVANCED_FACE('Face appearance 2',(#5555),#164,.T.);
#6010=ADVANCED_FACE('Face appearance 2',(#5556),#68,.T.);
#6011=ADVANCED_FACE('Face appearance 2',(#5557),#69,.T.);
#6012=ADVANCED_FACE('Face appearance 2',(#5558,#5559),#5801,.T.);
#6013=ADVANCED_FACE('',(#5560),#5802,.F.);
#6014=ADVANCED_FACE('Face appearance 2',(#5561),#70,.T.);
#6015=ADVANCED_FACE('Face appearance 2',(#5562),#71,.T.);
#6016=ADVANCED_FACE('Face appearance 2',(#5563),#72,.T.);
#6017=ADVANCED_FACE('Face appearance 2',(#5564),#73,.T.);
#6018=ADVANCED_FACE('Face appearance 2',(#5565),#74,.T.);
#6019=ADVANCED_FACE('Face appearance 2',(#5566),#165,.T.);
#6020=ADVANCED_FACE('Face appearance 2',(#5567),#75,.T.);
#6021=ADVANCED_FACE('Face appearance 2',(#5568),#76,.T.);
#6022=ADVANCED_FACE('Face appearance 2',(#5569),#77,.T.);
#6023=ADVANCED_FACE('Face appearance 2',(#5570),#78,.T.);
#6024=ADVANCED_FACE('Face appearance 2',(#5571),#79,.T.);
#6025=ADVANCED_FACE('Face appearance 2',(#5572),#80,.T.);
#6026=ADVANCED_FACE('Face appearance 2',(#5573),#81,.T.);
#6027=ADVANCED_FACE('Face appearance 2',(#5574),#5803,.T.);
#6028=ADVANCED_FACE('Face appearance 2',(#5575),#5804,.T.);
#6029=ADVANCED_FACE('Face appearance 2',(#5576),#166,.T.);
#6030=ADVANCED_FACE('Face appearance 2',(#5577),#82,.T.);
#6031=ADVANCED_FACE('Face appearance 2',(#5578),#83,.T.);
#6032=ADVANCED_FACE('Face appearance 2',(#5579),#84,.T.);
#6033=ADVANCED_FACE('Face appearance 2',(#5580),#85,.T.);
#6034=ADVANCED_FACE('Face appearance 2',(#5581),#167,.T.);
#6035=ADVANCED_FACE('Face appearance 2',(#5582),#86,.T.);
#6036=ADVANCED_FACE('Face appearance 2',(#5583),#168,.T.);
#6037=ADVANCED_FACE('Face appearance 2',(#5584),#87,.T.);
#6038=ADVANCED_FACE('Face appearance 2',(#5585),#88,.T.);
#6039=ADVANCED_FACE('Face appearance 2',(#5586),#89,.T.);
#6040=ADVANCED_FACE('Face appearance 2',(#5587),#90,.T.);
#6041=ADVANCED_FACE('Face appearance 2',(#5588),#91,.T.);
#6042=ADVANCED_FACE('Face appearance 2',(#5589),#92,.T.);
#6043=ADVANCED_FACE('Face appearance 2',(#5590),#93,.T.);
#6044=ADVANCED_FACE('Face appearance 2',(#5591),#5805,.T.);
#6045=ADVANCED_FACE('Face appearance 2',(#5592),#169,.T.);
#6046=ADVANCED_FACE('Face appearance 2',(#5593),#170,.T.);
#6047=ADVANCED_FACE('Face appearance 2',(#5594),#94,.T.);
#6048=ADVANCED_FACE('Face appearance 2',(#5595),#5806,.T.);
#6049=ADVANCED_FACE('Face appearance 2',(#5596),#95,.T.);
#6050=ADVANCED_FACE('Face appearance 2',(#5597),#171,.T.);
#6051=ADVANCED_FACE('Face appearance 2',(#5598),#96,.T.);
#6052=ADVANCED_FACE('Face appearance 2',(#5599),#5807,.T.);
#6053=ADVANCED_FACE('Face appearance 2',(#5600),#5808,.T.);
#6054=ADVANCED_FACE('Face appearance 2',(#5601),#5809,.T.);
#6055=ADVANCED_FACE('Face appearance 2',(#5602),#5810,.T.);
#6056=ADVANCED_FACE('Face appearance 2',(#5603),#5811,.T.);
#6057=ADVANCED_FACE('Face appearance 2',(#5604),#5812,.T.);
#6058=ADVANCED_FACE('Face appearance 2',(#5605),#97,.T.);
#6059=ADVANCED_FACE('Face appearance 2',(#5606),#98,.T.);
#6060=ADVANCED_FACE('Face appearance 2',(#5607),#99,.T.);
#6061=ADVANCED_FACE('Face appearance 2',(#5608),#100,.T.);
#6062=ADVANCED_FACE('Face appearance 2',(#5609),#172,.F.);
#6063=ADVANCED_FACE('Face appearance 2',(#5610),#5813,.T.);
#6064=ADVANCED_FACE('Face appearance 2',(#5611),#5814,.T.);
#6065=ADVANCED_FACE('Face appearance 2',(#5612),#5815,.T.);
#6066=ADVANCED_FACE('Face appearance 2',(#5613),#173,.T.);
#6067=ADVANCED_FACE('Face appearance 2',(#5614),#101,.T.);
#6068=ADVANCED_FACE('Face appearance 2',(#5615),#5816,.T.);
#6069=ADVANCED_FACE('Face appearance 3',(#5616),#174,.F.);
#6070=ADVANCED_FACE('Face appearance 3',(#5617),#102,.T.);
#6071=ADVANCED_FACE('Face appearance 3',(#5618),#103,.T.);
#6072=ADVANCED_FACE('Face appearance 3',(#5619),#5817,.T.);
#6073=ADVANCED_FACE('Face appearance 3',(#5620),#5818,.T.);
#6074=ADVANCED_FACE('Face appearance 3',(#5621),#5819,.T.);
#6075=ADVANCED_FACE('Face appearance 3',(#5622),#104,.T.);
#6076=ADVANCED_FACE('Face appearance 3',(#5623),#105,.T.);
#6077=ADVANCED_FACE('Face appearance 3',(#5624),#5820,.T.);
#6078=ADVANCED_FACE('Face appearance 3',(#5625),#5821,.T.);
#6079=ADVANCED_FACE('Face appearance 3',(#5626),#5822,.T.);
#6080=ADVANCED_FACE('Face appearance 3',(#5627),#5823,.T.);
#6081=ADVANCED_FACE('Face appearance 3',(#5628),#5824,.T.);
#6082=ADVANCED_FACE('Face appearance 3',(#5629),#5825,.T.);
#6083=ADVANCED_FACE('Face appearance 3',(#5630),#5826,.T.);
#6084=ADVANCED_FACE('Face appearance 3',(#5631),#5827,.T.);
#6085=ADVANCED_FACE('Face appearance 3',(#5632),#106,.T.);
#6086=ADVANCED_FACE('Face appearance 3',(#5633),#107,.T.);
#6087=ADVANCED_FACE('Face appearance 3',(#5634),#175,.T.);
#6088=ADVANCED_FACE('Face appearance 3',(#5635),#108,.T.);
#6089=ADVANCED_FACE('Face appearance 3',(#5636),#109,.T.);
#6090=ADVANCED_FACE('Face appearance 3',(#5637,#5638),#5828,.T.);
#6091=ADVANCED_FACE('',(#5639),#5829,.T.);
#6092=ADVANCED_FACE('Face appearance 3',(#5640),#110,.T.);
#6093=ADVANCED_FACE('Face appearance 3',(#5641),#111,.T.);
#6094=ADVANCED_FACE('Face appearance 3',(#5642),#112,.T.);
#6095=ADVANCED_FACE('Face appearance 3',(#5643),#113,.T.);
#6096=ADVANCED_FACE('Face appearance 3',(#5644),#114,.T.);
#6097=ADVANCED_FACE('Face appearance 3',(#5645),#115,.T.);
#6098=ADVANCED_FACE('Face appearance 3',(#5646),#116,.T.);
#6099=ADVANCED_FACE('Face appearance 3',(#5647),#176,.T.);
#6100=ADVANCED_FACE('Face appearance 3',(#5648),#5830,.T.);
#6101=ADVANCED_FACE('Face appearance 3',(#5649),#5831,.T.);
#6102=ADVANCED_FACE('Face appearance 3',(#5650),#5832,.T.);
#6103=ADVANCED_FACE('Face appearance 3',(#5651),#5833,.T.);
#6104=ADVANCED_FACE('Face appearance 3',(#5652),#5834,.T.);
#6105=ADVANCED_FACE('Face appearance 3',(#5653),#5835,.T.);
#6106=ADVANCED_FACE('Face appearance 3',(#5654),#177,.F.);
#6107=ADVANCED_FACE('Face appearance 3',(#5655),#117,.T.);
#6108=ADVANCED_FACE('Face appearance 3',(#5656),#118,.T.);
#6109=ADVANCED_FACE('Face appearance 3',(#5657),#119,.T.);
#6110=ADVANCED_FACE('Face appearance 3',(#5658),#120,.T.);
#6111=ADVANCED_FACE('Face appearance 3',(#5659),#178,.F.);
#6112=ADVANCED_FACE('Face appearance 3',(#5660),#121,.T.);
#6113=ADVANCED_FACE('Face appearance 3',(#5661),#122,.T.);
#6114=ADVANCED_FACE('Face appearance 3',(#5662),#123,.T.);
#6115=ADVANCED_FACE('Face appearance 3',(#5663),#124,.T.);
#6116=ADVANCED_FACE('Face appearance 3',(#5664),#179,.T.);
#6117=ADVANCED_FACE('Face appearance 3',(#5665),#125,.T.);
#6118=ADVANCED_FACE('Face appearance 3',(#5666),#126,.T.);
#6119=ADVANCED_FACE('Face appearance 3',(#5667),#127,.T.);
#6120=ADVANCED_FACE('Face appearance 3',(#5668),#128,.T.);
#6121=ADVANCED_FACE('Face appearance 3',(#5669),#180,.T.);
#6122=ADVANCED_FACE('Face appearance 3',(#5670),#5836,.T.);
#6123=ADVANCED_FACE('Face appearance 3',(#5671),#5837,.T.);
#6124=ADVANCED_FACE('Face appearance 3',(#5672),#5838,.T.);
#6125=ADVANCED_FACE('Face appearance 3',(#5673),#5839,.T.);
#6126=ADVANCED_FACE('Face appearance 3',(#5674),#5840,.T.);
#6127=ADVANCED_FACE('Face appearance 3',(#5675),#129,.T.);
#6128=ADVANCED_FACE('Face appearance 3',(#5676),#130,.T.);
#6129=ADVANCED_FACE('Face appearance 3',(#5677),#181,.T.);
#6130=ADVANCED_FACE('Face appearance 3',(#5678),#131,.T.);
#6131=ADVANCED_FACE('Face appearance 3',(#5679),#132,.T.);
#6132=ADVANCED_FACE('Face appearance 3',(#5680,#5681),#5841,.T.);
#6133=ADVANCED_FACE('',(#5682),#5842,.T.);
#6134=ADVANCED_FACE('Face appearance 3',(#5683),#133,.T.);
#6135=ADVANCED_FACE('Face appearance 3',(#5684),#134,.T.);
#6136=ADVANCED_FACE('Face appearance 3',(#5685),#135,.T.);
#6137=ADVANCED_FACE('Face appearance 3',(#5686),#136,.T.);
#6138=ADVANCED_FACE('Face appearance 3',(#5687),#137,.T.);
#6139=ADVANCED_FACE('Face appearance 3',(#5688),#138,.T.);
#6140=ADVANCED_FACE('Face appearance 3',(#5689),#139,.T.);
#6141=ADVANCED_FACE('Face appearance 3',(#5690),#182,.T.);
#6142=ADVANCED_FACE('Face appearance 3',(#5691),#5843,.T.);
#6143=ADVANCED_FACE('Face appearance 3',(#5692),#5844,.T.);
#6144=ADVANCED_FACE('Face appearance 3',(#5693),#5845,.T.);
#6145=ADVANCED_FACE('Face appearance 3',(#5694),#5846,.T.);
#6146=ADVANCED_FACE('Face appearance 3',(#5695),#5847,.T.);
#6147=ADVANCED_FACE('Face appearance 3',(#5696),#5848,.T.);
#6148=ADVANCED_FACE('Face appearance 3',(#5697),#183,.F.);
#6149=ADVANCED_FACE('Face appearance 3',(#5698),#5849,.T.);
#6150=ADVANCED_FACE('Face appearance 3',(#5699),#5850,.T.);
#6151=ADVANCED_FACE('Face appearance 3',(#5700),#5851,.T.);
#6152=ADVANCED_FACE('Face appearance 3',(#5701),#5852,.T.);
#6153=ADVANCED_FACE('Face appearance 3',(#5702),#5853,.T.);
#6154=ADVANCED_FACE('Face appearance 3',(#5703),#5854,.T.);
#6155=ADVANCED_FACE('Face appearance 3',(#5704),#5855,.T.);
#6156=ADVANCED_FACE('Face appearance 3',(#5705),#5856,.T.);
#6157=ADVANCED_FACE('Face appearance 3',(#5706),#5857,.T.);
#6158=ADVANCED_FACE('Face appearance 3',(#5707),#5858,.T.);
#6159=ADVANCED_FACE('Face appearance 3',(#5708),#5859,.T.);
#6160=ADVANCED_FACE('Face appearance 3',(#5709),#184,.T.);
#6161=ADVANCED_FACE('Face appearance 3',(#5710),#140,.T.);
#6162=ADVANCED_FACE('Face appearance 3',(#5711),#5860,.T.);
#6163=ADVANCED_FACE('Face appearance 3',(#5712),#5861,.T.);
#6164=ADVANCED_FACE('Face appearance 3',(#5713),#5862,.T.);
#6165=ADVANCED_FACE('Face appearance 3',(#5714),#141,.T.);
#6166=ADVANCED_FACE('Face appearance 3',(#5715),#142,.T.);
#6167=ADVANCED_FACE('Face appearance 3',(#5716),#5863,.T.);
#6168=ADVANCED_FACE('Face appearance 3',(#5717),#143,.T.);
#6169=ADVANCED_FACE('Face appearance 3',(#5718),#185,.T.);
#6170=ADVANCED_FACE('Face appearance 3',(#5719),#186,.T.);
#6171=ADVANCED_FACE('Face appearance 3',(#5720),#5864,.T.);
#6172=ADVANCED_FACE('Face appearance 3',(#5721),#5865,.T.);
#6173=ADVANCED_FACE('Face appearance 3',(#5722),#5866,.T.);
#6174=ADVANCED_FACE('Face appearance 3',(#5723),#5867,.T.);
#6175=ADVANCED_FACE('Face appearance 3',(#5724),#5868,.T.);
#6176=ADVANCED_FACE('Face appearance 3',(#5725),#5869,.T.);
#6177=ADVANCED_FACE('Face appearance 3',(#5726),#144,.T.);
#6178=ADVANCED_FACE('Face appearance 3',(#5727),#145,.T.);
#6179=ADVANCED_FACE('Face appearance 3',(#5728),#146,.T.);
#6180=ADVANCED_FACE('Face appearance 3',(#5729),#147,.T.);
#6181=ADVANCED_FACE('Face appearance 3',(#5730),#187,.F.);
#6182=ADVANCED_FACE('Face appearance 3',(#5731),#5870,.T.);
#6183=ADVANCED_FACE('Face appearance 3',(#5732),#5871,.T.);
#6184=ADVANCED_FACE('Face appearance 3',(#5733),#5872,.T.);
#6185=ADVANCED_FACE('Face appearance 3',(#5734),#188,.T.);
#6186=ADVANCED_FACE('Face appearance 3',(#5735),#148,.T.);
#6187=ADVANCED_FACE('Face appearance 3',(#5736),#5873,.T.);
#6188=CLOSED_SHELL('',(#5874,#5875,#5876,#5877,#5878,#5879,#5880,#5881,
#5882,#5883,#5884,#5885,#5886,#5887,#5888,#5889,#5890,#5891,#5892,#5893,
#5894,#5895,#5896,#5897,#5898,#5899,#5900,#5901,#5902,#5903,#5904,#5905,
#5906,#5907,#5908,#5909,#5910,#5911,#5912,#5913,#5914,#5915,#5916,#5917,
#5918,#5919,#5920,#5921,#5922,#5923,#5924,#5925,#5926,#5927,#5928,#5929,
#5930,#5931,#5932,#5933,#5934,#5935,#5936,#5937,#5938,#5939,#5940,#5941,
#5942,#5943,#5944,#5945,#5946,#5947,#5948,#5949,#5950,#5951,#5952,#5953,
#5954,#5955,#5956,#5957,#5958,#5959,#5960,#5961,#5962,#5963,#5964,#5965,
#5966,#5967,#5968,#5969,#5970,#5971,#5972,#5973,#5974,#5975,#5976,#5977,
#5978,#5979,#5980,#5981,#5982,#5983,#5984,#5985,#5986,#5987,#5988,#5989,
#5990,#5991,#5992,#5993,#5994,#5995,#5996,#5997,#5998,#5999,#6000,#6001,
#6002,#6003,#6004,#6005,#6006,#6007,#6008,#6009,#6010,#6011,#6012,#6013,
#6014,#6015,#6016,#6017,#6018,#6019,#6020,#6021,#6022,#6023,#6024,#6025,
#6026,#6027,#6028,#6029,#6030,#6031,#6032,#6033,#6034,#6035,#6036,#6037,
#6038,#6039,#6040,#6041,#6042,#6043,#6044,#6045,#6046,#6047,#6048,#6049,
#6050,#6051,#6052,#6053,#6054,#6055,#6056,#6057,#6058,#6059,#6060,#6061,
#6062,#6063,#6064,#6065,#6066,#6067,#6068,#6069,#6070,#6071,#6072,#6073,
#6074,#6075,#6076,#6077,#6078,#6079,#6080,#6081,#6082,#6083,#6084,#6085,
#6086,#6087,#6088,#6089,#6090,#6091,#6092,#6093,#6094,#6095,#6096,#6097,
#6098,#6099,#6100,#6101,#6102,#6103,#6104,#6105,#6106,#6107,#6108,#6109,
#6110,#6111,#6112,#6113,#6114,#6115,#6116,#6117,#6118,#6119,#6120,#6121,
#6122,#6123,#6124,#6125,#6126,#6127,#6128,#6129,#6130,#6131,#6132,#6133,
#6134,#6135,#6136,#6137,#6138,#6139,#6140,#6141,#6142,#6143,#6144,#6145,
#6146,#6147,#6148,#6149,#6150,#6151,#6152,#6153,#6154,#6155,#6156,#6157,
#6158,#6159,#6160,#6161,#6162,#6163,#6164,#6165,#6166,#6167,#6168,#6169,
#6170,#6171,#6172,#6173,#6174,#6175,#6176,#6177,#6178,#6179,#6180,#6181,
#6182,#6183,#6184,#6185,#6186,#6187));
#6189=STYLED_ITEM('',(#6190),#7908);
#6190=PRESENTATION_STYLE_ASSIGNMENT((#6476));
#6191=PRESENTATION_STYLE_ASSIGNMENT((#6477));
#6192=PRESENTATION_STYLE_ASSIGNMENT((#6478));
#6193=PRESENTATION_STYLE_ASSIGNMENT((#6479));
#6194=PRESENTATION_STYLE_ASSIGNMENT((#6480));
#6195=PRESENTATION_STYLE_ASSIGNMENT((#6481));
#6196=PRESENTATION_STYLE_ASSIGNMENT((#6482));
#6197=PRESENTATION_STYLE_ASSIGNMENT((#6483));
#6198=PRESENTATION_STYLE_ASSIGNMENT((#6484));
#6199=PRESENTATION_STYLE_ASSIGNMENT((#6485));
#6200=PRESENTATION_STYLE_ASSIGNMENT((#6486));
#6201=PRESENTATION_STYLE_ASSIGNMENT((#6487));
#6202=PRESENTATION_STYLE_ASSIGNMENT((#6488));
#6203=PRESENTATION_STYLE_ASSIGNMENT((#6489));
#6204=PRESENTATION_STYLE_ASSIGNMENT((#6490));
#6205=PRESENTATION_STYLE_ASSIGNMENT((#6491));
#6206=PRESENTATION_STYLE_ASSIGNMENT((#6492));
#6207=PRESENTATION_STYLE_ASSIGNMENT((#6493));
#6208=PRESENTATION_STYLE_ASSIGNMENT((#6494));
#6209=PRESENTATION_STYLE_ASSIGNMENT((#6495));
#6210=PRESENTATION_STYLE_ASSIGNMENT((#6496));
#6211=PRESENTATION_STYLE_ASSIGNMENT((#6497));
#6212=PRESENTATION_STYLE_ASSIGNMENT((#6498));
#6213=PRESENTATION_STYLE_ASSIGNMENT((#6499));
#6214=PRESENTATION_STYLE_ASSIGNMENT((#6500));
#6215=PRESENTATION_STYLE_ASSIGNMENT((#6501));
#6216=PRESENTATION_STYLE_ASSIGNMENT((#6502));
#6217=PRESENTATION_STYLE_ASSIGNMENT((#6503));
#6218=PRESENTATION_STYLE_ASSIGNMENT((#6504));
#6219=PRESENTATION_STYLE_ASSIGNMENT((#6505));
#6220=PRESENTATION_STYLE_ASSIGNMENT((#6506));
#6221=PRESENTATION_STYLE_ASSIGNMENT((#6507));
#6222=PRESENTATION_STYLE_ASSIGNMENT((#6508));
#6223=PRESENTATION_STYLE_ASSIGNMENT((#6509));
#6224=PRESENTATION_STYLE_ASSIGNMENT((#6510));
#6225=PRESENTATION_STYLE_ASSIGNMENT((#6511));
#6226=PRESENTATION_STYLE_ASSIGNMENT((#6512));
#6227=PRESENTATION_STYLE_ASSIGNMENT((#6513));
#6228=PRESENTATION_STYLE_ASSIGNMENT((#6514));
#6229=PRESENTATION_STYLE_ASSIGNMENT((#6515));
#6230=PRESENTATION_STYLE_ASSIGNMENT((#6516));
#6231=PRESENTATION_STYLE_ASSIGNMENT((#6517));
#6232=PRESENTATION_STYLE_ASSIGNMENT((#6518));
#6233=PRESENTATION_STYLE_ASSIGNMENT((#6519));
#6234=PRESENTATION_STYLE_ASSIGNMENT((#6520));
#6235=PRESENTATION_STYLE_ASSIGNMENT((#6521));
#6236=PRESENTATION_STYLE_ASSIGNMENT((#6522));
#6237=PRESENTATION_STYLE_ASSIGNMENT((#6523));
#6238=PRESENTATION_STYLE_ASSIGNMENT((#6524));
#6239=PRESENTATION_STYLE_ASSIGNMENT((#6525));
#6240=PRESENTATION_STYLE_ASSIGNMENT((#6526));
#6241=PRESENTATION_STYLE_ASSIGNMENT((#6527));
#6242=PRESENTATION_STYLE_ASSIGNMENT((#6528));
#6243=PRESENTATION_STYLE_ASSIGNMENT((#6529));
#6244=PRESENTATION_STYLE_ASSIGNMENT((#6530));
#6245=PRESENTATION_STYLE_ASSIGNMENT((#6531));
#6246=PRESENTATION_STYLE_ASSIGNMENT((#6532));
#6247=PRESENTATION_STYLE_ASSIGNMENT((#6533));
#6248=PRESENTATION_STYLE_ASSIGNMENT((#6534));
#6249=PRESENTATION_STYLE_ASSIGNMENT((#6535));
#6250=PRESENTATION_STYLE_ASSIGNMENT((#6536));
#6251=PRESENTATION_STYLE_ASSIGNMENT((#6537));
#6252=PRESENTATION_STYLE_ASSIGNMENT((#6538));
#6253=PRESENTATION_STYLE_ASSIGNMENT((#6539));
#6254=PRESENTATION_STYLE_ASSIGNMENT((#6540));
#6255=PRESENTATION_STYLE_ASSIGNMENT((#6541));
#6256=PRESENTATION_STYLE_ASSIGNMENT((#6542));
#6257=PRESENTATION_STYLE_ASSIGNMENT((#6543));
#6258=PRESENTATION_STYLE_ASSIGNMENT((#6544));
#6259=PRESENTATION_STYLE_ASSIGNMENT((#6545));
#6260=PRESENTATION_STYLE_ASSIGNMENT((#6546));
#6261=PRESENTATION_STYLE_ASSIGNMENT((#6547));
#6262=PRESENTATION_STYLE_ASSIGNMENT((#6548));
#6263=PRESENTATION_STYLE_ASSIGNMENT((#6549));
#6264=PRESENTATION_STYLE_ASSIGNMENT((#6550));
#6265=PRESENTATION_STYLE_ASSIGNMENT((#6551));
#6266=PRESENTATION_STYLE_ASSIGNMENT((#6552));
#6267=PRESENTATION_STYLE_ASSIGNMENT((#6553));
#6268=PRESENTATION_STYLE_ASSIGNMENT((#6554));
#6269=PRESENTATION_STYLE_ASSIGNMENT((#6555));
#6270=PRESENTATION_STYLE_ASSIGNMENT((#6556));
#6271=PRESENTATION_STYLE_ASSIGNMENT((#6557));
#6272=PRESENTATION_STYLE_ASSIGNMENT((#6558));
#6273=PRESENTATION_STYLE_ASSIGNMENT((#6559));
#6274=PRESENTATION_STYLE_ASSIGNMENT((#6560));
#6275=PRESENTATION_STYLE_ASSIGNMENT((#6561));
#6276=PRESENTATION_STYLE_ASSIGNMENT((#6562));
#6277=PRESENTATION_STYLE_ASSIGNMENT((#6563));
#6278=PRESENTATION_STYLE_ASSIGNMENT((#6564));
#6279=PRESENTATION_STYLE_ASSIGNMENT((#6565));
#6280=PRESENTATION_STYLE_ASSIGNMENT((#6566));
#6281=PRESENTATION_STYLE_ASSIGNMENT((#6567));
#6282=PRESENTATION_STYLE_ASSIGNMENT((#6568));
#6283=PRESENTATION_STYLE_ASSIGNMENT((#6569));
#6284=PRESENTATION_STYLE_ASSIGNMENT((#6570));
#6285=PRESENTATION_STYLE_ASSIGNMENT((#6571));
#6286=PRESENTATION_STYLE_ASSIGNMENT((#6572));
#6287=PRESENTATION_STYLE_ASSIGNMENT((#6573));
#6288=PRESENTATION_STYLE_ASSIGNMENT((#6574));
#6289=PRESENTATION_STYLE_ASSIGNMENT((#6575));
#6290=PRESENTATION_STYLE_ASSIGNMENT((#6576));
#6291=PRESENTATION_STYLE_ASSIGNMENT((#6577));
#6292=PRESENTATION_STYLE_ASSIGNMENT((#6578));
#6293=PRESENTATION_STYLE_ASSIGNMENT((#6579));
#6294=PRESENTATION_STYLE_ASSIGNMENT((#6580));
#6295=PRESENTATION_STYLE_ASSIGNMENT((#6581));
#6296=PRESENTATION_STYLE_ASSIGNMENT((#6582));
#6297=PRESENTATION_STYLE_ASSIGNMENT((#6583));
#6298=PRESENTATION_STYLE_ASSIGNMENT((#6584));
#6299=PRESENTATION_STYLE_ASSIGNMENT((#6585));
#6300=PRESENTATION_STYLE_ASSIGNMENT((#6586));
#6301=PRESENTATION_STYLE_ASSIGNMENT((#6587));
#6302=PRESENTATION_STYLE_ASSIGNMENT((#6588));
#6303=PRESENTATION_STYLE_ASSIGNMENT((#6589));
#6304=PRESENTATION_STYLE_ASSIGNMENT((#6590));
#6305=PRESENTATION_STYLE_ASSIGNMENT((#6591));
#6306=PRESENTATION_STYLE_ASSIGNMENT((#6592));
#6307=PRESENTATION_STYLE_ASSIGNMENT((#6593));
#6308=PRESENTATION_STYLE_ASSIGNMENT((#6594));
#6309=PRESENTATION_STYLE_ASSIGNMENT((#6595));
#6310=PRESENTATION_STYLE_ASSIGNMENT((#6596));
#6311=PRESENTATION_STYLE_ASSIGNMENT((#6597));
#6312=PRESENTATION_STYLE_ASSIGNMENT((#6598));
#6313=PRESENTATION_STYLE_ASSIGNMENT((#6599));
#6314=PRESENTATION_STYLE_ASSIGNMENT((#6600));
#6315=PRESENTATION_STYLE_ASSIGNMENT((#6601));
#6316=PRESENTATION_STYLE_ASSIGNMENT((#6602));
#6317=PRESENTATION_STYLE_ASSIGNMENT((#6603));
#6318=PRESENTATION_STYLE_ASSIGNMENT((#6604));
#6319=PRESENTATION_STYLE_ASSIGNMENT((#6605));
#6320=PRESENTATION_STYLE_ASSIGNMENT((#6606));
#6321=PRESENTATION_STYLE_ASSIGNMENT((#6607));
#6322=PRESENTATION_STYLE_ASSIGNMENT((#6608));
#6323=PRESENTATION_STYLE_ASSIGNMENT((#6609));
#6324=PRESENTATION_STYLE_ASSIGNMENT((#6610));
#6325=PRESENTATION_STYLE_ASSIGNMENT((#6611));
#6326=PRESENTATION_STYLE_ASSIGNMENT((#6612));
#6327=PRESENTATION_STYLE_ASSIGNMENT((#6613));
#6328=PRESENTATION_STYLE_ASSIGNMENT((#6614));
#6329=PRESENTATION_STYLE_ASSIGNMENT((#6615));
#6330=PRESENTATION_STYLE_ASSIGNMENT((#6616));
#6331=PRESENTATION_STYLE_ASSIGNMENT((#6617));
#6332=PRESENTATION_STYLE_ASSIGNMENT((#6618));
#6333=PRESENTATION_STYLE_ASSIGNMENT((#6619));
#6334=PRESENTATION_STYLE_ASSIGNMENT((#6620));
#6335=PRESENTATION_STYLE_ASSIGNMENT((#6621));
#6336=PRESENTATION_STYLE_ASSIGNMENT((#6622));
#6337=PRESENTATION_STYLE_ASSIGNMENT((#6623));
#6338=PRESENTATION_STYLE_ASSIGNMENT((#6624));
#6339=PRESENTATION_STYLE_ASSIGNMENT((#6625));
#6340=PRESENTATION_STYLE_ASSIGNMENT((#6626));
#6341=PRESENTATION_STYLE_ASSIGNMENT((#6627));
#6342=PRESENTATION_STYLE_ASSIGNMENT((#6628));
#6343=PRESENTATION_STYLE_ASSIGNMENT((#6629));
#6344=PRESENTATION_STYLE_ASSIGNMENT((#6630));
#6345=PRESENTATION_STYLE_ASSIGNMENT((#6631));
#6346=PRESENTATION_STYLE_ASSIGNMENT((#6632));
#6347=PRESENTATION_STYLE_ASSIGNMENT((#6633));
#6348=PRESENTATION_STYLE_ASSIGNMENT((#6634));
#6349=PRESENTATION_STYLE_ASSIGNMENT((#6635));
#6350=PRESENTATION_STYLE_ASSIGNMENT((#6636));
#6351=PRESENTATION_STYLE_ASSIGNMENT((#6637));
#6352=PRESENTATION_STYLE_ASSIGNMENT((#6638));
#6353=PRESENTATION_STYLE_ASSIGNMENT((#6639));
#6354=PRESENTATION_STYLE_ASSIGNMENT((#6640));
#6355=PRESENTATION_STYLE_ASSIGNMENT((#6641));
#6356=PRESENTATION_STYLE_ASSIGNMENT((#6642));
#6357=PRESENTATION_STYLE_ASSIGNMENT((#6643));
#6358=PRESENTATION_STYLE_ASSIGNMENT((#6644));
#6359=PRESENTATION_STYLE_ASSIGNMENT((#6645));
#6360=PRESENTATION_STYLE_ASSIGNMENT((#6646));
#6361=PRESENTATION_STYLE_ASSIGNMENT((#6647));
#6362=PRESENTATION_STYLE_ASSIGNMENT((#6648));
#6363=PRESENTATION_STYLE_ASSIGNMENT((#6649));
#6364=PRESENTATION_STYLE_ASSIGNMENT((#6650));
#6365=PRESENTATION_STYLE_ASSIGNMENT((#6651));
#6366=PRESENTATION_STYLE_ASSIGNMENT((#6652));
#6367=PRESENTATION_STYLE_ASSIGNMENT((#6653));
#6368=PRESENTATION_STYLE_ASSIGNMENT((#6654));
#6369=PRESENTATION_STYLE_ASSIGNMENT((#6655));
#6370=PRESENTATION_STYLE_ASSIGNMENT((#6656));
#6371=PRESENTATION_STYLE_ASSIGNMENT((#6657));
#6372=PRESENTATION_STYLE_ASSIGNMENT((#6658));
#6373=PRESENTATION_STYLE_ASSIGNMENT((#6659));
#6374=PRESENTATION_STYLE_ASSIGNMENT((#6660));
#6375=PRESENTATION_STYLE_ASSIGNMENT((#6661));
#6376=PRESENTATION_STYLE_ASSIGNMENT((#6662));
#6377=PRESENTATION_STYLE_ASSIGNMENT((#6663));
#6378=PRESENTATION_STYLE_ASSIGNMENT((#6664));
#6379=PRESENTATION_STYLE_ASSIGNMENT((#6665));
#6380=PRESENTATION_STYLE_ASSIGNMENT((#6666));
#6381=PRESENTATION_STYLE_ASSIGNMENT((#6667));
#6382=PRESENTATION_STYLE_ASSIGNMENT((#6668));
#6383=PRESENTATION_STYLE_ASSIGNMENT((#6669));
#6384=PRESENTATION_STYLE_ASSIGNMENT((#6670));
#6385=PRESENTATION_STYLE_ASSIGNMENT((#6671));
#6386=PRESENTATION_STYLE_ASSIGNMENT((#6672));
#6387=PRESENTATION_STYLE_ASSIGNMENT((#6673));
#6388=PRESENTATION_STYLE_ASSIGNMENT((#6674));
#6389=PRESENTATION_STYLE_ASSIGNMENT((#6675));
#6390=PRESENTATION_STYLE_ASSIGNMENT((#6676));
#6391=PRESENTATION_STYLE_ASSIGNMENT((#6677));
#6392=PRESENTATION_STYLE_ASSIGNMENT((#6678));
#6393=PRESENTATION_STYLE_ASSIGNMENT((#6679));
#6394=PRESENTATION_STYLE_ASSIGNMENT((#6680));
#6395=PRESENTATION_STYLE_ASSIGNMENT((#6681));
#6396=PRESENTATION_STYLE_ASSIGNMENT((#6682));
#6397=PRESENTATION_STYLE_ASSIGNMENT((#6683));
#6398=PRESENTATION_STYLE_ASSIGNMENT((#6684));
#6399=PRESENTATION_STYLE_ASSIGNMENT((#6685));
#6400=PRESENTATION_STYLE_ASSIGNMENT((#6686));
#6401=PRESENTATION_STYLE_ASSIGNMENT((#6687));
#6402=PRESENTATION_STYLE_ASSIGNMENT((#6688));
#6403=PRESENTATION_STYLE_ASSIGNMENT((#6689));
#6404=PRESENTATION_STYLE_ASSIGNMENT((#6690));
#6405=PRESENTATION_STYLE_ASSIGNMENT((#6691));
#6406=PRESENTATION_STYLE_ASSIGNMENT((#6692));
#6407=PRESENTATION_STYLE_ASSIGNMENT((#6693));
#6408=PRESENTATION_STYLE_ASSIGNMENT((#6694));
#6409=PRESENTATION_STYLE_ASSIGNMENT((#6695));
#6410=PRESENTATION_STYLE_ASSIGNMENT((#6696));
#6411=PRESENTATION_STYLE_ASSIGNMENT((#6697));
#6412=PRESENTATION_STYLE_ASSIGNMENT((#6698));
#6413=PRESENTATION_STYLE_ASSIGNMENT((#6699));
#6414=PRESENTATION_STYLE_ASSIGNMENT((#6700));
#6415=PRESENTATION_STYLE_ASSIGNMENT((#6701));
#6416=PRESENTATION_STYLE_ASSIGNMENT((#6702));
#6417=PRESENTATION_STYLE_ASSIGNMENT((#6703));
#6418=PRESENTATION_STYLE_ASSIGNMENT((#6704));
#6419=PRESENTATION_STYLE_ASSIGNMENT((#6705));
#6420=PRESENTATION_STYLE_ASSIGNMENT((#6706));
#6421=PRESENTATION_STYLE_ASSIGNMENT((#6707));
#6422=PRESENTATION_STYLE_ASSIGNMENT((#6708));
#6423=PRESENTATION_STYLE_ASSIGNMENT((#6709));
#6424=PRESENTATION_STYLE_ASSIGNMENT((#6710));
#6425=PRESENTATION_STYLE_ASSIGNMENT((#6711));
#6426=PRESENTATION_STYLE_ASSIGNMENT((#6712));
#6427=PRESENTATION_STYLE_ASSIGNMENT((#6713));
#6428=PRESENTATION_STYLE_ASSIGNMENT((#6714));
#6429=PRESENTATION_STYLE_ASSIGNMENT((#6715));
#6430=PRESENTATION_STYLE_ASSIGNMENT((#6716));
#6431=PRESENTATION_STYLE_ASSIGNMENT((#6717));
#6432=PRESENTATION_STYLE_ASSIGNMENT((#6718));
#6433=PRESENTATION_STYLE_ASSIGNMENT((#6719));
#6434=PRESENTATION_STYLE_ASSIGNMENT((#6720));
#6435=PRESENTATION_STYLE_ASSIGNMENT((#6721));
#6436=PRESENTATION_STYLE_ASSIGNMENT((#6722));
#6437=PRESENTATION_STYLE_ASSIGNMENT((#6723));
#6438=PRESENTATION_STYLE_ASSIGNMENT((#6724));
#6439=PRESENTATION_STYLE_ASSIGNMENT((#6725));
#6440=PRESENTATION_STYLE_ASSIGNMENT((#6726));
#6441=PRESENTATION_STYLE_ASSIGNMENT((#6727));
#6442=PRESENTATION_STYLE_ASSIGNMENT((#6728));
#6443=PRESENTATION_STYLE_ASSIGNMENT((#6729));
#6444=PRESENTATION_STYLE_ASSIGNMENT((#6730));
#6445=PRESENTATION_STYLE_ASSIGNMENT((#6731));
#6446=PRESENTATION_STYLE_ASSIGNMENT((#6732));
#6447=PRESENTATION_STYLE_ASSIGNMENT((#6733));
#6448=PRESENTATION_STYLE_ASSIGNMENT((#6734));
#6449=PRESENTATION_STYLE_ASSIGNMENT((#6735));
#6450=PRESENTATION_STYLE_ASSIGNMENT((#6736));
#6451=PRESENTATION_STYLE_ASSIGNMENT((#6737));
#6452=PRESENTATION_STYLE_ASSIGNMENT((#6738));
#6453=PRESENTATION_STYLE_ASSIGNMENT((#6739));
#6454=PRESENTATION_STYLE_ASSIGNMENT((#6740));
#6455=PRESENTATION_STYLE_ASSIGNMENT((#6741));
#6456=PRESENTATION_STYLE_ASSIGNMENT((#6742));
#6457=PRESENTATION_STYLE_ASSIGNMENT((#6743));
#6458=PRESENTATION_STYLE_ASSIGNMENT((#6744));
#6459=PRESENTATION_STYLE_ASSIGNMENT((#6745));
#6460=PRESENTATION_STYLE_ASSIGNMENT((#6746));
#6461=PRESENTATION_STYLE_ASSIGNMENT((#6747));
#6462=PRESENTATION_STYLE_ASSIGNMENT((#6748));
#6463=PRESENTATION_STYLE_ASSIGNMENT((#6749));
#6464=PRESENTATION_STYLE_ASSIGNMENT((#6750));
#6465=PRESENTATION_STYLE_ASSIGNMENT((#6751));
#6466=PRESENTATION_STYLE_ASSIGNMENT((#6752));
#6467=PRESENTATION_STYLE_ASSIGNMENT((#6753));
#6468=PRESENTATION_STYLE_ASSIGNMENT((#6754));
#6469=PRESENTATION_STYLE_ASSIGNMENT((#6755));
#6470=PRESENTATION_STYLE_ASSIGNMENT((#6756));
#6471=PRESENTATION_STYLE_ASSIGNMENT((#6757));
#6472=PRESENTATION_STYLE_ASSIGNMENT((#6758));
#6473=PRESENTATION_STYLE_ASSIGNMENT((#6759));
#6474=PRESENTATION_STYLE_ASSIGNMENT((#6760));
#6475=PRESENTATION_STYLE_ASSIGNMENT((#6761));
#6476=SURFACE_STYLE_USAGE(.BOTH.,#6762);
#6477=SURFACE_STYLE_USAGE(.BOTH.,#6763);
#6478=SURFACE_STYLE_USAGE(.BOTH.,#6764);
#6479=SURFACE_STYLE_USAGE(.BOTH.,#6765);
#6480=SURFACE_STYLE_USAGE(.BOTH.,#6766);
#6481=SURFACE_STYLE_USAGE(.BOTH.,#6767);
#6482=SURFACE_STYLE_USAGE(.BOTH.,#6768);
#6483=SURFACE_STYLE_USAGE(.BOTH.,#6769);
#6484=SURFACE_STYLE_USAGE(.BOTH.,#6770);
#6485=SURFACE_STYLE_USAGE(.BOTH.,#6771);
#6486=SURFACE_STYLE_USAGE(.BOTH.,#6772);
#6487=SURFACE_STYLE_USAGE(.BOTH.,#6773);
#6488=SURFACE_STYLE_USAGE(.BOTH.,#6774);
#6489=SURFACE_STYLE_USAGE(.BOTH.,#6775);
#6490=SURFACE_STYLE_USAGE(.BOTH.,#6776);
#6491=SURFACE_STYLE_USAGE(.BOTH.,#6777);
#6492=SURFACE_STYLE_USAGE(.BOTH.,#6778);
#6493=SURFACE_STYLE_USAGE(.BOTH.,#6779);
#6494=SURFACE_STYLE_USAGE(.BOTH.,#6780);
#6495=SURFACE_STYLE_USAGE(.BOTH.,#6781);
#6496=SURFACE_STYLE_USAGE(.BOTH.,#6782);
#6497=SURFACE_STYLE_USAGE(.BOTH.,#6783);
#6498=SURFACE_STYLE_USAGE(.BOTH.,#6784);
#6499=SURFACE_STYLE_USAGE(.BOTH.,#6785);
#6500=SURFACE_STYLE_USAGE(.BOTH.,#6786);
#6501=SURFACE_STYLE_USAGE(.BOTH.,#6787);
#6502=SURFACE_STYLE_USAGE(.BOTH.,#6788);
#6503=SURFACE_STYLE_USAGE(.BOTH.,#6789);
#6504=SURFACE_STYLE_USAGE(.BOTH.,#6790);
#6505=SURFACE_STYLE_USAGE(.BOTH.,#6791);
#6506=SURFACE_STYLE_USAGE(.BOTH.,#6792);
#6507=SURFACE_STYLE_USAGE(.BOTH.,#6793);
#6508=SURFACE_STYLE_USAGE(.BOTH.,#6794);
#6509=SURFACE_STYLE_USAGE(.BOTH.,#6795);
#6510=SURFACE_STYLE_USAGE(.BOTH.,#6796);
#6511=SURFACE_STYLE_USAGE(.BOTH.,#6797);
#6512=SURFACE_STYLE_USAGE(.BOTH.,#6798);
#6513=SURFACE_STYLE_USAGE(.BOTH.,#6799);
#6514=SURFACE_STYLE_USAGE(.BOTH.,#6800);
#6515=SURFACE_STYLE_USAGE(.BOTH.,#6801);
#6516=SURFACE_STYLE_USAGE(.BOTH.,#6802);
#6517=SURFACE_STYLE_USAGE(.BOTH.,#6803);
#6518=SURFACE_STYLE_USAGE(.BOTH.,#6804);
#6519=SURFACE_STYLE_USAGE(.BOTH.,#6805);
#6520=SURFACE_STYLE_USAGE(.BOTH.,#6806);
#6521=SURFACE_STYLE_USAGE(.BOTH.,#6807);
#6522=SURFACE_STYLE_USAGE(.BOTH.,#6808);
#6523=SURFACE_STYLE_USAGE(.BOTH.,#6809);
#6524=SURFACE_STYLE_USAGE(.BOTH.,#6810);
#6525=SURFACE_STYLE_USAGE(.BOTH.,#6811);
#6526=SURFACE_STYLE_USAGE(.BOTH.,#6812);
#6527=SURFACE_STYLE_USAGE(.BOTH.,#6813);
#6528=SURFACE_STYLE_USAGE(.BOTH.,#6814);
#6529=SURFACE_STYLE_USAGE(.BOTH.,#6815);
#6530=SURFACE_STYLE_USAGE(.BOTH.,#6816);
#6531=SURFACE_STYLE_USAGE(.BOTH.,#6817);
#6532=SURFACE_STYLE_USAGE(.BOTH.,#6818);
#6533=SURFACE_STYLE_USAGE(.BOTH.,#6819);
#6534=SURFACE_STYLE_USAGE(.BOTH.,#6820);
#6535=SURFACE_STYLE_USAGE(.BOTH.,#6821);
#6536=SURFACE_STYLE_USAGE(.BOTH.,#6822);
#6537=SURFACE_STYLE_USAGE(.BOTH.,#6823);
#6538=SURFACE_STYLE_USAGE(.BOTH.,#6824);
#6539=SURFACE_STYLE_USAGE(.BOTH.,#6825);
#6540=SURFACE_STYLE_USAGE(.BOTH.,#6826);
#6541=SURFACE_STYLE_USAGE(.BOTH.,#6827);
#6542=SURFACE_STYLE_USAGE(.BOTH.,#6828);
#6543=SURFACE_STYLE_USAGE(.BOTH.,#6829);
#6544=SURFACE_STYLE_USAGE(.BOTH.,#6830);
#6545=SURFACE_STYLE_USAGE(.BOTH.,#6831);
#6546=SURFACE_STYLE_USAGE(.BOTH.,#6832);
#6547=SURFACE_STYLE_USAGE(.BOTH.,#6833);
#6548=SURFACE_STYLE_USAGE(.BOTH.,#6834);
#6549=SURFACE_STYLE_USAGE(.BOTH.,#6835);
#6550=SURFACE_STYLE_USAGE(.BOTH.,#6836);
#6551=SURFACE_STYLE_USAGE(.BOTH.,#6837);
#6552=SURFACE_STYLE_USAGE(.BOTH.,#6838);
#6553=SURFACE_STYLE_USAGE(.BOTH.,#6839);
#6554=SURFACE_STYLE_USAGE(.BOTH.,#6840);
#6555=SURFACE_STYLE_USAGE(.BOTH.,#6841);
#6556=SURFACE_STYLE_USAGE(.BOTH.,#6842);
#6557=SURFACE_STYLE_USAGE(.BOTH.,#6843);
#6558=SURFACE_STYLE_USAGE(.BOTH.,#6844);
#6559=SURFACE_STYLE_USAGE(.BOTH.,#6845);
#6560=SURFACE_STYLE_USAGE(.BOTH.,#6846);
#6561=SURFACE_STYLE_USAGE(.BOTH.,#6847);
#6562=SURFACE_STYLE_USAGE(.BOTH.,#6848);
#6563=SURFACE_STYLE_USAGE(.BOTH.,#6849);
#6564=SURFACE_STYLE_USAGE(.BOTH.,#6850);
#6565=SURFACE_STYLE_USAGE(.BOTH.,#6851);
#6566=SURFACE_STYLE_USAGE(.BOTH.,#6852);
#6567=SURFACE_STYLE_USAGE(.BOTH.,#6853);
#6568=SURFACE_STYLE_USAGE(.BOTH.,#6854);
#6569=SURFACE_STYLE_USAGE(.BOTH.,#6855);
#6570=SURFACE_STYLE_USAGE(.BOTH.,#6856);
#6571=SURFACE_STYLE_USAGE(.BOTH.,#6857);
#6572=SURFACE_STYLE_USAGE(.BOTH.,#6858);
#6573=SURFACE_STYLE_USAGE(.BOTH.,#6859);
#6574=SURFACE_STYLE_USAGE(.BOTH.,#6860);
#6575=SURFACE_STYLE_USAGE(.BOTH.,#6861);
#6576=SURFACE_STYLE_USAGE(.BOTH.,#6862);
#6577=SURFACE_STYLE_USAGE(.BOTH.,#6863);
#6578=SURFACE_STYLE_USAGE(.BOTH.,#6864);
#6579=SURFACE_STYLE_USAGE(.BOTH.,#6865);
#6580=SURFACE_STYLE_USAGE(.BOTH.,#6866);
#6581=SURFACE_STYLE_USAGE(.BOTH.,#6867);
#6582=SURFACE_STYLE_USAGE(.BOTH.,#6868);
#6583=SURFACE_STYLE_USAGE(.BOTH.,#6869);
#6584=SURFACE_STYLE_USAGE(.BOTH.,#6870);
#6585=SURFACE_STYLE_USAGE(.BOTH.,#6871);
#6586=SURFACE_STYLE_USAGE(.BOTH.,#6872);
#6587=SURFACE_STYLE_USAGE(.BOTH.,#6873);
#6588=SURFACE_STYLE_USAGE(.BOTH.,#6874);
#6589=SURFACE_STYLE_USAGE(.BOTH.,#6875);
#6590=SURFACE_STYLE_USAGE(.BOTH.,#6876);
#6591=SURFACE_STYLE_USAGE(.BOTH.,#6877);
#6592=SURFACE_STYLE_USAGE(.BOTH.,#6878);
#6593=SURFACE_STYLE_USAGE(.BOTH.,#6879);
#6594=SURFACE_STYLE_USAGE(.BOTH.,#6880);
#6595=SURFACE_STYLE_USAGE(.BOTH.,#6881);
#6596=SURFACE_STYLE_USAGE(.BOTH.,#6882);
#6597=SURFACE_STYLE_USAGE(.BOTH.,#6883);
#6598=SURFACE_STYLE_USAGE(.BOTH.,#6884);
#6599=SURFACE_STYLE_USAGE(.BOTH.,#6885);
#6600=SURFACE_STYLE_USAGE(.BOTH.,#6886);
#6601=SURFACE_STYLE_USAGE(.BOTH.,#6887);
#6602=SURFACE_STYLE_USAGE(.BOTH.,#6888);
#6603=SURFACE_STYLE_USAGE(.BOTH.,#6889);
#6604=SURFACE_STYLE_USAGE(.BOTH.,#6890);
#6605=SURFACE_STYLE_USAGE(.BOTH.,#6891);
#6606=SURFACE_STYLE_USAGE(.BOTH.,#6892);
#6607=SURFACE_STYLE_USAGE(.BOTH.,#6893);
#6608=SURFACE_STYLE_USAGE(.BOTH.,#6894);
#6609=SURFACE_STYLE_USAGE(.BOTH.,#6895);
#6610=SURFACE_STYLE_USAGE(.BOTH.,#6896);
#6611=SURFACE_STYLE_USAGE(.BOTH.,#6897);
#6612=SURFACE_STYLE_USAGE(.BOTH.,#6898);
#6613=SURFACE_STYLE_USAGE(.BOTH.,#6899);
#6614=SURFACE_STYLE_USAGE(.BOTH.,#6900);
#6615=SURFACE_STYLE_USAGE(.BOTH.,#6901);
#6616=SURFACE_STYLE_USAGE(.BOTH.,#6902);
#6617=SURFACE_STYLE_USAGE(.BOTH.,#6903);
#6618=SURFACE_STYLE_USAGE(.BOTH.,#6904);
#6619=SURFACE_STYLE_USAGE(.BOTH.,#6905);
#6620=SURFACE_STYLE_USAGE(.BOTH.,#6906);
#6621=SURFACE_STYLE_USAGE(.BOTH.,#6907);
#6622=SURFACE_STYLE_USAGE(.BOTH.,#6908);
#6623=SURFACE_STYLE_USAGE(.BOTH.,#6909);
#6624=SURFACE_STYLE_USAGE(.BOTH.,#6910);
#6625=SURFACE_STYLE_USAGE(.BOTH.,#6911);
#6626=SURFACE_STYLE_USAGE(.BOTH.,#6912);
#6627=SURFACE_STYLE_USAGE(.BOTH.,#6913);
#6628=SURFACE_STYLE_USAGE(.BOTH.,#6914);
#6629=SURFACE_STYLE_USAGE(.BOTH.,#6915);
#6630=SURFACE_STYLE_USAGE(.BOTH.,#6916);
#6631=SURFACE_STYLE_USAGE(.BOTH.,#6917);
#6632=SURFACE_STYLE_USAGE(.BOTH.,#6918);
#6633=SURFACE_STYLE_USAGE(.BOTH.,#6919);
#6634=SURFACE_STYLE_USAGE(.BOTH.,#6920);
#6635=SURFACE_STYLE_USAGE(.BOTH.,#6921);
#6636=SURFACE_STYLE_USAGE(.BOTH.,#6922);
#6637=SURFACE_STYLE_USAGE(.BOTH.,#6923);
#6638=SURFACE_STYLE_USAGE(.BOTH.,#6924);
#6639=SURFACE_STYLE_USAGE(.BOTH.,#6925);
#6640=SURFACE_STYLE_USAGE(.BOTH.,#6926);
#6641=SURFACE_STYLE_USAGE(.BOTH.,#6927);
#6642=SURFACE_STYLE_USAGE(.BOTH.,#6928);
#6643=SURFACE_STYLE_USAGE(.BOTH.,#6929);
#6644=SURFACE_STYLE_USAGE(.BOTH.,#6930);
#6645=SURFACE_STYLE_USAGE(.BOTH.,#6931);
#6646=SURFACE_STYLE_USAGE(.BOTH.,#6932);
#6647=SURFACE_STYLE_USAGE(.BOTH.,#6933);
#6648=SURFACE_STYLE_USAGE(.BOTH.,#6934);
#6649=SURFACE_STYLE_USAGE(.BOTH.,#6935);
#6650=SURFACE_STYLE_USAGE(.BOTH.,#6936);
#6651=SURFACE_STYLE_USAGE(.BOTH.,#6937);
#6652=SURFACE_STYLE_USAGE(.BOTH.,#6938);
#6653=SURFACE_STYLE_USAGE(.BOTH.,#6939);
#6654=SURFACE_STYLE_USAGE(.BOTH.,#6940);
#6655=SURFACE_STYLE_USAGE(.BOTH.,#6941);
#6656=SURFACE_STYLE_USAGE(.BOTH.,#6942);
#6657=SURFACE_STYLE_USAGE(.BOTH.,#6943);
#6658=SURFACE_STYLE_USAGE(.BOTH.,#6944);
#6659=SURFACE_STYLE_USAGE(.BOTH.,#6945);
#6660=SURFACE_STYLE_USAGE(.BOTH.,#6946);
#6661=SURFACE_STYLE_USAGE(.BOTH.,#6947);
#6662=SURFACE_STYLE_USAGE(.BOTH.,#6948);
#6663=SURFACE_STYLE_USAGE(.BOTH.,#6949);
#6664=SURFACE_STYLE_USAGE(.BOTH.,#6950);
#6665=SURFACE_STYLE_USAGE(.BOTH.,#6951);
#6666=SURFACE_STYLE_USAGE(.BOTH.,#6952);
#6667=SURFACE_STYLE_USAGE(.BOTH.,#6953);
#6668=SURFACE_STYLE_USAGE(.BOTH.,#6954);
#6669=SURFACE_STYLE_USAGE(.BOTH.,#6955);
#6670=SURFACE_STYLE_USAGE(.BOTH.,#6956);
#6671=SURFACE_STYLE_USAGE(.BOTH.,#6957);
#6672=SURFACE_STYLE_USAGE(.BOTH.,#6958);
#6673=SURFACE_STYLE_USAGE(.BOTH.,#6959);
#6674=SURFACE_STYLE_USAGE(.BOTH.,#6960);
#6675=SURFACE_STYLE_USAGE(.BOTH.,#6961);
#6676=SURFACE_STYLE_USAGE(.BOTH.,#6962);
#6677=SURFACE_STYLE_USAGE(.BOTH.,#6963);
#6678=SURFACE_STYLE_USAGE(.BOTH.,#6964);
#6679=SURFACE_STYLE_USAGE(.BOTH.,#6965);
#6680=SURFACE_STYLE_USAGE(.BOTH.,#6966);
#6681=SURFACE_STYLE_USAGE(.BOTH.,#6967);
#6682=SURFACE_STYLE_USAGE(.BOTH.,#6968);
#6683=SURFACE_STYLE_USAGE(.BOTH.,#6969);
#6684=SURFACE_STYLE_USAGE(.BOTH.,#6970);
#6685=SURFACE_STYLE_USAGE(.BOTH.,#6971);
#6686=SURFACE_STYLE_USAGE(.BOTH.,#6972);
#6687=SURFACE_STYLE_USAGE(.BOTH.,#6973);
#6688=SURFACE_STYLE_USAGE(.BOTH.,#6974);
#6689=SURFACE_STYLE_USAGE(.BOTH.,#6975);
#6690=SURFACE_STYLE_USAGE(.BOTH.,#6976);
#6691=SURFACE_STYLE_USAGE(.BOTH.,#6977);
#6692=SURFACE_STYLE_USAGE(.BOTH.,#6978);
#6693=SURFACE_STYLE_USAGE(.BOTH.,#6979);
#6694=SURFACE_STYLE_USAGE(.BOTH.,#6980);
#6695=SURFACE_STYLE_USAGE(.BOTH.,#6981);
#6696=SURFACE_STYLE_USAGE(.BOTH.,#6982);
#6697=SURFACE_STYLE_USAGE(.BOTH.,#6983);
#6698=SURFACE_STYLE_USAGE(.BOTH.,#6984);
#6699=SURFACE_STYLE_USAGE(.BOTH.,#6985);
#6700=SURFACE_STYLE_USAGE(.BOTH.,#6986);
#6701=SURFACE_STYLE_USAGE(.BOTH.,#6987);
#6702=SURFACE_STYLE_USAGE(.BOTH.,#6988);
#6703=SURFACE_STYLE_USAGE(.BOTH.,#6989);
#6704=SURFACE_STYLE_USAGE(.BOTH.,#6990);
#6705=SURFACE_STYLE_USAGE(.BOTH.,#6991);
#6706=SURFACE_STYLE_USAGE(.BOTH.,#6992);
#6707=SURFACE_STYLE_USAGE(.BOTH.,#6993);
#6708=SURFACE_STYLE_USAGE(.BOTH.,#6994);
#6709=SURFACE_STYLE_USAGE(.BOTH.,#6995);
#6710=SURFACE_STYLE_USAGE(.BOTH.,#6996);
#6711=SURFACE_STYLE_USAGE(.BOTH.,#6997);
#6712=SURFACE_STYLE_USAGE(.BOTH.,#6998);
#6713=SURFACE_STYLE_USAGE(.BOTH.,#6999);
#6714=SURFACE_STYLE_USAGE(.BOTH.,#7000);
#6715=SURFACE_STYLE_USAGE(.BOTH.,#7001);
#6716=SURFACE_STYLE_USAGE(.BOTH.,#7002);
#6717=SURFACE_STYLE_USAGE(.BOTH.,#7003);
#6718=SURFACE_STYLE_USAGE(.BOTH.,#7004);
#6719=SURFACE_STYLE_USAGE(.BOTH.,#7005);
#6720=SURFACE_STYLE_USAGE(.BOTH.,#7006);
#6721=SURFACE_STYLE_USAGE(.BOTH.,#7007);
#6722=SURFACE_STYLE_USAGE(.BOTH.,#7008);
#6723=SURFACE_STYLE_USAGE(.BOTH.,#7009);
#6724=SURFACE_STYLE_USAGE(.BOTH.,#7010);
#6725=SURFACE_STYLE_USAGE(.BOTH.,#7011);
#6726=SURFACE_STYLE_USAGE(.BOTH.,#7012);
#6727=SURFACE_STYLE_USAGE(.BOTH.,#7013);
#6728=SURFACE_STYLE_USAGE(.BOTH.,#7014);
#6729=SURFACE_STYLE_USAGE(.BOTH.,#7015);
#6730=SURFACE_STYLE_USAGE(.BOTH.,#7016);
#6731=SURFACE_STYLE_USAGE(.BOTH.,#7017);
#6732=SURFACE_STYLE_USAGE(.BOTH.,#7018);
#6733=SURFACE_STYLE_USAGE(.BOTH.,#7019);
#6734=SURFACE_STYLE_USAGE(.BOTH.,#7020);
#6735=SURFACE_STYLE_USAGE(.BOTH.,#7021);
#6736=SURFACE_STYLE_USAGE(.BOTH.,#7022);
#6737=SURFACE_STYLE_USAGE(.BOTH.,#7023);
#6738=SURFACE_STYLE_USAGE(.BOTH.,#7024);
#6739=SURFACE_STYLE_USAGE(.BOTH.,#7025);
#6740=SURFACE_STYLE_USAGE(.BOTH.,#7026);
#6741=SURFACE_STYLE_USAGE(.BOTH.,#7027);
#6742=SURFACE_STYLE_USAGE(.BOTH.,#7028);
#6743=SURFACE_STYLE_USAGE(.BOTH.,#7029);
#6744=SURFACE_STYLE_USAGE(.BOTH.,#7030);
#6745=SURFACE_STYLE_USAGE(.BOTH.,#7031);
#6746=SURFACE_STYLE_USAGE(.BOTH.,#7032);
#6747=SURFACE_STYLE_USAGE(.BOTH.,#7033);
#6748=SURFACE_STYLE_USAGE(.BOTH.,#7034);
#6749=SURFACE_STYLE_USAGE(.BOTH.,#7035);
#6750=SURFACE_STYLE_USAGE(.BOTH.,#7036);
#6751=SURFACE_STYLE_USAGE(.BOTH.,#7037);
#6752=SURFACE_STYLE_USAGE(.BOTH.,#7038);
#6753=SURFACE_STYLE_USAGE(.BOTH.,#7039);
#6754=SURFACE_STYLE_USAGE(.BOTH.,#7040);
#6755=SURFACE_STYLE_USAGE(.BOTH.,#7041);
#6756=SURFACE_STYLE_USAGE(.BOTH.,#7042);
#6757=SURFACE_STYLE_USAGE(.BOTH.,#7043);
#6758=SURFACE_STYLE_USAGE(.BOTH.,#7044);
#6759=SURFACE_STYLE_USAGE(.BOTH.,#7045);
#6760=SURFACE_STYLE_USAGE(.BOTH.,#7046);
#6761=SURFACE_STYLE_USAGE(.BOTH.,#7047);
#6762=SURFACE_SIDE_STYLE('',(#7048));
#6763=SURFACE_SIDE_STYLE('',(#7049));
#6764=SURFACE_SIDE_STYLE('',(#7050));
#6765=SURFACE_SIDE_STYLE('',(#7051));
#6766=SURFACE_SIDE_STYLE('',(#7052));
#6767=SURFACE_SIDE_STYLE('',(#7053));
#6768=SURFACE_SIDE_STYLE('',(#7054));
#6769=SURFACE_SIDE_STYLE('',(#7055));
#6770=SURFACE_SIDE_STYLE('',(#7056));
#6771=SURFACE_SIDE_STYLE('',(#7057));
#6772=SURFACE_SIDE_STYLE('',(#7058));
#6773=SURFACE_SIDE_STYLE('',(#7059));
#6774=SURFACE_SIDE_STYLE('',(#7060));
#6775=SURFACE_SIDE_STYLE('',(#7061));
#6776=SURFACE_SIDE_STYLE('',(#7062));
#6777=SURFACE_SIDE_STYLE('',(#7063));
#6778=SURFACE_SIDE_STYLE('',(#7064));
#6779=SURFACE_SIDE_STYLE('',(#7065));
#6780=SURFACE_SIDE_STYLE('',(#7066));
#6781=SURFACE_SIDE_STYLE('',(#7067));
#6782=SURFACE_SIDE_STYLE('',(#7068));
#6783=SURFACE_SIDE_STYLE('',(#7069));
#6784=SURFACE_SIDE_STYLE('',(#7070));
#6785=SURFACE_SIDE_STYLE('',(#7071));
#6786=SURFACE_SIDE_STYLE('',(#7072));
#6787=SURFACE_SIDE_STYLE('',(#7073));
#6788=SURFACE_SIDE_STYLE('',(#7074));
#6789=SURFACE_SIDE_STYLE('',(#7075));
#6790=SURFACE_SIDE_STYLE('',(#7076));
#6791=SURFACE_SIDE_STYLE('',(#7077));
#6792=SURFACE_SIDE_STYLE('',(#7078));
#6793=SURFACE_SIDE_STYLE('',(#7079));
#6794=SURFACE_SIDE_STYLE('',(#7080));
#6795=SURFACE_SIDE_STYLE('',(#7081));
#6796=SURFACE_SIDE_STYLE('',(#7082));
#6797=SURFACE_SIDE_STYLE('',(#7083));
#6798=SURFACE_SIDE_STYLE('',(#7084));
#6799=SURFACE_SIDE_STYLE('',(#7085));
#6800=SURFACE_SIDE_STYLE('',(#7086));
#6801=SURFACE_SIDE_STYLE('',(#7087));
#6802=SURFACE_SIDE_STYLE('',(#7088));
#6803=SURFACE_SIDE_STYLE('',(#7089));
#6804=SURFACE_SIDE_STYLE('',(#7090));
#6805=SURFACE_SIDE_STYLE('',(#7091));
#6806=SURFACE_SIDE_STYLE('',(#7092));
#6807=SURFACE_SIDE_STYLE('',(#7093));
#6808=SURFACE_SIDE_STYLE('',(#7094));
#6809=SURFACE_SIDE_STYLE('',(#7095));
#6810=SURFACE_SIDE_STYLE('',(#7096));
#6811=SURFACE_SIDE_STYLE('',(#7097));
#6812=SURFACE_SIDE_STYLE('',(#7098));
#6813=SURFACE_SIDE_STYLE('',(#7099));
#6814=SURFACE_SIDE_STYLE('',(#7100));
#6815=SURFACE_SIDE_STYLE('',(#7101));
#6816=SURFACE_SIDE_STYLE('',(#7102));
#6817=SURFACE_SIDE_STYLE('',(#7103));
#6818=SURFACE_SIDE_STYLE('',(#7104));
#6819=SURFACE_SIDE_STYLE('',(#7105));
#6820=SURFACE_SIDE_STYLE('',(#7106));
#6821=SURFACE_SIDE_STYLE('',(#7107));
#6822=SURFACE_SIDE_STYLE('',(#7108));
#6823=SURFACE_SIDE_STYLE('',(#7109));
#6824=SURFACE_SIDE_STYLE('',(#7110));
#6825=SURFACE_SIDE_STYLE('',(#7111));
#6826=SURFACE_SIDE_STYLE('',(#7112));
#6827=SURFACE_SIDE_STYLE('',(#7113));
#6828=SURFACE_SIDE_STYLE('',(#7114));
#6829=SURFACE_SIDE_STYLE('',(#7115));
#6830=SURFACE_SIDE_STYLE('',(#7116));
#6831=SURFACE_SIDE_STYLE('',(#7117));
#6832=SURFACE_SIDE_STYLE('',(#7118));
#6833=SURFACE_SIDE_STYLE('',(#7119));
#6834=SURFACE_SIDE_STYLE('',(#7120));
#6835=SURFACE_SIDE_STYLE('',(#7121));
#6836=SURFACE_SIDE_STYLE('',(#7122));
#6837=SURFACE_SIDE_STYLE('',(#7123));
#6838=SURFACE_SIDE_STYLE('',(#7124));
#6839=SURFACE_SIDE_STYLE('',(#7125));
#6840=SURFACE_SIDE_STYLE('',(#7126));
#6841=SURFACE_SIDE_STYLE('',(#7127));
#6842=SURFACE_SIDE_STYLE('',(#7128));
#6843=SURFACE_SIDE_STYLE('',(#7129));
#6844=SURFACE_SIDE_STYLE('',(#7130));
#6845=SURFACE_SIDE_STYLE('',(#7131));
#6846=SURFACE_SIDE_STYLE('',(#7132));
#6847=SURFACE_SIDE_STYLE('',(#7133));
#6848=SURFACE_SIDE_STYLE('',(#7134));
#6849=SURFACE_SIDE_STYLE('',(#7135));
#6850=SURFACE_SIDE_STYLE('',(#7136));
#6851=SURFACE_SIDE_STYLE('',(#7137));
#6852=SURFACE_SIDE_STYLE('',(#7138));
#6853=SURFACE_SIDE_STYLE('',(#7139));
#6854=SURFACE_SIDE_STYLE('',(#7140));
#6855=SURFACE_SIDE_STYLE('',(#7141));
#6856=SURFACE_SIDE_STYLE('',(#7142));
#6857=SURFACE_SIDE_STYLE('',(#7143));
#6858=SURFACE_SIDE_STYLE('',(#7144));
#6859=SURFACE_SIDE_STYLE('',(#7145));
#6860=SURFACE_SIDE_STYLE('',(#7146));
#6861=SURFACE_SIDE_STYLE('',(#7147));
#6862=SURFACE_SIDE_STYLE('',(#7148));
#6863=SURFACE_SIDE_STYLE('',(#7149));
#6864=SURFACE_SIDE_STYLE('',(#7150));
#6865=SURFACE_SIDE_STYLE('',(#7151));
#6866=SURFACE_SIDE_STYLE('',(#7152));
#6867=SURFACE_SIDE_STYLE('',(#7153));
#6868=SURFACE_SIDE_STYLE('',(#7154));
#6869=SURFACE_SIDE_STYLE('',(#7155));
#6870=SURFACE_SIDE_STYLE('',(#7156));
#6871=SURFACE_SIDE_STYLE('',(#7157));
#6872=SURFACE_SIDE_STYLE('',(#7158));
#6873=SURFACE_SIDE_STYLE('',(#7159));
#6874=SURFACE_SIDE_STYLE('',(#7160));
#6875=SURFACE_SIDE_STYLE('',(#7161));
#6876=SURFACE_SIDE_STYLE('',(#7162));
#6877=SURFACE_SIDE_STYLE('',(#7163));
#6878=SURFACE_SIDE_STYLE('',(#7164));
#6879=SURFACE_SIDE_STYLE('',(#7165));
#6880=SURFACE_SIDE_STYLE('',(#7166));
#6881=SURFACE_SIDE_STYLE('',(#7167));
#6882=SURFACE_SIDE_STYLE('',(#7168));
#6883=SURFACE_SIDE_STYLE('',(#7169));
#6884=SURFACE_SIDE_STYLE('',(#7170));
#6885=SURFACE_SIDE_STYLE('',(#7171));
#6886=SURFACE_SIDE_STYLE('',(#7172));
#6887=SURFACE_SIDE_STYLE('',(#7173));
#6888=SURFACE_SIDE_STYLE('',(#7174));
#6889=SURFACE_SIDE_STYLE('',(#7175));
#6890=SURFACE_SIDE_STYLE('',(#7176));
#6891=SURFACE_SIDE_STYLE('',(#7177));
#6892=SURFACE_SIDE_STYLE('',(#7178));
#6893=SURFACE_SIDE_STYLE('',(#7179));
#6894=SURFACE_SIDE_STYLE('',(#7180));
#6895=SURFACE_SIDE_STYLE('',(#7181));
#6896=SURFACE_SIDE_STYLE('',(#7182));
#6897=SURFACE_SIDE_STYLE('',(#7183));
#6898=SURFACE_SIDE_STYLE('',(#7184));
#6899=SURFACE_SIDE_STYLE('',(#7185));
#6900=SURFACE_SIDE_STYLE('',(#7186));
#6901=SURFACE_SIDE_STYLE('',(#7187));
#6902=SURFACE_SIDE_STYLE('',(#7188));
#6903=SURFACE_SIDE_STYLE('',(#7189));
#6904=SURFACE_SIDE_STYLE('',(#7190));
#6905=SURFACE_SIDE_STYLE('',(#7191));
#6906=SURFACE_SIDE_STYLE('',(#7192));
#6907=SURFACE_SIDE_STYLE('',(#7193));
#6908=SURFACE_SIDE_STYLE('',(#7194));
#6909=SURFACE_SIDE_STYLE('',(#7195));
#6910=SURFACE_SIDE_STYLE('',(#7196));
#6911=SURFACE_SIDE_STYLE('',(#7197));
#6912=SURFACE_SIDE_STYLE('',(#7198));
#6913=SURFACE_SIDE_STYLE('',(#7199));
#6914=SURFACE_SIDE_STYLE('',(#7200));
#6915=SURFACE_SIDE_STYLE('',(#7201));
#6916=SURFACE_SIDE_STYLE('',(#7202));
#6917=SURFACE_SIDE_STYLE('',(#7203));
#6918=SURFACE_SIDE_STYLE('',(#7204));
#6919=SURFACE_SIDE_STYLE('',(#7205));
#6920=SURFACE_SIDE_STYLE('',(#7206));
#6921=SURFACE_SIDE_STYLE('',(#7207));
#6922=SURFACE_SIDE_STYLE('',(#7208));
#6923=SURFACE_SIDE_STYLE('',(#7209));
#6924=SURFACE_SIDE_STYLE('',(#7210));
#6925=SURFACE_SIDE_STYLE('',(#7211));
#6926=SURFACE_SIDE_STYLE('',(#7212));
#6927=SURFACE_SIDE_STYLE('',(#7213));
#6928=SURFACE_SIDE_STYLE('',(#7214));
#6929=SURFACE_SIDE_STYLE('',(#7215));
#6930=SURFACE_SIDE_STYLE('',(#7216));
#6931=SURFACE_SIDE_STYLE('',(#7217));
#6932=SURFACE_SIDE_STYLE('',(#7218));
#6933=SURFACE_SIDE_STYLE('',(#7219));
#6934=SURFACE_SIDE_STYLE('',(#7220));
#6935=SURFACE_SIDE_STYLE('',(#7221));
#6936=SURFACE_SIDE_STYLE('',(#7222));
#6937=SURFACE_SIDE_STYLE('',(#7223));
#6938=SURFACE_SIDE_STYLE('',(#7224));
#6939=SURFACE_SIDE_STYLE('',(#7225));
#6940=SURFACE_SIDE_STYLE('',(#7226));
#6941=SURFACE_SIDE_STYLE('',(#7227));
#6942=SURFACE_SIDE_STYLE('',(#7228));
#6943=SURFACE_SIDE_STYLE('',(#7229));
#6944=SURFACE_SIDE_STYLE('',(#7230));
#6945=SURFACE_SIDE_STYLE('',(#7231));
#6946=SURFACE_SIDE_STYLE('',(#7232));
#6947=SURFACE_SIDE_STYLE('',(#7233));
#6948=SURFACE_SIDE_STYLE('',(#7234));
#6949=SURFACE_SIDE_STYLE('',(#7235));
#6950=SURFACE_SIDE_STYLE('',(#7236));
#6951=SURFACE_SIDE_STYLE('',(#7237));
#6952=SURFACE_SIDE_STYLE('',(#7238));
#6953=SURFACE_SIDE_STYLE('',(#7239));
#6954=SURFACE_SIDE_STYLE('',(#7240));
#6955=SURFACE_SIDE_STYLE('',(#7241));
#6956=SURFACE_SIDE_STYLE('',(#7242));
#6957=SURFACE_SIDE_STYLE('',(#7243));
#6958=SURFACE_SIDE_STYLE('',(#7244));
#6959=SURFACE_SIDE_STYLE('',(#7245));
#6960=SURFACE_SIDE_STYLE('',(#7246));
#6961=SURFACE_SIDE_STYLE('',(#7247));
#6962=SURFACE_SIDE_STYLE('',(#7248));
#6963=SURFACE_SIDE_STYLE('',(#7249));
#6964=SURFACE_SIDE_STYLE('',(#7250));
#6965=SURFACE_SIDE_STYLE('',(#7251));
#6966=SURFACE_SIDE_STYLE('',(#7252));
#6967=SURFACE_SIDE_STYLE('',(#7253));
#6968=SURFACE_SIDE_STYLE('',(#7254));
#6969=SURFACE_SIDE_STYLE('',(#7255));
#6970=SURFACE_SIDE_STYLE('',(#7256));
#6971=SURFACE_SIDE_STYLE('',(#7257));
#6972=SURFACE_SIDE_STYLE('',(#7258));
#6973=SURFACE_SIDE_STYLE('',(#7259));
#6974=SURFACE_SIDE_STYLE('',(#7260));
#6975=SURFACE_SIDE_STYLE('',(#7261));
#6976=SURFACE_SIDE_STYLE('',(#7262));
#6977=SURFACE_SIDE_STYLE('',(#7263));
#6978=SURFACE_SIDE_STYLE('',(#7264));
#6979=SURFACE_SIDE_STYLE('',(#7265));
#6980=SURFACE_SIDE_STYLE('',(#7266));
#6981=SURFACE_SIDE_STYLE('',(#7267));
#6982=SURFACE_SIDE_STYLE('',(#7268));
#6983=SURFACE_SIDE_STYLE('',(#7269));
#6984=SURFACE_SIDE_STYLE('',(#7270));
#6985=SURFACE_SIDE_STYLE('',(#7271));
#6986=SURFACE_SIDE_STYLE('',(#7272));
#6987=SURFACE_SIDE_STYLE('',(#7273));
#6988=SURFACE_SIDE_STYLE('',(#7274));
#6989=SURFACE_SIDE_STYLE('',(#7275));
#6990=SURFACE_SIDE_STYLE('',(#7276));
#6991=SURFACE_SIDE_STYLE('',(#7277));
#6992=SURFACE_SIDE_STYLE('',(#7278));
#6993=SURFACE_SIDE_STYLE('',(#7279));
#6994=SURFACE_SIDE_STYLE('',(#7280));
#6995=SURFACE_SIDE_STYLE('',(#7281));
#6996=SURFACE_SIDE_STYLE('',(#7282));
#6997=SURFACE_SIDE_STYLE('',(#7283));
#6998=SURFACE_SIDE_STYLE('',(#7284));
#6999=SURFACE_SIDE_STYLE('',(#7285));
#7000=SURFACE_SIDE_STYLE('',(#7286));
#7001=SURFACE_SIDE_STYLE('',(#7287));
#7002=SURFACE_SIDE_STYLE('',(#7288));
#7003=SURFACE_SIDE_STYLE('',(#7289));
#7004=SURFACE_SIDE_STYLE('',(#7290));
#7005=SURFACE_SIDE_STYLE('',(#7291));
#7006=SURFACE_SIDE_STYLE('',(#7292));
#7007=SURFACE_SIDE_STYLE('',(#7293));
#7008=SURFACE_SIDE_STYLE('',(#7294));
#7009=SURFACE_SIDE_STYLE('',(#7295));
#7010=SURFACE_SIDE_STYLE('',(#7296));
#7011=SURFACE_SIDE_STYLE('',(#7297));
#7012=SURFACE_SIDE_STYLE('',(#7298));
#7013=SURFACE_SIDE_STYLE('',(#7299));
#7014=SURFACE_SIDE_STYLE('',(#7300));
#7015=SURFACE_SIDE_STYLE('',(#7301));
#7016=SURFACE_SIDE_STYLE('',(#7302));
#7017=SURFACE_SIDE_STYLE('',(#7303));
#7018=SURFACE_SIDE_STYLE('',(#7304));
#7019=SURFACE_SIDE_STYLE('',(#7305));
#7020=SURFACE_SIDE_STYLE('',(#7306));
#7021=SURFACE_SIDE_STYLE('',(#7307));
#7022=SURFACE_SIDE_STYLE('',(#7308));
#7023=SURFACE_SIDE_STYLE('',(#7309));
#7024=SURFACE_SIDE_STYLE('',(#7310));
#7025=SURFACE_SIDE_STYLE('',(#7311));
#7026=SURFACE_SIDE_STYLE('',(#7312));
#7027=SURFACE_SIDE_STYLE('',(#7313));
#7028=SURFACE_SIDE_STYLE('',(#7314));
#7029=SURFACE_SIDE_STYLE('',(#7315));
#7030=SURFACE_SIDE_STYLE('',(#7316));
#7031=SURFACE_SIDE_STYLE('',(#7317));
#7032=SURFACE_SIDE_STYLE('',(#7318));
#7033=SURFACE_SIDE_STYLE('',(#7319));
#7034=SURFACE_SIDE_STYLE('',(#7320));
#7035=SURFACE_SIDE_STYLE('',(#7321));
#7036=SURFACE_SIDE_STYLE('',(#7322));
#7037=SURFACE_SIDE_STYLE('',(#7323));
#7038=SURFACE_SIDE_STYLE('',(#7324));
#7039=SURFACE_SIDE_STYLE('',(#7325));
#7040=SURFACE_SIDE_STYLE('',(#7326));
#7041=SURFACE_SIDE_STYLE('',(#7327));
#7042=SURFACE_SIDE_STYLE('',(#7328));
#7043=SURFACE_SIDE_STYLE('',(#7329));
#7044=SURFACE_SIDE_STYLE('',(#7330));
#7045=SURFACE_SIDE_STYLE('',(#7331));
#7046=SURFACE_SIDE_STYLE('',(#7332));
#7047=SURFACE_SIDE_STYLE('',(#7333));
#7048=SURFACE_STYLE_FILL_AREA(#7334);
#7049=SURFACE_STYLE_FILL_AREA(#7335);
#7050=SURFACE_STYLE_FILL_AREA(#7336);
#7051=SURFACE_STYLE_FILL_AREA(#7337);
#7052=SURFACE_STYLE_FILL_AREA(#7338);
#7053=SURFACE_STYLE_FILL_AREA(#7339);
#7054=SURFACE_STYLE_FILL_AREA(#7340);
#7055=SURFACE_STYLE_FILL_AREA(#7341);
#7056=SURFACE_STYLE_FILL_AREA(#7342);
#7057=SURFACE_STYLE_FILL_AREA(#7343);
#7058=SURFACE_STYLE_FILL_AREA(#7344);
#7059=SURFACE_STYLE_FILL_AREA(#7345);
#7060=SURFACE_STYLE_FILL_AREA(#7346);
#7061=SURFACE_STYLE_FILL_AREA(#7347);
#7062=SURFACE_STYLE_FILL_AREA(#7348);
#7063=SURFACE_STYLE_FILL_AREA(#7349);
#7064=SURFACE_STYLE_FILL_AREA(#7350);
#7065=SURFACE_STYLE_FILL_AREA(#7351);
#7066=SURFACE_STYLE_FILL_AREA(#7352);
#7067=SURFACE_STYLE_FILL_AREA(#7353);
#7068=SURFACE_STYLE_FILL_AREA(#7354);
#7069=SURFACE_STYLE_FILL_AREA(#7355);
#7070=SURFACE_STYLE_FILL_AREA(#7356);
#7071=SURFACE_STYLE_FILL_AREA(#7357);
#7072=SURFACE_STYLE_FILL_AREA(#7358);
#7073=SURFACE_STYLE_FILL_AREA(#7359);
#7074=SURFACE_STYLE_FILL_AREA(#7360);
#7075=SURFACE_STYLE_FILL_AREA(#7361);
#7076=SURFACE_STYLE_FILL_AREA(#7362);
#7077=SURFACE_STYLE_FILL_AREA(#7363);
#7078=SURFACE_STYLE_FILL_AREA(#7364);
#7079=SURFACE_STYLE_FILL_AREA(#7365);
#7080=SURFACE_STYLE_FILL_AREA(#7366);
#7081=SURFACE_STYLE_FILL_AREA(#7367);
#7082=SURFACE_STYLE_FILL_AREA(#7368);
#7083=SURFACE_STYLE_FILL_AREA(#7369);
#7084=SURFACE_STYLE_FILL_AREA(#7370);
#7085=SURFACE_STYLE_FILL_AREA(#7371);
#7086=SURFACE_STYLE_FILL_AREA(#7372);
#7087=SURFACE_STYLE_FILL_AREA(#7373);
#7088=SURFACE_STYLE_FILL_AREA(#7374);
#7089=SURFACE_STYLE_FILL_AREA(#7375);
#7090=SURFACE_STYLE_FILL_AREA(#7376);
#7091=SURFACE_STYLE_FILL_AREA(#7377);
#7092=SURFACE_STYLE_FILL_AREA(#7378);
#7093=SURFACE_STYLE_FILL_AREA(#7379);
#7094=SURFACE_STYLE_FILL_AREA(#7380);
#7095=SURFACE_STYLE_FILL_AREA(#7381);
#7096=SURFACE_STYLE_FILL_AREA(#7382);
#7097=SURFACE_STYLE_FILL_AREA(#7383);
#7098=SURFACE_STYLE_FILL_AREA(#7384);
#7099=SURFACE_STYLE_FILL_AREA(#7385);
#7100=SURFACE_STYLE_FILL_AREA(#7386);
#7101=SURFACE_STYLE_FILL_AREA(#7387);
#7102=SURFACE_STYLE_FILL_AREA(#7388);
#7103=SURFACE_STYLE_FILL_AREA(#7389);
#7104=SURFACE_STYLE_FILL_AREA(#7390);
#7105=SURFACE_STYLE_FILL_AREA(#7391);
#7106=SURFACE_STYLE_FILL_AREA(#7392);
#7107=SURFACE_STYLE_FILL_AREA(#7393);
#7108=SURFACE_STYLE_FILL_AREA(#7394);
#7109=SURFACE_STYLE_FILL_AREA(#7395);
#7110=SURFACE_STYLE_FILL_AREA(#7396);
#7111=SURFACE_STYLE_FILL_AREA(#7397);
#7112=SURFACE_STYLE_FILL_AREA(#7398);
#7113=SURFACE_STYLE_FILL_AREA(#7399);
#7114=SURFACE_STYLE_FILL_AREA(#7400);
#7115=SURFACE_STYLE_FILL_AREA(#7401);
#7116=SURFACE_STYLE_FILL_AREA(#7402);
#7117=SURFACE_STYLE_FILL_AREA(#7403);
#7118=SURFACE_STYLE_FILL_AREA(#7404);
#7119=SURFACE_STYLE_FILL_AREA(#7405);
#7120=SURFACE_STYLE_FILL_AREA(#7406);
#7121=SURFACE_STYLE_FILL_AREA(#7407);
#7122=SURFACE_STYLE_FILL_AREA(#7408);
#7123=SURFACE_STYLE_FILL_AREA(#7409);
#7124=SURFACE_STYLE_FILL_AREA(#7410);
#7125=SURFACE_STYLE_FILL_AREA(#7411);
#7126=SURFACE_STYLE_FILL_AREA(#7412);
#7127=SURFACE_STYLE_FILL_AREA(#7413);
#7128=SURFACE_STYLE_FILL_AREA(#7414);
#7129=SURFACE_STYLE_FILL_AREA(#7415);
#7130=SURFACE_STYLE_FILL_AREA(#7416);
#7131=SURFACE_STYLE_FILL_AREA(#7417);
#7132=SURFACE_STYLE_FILL_AREA(#7418);
#7133=SURFACE_STYLE_FILL_AREA(#7419);
#7134=SURFACE_STYLE_FILL_AREA(#7420);
#7135=SURFACE_STYLE_FILL_AREA(#7421);
#7136=SURFACE_STYLE_FILL_AREA(#7422);
#7137=SURFACE_STYLE_FILL_AREA(#7423);
#7138=SURFACE_STYLE_FILL_AREA(#7424);
#7139=SURFACE_STYLE_FILL_AREA(#7425);
#7140=SURFACE_STYLE_FILL_AREA(#7426);
#7141=SURFACE_STYLE_FILL_AREA(#7427);
#7142=SURFACE_STYLE_FILL_AREA(#7428);
#7143=SURFACE_STYLE_FILL_AREA(#7429);
#7144=SURFACE_STYLE_FILL_AREA(#7430);
#7145=SURFACE_STYLE_FILL_AREA(#7431);
#7146=SURFACE_STYLE_FILL_AREA(#7432);
#7147=SURFACE_STYLE_FILL_AREA(#7433);
#7148=SURFACE_STYLE_FILL_AREA(#7434);
#7149=SURFACE_STYLE_FILL_AREA(#7435);
#7150=SURFACE_STYLE_FILL_AREA(#7436);
#7151=SURFACE_STYLE_FILL_AREA(#7437);
#7152=SURFACE_STYLE_FILL_AREA(#7438);
#7153=SURFACE_STYLE_FILL_AREA(#7439);
#7154=SURFACE_STYLE_FILL_AREA(#7440);
#7155=SURFACE_STYLE_FILL_AREA(#7441);
#7156=SURFACE_STYLE_FILL_AREA(#7442);
#7157=SURFACE_STYLE_FILL_AREA(#7443);
#7158=SURFACE_STYLE_FILL_AREA(#7444);
#7159=SURFACE_STYLE_FILL_AREA(#7445);
#7160=SURFACE_STYLE_FILL_AREA(#7446);
#7161=SURFACE_STYLE_FILL_AREA(#7447);
#7162=SURFACE_STYLE_FILL_AREA(#7448);
#7163=SURFACE_STYLE_FILL_AREA(#7449);
#7164=SURFACE_STYLE_FILL_AREA(#7450);
#7165=SURFACE_STYLE_FILL_AREA(#7451);
#7166=SURFACE_STYLE_FILL_AREA(#7452);
#7167=SURFACE_STYLE_FILL_AREA(#7453);
#7168=SURFACE_STYLE_FILL_AREA(#7454);
#7169=SURFACE_STYLE_FILL_AREA(#7455);
#7170=SURFACE_STYLE_FILL_AREA(#7456);
#7171=SURFACE_STYLE_FILL_AREA(#7457);
#7172=SURFACE_STYLE_FILL_AREA(#7458);
#7173=SURFACE_STYLE_FILL_AREA(#7459);
#7174=SURFACE_STYLE_FILL_AREA(#7460);
#7175=SURFACE_STYLE_FILL_AREA(#7461);
#7176=SURFACE_STYLE_FILL_AREA(#7462);
#7177=SURFACE_STYLE_FILL_AREA(#7463);
#7178=SURFACE_STYLE_FILL_AREA(#7464);
#7179=SURFACE_STYLE_FILL_AREA(#7465);
#7180=SURFACE_STYLE_FILL_AREA(#7466);
#7181=SURFACE_STYLE_FILL_AREA(#7467);
#7182=SURFACE_STYLE_FILL_AREA(#7468);
#7183=SURFACE_STYLE_FILL_AREA(#7469);
#7184=SURFACE_STYLE_FILL_AREA(#7470);
#7185=SURFACE_STYLE_FILL_AREA(#7471);
#7186=SURFACE_STYLE_FILL_AREA(#7472);
#7187=SURFACE_STYLE_FILL_AREA(#7473);
#7188=SURFACE_STYLE_FILL_AREA(#7474);
#7189=SURFACE_STYLE_FILL_AREA(#7475);
#7190=SURFACE_STYLE_FILL_AREA(#7476);
#7191=SURFACE_STYLE_FILL_AREA(#7477);
#7192=SURFACE_STYLE_FILL_AREA(#7478);
#7193=SURFACE_STYLE_FILL_AREA(#7479);
#7194=SURFACE_STYLE_FILL_AREA(#7480);
#7195=SURFACE_STYLE_FILL_AREA(#7481);
#7196=SURFACE_STYLE_FILL_AREA(#7482);
#7197=SURFACE_STYLE_FILL_AREA(#7483);
#7198=SURFACE_STYLE_FILL_AREA(#7484);
#7199=SURFACE_STYLE_FILL_AREA(#7485);
#7200=SURFACE_STYLE_FILL_AREA(#7486);
#7201=SURFACE_STYLE_FILL_AREA(#7487);
#7202=SURFACE_STYLE_FILL_AREA(#7488);
#7203=SURFACE_STYLE_FILL_AREA(#7489);
#7204=SURFACE_STYLE_FILL_AREA(#7490);
#7205=SURFACE_STYLE_FILL_AREA(#7491);
#7206=SURFACE_STYLE_FILL_AREA(#7492);
#7207=SURFACE_STYLE_FILL_AREA(#7493);
#7208=SURFACE_STYLE_FILL_AREA(#7494);
#7209=SURFACE_STYLE_FILL_AREA(#7495);
#7210=SURFACE_STYLE_FILL_AREA(#7496);
#7211=SURFACE_STYLE_FILL_AREA(#7497);
#7212=SURFACE_STYLE_FILL_AREA(#7498);
#7213=SURFACE_STYLE_FILL_AREA(#7499);
#7214=SURFACE_STYLE_FILL_AREA(#7500);
#7215=SURFACE_STYLE_FILL_AREA(#7501);
#7216=SURFACE_STYLE_FILL_AREA(#7502);
#7217=SURFACE_STYLE_FILL_AREA(#7503);
#7218=SURFACE_STYLE_FILL_AREA(#7504);
#7219=SURFACE_STYLE_FILL_AREA(#7505);
#7220=SURFACE_STYLE_FILL_AREA(#7506);
#7221=SURFACE_STYLE_FILL_AREA(#7507);
#7222=SURFACE_STYLE_FILL_AREA(#7508);
#7223=SURFACE_STYLE_FILL_AREA(#7509);
#7224=SURFACE_STYLE_FILL_AREA(#7510);
#7225=SURFACE_STYLE_FILL_AREA(#7511);
#7226=SURFACE_STYLE_FILL_AREA(#7512);
#7227=SURFACE_STYLE_FILL_AREA(#7513);
#7228=SURFACE_STYLE_FILL_AREA(#7514);
#7229=SURFACE_STYLE_FILL_AREA(#7515);
#7230=SURFACE_STYLE_FILL_AREA(#7516);
#7231=SURFACE_STYLE_FILL_AREA(#7517);
#7232=SURFACE_STYLE_FILL_AREA(#7518);
#7233=SURFACE_STYLE_FILL_AREA(#7519);
#7234=SURFACE_STYLE_FILL_AREA(#7520);
#7235=SURFACE_STYLE_FILL_AREA(#7521);
#7236=SURFACE_STYLE_FILL_AREA(#7522);
#7237=SURFACE_STYLE_FILL_AREA(#7523);
#7238=SURFACE_STYLE_FILL_AREA(#7524);
#7239=SURFACE_STYLE_FILL_AREA(#7525);
#7240=SURFACE_STYLE_FILL_AREA(#7526);
#7241=SURFACE_STYLE_FILL_AREA(#7527);
#7242=SURFACE_STYLE_FILL_AREA(#7528);
#7243=SURFACE_STYLE_FILL_AREA(#7529);
#7244=SURFACE_STYLE_FILL_AREA(#7530);
#7245=SURFACE_STYLE_FILL_AREA(#7531);
#7246=SURFACE_STYLE_FILL_AREA(#7532);
#7247=SURFACE_STYLE_FILL_AREA(#7533);
#7248=SURFACE_STYLE_FILL_AREA(#7534);
#7249=SURFACE_STYLE_FILL_AREA(#7535);
#7250=SURFACE_STYLE_FILL_AREA(#7536);
#7251=SURFACE_STYLE_FILL_AREA(#7537);
#7252=SURFACE_STYLE_FILL_AREA(#7538);
#7253=SURFACE_STYLE_FILL_AREA(#7539);
#7254=SURFACE_STYLE_FILL_AREA(#7540);
#7255=SURFACE_STYLE_FILL_AREA(#7541);
#7256=SURFACE_STYLE_FILL_AREA(#7542);
#7257=SURFACE_STYLE_FILL_AREA(#7543);
#7258=SURFACE_STYLE_FILL_AREA(#7544);
#7259=SURFACE_STYLE_FILL_AREA(#7545);
#7260=SURFACE_STYLE_FILL_AREA(#7546);
#7261=SURFACE_STYLE_FILL_AREA(#7547);
#7262=SURFACE_STYLE_FILL_AREA(#7548);
#7263=SURFACE_STYLE_FILL_AREA(#7549);
#7264=SURFACE_STYLE_FILL_AREA(#7550);
#7265=SURFACE_STYLE_FILL_AREA(#7551);
#7266=SURFACE_STYLE_FILL_AREA(#7552);
#7267=SURFACE_STYLE_FILL_AREA(#7553);
#7268=SURFACE_STYLE_FILL_AREA(#7554);
#7269=SURFACE_STYLE_FILL_AREA(#7555);
#7270=SURFACE_STYLE_FILL_AREA(#7556);
#7271=SURFACE_STYLE_FILL_AREA(#7557);
#7272=SURFACE_STYLE_FILL_AREA(#7558);
#7273=SURFACE_STYLE_FILL_AREA(#7559);
#7274=SURFACE_STYLE_FILL_AREA(#7560);
#7275=SURFACE_STYLE_FILL_AREA(#7561);
#7276=SURFACE_STYLE_FILL_AREA(#7562);
#7277=SURFACE_STYLE_FILL_AREA(#7563);
#7278=SURFACE_STYLE_FILL_AREA(#7564);
#7279=SURFACE_STYLE_FILL_AREA(#7565);
#7280=SURFACE_STYLE_FILL_AREA(#7566);
#7281=SURFACE_STYLE_FILL_AREA(#7567);
#7282=SURFACE_STYLE_FILL_AREA(#7568);
#7283=SURFACE_STYLE_FILL_AREA(#7569);
#7284=SURFACE_STYLE_FILL_AREA(#7570);
#7285=SURFACE_STYLE_FILL_AREA(#7571);
#7286=SURFACE_STYLE_FILL_AREA(#7572);
#7287=SURFACE_STYLE_FILL_AREA(#7573);
#7288=SURFACE_STYLE_FILL_AREA(#7574);
#7289=SURFACE_STYLE_FILL_AREA(#7575);
#7290=SURFACE_STYLE_FILL_AREA(#7576);
#7291=SURFACE_STYLE_FILL_AREA(#7577);
#7292=SURFACE_STYLE_FILL_AREA(#7578);
#7293=SURFACE_STYLE_FILL_AREA(#7579);
#7294=SURFACE_STYLE_FILL_AREA(#7580);
#7295=SURFACE_STYLE_FILL_AREA(#7581);
#7296=SURFACE_STYLE_FILL_AREA(#7582);
#7297=SURFACE_STYLE_FILL_AREA(#7583);
#7298=SURFACE_STYLE_FILL_AREA(#7584);
#7299=SURFACE_STYLE_FILL_AREA(#7585);
#7300=SURFACE_STYLE_FILL_AREA(#7586);
#7301=SURFACE_STYLE_FILL_AREA(#7587);
#7302=SURFACE_STYLE_FILL_AREA(#7588);
#7303=SURFACE_STYLE_FILL_AREA(#7589);
#7304=SURFACE_STYLE_FILL_AREA(#7590);
#7305=SURFACE_STYLE_FILL_AREA(#7591);
#7306=SURFACE_STYLE_FILL_AREA(#7592);
#7307=SURFACE_STYLE_FILL_AREA(#7593);
#7308=SURFACE_STYLE_FILL_AREA(#7594);
#7309=SURFACE_STYLE_FILL_AREA(#7595);
#7310=SURFACE_STYLE_FILL_AREA(#7596);
#7311=SURFACE_STYLE_FILL_AREA(#7597);
#7312=SURFACE_STYLE_FILL_AREA(#7598);
#7313=SURFACE_STYLE_FILL_AREA(#7599);
#7314=SURFACE_STYLE_FILL_AREA(#7600);
#7315=SURFACE_STYLE_FILL_AREA(#7601);
#7316=SURFACE_STYLE_FILL_AREA(#7602);
#7317=SURFACE_STYLE_FILL_AREA(#7603);
#7318=SURFACE_STYLE_FILL_AREA(#7604);
#7319=SURFACE_STYLE_FILL_AREA(#7605);
#7320=SURFACE_STYLE_FILL_AREA(#7606);
#7321=SURFACE_STYLE_FILL_AREA(#7607);
#7322=SURFACE_STYLE_FILL_AREA(#7608);
#7323=SURFACE_STYLE_FILL_AREA(#7609);
#7324=SURFACE_STYLE_FILL_AREA(#7610);
#7325=SURFACE_STYLE_FILL_AREA(#7611);
#7326=SURFACE_STYLE_FILL_AREA(#7612);
#7327=SURFACE_STYLE_FILL_AREA(#7613);
#7328=SURFACE_STYLE_FILL_AREA(#7614);
#7329=SURFACE_STYLE_FILL_AREA(#7615);
#7330=SURFACE_STYLE_FILL_AREA(#7616);
#7331=SURFACE_STYLE_FILL_AREA(#7617);
#7332=SURFACE_STYLE_FILL_AREA(#7618);
#7333=SURFACE_STYLE_FILL_AREA(#7619);
#7334=FILL_AREA_STYLE('',(#7620));
#7335=FILL_AREA_STYLE('',(#7621));
#7336=FILL_AREA_STYLE('',(#7622));
#7337=FILL_AREA_STYLE('',(#7623));
#7338=FILL_AREA_STYLE('',(#7624));
#7339=FILL_AREA_STYLE('',(#7625));
#7340=FILL_AREA_STYLE('',(#7626));
#7341=FILL_AREA_STYLE('',(#7627));
#7342=FILL_AREA_STYLE('',(#7628));
#7343=FILL_AREA_STYLE('',(#7629));
#7344=FILL_AREA_STYLE('',(#7630));
#7345=FILL_AREA_STYLE('',(#7631));
#7346=FILL_AREA_STYLE('',(#7632));
#7347=FILL_AREA_STYLE('',(#7633));
#7348=FILL_AREA_STYLE('',(#7634));
#7349=FILL_AREA_STYLE('',(#7635));
#7350=FILL_AREA_STYLE('',(#7636));
#7351=FILL_AREA_STYLE('',(#7637));
#7352=FILL_AREA_STYLE('',(#7638));
#7353=FILL_AREA_STYLE('',(#7639));
#7354=FILL_AREA_STYLE('',(#7640));
#7355=FILL_AREA_STYLE('',(#7641));
#7356=FILL_AREA_STYLE('',(#7642));
#7357=FILL_AREA_STYLE('',(#7643));
#7358=FILL_AREA_STYLE('',(#7644));
#7359=FILL_AREA_STYLE('',(#7645));
#7360=FILL_AREA_STYLE('',(#7646));
#7361=FILL_AREA_STYLE('',(#7647));
#7362=FILL_AREA_STYLE('',(#7648));
#7363=FILL_AREA_STYLE('',(#7649));
#7364=FILL_AREA_STYLE('',(#7650));
#7365=FILL_AREA_STYLE('',(#7651));
#7366=FILL_AREA_STYLE('',(#7652));
#7367=FILL_AREA_STYLE('',(#7653));
#7368=FILL_AREA_STYLE('',(#7654));
#7369=FILL_AREA_STYLE('',(#7655));
#7370=FILL_AREA_STYLE('',(#7656));
#7371=FILL_AREA_STYLE('',(#7657));
#7372=FILL_AREA_STYLE('',(#7658));
#7373=FILL_AREA_STYLE('',(#7659));
#7374=FILL_AREA_STYLE('',(#7660));
#7375=FILL_AREA_STYLE('',(#7661));
#7376=FILL_AREA_STYLE('',(#7662));
#7377=FILL_AREA_STYLE('',(#7663));
#7378=FILL_AREA_STYLE('',(#7664));
#7379=FILL_AREA_STYLE('',(#7665));
#7380=FILL_AREA_STYLE('',(#7666));
#7381=FILL_AREA_STYLE('',(#7667));
#7382=FILL_AREA_STYLE('',(#7668));
#7383=FILL_AREA_STYLE('',(#7669));
#7384=FILL_AREA_STYLE('',(#7670));
#7385=FILL_AREA_STYLE('',(#7671));
#7386=FILL_AREA_STYLE('',(#7672));
#7387=FILL_AREA_STYLE('',(#7673));
#7388=FILL_AREA_STYLE('',(#7674));
#7389=FILL_AREA_STYLE('',(#7675));
#7390=FILL_AREA_STYLE('',(#7676));
#7391=FILL_AREA_STYLE('',(#7677));
#7392=FILL_AREA_STYLE('',(#7678));
#7393=FILL_AREA_STYLE('',(#7679));
#7394=FILL_AREA_STYLE('',(#7680));
#7395=FILL_AREA_STYLE('',(#7681));
#7396=FILL_AREA_STYLE('',(#7682));
#7397=FILL_AREA_STYLE('',(#7683));
#7398=FILL_AREA_STYLE('',(#7684));
#7399=FILL_AREA_STYLE('',(#7685));
#7400=FILL_AREA_STYLE('',(#7686));
#7401=FILL_AREA_STYLE('',(#7687));
#7402=FILL_AREA_STYLE('',(#7688));
#7403=FILL_AREA_STYLE('',(#7689));
#7404=FILL_AREA_STYLE('',(#7690));
#7405=FILL_AREA_STYLE('',(#7691));
#7406=FILL_AREA_STYLE('',(#7692));
#7407=FILL_AREA_STYLE('',(#7693));
#7408=FILL_AREA_STYLE('',(#7694));
#7409=FILL_AREA_STYLE('',(#7695));
#7410=FILL_AREA_STYLE('',(#7696));
#7411=FILL_AREA_STYLE('',(#7697));
#7412=FILL_AREA_STYLE('',(#7698));
#7413=FILL_AREA_STYLE('',(#7699));
#7414=FILL_AREA_STYLE('',(#7700));
#7415=FILL_AREA_STYLE('',(#7701));
#7416=FILL_AREA_STYLE('',(#7702));
#7417=FILL_AREA_STYLE('',(#7703));
#7418=FILL_AREA_STYLE('',(#7704));
#7419=FILL_AREA_STYLE('',(#7705));
#7420=FILL_AREA_STYLE('',(#7706));
#7421=FILL_AREA_STYLE('',(#7707));
#7422=FILL_AREA_STYLE('',(#7708));
#7423=FILL_AREA_STYLE('',(#7709));
#7424=FILL_AREA_STYLE('',(#7710));
#7425=FILL_AREA_STYLE('',(#7711));
#7426=FILL_AREA_STYLE('',(#7712));
#7427=FILL_AREA_STYLE('',(#7713));
#7428=FILL_AREA_STYLE('',(#7714));
#7429=FILL_AREA_STYLE('',(#7715));
#7430=FILL_AREA_STYLE('',(#7716));
#7431=FILL_AREA_STYLE('',(#7717));
#7432=FILL_AREA_STYLE('',(#7718));
#7433=FILL_AREA_STYLE('',(#7719));
#7434=FILL_AREA_STYLE('',(#7720));
#7435=FILL_AREA_STYLE('',(#7721));
#7436=FILL_AREA_STYLE('',(#7722));
#7437=FILL_AREA_STYLE('',(#7723));
#7438=FILL_AREA_STYLE('',(#7724));
#7439=FILL_AREA_STYLE('',(#7725));
#7440=FILL_AREA_STYLE('',(#7726));
#7441=FILL_AREA_STYLE('',(#7727));
#7442=FILL_AREA_STYLE('',(#7728));
#7443=FILL_AREA_STYLE('',(#7729));
#7444=FILL_AREA_STYLE('',(#7730));
#7445=FILL_AREA_STYLE('',(#7731));
#7446=FILL_AREA_STYLE('',(#7732));
#7447=FILL_AREA_STYLE('',(#7733));
#7448=FILL_AREA_STYLE('',(#7734));
#7449=FILL_AREA_STYLE('',(#7735));
#7450=FILL_AREA_STYLE('',(#7736));
#7451=FILL_AREA_STYLE('',(#7737));
#7452=FILL_AREA_STYLE('',(#7738));
#7453=FILL_AREA_STYLE('',(#7739));
#7454=FILL_AREA_STYLE('',(#7740));
#7455=FILL_AREA_STYLE('',(#7741));
#7456=FILL_AREA_STYLE('',(#7742));
#7457=FILL_AREA_STYLE('',(#7743));
#7458=FILL_AREA_STYLE('',(#7744));
#7459=FILL_AREA_STYLE('',(#7745));
#7460=FILL_AREA_STYLE('',(#7746));
#7461=FILL_AREA_STYLE('',(#7747));
#7462=FILL_AREA_STYLE('',(#7748));
#7463=FILL_AREA_STYLE('',(#7749));
#7464=FILL_AREA_STYLE('',(#7750));
#7465=FILL_AREA_STYLE('',(#7751));
#7466=FILL_AREA_STYLE('',(#7752));
#7467=FILL_AREA_STYLE('',(#7753));
#7468=FILL_AREA_STYLE('',(#7754));
#7469=FILL_AREA_STYLE('',(#7755));
#7470=FILL_AREA_STYLE('',(#7756));
#7471=FILL_AREA_STYLE('',(#7757));
#7472=FILL_AREA_STYLE('',(#7758));
#7473=FILL_AREA_STYLE('',(#7759));
#7474=FILL_AREA_STYLE('',(#7760));
#7475=FILL_AREA_STYLE('',(#7761));
#7476=FILL_AREA_STYLE('',(#7762));
#7477=FILL_AREA_STYLE('',(#7763));
#7478=FILL_AREA_STYLE('',(#7764));
#7479=FILL_AREA_STYLE('',(#7765));
#7480=FILL_AREA_STYLE('',(#7766));
#7481=FILL_AREA_STYLE('',(#7767));
#7482=FILL_AREA_STYLE('',(#7768));
#7483=FILL_AREA_STYLE('',(#7769));
#7484=FILL_AREA_STYLE('',(#7770));
#7485=FILL_AREA_STYLE('',(#7771));
#7486=FILL_AREA_STYLE('',(#7772));
#7487=FILL_AREA_STYLE('',(#7773));
#7488=FILL_AREA_STYLE('',(#7774));
#7489=FILL_AREA_STYLE('',(#7775));
#7490=FILL_AREA_STYLE('',(#7776));
#7491=FILL_AREA_STYLE('',(#7777));
#7492=FILL_AREA_STYLE('',(#7778));
#7493=FILL_AREA_STYLE('',(#7779));
#7494=FILL_AREA_STYLE('',(#7780));
#7495=FILL_AREA_STYLE('',(#7781));
#7496=FILL_AREA_STYLE('',(#7782));
#7497=FILL_AREA_STYLE('',(#7783));
#7498=FILL_AREA_STYLE('',(#7784));
#7499=FILL_AREA_STYLE('',(#7785));
#7500=FILL_AREA_STYLE('',(#7786));
#7501=FILL_AREA_STYLE('',(#7787));
#7502=FILL_AREA_STYLE('',(#7788));
#7503=FILL_AREA_STYLE('',(#7789));
#7504=FILL_AREA_STYLE('',(#7790));
#7505=FILL_AREA_STYLE('',(#7791));
#7506=FILL_AREA_STYLE('',(#7792));
#7507=FILL_AREA_STYLE('',(#7793));
#7508=FILL_AREA_STYLE('',(#7794));
#7509=FILL_AREA_STYLE('',(#7795));
#7510=FILL_AREA_STYLE('',(#7796));
#7511=FILL_AREA_STYLE('',(#7797));
#7512=FILL_AREA_STYLE('',(#7798));
#7513=FILL_AREA_STYLE('',(#7799));
#7514=FILL_AREA_STYLE('',(#7800));
#7515=FILL_AREA_STYLE('',(#7801));
#7516=FILL_AREA_STYLE('',(#7802));
#7517=FILL_AREA_STYLE('',(#7803));
#7518=FILL_AREA_STYLE('',(#7804));
#7519=FILL_AREA_STYLE('',(#7805));
#7520=FILL_AREA_STYLE('',(#7806));
#7521=FILL_AREA_STYLE('',(#7807));
#7522=FILL_AREA_STYLE('',(#7808));
#7523=FILL_AREA_STYLE('',(#7809));
#7524=FILL_AREA_STYLE('',(#7810));
#7525=FILL_AREA_STYLE('',(#7811));
#7526=FILL_AREA_STYLE('',(#7812));
#7527=FILL_AREA_STYLE('',(#7813));
#7528=FILL_AREA_STYLE('',(#7814));
#7529=FILL_AREA_STYLE('',(#7815));
#7530=FILL_AREA_STYLE('',(#7816));
#7531=FILL_AREA_STYLE('',(#7817));
#7532=FILL_AREA_STYLE('',(#7818));
#7533=FILL_AREA_STYLE('',(#7819));
#7534=FILL_AREA_STYLE('',(#7820));
#7535=FILL_AREA_STYLE('',(#7821));
#7536=FILL_AREA_STYLE('',(#7822));
#7537=FILL_AREA_STYLE('',(#7823));
#7538=FILL_AREA_STYLE('',(#7824));
#7539=FILL_AREA_STYLE('',(#7825));
#7540=FILL_AREA_STYLE('',(#7826));
#7541=FILL_AREA_STYLE('',(#7827));
#7542=FILL_AREA_STYLE('',(#7828));
#7543=FILL_AREA_STYLE('',(#7829));
#7544=FILL_AREA_STYLE('',(#7830));
#7545=FILL_AREA_STYLE('',(#7831));
#7546=FILL_AREA_STYLE('',(#7832));
#7547=FILL_AREA_STYLE('',(#7833));
#7548=FILL_AREA_STYLE('',(#7834));
#7549=FILL_AREA_STYLE('',(#7835));
#7550=FILL_AREA_STYLE('',(#7836));
#7551=FILL_AREA_STYLE('',(#7837));
#7552=FILL_AREA_STYLE('',(#7838));
#7553=FILL_AREA_STYLE('',(#7839));
#7554=FILL_AREA_STYLE('',(#7840));
#7555=FILL_AREA_STYLE('',(#7841));
#7556=FILL_AREA_STYLE('',(#7842));
#7557=FILL_AREA_STYLE('',(#7843));
#7558=FILL_AREA_STYLE('',(#7844));
#7559=FILL_AREA_STYLE('',(#7845));
#7560=FILL_AREA_STYLE('',(#7846));
#7561=FILL_AREA_STYLE('',(#7847));
#7562=FILL_AREA_STYLE('',(#7848));
#7563=FILL_AREA_STYLE('',(#7849));
#7564=FILL_AREA_STYLE('',(#7850));
#7565=FILL_AREA_STYLE('',(#7851));
#7566=FILL_AREA_STYLE('',(#7852));
#7567=FILL_AREA_STYLE('',(#7853));
#7568=FILL_AREA_STYLE('',(#7854));
#7569=FILL_AREA_STYLE('',(#7855));
#7570=FILL_AREA_STYLE('',(#7856));
#7571=FILL_AREA_STYLE('',(#7857));
#7572=FILL_AREA_STYLE('',(#7858));
#7573=FILL_AREA_STYLE('',(#7859));
#7574=FILL_AREA_STYLE('',(#7860));
#7575=FILL_AREA_STYLE('',(#7861));
#7576=FILL_AREA_STYLE('',(#7862));
#7577=FILL_AREA_STYLE('',(#7863));
#7578=FILL_AREA_STYLE('',(#7864));
#7579=FILL_AREA_STYLE('',(#7865));
#7580=FILL_AREA_STYLE('',(#7866));
#7581=FILL_AREA_STYLE('',(#7867));
#7582=FILL_AREA_STYLE('',(#7868));
#7583=FILL_AREA_STYLE('',(#7869));
#7584=FILL_AREA_STYLE('',(#7870));
#7585=FILL_AREA_STYLE('',(#7871));
#7586=FILL_AREA_STYLE('',(#7872));
#7587=FILL_AREA_STYLE('',(#7873));
#7588=FILL_AREA_STYLE('',(#7874));
#7589=FILL_AREA_STYLE('',(#7875));
#7590=FILL_AREA_STYLE('',(#7876));
#7591=FILL_AREA_STYLE('',(#7877));
#7592=FILL_AREA_STYLE('',(#7878));
#7593=FILL_AREA_STYLE('',(#7879));
#7594=FILL_AREA_STYLE('',(#7880));
#7595=FILL_AREA_STYLE('',(#7881));
#7596=FILL_AREA_STYLE('',(#7882));
#7597=FILL_AREA_STYLE('',(#7883));
#7598=FILL_AREA_STYLE('',(#7884));
#7599=FILL_AREA_STYLE('',(#7885));
#7600=FILL_AREA_STYLE('',(#7886));
#7601=FILL_AREA_STYLE('',(#7887));
#7602=FILL_AREA_STYLE('',(#7888));
#7603=FILL_AREA_STYLE('',(#7889));
#7604=FILL_AREA_STYLE('',(#7890));
#7605=FILL_AREA_STYLE('',(#7891));
#7606=FILL_AREA_STYLE('',(#7892));
#7607=FILL_AREA_STYLE('',(#7893));
#7608=FILL_AREA_STYLE('',(#7894));
#7609=FILL_AREA_STYLE('',(#7895));
#7610=FILL_AREA_STYLE('',(#7896));
#7611=FILL_AREA_STYLE('',(#7897));
#7612=FILL_AREA_STYLE('',(#7898));
#7613=FILL_AREA_STYLE('',(#7899));
#7614=FILL_AREA_STYLE('',(#7900));
#7615=FILL_AREA_STYLE('',(#7901));
#7616=FILL_AREA_STYLE('',(#7902));
#7617=FILL_AREA_STYLE('',(#7903));
#7618=FILL_AREA_STYLE('',(#7904));
#7619=FILL_AREA_STYLE('',(#7905));
#7620=FILL_AREA_STYLE_COLOUR('',#7906);
#7621=FILL_AREA_STYLE_COLOUR('',#7907);
#7622=FILL_AREA_STYLE_COLOUR('',#7907);
#7623=FILL_AREA_STYLE_COLOUR('',#7907);
#7624=FILL_AREA_STYLE_COLOUR('',#7907);
#7625=FILL_AREA_STYLE_COLOUR('',#7907);
#7626=FILL_AREA_STYLE_COLOUR('',#7907);
#7627=FILL_AREA_STYLE_COLOUR('',#7907);
#7628=FILL_AREA_STYLE_COLOUR('',#7907);
#7629=FILL_AREA_STYLE_COLOUR('',#7907);
#7630=FILL_AREA_STYLE_COLOUR('',#7907);
#7631=FILL_AREA_STYLE_COLOUR('',#7907);
#7632=FILL_AREA_STYLE_COLOUR('',#7907);
#7633=FILL_AREA_STYLE_COLOUR('',#7907);
#7634=FILL_AREA_STYLE_COLOUR('',#7907);
#7635=FILL_AREA_STYLE_COLOUR('',#7907);
#7636=FILL_AREA_STYLE_COLOUR('',#7907);
#7637=FILL_AREA_STYLE_COLOUR('',#7907);
#7638=FILL_AREA_STYLE_COLOUR('',#7907);
#7639=FILL_AREA_STYLE_COLOUR('',#7907);
#7640=FILL_AREA_STYLE_COLOUR('',#7907);
#7641=FILL_AREA_STYLE_COLOUR('',#7907);
#7642=FILL_AREA_STYLE_COLOUR('',#7907);
#7643=FILL_AREA_STYLE_COLOUR('',#7907);
#7644=FILL_AREA_STYLE_COLOUR('',#7907);
#7645=FILL_AREA_STYLE_COLOUR('',#7907);
#7646=FILL_AREA_STYLE_COLOUR('',#7907);
#7647=FILL_AREA_STYLE_COLOUR('',#7907);
#7648=FILL_AREA_STYLE_COLOUR('',#7907);
#7649=FILL_AREA_STYLE_COLOUR('',#7907);
#7650=FILL_AREA_STYLE_COLOUR('',#7907);
#7651=FILL_AREA_STYLE_COLOUR('',#7907);
#7652=FILL_AREA_STYLE_COLOUR('',#7907);
#7653=FILL_AREA_STYLE_COLOUR('',#7907);
#7654=FILL_AREA_STYLE_COLOUR('',#7907);
#7655=FILL_AREA_STYLE_COLOUR('',#7907);
#7656=FILL_AREA_STYLE_COLOUR('',#7907);
#7657=FILL_AREA_STYLE_COLOUR('',#7907);
#7658=FILL_AREA_STYLE_COLOUR('',#7907);
#7659=FILL_AREA_STYLE_COLOUR('',#7907);
#7660=FILL_AREA_STYLE_COLOUR('',#7907);
#7661=FILL_AREA_STYLE_COLOUR('',#7907);
#7662=FILL_AREA_STYLE_COLOUR('',#7907);
#7663=FILL_AREA_STYLE_COLOUR('',#7907);
#7664=FILL_AREA_STYLE_COLOUR('',#7907);
#7665=FILL_AREA_STYLE_COLOUR('',#7907);
#7666=FILL_AREA_STYLE_COLOUR('',#7907);
#7667=FILL_AREA_STYLE_COLOUR('',#7907);
#7668=FILL_AREA_STYLE_COLOUR('',#7907);
#7669=FILL_AREA_STYLE_COLOUR('',#7907);
#7670=FILL_AREA_STYLE_COLOUR('',#7907);
#7671=FILL_AREA_STYLE_COLOUR('',#7907);
#7672=FILL_AREA_STYLE_COLOUR('',#7907);
#7673=FILL_AREA_STYLE_COLOUR('',#7907);
#7674=FILL_AREA_STYLE_COLOUR('',#7907);
#7675=FILL_AREA_STYLE_COLOUR('',#7907);
#7676=FILL_AREA_STYLE_COLOUR('',#7907);
#7677=FILL_AREA_STYLE_COLOUR('',#7907);
#7678=FILL_AREA_STYLE_COLOUR('',#7907);
#7679=FILL_AREA_STYLE_COLOUR('',#7907);
#7680=FILL_AREA_STYLE_COLOUR('',#7907);
#7681=FILL_AREA_STYLE_COLOUR('',#7907);
#7682=FILL_AREA_STYLE_COLOUR('',#7907);
#7683=FILL_AREA_STYLE_COLOUR('',#7907);
#7684=FILL_AREA_STYLE_COLOUR('',#7907);
#7685=FILL_AREA_STYLE_COLOUR('',#7907);
#7686=FILL_AREA_STYLE_COLOUR('',#7907);
#7687=FILL_AREA_STYLE_COLOUR('',#7907);
#7688=FILL_AREA_STYLE_COLOUR('',#7907);
#7689=FILL_AREA_STYLE_COLOUR('',#7907);
#7690=FILL_AREA_STYLE_COLOUR('',#7907);
#7691=FILL_AREA_STYLE_COLOUR('',#7907);
#7692=FILL_AREA_STYLE_COLOUR('',#7907);
#7693=FILL_AREA_STYLE_COLOUR('',#7907);
#7694=FILL_AREA_STYLE_COLOUR('',#7907);
#7695=FILL_AREA_STYLE_COLOUR('',#7907);
#7696=FILL_AREA_STYLE_COLOUR('',#7907);
#7697=FILL_AREA_STYLE_COLOUR('',#7907);
#7698=FILL_AREA_STYLE_COLOUR('',#7907);
#7699=FILL_AREA_STYLE_COLOUR('',#7907);
#7700=FILL_AREA_STYLE_COLOUR('',#7907);
#7701=FILL_AREA_STYLE_COLOUR('',#7907);
#7702=FILL_AREA_STYLE_COLOUR('',#7907);
#7703=FILL_AREA_STYLE_COLOUR('',#7907);
#7704=FILL_AREA_STYLE_COLOUR('',#7907);
#7705=FILL_AREA_STYLE_COLOUR('',#7907);
#7706=FILL_AREA_STYLE_COLOUR('',#7907);
#7707=FILL_AREA_STYLE_COLOUR('',#7907);
#7708=FILL_AREA_STYLE_COLOUR('',#7907);
#7709=FILL_AREA_STYLE_COLOUR('',#7907);
#7710=FILL_AREA_STYLE_COLOUR('',#7907);
#7711=FILL_AREA_STYLE_COLOUR('',#7907);
#7712=FILL_AREA_STYLE_COLOUR('',#7907);
#7713=FILL_AREA_STYLE_COLOUR('',#7907);
#7714=FILL_AREA_STYLE_COLOUR('',#7907);
#7715=FILL_AREA_STYLE_COLOUR('',#7907);
#7716=FILL_AREA_STYLE_COLOUR('',#7907);
#7717=FILL_AREA_STYLE_COLOUR('',#7907);
#7718=FILL_AREA_STYLE_COLOUR('',#7907);
#7719=FILL_AREA_STYLE_COLOUR('',#7907);
#7720=FILL_AREA_STYLE_COLOUR('',#7907);
#7721=FILL_AREA_STYLE_COLOUR('',#7907);
#7722=FILL_AREA_STYLE_COLOUR('',#7907);
#7723=FILL_AREA_STYLE_COLOUR('',#7907);
#7724=FILL_AREA_STYLE_COLOUR('',#7907);
#7725=FILL_AREA_STYLE_COLOUR('',#7907);
#7726=FILL_AREA_STYLE_COLOUR('',#7907);
#7727=FILL_AREA_STYLE_COLOUR('',#7907);
#7728=FILL_AREA_STYLE_COLOUR('',#7907);
#7729=FILL_AREA_STYLE_COLOUR('',#7907);
#7730=FILL_AREA_STYLE_COLOUR('',#7907);
#7731=FILL_AREA_STYLE_COLOUR('',#7907);
#7732=FILL_AREA_STYLE_COLOUR('',#7907);
#7733=FILL_AREA_STYLE_COLOUR('',#7907);
#7734=FILL_AREA_STYLE_COLOUR('',#7907);
#7735=FILL_AREA_STYLE_COLOUR('',#7907);
#7736=FILL_AREA_STYLE_COLOUR('',#7907);
#7737=FILL_AREA_STYLE_COLOUR('',#7907);
#7738=FILL_AREA_STYLE_COLOUR('',#7907);
#7739=FILL_AREA_STYLE_COLOUR('',#7907);
#7740=FILL_AREA_STYLE_COLOUR('',#7907);
#7741=FILL_AREA_STYLE_COLOUR('',#7907);
#7742=FILL_AREA_STYLE_COLOUR('',#7907);
#7743=FILL_AREA_STYLE_COLOUR('',#7907);
#7744=FILL_AREA_STYLE_COLOUR('',#7907);
#7745=FILL_AREA_STYLE_COLOUR('',#7907);
#7746=FILL_AREA_STYLE_COLOUR('',#7907);
#7747=FILL_AREA_STYLE_COLOUR('',#7907);
#7748=FILL_AREA_STYLE_COLOUR('',#7907);
#7749=FILL_AREA_STYLE_COLOUR('',#7907);
#7750=FILL_AREA_STYLE_COLOUR('',#7907);
#7751=FILL_AREA_STYLE_COLOUR('',#7907);
#7752=FILL_AREA_STYLE_COLOUR('',#7907);
#7753=FILL_AREA_STYLE_COLOUR('',#7907);
#7754=FILL_AREA_STYLE_COLOUR('',#7907);
#7755=FILL_AREA_STYLE_COLOUR('',#7907);
#7756=FILL_AREA_STYLE_COLOUR('',#7907);
#7757=FILL_AREA_STYLE_COLOUR('',#7907);
#7758=FILL_AREA_STYLE_COLOUR('',#7907);
#7759=FILL_AREA_STYLE_COLOUR('',#7907);
#7760=FILL_AREA_STYLE_COLOUR('',#7907);
#7761=FILL_AREA_STYLE_COLOUR('',#7907);
#7762=FILL_AREA_STYLE_COLOUR('',#7907);
#7763=FILL_AREA_STYLE_COLOUR('',#7907);
#7764=FILL_AREA_STYLE_COLOUR('',#7907);
#7765=FILL_AREA_STYLE_COLOUR('',#7907);
#7766=FILL_AREA_STYLE_COLOUR('',#7907);
#7767=FILL_AREA_STYLE_COLOUR('',#7907);
#7768=FILL_AREA_STYLE_COLOUR('',#7907);
#7769=FILL_AREA_STYLE_COLOUR('',#7907);
#7770=FILL_AREA_STYLE_COLOUR('',#7907);
#7771=FILL_AREA_STYLE_COLOUR('',#7907);
#7772=FILL_AREA_STYLE_COLOUR('',#7907);
#7773=FILL_AREA_STYLE_COLOUR('',#7907);
#7774=FILL_AREA_STYLE_COLOUR('',#7907);
#7775=FILL_AREA_STYLE_COLOUR('',#7907);
#7776=FILL_AREA_STYLE_COLOUR('',#7907);
#7777=FILL_AREA_STYLE_COLOUR('',#7907);
#7778=FILL_AREA_STYLE_COLOUR('',#7907);
#7779=FILL_AREA_STYLE_COLOUR('',#7907);
#7780=FILL_AREA_STYLE_COLOUR('',#7907);
#7781=FILL_AREA_STYLE_COLOUR('',#7907);
#7782=FILL_AREA_STYLE_COLOUR('',#7907);
#7783=FILL_AREA_STYLE_COLOUR('',#7907);
#7784=FILL_AREA_STYLE_COLOUR('',#7907);
#7785=FILL_AREA_STYLE_COLOUR('',#7907);
#7786=FILL_AREA_STYLE_COLOUR('',#7907);
#7787=FILL_AREA_STYLE_COLOUR('',#7907);
#7788=FILL_AREA_STYLE_COLOUR('',#7907);
#7789=FILL_AREA_STYLE_COLOUR('',#7907);
#7790=FILL_AREA_STYLE_COLOUR('',#7907);
#7791=FILL_AREA_STYLE_COLOUR('',#7907);
#7792=FILL_AREA_STYLE_COLOUR('',#7907);
#7793=FILL_AREA_STYLE_COLOUR('',#7907);
#7794=FILL_AREA_STYLE_COLOUR('',#7907);
#7795=FILL_AREA_STYLE_COLOUR('',#7907);
#7796=FILL_AREA_STYLE_COLOUR('',#7907);
#7797=FILL_AREA_STYLE_COLOUR('',#7907);
#7798=FILL_AREA_STYLE_COLOUR('',#7907);
#7799=FILL_AREA_STYLE_COLOUR('',#7907);
#7800=FILL_AREA_STYLE_COLOUR('',#7907);
#7801=FILL_AREA_STYLE_COLOUR('',#7907);
#7802=FILL_AREA_STYLE_COLOUR('',#7907);
#7803=FILL_AREA_STYLE_COLOUR('',#7907);
#7804=FILL_AREA_STYLE_COLOUR('',#7907);
#7805=FILL_AREA_STYLE_COLOUR('',#7907);
#7806=FILL_AREA_STYLE_COLOUR('',#7907);
#7807=FILL_AREA_STYLE_COLOUR('',#7907);
#7808=FILL_AREA_STYLE_COLOUR('',#7907);
#7809=FILL_AREA_STYLE_COLOUR('',#7907);
#7810=FILL_AREA_STYLE_COLOUR('',#7907);
#7811=FILL_AREA_STYLE_COLOUR('',#7907);
#7812=FILL_AREA_STYLE_COLOUR('',#7907);
#7813=FILL_AREA_STYLE_COLOUR('',#7907);
#7814=FILL_AREA_STYLE_COLOUR('',#7907);
#7815=FILL_AREA_STYLE_COLOUR('',#7907);
#7816=FILL_AREA_STYLE_COLOUR('',#7907);
#7817=FILL_AREA_STYLE_COLOUR('',#7907);
#7818=FILL_AREA_STYLE_COLOUR('',#7907);
#7819=FILL_AREA_STYLE_COLOUR('',#7907);
#7820=FILL_AREA_STYLE_COLOUR('',#7907);
#7821=FILL_AREA_STYLE_COLOUR('',#7907);
#7822=FILL_AREA_STYLE_COLOUR('',#7907);
#7823=FILL_AREA_STYLE_COLOUR('',#7907);
#7824=FILL_AREA_STYLE_COLOUR('',#7907);
#7825=FILL_AREA_STYLE_COLOUR('',#7907);
#7826=FILL_AREA_STYLE_COLOUR('',#7907);
#7827=FILL_AREA_STYLE_COLOUR('',#7907);
#7828=FILL_AREA_STYLE_COLOUR('',#7907);
#7829=FILL_AREA_STYLE_COLOUR('',#7907);
#7830=FILL_AREA_STYLE_COLOUR('',#7907);
#7831=FILL_AREA_STYLE_COLOUR('',#7907);
#7832=FILL_AREA_STYLE_COLOUR('',#7907);
#7833=FILL_AREA_STYLE_COLOUR('',#7907);
#7834=FILL_AREA_STYLE_COLOUR('',#7907);
#7835=FILL_AREA_STYLE_COLOUR('',#7907);
#7836=FILL_AREA_STYLE_COLOUR('',#7907);
#7837=FILL_AREA_STYLE_COLOUR('',#7907);
#7838=FILL_AREA_STYLE_COLOUR('',#7907);
#7839=FILL_AREA_STYLE_COLOUR('',#7907);
#7840=FILL_AREA_STYLE_COLOUR('',#7907);
#7841=FILL_AREA_STYLE_COLOUR('',#7907);
#7842=FILL_AREA_STYLE_COLOUR('',#7907);
#7843=FILL_AREA_STYLE_COLOUR('',#7907);
#7844=FILL_AREA_STYLE_COLOUR('',#7907);
#7845=FILL_AREA_STYLE_COLOUR('',#7907);
#7846=FILL_AREA_STYLE_COLOUR('',#7907);
#7847=FILL_AREA_STYLE_COLOUR('',#7907);
#7848=FILL_AREA_STYLE_COLOUR('',#7907);
#7849=FILL_AREA_STYLE_COLOUR('',#7907);
#7850=FILL_AREA_STYLE_COLOUR('',#7907);
#7851=FILL_AREA_STYLE_COLOUR('',#7907);
#7852=FILL_AREA_STYLE_COLOUR('',#7907);
#7853=FILL_AREA_STYLE_COLOUR('',#7907);
#7854=FILL_AREA_STYLE_COLOUR('',#7907);
#7855=FILL_AREA_STYLE_COLOUR('',#7907);
#7856=FILL_AREA_STYLE_COLOUR('',#7907);
#7857=FILL_AREA_STYLE_COLOUR('',#7907);
#7858=FILL_AREA_STYLE_COLOUR('',#7907);
#7859=FILL_AREA_STYLE_COLOUR('',#7907);
#7860=FILL_AREA_STYLE_COLOUR('',#7907);
#7861=FILL_AREA_STYLE_COLOUR('',#7907);
#7862=FILL_AREA_STYLE_COLOUR('',#7907);
#7863=FILL_AREA_STYLE_COLOUR('',#7907);
#7864=FILL_AREA_STYLE_COLOUR('',#7907);
#7865=FILL_AREA_STYLE_COLOUR('',#7907);
#7866=FILL_AREA_STYLE_COLOUR('',#7907);
#7867=FILL_AREA_STYLE_COLOUR('',#7907);
#7868=FILL_AREA_STYLE_COLOUR('',#7907);
#7869=FILL_AREA_STYLE_COLOUR('',#7907);
#7870=FILL_AREA_STYLE_COLOUR('',#7907);
#7871=FILL_AREA_STYLE_COLOUR('',#7907);
#7872=FILL_AREA_STYLE_COLOUR('',#7907);
#7873=FILL_AREA_STYLE_COLOUR('',#7907);
#7874=FILL_AREA_STYLE_COLOUR('',#7907);
#7875=FILL_AREA_STYLE_COLOUR('',#7907);
#7876=FILL_AREA_STYLE_COLOUR('',#7907);
#7877=FILL_AREA_STYLE_COLOUR('',#7907);
#7878=FILL_AREA_STYLE_COLOUR('',#7907);
#7879=FILL_AREA_STYLE_COLOUR('',#7907);
#7880=FILL_AREA_STYLE_COLOUR('',#7907);
#7881=FILL_AREA_STYLE_COLOUR('',#7907);
#7882=FILL_AREA_STYLE_COLOUR('',#7907);
#7883=FILL_AREA_STYLE_COLOUR('',#7907);
#7884=FILL_AREA_STYLE_COLOUR('',#7907);
#7885=FILL_AREA_STYLE_COLOUR('',#7907);
#7886=FILL_AREA_STYLE_COLOUR('',#7907);
#7887=FILL_AREA_STYLE_COLOUR('',#7907);
#7888=FILL_AREA_STYLE_COLOUR('',#7907);
#7889=FILL_AREA_STYLE_COLOUR('',#7907);
#7890=FILL_AREA_STYLE_COLOUR('',#7907);
#7891=FILL_AREA_STYLE_COLOUR('',#7907);
#7892=FILL_AREA_STYLE_COLOUR('',#7907);
#7893=FILL_AREA_STYLE_COLOUR('',#7907);
#7894=FILL_AREA_STYLE_COLOUR('',#7907);
#7895=FILL_AREA_STYLE_COLOUR('',#7907);
#7896=FILL_AREA_STYLE_COLOUR('',#7907);
#7897=FILL_AREA_STYLE_COLOUR('',#7907);
#7898=FILL_AREA_STYLE_COLOUR('',#7907);
#7899=FILL_AREA_STYLE_COLOUR('',#7907);
#7900=FILL_AREA_STYLE_COLOUR('',#7907);
#7901=FILL_AREA_STYLE_COLOUR('',#7907);
#7902=FILL_AREA_STYLE_COLOUR('',#7907);
#7903=FILL_AREA_STYLE_COLOUR('',#7907);
#7904=FILL_AREA_STYLE_COLOUR('',#7907);
#7905=FILL_AREA_STYLE_COLOUR('',#7907);
#7906=COLOUR_RGB('',0.4,0.4,0.4);
#7907=COLOUR_RGB('',0.729411764705882,0.250980392156863,0.105882352941176);
#7908=MANIFOLD_SOLID_BREP('Part 1',#6188);
#7909=SHAPE_DEFINITION_REPRESENTATION(#12487,#7910);
#7910=SHAPE_REPRESENTATION('Part 1',(#7911),#12482);
#7911=AXIS2_PLACEMENT_3D('',#9204,#8169,#8170);
#7912=AXIS2_PLACEMENT_3D('',#9205,#8171,#8172);
#7913=AXIS2_PLACEMENT_3D('',#9215,#8173,#8174);
#7914=AXIS2_PLACEMENT_3D('',#9223,#8178,#8179);
#7915=AXIS2_PLACEMENT_3D('',#9253,#8186,#8187);
#7916=AXIS2_PLACEMENT_3D('',#9255,#8188,#8189);
#7917=AXIS2_PLACEMENT_3D('',#9256,#8190,#8191);
#7918=AXIS2_PLACEMENT_3D('',#9277,#8195,#8196);
#7919=AXIS2_PLACEMENT_3D('',#9313,#8212,#8213);
#7920=AXIS2_PLACEMENT_3D('',#9347,#8214,#8215);
#7921=AXIS2_PLACEMENT_3D('',#9367,#8221,#8222);
#7922=AXIS2_PLACEMENT_3D('',#9385,#8223,#8224);
#7923=AXIS2_PLACEMENT_3D('',#9399,#8229,#8230);
#7924=AXIS2_PLACEMENT_3D('',#9443,#8236,#8237);
#7925=AXIS2_PLACEMENT_3D('',#9466,#8245,#8246);
#7926=AXIS2_PLACEMENT_3D('',#9467,#8247,#8248);
#7927=AXIS2_PLACEMENT_3D('',#9478,#8249,#8250);
#7928=AXIS2_PLACEMENT_3D('',#9486,#8254,#8255);
#7929=AXIS2_PLACEMENT_3D('',#9532,#8262,#8263);
#7930=AXIS2_PLACEMENT_3D('',#9534,#8264,#8265);
#7931=AXIS2_PLACEMENT_3D('',#9566,#8267,#8268);
#7932=AXIS2_PLACEMENT_3D('',#9572,#8269,#8270);
#7933=AXIS2_PLACEMENT_3D('',#9590,#8271,#8272);
#7934=AXIS2_PLACEMENT_3D('',#9624,#8275,#8276);
#7935=AXIS2_PLACEMENT_3D('',#9637,#8277,#8278);
#7936=AXIS2_PLACEMENT_3D('',#9648,#8279,#8280);
#7937=AXIS2_PLACEMENT_3D('',#9727,#8300,#8301);
#7938=AXIS2_PLACEMENT_3D('',#9729,#8302,#8303);
#7939=AXIS2_PLACEMENT_3D('',#9733,#8305,#8306);
#7940=AXIS2_PLACEMENT_3D('',#9765,#8308,#8309);
#7941=AXIS2_PLACEMENT_3D('',#9771,#8310,#8311);
#7942=AXIS2_PLACEMENT_3D('',#9801,#8320,#8321);
#7943=AXIS2_PLACEMENT_3D('',#9833,#8323,#8324);
#7944=AXIS2_PLACEMENT_3D('',#9863,#8325,#8326);
#7945=AXIS2_PLACEMENT_3D('',#9867,#8328,#8329);
#7946=AXIS2_PLACEMENT_3D('',#9897,#8330,#8331);
#7947=AXIS2_PLACEMENT_3D('',#9918,#8336,#8337);
#7948=AXIS2_PLACEMENT_3D('',#9951,#8354,#8355);
#7949=AXIS2_PLACEMENT_3D('',#9967,#8365,#8366);
#7950=AXIS2_PLACEMENT_3D('',#9975,#8371,#8372);
#7951=AXIS2_PLACEMENT_3D('',#9986,#8379,#8380);
#7952=AXIS2_PLACEMENT_3D('',#9991,#8384,#8385);
#7953=AXIS2_PLACEMENT_3D('',#9995,#8388,#8389);
#7954=AXIS2_PLACEMENT_3D('',#9999,#8392,#8393);
#7955=AXIS2_PLACEMENT_3D('',#10001,#8395,#8396);
#7956=AXIS2_PLACEMENT_3D('',#10002,#8397,#8398);
#7957=AXIS2_PLACEMENT_3D('',#10006,#8401,#8402);
#7958=AXIS2_PLACEMENT_3D('',#10008,#8404,#8405);
#7959=AXIS2_PLACEMENT_3D('',#10009,#8406,#8407);
#7960=AXIS2_PLACEMENT_3D('',#10013,#8410,#8411);
#7961=AXIS2_PLACEMENT_3D('',#10017,#8414,#8415);
#7962=AXIS2_PLACEMENT_3D('',#10019,#8417,#8418);
#7963=AXIS2_PLACEMENT_3D('',#10020,#8419,#8420);
#7964=AXIS2_PLACEMENT_3D('',#10024,#8423,#8424);
#7965=AXIS2_PLACEMENT_3D('',#10026,#8426,#8427);
#7966=AXIS2_PLACEMENT_3D('',#10027,#8428,#8429);
#7967=AXIS2_PLACEMENT_3D('',#10031,#8432,#8433);
#7968=AXIS2_PLACEMENT_3D('',#10035,#8436,#8437);
#7969=AXIS2_PLACEMENT_3D('',#10037,#8439,#8440);
#7970=AXIS2_PLACEMENT_3D('',#10038,#8441,#8442);
#7971=AXIS2_PLACEMENT_3D('',#10044,#8446,#8447);
#7972=AXIS2_PLACEMENT_3D('',#10048,#8450,#8451);
#7973=AXIS2_PLACEMENT_3D('',#10052,#8454,#8455);
#7974=AXIS2_PLACEMENT_3D('',#10056,#8458,#8459);
#7975=AXIS2_PLACEMENT_3D('',#10060,#8462,#8463);
#7976=AXIS2_PLACEMENT_3D('',#10064,#8466,#8467);
#7977=AXIS2_PLACEMENT_3D('',#10068,#8470,#8471);
#7978=AXIS2_PLACEMENT_3D('',#10072,#8474,#8475);
#7979=AXIS2_PLACEMENT_3D('',#10076,#8478,#8479);
#7980=AXIS2_PLACEMENT_3D('',#10080,#8482,#8483);
#7981=AXIS2_PLACEMENT_3D('',#10082,#8485,#8486);
#7982=AXIS2_PLACEMENT_3D('',#10083,#8487,#8488);
#7983=AXIS2_PLACEMENT_3D('',#10084,#8489,#8490);
#7984=AXIS2_PLACEMENT_3D('',#10089,#8492,#8493);
#7985=AXIS2_PLACEMENT_3D('',#10092,#8495,#8496);
#7986=AXIS2_PLACEMENT_3D('',#10115,#8501,#8502);
#7987=AXIS2_PLACEMENT_3D('',#10116,#8503,#8504);
#7988=AXIS2_PLACEMENT_3D('',#10120,#8506,#8507);
#7989=AXIS2_PLACEMENT_3D('',#10166,#8512,#8513);
#7990=AXIS2_PLACEMENT_3D('',#10169,#8515,#8516);
#7991=AXIS2_PLACEMENT_3D('',#10183,#8518,#8519);
#7992=AXIS2_PLACEMENT_3D('',#10186,#8521,#8522);
#7993=AXIS2_PLACEMENT_3D('',#10239,#8527,#8528);
#7994=AXIS2_PLACEMENT_3D('',#10282,#8534,#8535);
#7995=AXIS2_PLACEMENT_3D('',#10285,#8537,#8538);
#7996=AXIS2_PLACEMENT_3D('',#10286,#8539,#8540);
#7997=AXIS2_PLACEMENT_3D('',#10290,#8543,#8544);
#7998=AXIS2_PLACEMENT_3D('',#10293,#8546,#8547);
#7999=AXIS2_PLACEMENT_3D('',#10294,#8548,#8549);
#8000=AXIS2_PLACEMENT_3D('',#10297,#8551,#8552);
#8001=AXIS2_PLACEMENT_3D('',#10323,#8553,#8554);
#8002=AXIS2_PLACEMENT_3D('',#10324,#8555,#8556);
#8003=AXIS2_PLACEMENT_3D('',#10325,#8557,#8558);
#8004=AXIS2_PLACEMENT_3D('',#10331,#8562,#8563);
#8005=AXIS2_PLACEMENT_3D('',#10335,#8566,#8567);
#8006=AXIS2_PLACEMENT_3D('',#10339,#8570,#8571);
#8007=AXIS2_PLACEMENT_3D('',#10343,#8574,#8575);
#8008=AXIS2_PLACEMENT_3D('',#10347,#8578,#8579);
#8009=AXIS2_PLACEMENT_3D('',#10351,#8582,#8583);
#8010=AXIS2_PLACEMENT_3D('',#10355,#8586,#8587);
#8011=AXIS2_PLACEMENT_3D('',#10357,#8589,#8590);
#8012=AXIS2_PLACEMENT_3D('',#10425,#8597,#8598);
#8013=AXIS2_PLACEMENT_3D('',#10428,#8600,#8601);
#8014=AXIS2_PLACEMENT_3D('',#10520,#8609,#8610);
#8015=AXIS2_PLACEMENT_3D('',#10523,#8612,#8613);
#8016=AXIS2_PLACEMENT_3D('',#10524,#8614,#8615);
#8017=AXIS2_PLACEMENT_3D('',#10528,#8618,#8619);
#8018=AXIS2_PLACEMENT_3D('',#10531,#8621,#8622);
#8019=AXIS2_PLACEMENT_3D('',#10623,#8630,#8631);
#8020=AXIS2_PLACEMENT_3D('',#10626,#8633,#8634);
#8021=AXIS2_PLACEMENT_3D('',#10718,#8642,#8643);
#8022=AXIS2_PLACEMENT_3D('',#10722,#8646,#8647);
#8023=AXIS2_PLACEMENT_3D('',#10725,#8649,#8650);
#8024=AXIS2_PLACEMENT_3D('',#10737,#8651,#8652);
#8025=AXIS2_PLACEMENT_3D('',#10738,#8653,#8654);
#8026=AXIS2_PLACEMENT_3D('',#10744,#8658,#8659);
#8027=AXIS2_PLACEMENT_3D('',#10748,#8662,#8663);
#8028=AXIS2_PLACEMENT_3D('',#10752,#8666,#8667);
#8029=AXIS2_PLACEMENT_3D('',#10754,#8669,#8670);
#8030=AXIS2_PLACEMENT_3D('',#10755,#8671,#8672);
#8031=AXIS2_PLACEMENT_3D('',#10756,#8673,#8674);
#8032=AXIS2_PLACEMENT_3D('',#10761,#8676,#8677);
#8033=AXIS2_PLACEMENT_3D('',#10832,#8683,#8684);
#8034=AXIS2_PLACEMENT_3D('',#10833,#8685,#8686);
#8035=AXIS2_PLACEMENT_3D('',#10837,#8688,#8689);
#8036=AXIS2_PLACEMENT_3D('',#10904,#8695,#8696);
#8037=AXIS2_PLACEMENT_3D('',#10907,#8698,#8699);
#8038=AXIS2_PLACEMENT_3D('',#10973,#8705,#8706);
#8039=AXIS2_PLACEMENT_3D('',#10977,#8709,#8710);
#8040=AXIS2_PLACEMENT_3D('',#10981,#8713,#8714);
#8041=AXIS2_PLACEMENT_3D('',#10985,#8717,#8718);
#8042=AXIS2_PLACEMENT_3D('',#10989,#8721,#8722);
#8043=AXIS2_PLACEMENT_3D('',#11019,#8727,#8728);
#8044=AXIS2_PLACEMENT_3D('',#11022,#8730,#8731);
#8045=AXIS2_PLACEMENT_3D('',#11048,#8732,#8733);
#8046=AXIS2_PLACEMENT_3D('',#11049,#8734,#8735);
#8047=AXIS2_PLACEMENT_3D('',#11117,#8742,#8743);
#8048=AXIS2_PLACEMENT_3D('',#11120,#8745,#8746);
#8049=AXIS2_PLACEMENT_3D('',#11212,#8754,#8755);
#8050=AXIS2_PLACEMENT_3D('',#11216,#8758,#8759);
#8051=AXIS2_PLACEMENT_3D('',#11220,#8762,#8763);
#8052=AXIS2_PLACEMENT_3D('',#11223,#8765,#8766);
#8053=AXIS2_PLACEMENT_3D('',#11276,#8771,#8772);
#8054=AXIS2_PLACEMENT_3D('',#11279,#8774,#8775);
#8055=AXIS2_PLACEMENT_3D('',#11293,#8777,#8778);
#8056=AXIS2_PLACEMENT_3D('',#11296,#8780,#8781);
#8057=AXIS2_PLACEMENT_3D('',#11388,#8789,#8790);
#8058=AXIS2_PLACEMENT_3D('',#11392,#8793,#8794);
#8059=AXIS2_PLACEMENT_3D('',#11395,#8796,#8797);
#8060=AXIS2_PLACEMENT_3D('',#11396,#8798,#8799);
#8061=AXIS2_PLACEMENT_3D('',#11399,#8801,#8802);
#8062=AXIS2_PLACEMENT_3D('',#11411,#8803,#8804);
#8063=AXIS2_PLACEMENT_3D('',#11427,#8807,#8808);
#8064=AXIS2_PLACEMENT_3D('',#11430,#8810,#8811);
#8065=AXIS2_PLACEMENT_3D('',#11444,#8813,#8814);
#8066=AXIS2_PLACEMENT_3D('',#11448,#8817,#8818);
#8067=AXIS2_PLACEMENT_3D('',#11452,#8821,#8822);
#8068=AXIS2_PLACEMENT_3D('',#11456,#8825,#8826);
#8069=AXIS2_PLACEMENT_3D('',#11460,#8829,#8830);
#8070=AXIS2_PLACEMENT_3D('',#11464,#8833,#8834);
#8071=AXIS2_PLACEMENT_3D('',#11520,#8841,#8842);
#8072=AXIS2_PLACEMENT_3D('',#11523,#8844,#8845);
#8073=AXIS2_PLACEMENT_3D('',#11524,#8846,#8847);
#8074=AXIS2_PLACEMENT_3D('',#11528,#8850,#8851);
#8075=AXIS2_PLACEMENT_3D('',#11532,#8854,#8855);
#8076=AXIS2_PLACEMENT_3D('',#11536,#8858,#8859);
#8077=AXIS2_PLACEMENT_3D('',#11539,#8861,#8862);
#8078=AXIS2_PLACEMENT_3D('',#11551,#8863,#8864);
#8079=AXIS2_PLACEMENT_3D('',#11552,#8865,#8866);
#8080=AXIS2_PLACEMENT_3D('',#11553,#8867,#8868);
#8081=AXIS2_PLACEMENT_3D('',#11558,#8870,#8871);
#8082=AXIS2_PLACEMENT_3D('',#11595,#8875,#8876);
#8083=AXIS2_PLACEMENT_3D('',#11601,#8880,#8881);
#8084=AXIS2_PLACEMENT_3D('',#11607,#8885,#8886);
#8085=AXIS2_PLACEMENT_3D('',#11645,#8893,#8894);
#8086=AXIS2_PLACEMENT_3D('',#11649,#8897,#8898);
#8087=AXIS2_PLACEMENT_3D('',#11653,#8901,#8902);
#8088=AXIS2_PLACEMENT_3D('',#11657,#8905,#8906);
#8089=AXIS2_PLACEMENT_3D('',#11661,#8909,#8910);
#8090=AXIS2_PLACEMENT_3D('',#11665,#8913,#8914);
#8091=AXIS2_PLACEMENT_3D('',#11669,#8917,#8918);
#8092=AXIS2_PLACEMENT_3D('',#11673,#8921,#8922);
#8093=AXIS2_PLACEMENT_3D('',#11703,#8927,#8928);
#8094=AXIS2_PLACEMENT_3D('',#11706,#8930,#8931);
#8095=AXIS2_PLACEMENT_3D('',#11732,#8932,#8933);
#8096=AXIS2_PLACEMENT_3D('',#11733,#8934,#8935);
#8097=AXIS2_PLACEMENT_3D('',#11827,#8944,#8945);
#8098=AXIS2_PLACEMENT_3D('',#11828,#8946,#8947);
#8099=AXIS2_PLACEMENT_3D('',#11829,#8948,#8949);
#8100=AXIS2_PLACEMENT_3D('',#11830,#8950,#8951);
#8101=AXIS2_PLACEMENT_3D('',#11836,#8955,#8956);
#8102=AXIS2_PLACEMENT_3D('',#11840,#8959,#8960);
#8103=AXIS2_PLACEMENT_3D('',#11844,#8963,#8964);
#8104=AXIS2_PLACEMENT_3D('',#11846,#8966,#8967);
#8105=AXIS2_PLACEMENT_3D('',#11847,#8968,#8969);
#8106=AXIS2_PLACEMENT_3D('',#11848,#8970,#8971);
#8107=AXIS2_PLACEMENT_3D('',#11853,#8973,#8974);
#8108=AXIS2_PLACEMENT_3D('',#11924,#8980,#8981);
#8109=AXIS2_PLACEMENT_3D('',#11925,#8982,#8983);
#8110=AXIS2_PLACEMENT_3D('',#11929,#8985,#8986);
#8111=AXIS2_PLACEMENT_3D('',#11996,#8992,#8993);
#8112=AXIS2_PLACEMENT_3D('',#11999,#8995,#8996);
#8113=AXIS2_PLACEMENT_3D('',#12052,#9001,#9002);
#8114=AXIS2_PLACEMENT_3D('',#12055,#9004,#9005);
#8115=AXIS2_PLACEMENT_3D('',#12056,#9006,#9007);
#8116=AXIS2_PLACEMENT_3D('',#12060,#9010,#9011);
#8117=AXIS2_PLACEMENT_3D('',#12064,#9014,#9015);
#8118=AXIS2_PLACEMENT_3D('',#12068,#9018,#9019);
#8119=AXIS2_PLACEMENT_3D('',#12072,#9022,#9023);
#8120=AXIS2_PLACEMENT_3D('',#12102,#9028,#9029);
#8121=AXIS2_PLACEMENT_3D('',#12105,#9031,#9032);
#8122=AXIS2_PLACEMENT_3D('',#12131,#9033,#9034);
#8123=AXIS2_PLACEMENT_3D('',#12132,#9035,#9036);
#8124=AXIS2_PLACEMENT_3D('',#12226,#9045,#9046);
#8125=AXIS2_PLACEMENT_3D('',#12227,#9047,#9048);
#8126=AXIS2_PLACEMENT_3D('',#12228,#9049,#9050);
#8127=AXIS2_PLACEMENT_3D('',#12229,#9051,#9052);
#8128=AXIS2_PLACEMENT_3D('',#12235,#9056,#9057);
#8129=AXIS2_PLACEMENT_3D('',#12239,#9060,#9061);
#8130=AXIS2_PLACEMENT_3D('',#12243,#9064,#9065);
#8131=AXIS2_PLACEMENT_3D('',#12245,#9067,#9068);
#8132=AXIS2_PLACEMENT_3D('',#12246,#9069,#9070);
#8133=AXIS2_PLACEMENT_3D('',#12249,#9072,#9073);
#8134=AXIS2_PLACEMENT_3D('',#12252,#9075,#9076);
#8135=AXIS2_PLACEMENT_3D('',#12256,#9079,#9080);
#8136=AXIS2_PLACEMENT_3D('',#12260,#9083,#9084);
#8137=AXIS2_PLACEMENT_3D('',#12264,#9087,#9088);
#8138=AXIS2_PLACEMENT_3D('',#12268,#9091,#9092);
#8139=AXIS2_PLACEMENT_3D('',#12272,#9095,#9096);
#8140=AXIS2_PLACEMENT_3D('',#12276,#9099,#9100);
#8141=AXIS2_PLACEMENT_3D('',#12280,#9103,#9104);
#8142=AXIS2_PLACEMENT_3D('',#12284,#9107,#9108);
#8143=AXIS2_PLACEMENT_3D('',#12288,#9111,#9112);
#8144=AXIS2_PLACEMENT_3D('',#12292,#9115,#9116);
#8145=AXIS2_PLACEMENT_3D('',#12296,#9119,#9120);
#8146=AXIS2_PLACEMENT_3D('',#12299,#9122,#9123);
#8147=AXIS2_PLACEMENT_3D('',#12313,#9125,#9126);
#8148=AXIS2_PLACEMENT_3D('',#12317,#9129,#9130);
#8149=AXIS2_PLACEMENT_3D('',#12321,#9133,#9134);
#8150=AXIS2_PLACEMENT_3D('',#12349,#9138,#9139);
#8151=AXIS2_PLACEMENT_3D('',#12365,#9142,#9143);
#8152=AXIS2_PLACEMENT_3D('',#12368,#9145,#9146);
#8153=AXIS2_PLACEMENT_3D('',#12369,#9147,#9148);
#8154=AXIS2_PLACEMENT_3D('',#12372,#9150,#9151);
#8155=AXIS2_PLACEMENT_3D('',#12373,#9152,#9153);
#8156=AXIS2_PLACEMENT_3D('',#12377,#9156,#9157);
#8157=AXIS2_PLACEMENT_3D('',#12381,#9160,#9161);
#8158=AXIS2_PLACEMENT_3D('',#12385,#9164,#9165);
#8159=AXIS2_PLACEMENT_3D('',#12389,#9168,#9169);
#8160=AXIS2_PLACEMENT_3D('',#12393,#9172,#9173);
#8161=AXIS2_PLACEMENT_3D('',#12449,#9180,#9181);
#8162=AXIS2_PLACEMENT_3D('',#12452,#9183,#9184);
#8163=AXIS2_PLACEMENT_3D('',#12453,#9185,#9186);
#8164=AXIS2_PLACEMENT_3D('',#12457,#9189,#9190);
#8165=AXIS2_PLACEMENT_3D('',#12461,#9193,#9194);
#8166=AXIS2_PLACEMENT_3D('',#12465,#9197,#9198);
#8167=AXIS2_PLACEMENT_3D('',#12468,#9200,#9201);
#8168=AXIS2_PLACEMENT_3D('',#12480,#9202,#9203);
#8169=DIRECTION('',(0.,0.,1.));
#8170=DIRECTION('',(1.,0.,0.));
#8171=DIRECTION('',(1.,-1.47636040508664E-16,0.));
#8172=DIRECTION('',(1.47636040508664E-16,1.,0.));
#8173=DIRECTION('',(-1.,1.47636040508664E-16,0.));
#8174=DIRECTION('',(-1.47636040508664E-16,-1.,0.));
#8175=DIRECTION('',(-2.59192719605688E-17,-0.175561955409171,-0.984468384364327));
#8176=DIRECTION('',(-1.47636040508664E-16,-1.,0.));
#8177=DIRECTION('',(2.59348736323647E-17,0.175667631988834,0.984449533024134));
#8178=DIRECTION('',(-1.,1.47636040508664E-16,0.));
#8179=DIRECTION('',(-1.47636040508664E-16,-1.,0.));
#8180=DIRECTION('',(0.,0.,1.));
#8181=DIRECTION('',(-2.56952168707722E-17,-0.174044337563119,-0.98473781716872));
#8182=DIRECTION('',(-1.47636040508664E-16,-1.,0.));
#8183=DIRECTION('',(2.57532817663114E-17,0.174437635130156,0.984668224048181));
#8184=DIRECTION('',(1.47636040508664E-16,1.,0.));
#8185=DIRECTION('',(-2.55658202521403E-17,-0.173167880715684,-0.984892321570454));
#8186=DIRECTION('',(-1.,1.47636040508664E-16,0.));
#8187=DIRECTION('',(-1.47636040508664E-16,-1.,0.));
#8188=DIRECTION('',(-1.,1.47636040508664E-16,0.));
#8189=DIRECTION('',(-1.47636040508664E-16,-1.,0.));
#8190=DIRECTION('',(-1.,1.47636040508664E-16,0.));
#8191=DIRECTION('',(-1.47636040508664E-16,-1.,0.));
#8192=DIRECTION('',(1.47636040508664E-16,1.,0.));
#8193=DIRECTION('',(-2.59963941916022E-17,-0.176084336196192,-0.984375084277506));
#8194=DIRECTION('',(-1.47636040508664E-16,-1.,0.));
#8195=DIRECTION('',(-1.,1.47636040508664E-16,0.));
#8196=DIRECTION('',(-1.47636040508664E-16,-1.,0.));
#8197=DIRECTION('',(2.61938096440419E-17,0.177421512753891,0.984134953556737));
#8198=DIRECTION('',(-1.47636040508664E-16,-1.,0.));
#8199=DIRECTION('',(2.55931007224653E-17,0.173352662630934,0.984859814571986));
#8200=DIRECTION('',(1.47636040508664E-16,1.,0.));
#8201=DIRECTION('',(2.55426857228958E-17,0.173011180975127,0.984919860322449));
#8202=DIRECTION('',(1.47636040508664E-16,1.,0.));
#8203=DIRECTION('',(-2.57045866054394E-17,-0.174107802653586,-0.984726598125155));
#8204=DIRECTION('',(1.47636040508664E-16,1.,0.));
#8205=DIRECTION('',(-2.55931007224653E-17,-0.173352662630934,-0.984859814571986));
#8206=DIRECTION('',(-1.47636040508664E-16,-1.,0.));
#8207=DIRECTION('',(-2.59635644045088E-17,-0.175861966461943,-0.984414835702987));
#8208=DIRECTION('',(-2.55315291462327E-17,-0.172935612864355,-0.984933131640534));
#8209=DIRECTION('',(-1.47636040508664E-16,-1.,0.));
#8210=DIRECTION('',(2.557102865471E-17,0.173203159381732,0.984886118076697));
#8211=DIRECTION('',(1.47636040508664E-16,1.,0.));
#8212=DIRECTION('',(-1.,1.47636040508664E-16,0.));
#8213=DIRECTION('',(-1.47636040508664E-16,-1.,0.));
#8214=DIRECTION('',(-1.,1.47636040508664E-16,0.));
#8215=DIRECTION('',(-1.47636040508664E-16,-1.,0.));
#8216=DIRECTION('',(2.57770107178924E-17,0.174598361139193,0.984639737308782));
#8217=DIRECTION('',(1.47636040508664E-16,1.,0.));
#8218=DIRECTION('',(-2.57532817663114E-17,-0.174437635130156,-0.984668224048181));
#8219=DIRECTION('',(-1.47636040508664E-16,-1.,0.));
#8220=DIRECTION('',(2.55597656995575E-17,0.173126870725428,0.984899531237994));
#8221=DIRECTION('',(-1.,1.47636040508664E-16,0.));
#8222=DIRECTION('',(-1.47636040508664E-16,-1.,0.));
#8223=DIRECTION('',(-1.,1.47636040508664E-16,0.));
#8224=DIRECTION('',(-1.47636040508664E-16,-1.,0.));
#8225=DIRECTION('',(-2.55315291462327E-17,-0.172935612864356,-0.984933131640534));
#8226=DIRECTION('',(-1.47636040508664E-16,-1.,0.));
#8227=DIRECTION('',(2.55710286547101E-17,0.173203159381732,0.984886118076697));
#8228=DIRECTION('',(1.47636040508664E-16,1.,0.));
#8229=DIRECTION('',(-1.,1.47636040508664E-16,0.));
#8230=DIRECTION('',(-1.47636040508664E-16,-1.,0.));
#8231=DIRECTION('',(-1.47636040508664E-16,-1.,0.));
#8232=DIRECTION('',(0.,0.,-1.));
#8233=DIRECTION('',(-1.47636040508664E-16,-1.,0.));
#8234=DIRECTION('',(0.,0.,-1.));
#8235=DIRECTION('',(1.47636040508664E-16,1.,0.));
#8236=DIRECTION('',(-1.,1.47636040508664E-16,0.));
#8237=DIRECTION('',(-1.47636040508664E-16,-1.,0.));
#8238=DIRECTION('',(5.5585376282306E-17,0.376502756988012,-0.926415497485025));
#8239=DIRECTION('',(-1.47636040508664E-16,-1.,0.));
#8240=DIRECTION('',(-5.16954751209632E-17,-0.350154846627232,0.936691829463383));
#8241=DIRECTION('',(-1.47636040508664E-16,-1.,0.));
#8242=DIRECTION('',(-2.5798762083635E-17,-0.174745692140944,-0.984613600900466));
#8243=DIRECTION('',(-1.47636040508664E-16,-1.,0.));
#8244=DIRECTION('',(2.56920501720928E-17,0.174022888202458,0.984741607926503));
#8245=DIRECTION('',(0.,1.,0.));
#8246=DIRECTION('',(0.,0.,1.));
#8247=DIRECTION('',(0.,1.,0.));
#8248=DIRECTION('',(0.,0.,1.));
#8249=DIRECTION('',(0.,1.,0.));
#8250=DIRECTION('',(0.,0.,1.));
#8251=DIRECTION('',(-0.175561955409171,0.,-0.984468384364327));
#8252=DIRECTION('',(-1.,0.,0.));
#8253=DIRECTION('',(0.175667631988836,0.,0.984449533024134));
#8254=DIRECTION('',(0.,1.,0.));
#8255=DIRECTION('',(0.,0.,1.));
#8256=DIRECTION('',(0.,0.,1.));
#8257=DIRECTION('',(-0.174044337563119,0.,-0.98473781716872));
#8258=DIRECTION('',(-1.,0.,0.));
#8259=DIRECTION('',(0.174437635130157,0.,0.984668224048181));
#8260=DIRECTION('',(1.,0.,0.));
#8261=DIRECTION('',(-0.173167880715683,0.,-0.984892321570454));
#8262=DIRECTION('',(0.,1.,0.));
#8263=DIRECTION('',(0.,0.,1.));
#8264=DIRECTION('',(0.,1.,0.));
#8265=DIRECTION('',(0.,0.,1.));
#8266=DIRECTION('',(1.,0.,0.));
#8267=DIRECTION('',(0.,1.,0.));
#8268=DIRECTION('',(0.,0.,1.));
#8269=DIRECTION('',(0.,1.,0.));
#8270=DIRECTION('',(0.,0.,1.));
#8271=DIRECTION('',(0.,1.,0.));
#8272=DIRECTION('',(0.,0.,1.));
#8273=DIRECTION('',(-0.0623782861551811,0.,-0.998052578482889));
#8274=DIRECTION('',(-1.,0.,0.));
#8275=DIRECTION('',(0.,1.,0.));
#8276=DIRECTION('',(0.,0.,1.));
#8277=DIRECTION('',(0.,1.,0.));
#8278=DIRECTION('',(0.,0.,1.));
#8279=DIRECTION('',(0.,1.,0.));
#8280=DIRECTION('',(0.,0.,1.));
#8281=DIRECTION('',(0.17545326437829,0.,0.98448776123373));
#8282=DIRECTION('',(1.,0.,0.));
#8283=DIRECTION('',(-0.174807631551772,0.,-0.984602606106271));
#8284=DIRECTION('',(-1.,0.,0.));
#8285=DIRECTION('',(0.186398279525933,0.,0.982474265001263));
#8286=DIRECTION('',(-0.695426863544797,0.,-0.718596881053798));
#8287=DIRECTION('',(0.521976998891978,0.,-0.852959560956863));
#8288=DIRECTION('',(-1.,0.,0.));
#8289=DIRECTION('',(-0.504087536326909,0.,0.863652566556638));
#8290=DIRECTION('',(-0.174691224621179,0.,-0.98462326604664));
#8291=DIRECTION('',(-1.,0.,0.));
#8292=DIRECTION('',(0.174022888202458,0.,0.984741607926503));
#8293=DIRECTION('',(1.,0.,0.));
#8294=DIRECTION('',(-0.172416699752406,0.,-0.985024102063746));
#8295=DIRECTION('',(0.684174955260796,0.,0.729317921481357));
#8296=DIRECTION('',(1.,0.,0.));
#8297=DIRECTION('',(1.,0.,0.));
#8298=DIRECTION('',(1.,0.,0.));
#8299=DIRECTION('',(0.,0.,-1.));
#8300=DIRECTION('',(0.,1.,0.));
#8301=DIRECTION('',(0.,0.,1.));
#8302=DIRECTION('',(0.,1.,0.));
#8303=DIRECTION('',(0.,0.,1.));
#8304=DIRECTION('',(-1.,0.,0.));
#8305=DIRECTION('',(0.,1.,0.));
#8306=DIRECTION('',(0.,0.,1.));
#8307=DIRECTION('',(1.,0.,0.));
#8308=DIRECTION('',(0.,1.,0.));
#8309=DIRECTION('',(0.,0.,1.));
#8310=DIRECTION('',(0.,1.,0.));
#8311=DIRECTION('',(0.,0.,1.));
#8312=DIRECTION('',(1.,0.,0.));
#8313=DIRECTION('',(0.191210841639146,0.,-0.981548987080955));
#8314=DIRECTION('',(0.478245792272455,0.,0.878226031368743));
#8315=DIRECTION('',(1.,0.,0.));
#8316=DIRECTION('',(-0.515428574054251,0.,-0.856932544047898));
#8317=DIRECTION('',(-1.,0.,0.));
#8318=DIRECTION('',(0.531255022791189,0.,0.84721195739858));
#8319=DIRECTION('',(-0.237960901815229,0.,0.9712747341547));
#8320=DIRECTION('',(0.,1.,0.));
#8321=DIRECTION('',(0.,0.,1.));
#8322=DIRECTION('',(1.,0.,0.));
#8323=DIRECTION('',(0.,1.,0.));
#8324=DIRECTION('',(0.,0.,1.));
#8325=DIRECTION('',(0.,1.,0.));
#8326=DIRECTION('',(0.,0.,1.));
#8327=DIRECTION('',(-1.,0.,0.));
#8328=DIRECTION('',(0.,1.,0.));
#8329=DIRECTION('',(0.,0.,1.));
#8330=DIRECTION('',(0.,1.,0.));
#8331=DIRECTION('',(0.,0.,1.));
#8332=DIRECTION('',(1.,0.,0.));
#8333=DIRECTION('',(-0.17423603923107,0.,-0.984703916227141));
#8334=DIRECTION('',(-1.,0.,0.));
#8335=DIRECTION('',(0.174437635130157,0.,0.984668224048181));
#8336=DIRECTION('',(0.,0.,1.));
#8337=DIRECTION('',(1.,0.,0.));
#8338=DIRECTION('',(1.,0.,0.));
#8339=DIRECTION('',(0.,1.,0.));
#8340=DIRECTION('',(1.,0.,0.));
#8341=DIRECTION('',(0.,1.,0.));
#8342=DIRECTION('',(1.,0.,0.));
#8343=DIRECTION('',(-3.22739251344522E-16,-1.,0.));
#8344=DIRECTION('',(-1.,0.,0.));
#8345=DIRECTION('',(0.,1.,0.));
#8346=DIRECTION('',(1.,0.,0.));
#8347=DIRECTION('',(0.,-1.,0.));
#8348=DIRECTION('',(1.,0.,0.));
#8349=DIRECTION('',(-3.22739251344522E-16,-1.,0.));
#8350=DIRECTION('',(1.,0.,0.));
#8351=DIRECTION('',(0.,1.,0.));
#8352=DIRECTION('',(-1.,0.,0.));
#8353=DIRECTION('',(0.,1.,0.));
#8354=DIRECTION('',(0.,-1.,0.));
#8355=DIRECTION('',(0.,0.,-1.));
#8356=DIRECTION('',(0.,0.,-1.));
#8357=DIRECTION('',(1.,0.,0.));
#8358=DIRECTION('',(0.,0.,-1.));
#8359=DIRECTION('',(0.,0.,-1.));
#8360=DIRECTION('',(1.,0.,0.));
#8361=DIRECTION('',(0.,0.,-1.));
#8362=DIRECTION('',(0.,0.,1.));
#8363=DIRECTION('',(1.,0.,0.));
#8364=DIRECTION('',(0.,0.,1.));
#8365=DIRECTION('',(-1.,3.22739251344522E-16,0.));
#8366=DIRECTION('',(-3.22739251344522E-16,-1.,0.));
#8367=DIRECTION('',(0.,0.,1.));
#8368=DIRECTION('',(-3.22739251344522E-16,-1.,0.));
#8369=DIRECTION('',(0.,0.,-1.));
#8370=DIRECTION('',(-3.22739251344522E-16,-1.,0.));
#8371=DIRECTION('',(0.,-1.,0.));
#8372=DIRECTION('',(0.,0.,-1.));
#8373=DIRECTION('',(0.,0.,-1.));
#8374=DIRECTION('',(-1.,0.,0.));
#8375=DIRECTION('',(1.,0.,0.));
#8376=DIRECTION('',(0.,0.,1.));
#8377=DIRECTION('',(1.,0.,0.));
#8378=DIRECTION('',(0.,0.,-1.));
#8379=DIRECTION('',(-1.,3.22739251344522E-16,0.));
#8380=DIRECTION('',(-3.22739251344522E-16,-1.,0.));
#8381=DIRECTION('',(0.,0.,-1.));
#8382=DIRECTION('',(-3.22739251344522E-16,-1.,0.));
#8383=DIRECTION('',(-3.22739251344522E-16,-1.,0.));
#8384=DIRECTION('',(0.,0.,1.));
#8385=DIRECTION('',(1.,0.,0.));
#8386=DIRECTION('',(1.,0.,0.));
#8387=DIRECTION('',(-1.47636040508664E-16,-1.,0.));
#8388=DIRECTION('',(0.,1.,0.));
#8389=DIRECTION('',(0.,0.,1.));
#8390=DIRECTION('',(1.,0.,0.));
#8391=DIRECTION('',(0.,0.,-1.));
#8392=DIRECTION('',(1.,-1.47636040508664E-16,0.));
#8393=DIRECTION('',(1.47636040508664E-16,1.,0.));
#8394=DIRECTION('',(-1.47636040508664E-16,-1.,0.));
#8395=DIRECTION('',(0.,0.,1.));
#8396=DIRECTION('',(1.,0.,0.));
#8397=DIRECTION('',(0.,1.,0.));
#8398=DIRECTION('',(0.,0.,1.));
#8399=DIRECTION('',(0.,0.,-1.));
#8400=DIRECTION('',(1.,0.,0.));
#8401=DIRECTION('',(1.,0.,0.));
#8402=DIRECTION('',(0.,0.,-1.));
#8403=DIRECTION('',(0.,-1.,0.));
#8404=DIRECTION('',(0.,0.,1.));
#8405=DIRECTION('',(1.,0.,0.));
#8406=DIRECTION('',(-1.,0.,0.));
#8407=DIRECTION('',(0.,0.,1.));
#8408=DIRECTION('',(0.,0.,-1.));
#8409=DIRECTION('',(0.,1.,0.));
#8410=DIRECTION('',(0.,-1.,0.));
#8411=DIRECTION('',(0.,0.,-1.));
#8412=DIRECTION('',(0.,0.,-1.));
#8413=DIRECTION('',(-1.,0.,0.));
#8414=DIRECTION('',(-1.,0.,0.));
#8415=DIRECTION('',(0.,0.,1.));
#8416=DIRECTION('',(0.,1.,0.));
#8417=DIRECTION('',(0.,0.,1.));
#8418=DIRECTION('',(1.,0.,0.));
#8419=DIRECTION('',(0.,-1.,0.));
#8420=DIRECTION('',(0.,0.,-1.));
#8421=DIRECTION('',(-1.,0.,0.));
#8422=DIRECTION('',(0.,0.,-1.));
#8423=DIRECTION('',(-1.,0.,0.));
#8424=DIRECTION('',(0.,0.,1.));
#8425=DIRECTION('',(0.,1.,0.));
#8426=DIRECTION('',(0.,0.,1.));
#8427=DIRECTION('',(1.,0.,0.));
#8428=DIRECTION('',(-1.,0.,0.));
#8429=DIRECTION('',(0.,0.,1.));
#8430=DIRECTION('',(0.,1.,0.));
#8431=DIRECTION('',(0.,0.,-1.));
#8432=DIRECTION('',(-1.,0.,0.));
#8433=DIRECTION('',(0.,0.,1.));
#8434=DIRECTION('',(0.,0.,-1.));
#8435=DIRECTION('',(0.,1.,0.));
#8436=DIRECTION('',(0.,1.,0.));
#8437=DIRECTION('',(0.,0.,1.));
#8438=DIRECTION('',(1.,0.,0.));
#8439=DIRECTION('',(0.,0.,1.));
#8440=DIRECTION('',(1.,0.,0.));
#8441=DIRECTION('',(0.852959560956863,0.,0.521976998891978));
#8442=DIRECTION('',(0.521976998891978,0.,-0.852959560956863));
#8443=DIRECTION('',(0.,1.,0.));
#8444=DIRECTION('',(0.521976998891978,0.,-0.852959560956863));
#8445=DIRECTION('',(0.,1.,0.));
#8446=DIRECTION('',(0.718596881053798,0.,-0.695426863544797));
#8447=DIRECTION('',(-0.695426863544797,0.,-0.718596881053798));
#8448=DIRECTION('',(0.,1.,0.));
#8449=DIRECTION('',(-0.695426863544797,0.,-0.718596881053798));
#8450=DIRECTION('',(0.,0.,1.));
#8451=DIRECTION('',(1.,0.,0.));
#8452=DIRECTION('',(0.,1.,0.));
#8453=DIRECTION('',(1.,0.,0.));
#8454=DIRECTION('',(-0.729317921481357,0.,0.684174955260796));
#8455=DIRECTION('',(0.684174955260796,0.,0.729317921481357));
#8456=DIRECTION('',(0.,1.,0.));
#8457=DIRECTION('',(0.684174955260796,0.,0.729317921481357));
#8458=DIRECTION('',(0.985024102063746,0.,-0.172416699752406));
#8459=DIRECTION('',(-0.172416699752406,0.,-0.985024102063746));
#8460=DIRECTION('',(0.,1.,0.));
#8461=DIRECTION('',(-0.172416699752406,0.,-0.985024102063746));
#8462=DIRECTION('',(0.,0.,1.));
#8463=DIRECTION('',(1.,0.,0.));
#8464=DIRECTION('',(0.,1.,0.));
#8465=DIRECTION('',(1.,0.,0.));
#8466=DIRECTION('',(-0.984741607926503,0.,0.174022888202458));
#8467=DIRECTION('',(0.174022888202458,0.,0.984741607926503));
#8468=DIRECTION('',(0.,1.,0.));
#8469=DIRECTION('',(0.174022888202458,0.,0.984741607926503));
#8470=DIRECTION('',(0.,0.,-1.));
#8471=DIRECTION('',(-1.,0.,0.));
#8472=DIRECTION('',(0.,1.,0.));
#8473=DIRECTION('',(-1.,0.,0.));
#8474=DIRECTION('',(0.98462326604664,0.,-0.174691224621179));
#8475=DIRECTION('',(-0.174691224621179,0.,-0.98462326604664));
#8476=DIRECTION('',(0.,1.,0.));
#8477=DIRECTION('',(-0.174691224621179,0.,-0.98462326604664));
#8478=DIRECTION('',(-0.863652566556638,0.,-0.504087536326909));
#8479=DIRECTION('',(-0.504087536326909,0.,0.863652566556638));
#8480=DIRECTION('',(0.,1.,0.));
#8481=DIRECTION('',(-0.504087536326909,0.,0.863652566556638));
#8482=DIRECTION('',(0.,0.,-1.));
#8483=DIRECTION('',(-1.,0.,0.));
#8484=DIRECTION('',(-1.,0.,0.));
#8485=DIRECTION('',(0.,-1.,0.));
#8486=DIRECTION('',(1.,0.,0.));
#8487=DIRECTION('',(0.,1.,0.));
#8488=DIRECTION('',(0.99513575738406,0.,-0.0985130670299753));
#8489=DIRECTION('',(0.,1.,0.));
#8490=DIRECTION('',(0.,0.,1.));
#8491=DIRECTION('',(0.,1.,0.));
#8492=DIRECTION('',(0.,1.,0.));
#8493=DIRECTION('',(0.,0.,1.));
#8494=DIRECTION('',(0.,1.,0.));
#8495=DIRECTION('',(0.,0.,1.));
#8496=DIRECTION('',(1.,0.,0.));
#8497=DIRECTION('',(1.,0.,0.));
#8498=DIRECTION('',(0.,1.,0.));
#8499=DIRECTION('',(1.,0.,0.));
#8500=DIRECTION('',(0.,1.,0.));
#8501=DIRECTION('',(0.,1.,0.));
#8502=DIRECTION('',(-0.325706358736703,0.,0.945470976750994));
#8503=DIRECTION('',(0.,1.,0.));
#8504=DIRECTION('',(0.,0.,1.));
#8505=DIRECTION('',(0.,1.,0.));
#8506=DIRECTION('',(0.,1.,0.));
#8507=DIRECTION('',(0.,0.,1.));
#8508=DIRECTION('',(0.,1.,0.));
#8509=DIRECTION('',(0.,1.,0.));
#8510=DIRECTION('',(0.,1.,0.));
#8511=DIRECTION('',(0.,1.,0.));
#8512=DIRECTION('',(0.,1.,0.));
#8513=DIRECTION('',(-0.649088571293584,0.,0.760712841101065));
#8514=DIRECTION('',(0.,1.,0.));
#8515=DIRECTION('',(0.,1.,0.));
#8516=DIRECTION('',(0.,0.,1.));
#8517=DIRECTION('',(0.,1.,0.));
#8518=DIRECTION('',(0.,1.,0.));
#8519=DIRECTION('',(-0.99562723600279,0.,0.0934152392784222));
#8520=DIRECTION('',(0.,1.,0.));
#8521=DIRECTION('',(0.,1.,0.));
#8522=DIRECTION('',(0.,0.,1.));
#8523=DIRECTION('',(0.,1.,0.));
#8524=DIRECTION('',(0.,1.,0.));
#8525=DIRECTION('',(0.,1.,0.));
#8526=DIRECTION('',(0.,1.,0.));
#8527=DIRECTION('',(0.,0.,1.));
#8528=DIRECTION('',(1.,0.,0.));
#8529=DIRECTION('',(0.,1.,0.));
#8530=DIRECTION('',(1.,0.,0.));
#8531=DIRECTION('',(0.,1.,0.));
#8532=DIRECTION('',(0.,1.,0.));
#8533=DIRECTION('',(0.,1.,0.));
#8534=DIRECTION('',(0.,1.,0.));
#8535=DIRECTION('',(-0.998365080299793,0.,0.0571591325860379));
#8536=DIRECTION('',(0.,1.,0.));
#8537=DIRECTION('',(0.,1.,0.));
#8538=DIRECTION('',(0.,0.,1.));
#8539=DIRECTION('',(0.,0.,-1.));
#8540=DIRECTION('',(-1.,0.,0.));
#8541=DIRECTION('',(0.,1.,0.));
#8542=DIRECTION('',(-1.,0.,0.));
#8543=DIRECTION('',(0.,1.,0.));
#8544=DIRECTION('',(0.971575350718907,0.,-0.236730517414702));
#8545=DIRECTION('',(0.,1.,0.));
#8546=DIRECTION('',(0.,1.,0.));
#8547=DIRECTION('',(0.,0.,1.));
#8548=DIRECTION('',(0.,1.,0.));
#8549=DIRECTION('',(0.996118937750876,0.,-0.0880173951788367));
#8550=DIRECTION('',(0.,1.,0.));
#8551=DIRECTION('',(0.,1.,0.));
#8552=DIRECTION('',(0.,0.,1.));
#8553=DIRECTION('',(0.,-1.,0.));
#8554=DIRECTION('',(1.,0.,0.));
#8555=DIRECTION('',(0.,1.,0.));
#8556=DIRECTION('',(0.,0.,1.));
#8557=DIRECTION('',(0.981548987080955,0.,0.191210841639146));
#8558=DIRECTION('',(0.191210841639146,0.,-0.981548987080955));
#8559=DIRECTION('',(0.,1.,0.));
#8560=DIRECTION('',(0.191210841639146,0.,-0.981548987080955));
#8561=DIRECTION('',(0.,1.,0.));
#8562=DIRECTION('',(0.,0.,1.));
#8563=DIRECTION('',(1.,0.,0.));
#8564=DIRECTION('',(0.,1.,0.));
#8565=DIRECTION('',(1.,0.,0.));
#8566=DIRECTION('',(-0.9712747341547,0.,-0.237960901815229));
#8567=DIRECTION('',(-0.237960901815229,0.,0.9712747341547));
#8568=DIRECTION('',(0.,1.,0.));
#8569=DIRECTION('',(-0.237960901815229,0.,0.9712747341547));
#8570=DIRECTION('',(-0.84721195739858,0.,0.531255022791188));
#8571=DIRECTION('',(0.531255022791189,0.,0.847211957398581));
#8572=DIRECTION('',(0.,1.,0.));
#8573=DIRECTION('',(0.531255022791189,0.,0.84721195739858));
#8574=DIRECTION('',(0.,0.,-1.));
#8575=DIRECTION('',(-1.,0.,0.));
#8576=DIRECTION('',(0.,1.,0.));
#8577=DIRECTION('',(-1.,0.,0.));
#8578=DIRECTION('',(0.856932544047898,0.,-0.515428574054251));
#8579=DIRECTION('',(-0.515428574054251,0.,-0.856932544047898));
#8580=DIRECTION('',(0.,1.,0.));
#8581=DIRECTION('',(-0.515428574054251,0.,-0.856932544047898));
#8582=DIRECTION('',(0.,0.,1.));
#8583=DIRECTION('',(1.,0.,0.));
#8584=DIRECTION('',(0.,1.,0.));
#8585=DIRECTION('',(1.,0.,0.));
#8586=DIRECTION('',(-0.878226031368743,0.,0.478245792272455));
#8587=DIRECTION('',(0.478245792272455,0.,0.878226031368743));
#8588=DIRECTION('',(0.478245792272455,0.,0.878226031368743));
#8589=DIRECTION('',(0.,-1.,0.));
#8590=DIRECTION('',(1.,0.,0.));
#8591=DIRECTION('',(0.,1.,0.));
#8592=DIRECTION('',(0.,1.,0.));
#8593=DIRECTION('',(0.,1.,0.));
#8594=DIRECTION('',(0.,1.,0.));
#8595=DIRECTION('',(0.,1.,0.));
#8596=DIRECTION('',(0.,1.,0.));
#8597=DIRECTION('',(0.,1.,0.));
#8598=DIRECTION('',(0.688600971695705,0.,0.725140470377795));
#8599=DIRECTION('',(0.,1.,0.));
#8600=DIRECTION('',(0.,1.,0.));
#8601=DIRECTION('',(0.,0.,1.));
#8602=DIRECTION('',(0.,1.,0.));
#8603=DIRECTION('',(0.,1.,0.));
#8604=DIRECTION('',(0.,1.,0.));
#8605=DIRECTION('',(0.,1.,0.));
#8606=DIRECTION('',(0.,1.,0.));
#8607=DIRECTION('',(0.,1.,0.));
#8608=DIRECTION('',(0.,1.,0.));
#8609=DIRECTION('',(0.,1.,0.));
#8610=DIRECTION('',(0.994607524748394,0.,-0.103710518819807));
#8611=DIRECTION('',(0.,1.,0.));
#8612=DIRECTION('',(0.,1.,0.));
#8613=DIRECTION('',(0.,0.,1.));
#8614=DIRECTION('',(0.,0.,-1.));
#8615=DIRECTION('',(-1.,0.,0.));
#8616=DIRECTION('',(0.,1.,0.));
#8617=DIRECTION('',(-1.,0.,0.));
#8618=DIRECTION('',(0.,1.,0.));
#8619=DIRECTION('',(0.998791325624439,0.,-0.0491516821418695));
#8620=DIRECTION('',(0.,1.,0.));
#8621=DIRECTION('',(0.,1.,0.));
#8622=DIRECTION('',(0.,0.,1.));
#8623=DIRECTION('',(0.,1.,0.));
#8624=DIRECTION('',(0.,1.,0.));
#8625=DIRECTION('',(0.,1.,0.));
#8626=DIRECTION('',(0.,1.,0.));
#8627=DIRECTION('',(0.,1.,0.));
#8628=DIRECTION('',(0.,1.,0.));
#8629=DIRECTION('',(0.,1.,0.));
#8630=DIRECTION('',(0.,1.,0.));
#8631=DIRECTION('',(-0.675107456730557,0.,-0.737719405917181));
#8632=DIRECTION('',(0.,1.,0.));
#8633=DIRECTION('',(0.,1.,0.));
#8634=DIRECTION('',(0.,0.,1.));
#8635=DIRECTION('',(0.,1.,0.));
#8636=DIRECTION('',(0.,1.,0.));
#8637=DIRECTION('',(0.,1.,0.));
#8638=DIRECTION('',(0.,1.,0.));
#8639=DIRECTION('',(0.,1.,0.));
#8640=DIRECTION('',(0.,1.,0.));
#8641=DIRECTION('',(0.,1.,0.));
#8642=DIRECTION('',(0.,0.,1.));
#8643=DIRECTION('',(1.,0.,0.));
#8644=DIRECTION('',(0.,1.,0.));
#8645=DIRECTION('',(1.,0.,0.));
#8646=DIRECTION('',(0.,1.,0.));
#8647=DIRECTION('',(-0.997576159350321,0.,0.0695830891514882));
#8648=DIRECTION('',(0.,1.,0.));
#8649=DIRECTION('',(0.,1.,0.));
#8650=DIRECTION('',(0.,0.,1.));
#8651=DIRECTION('',(0.,-1.,0.));
#8652=DIRECTION('',(1.,0.,0.));
#8653=DIRECTION('',(0.984703916227141,0.,-0.17423603923107));
#8654=DIRECTION('',(-0.17423603923107,0.,-0.984703916227141));
#8655=DIRECTION('',(0.,1.,0.));
#8656=DIRECTION('',(-0.17423603923107,0.,-0.984703916227141));
#8657=DIRECTION('',(0.,1.,0.));
#8658=DIRECTION('',(0.,0.,1.));
#8659=DIRECTION('',(1.,0.,0.));
#8660=DIRECTION('',(0.,1.,0.));
#8661=DIRECTION('',(1.,0.,0.));
#8662=DIRECTION('',(-0.984668224048181,0.,0.174437635130157));
#8663=DIRECTION('',(0.174437635130157,0.,0.984668224048181));
#8664=DIRECTION('',(0.,1.,0.));
#8665=DIRECTION('',(0.174437635130157,0.,0.984668224048181));
#8666=DIRECTION('',(0.,0.,-1.));
#8667=DIRECTION('',(-1.,0.,0.));
#8668=DIRECTION('',(-1.,0.,0.));
#8669=DIRECTION('',(0.,-1.,0.));
#8670=DIRECTION('',(1.,0.,0.));
#8671=DIRECTION('',(0.,1.,0.));
#8672=DIRECTION('',(0.996200493785883,0.,-0.0870894722728399));
#8673=DIRECTION('',(0.,1.,0.));
#8674=DIRECTION('',(0.,0.,1.));
#8675=DIRECTION('',(0.,1.,0.));
#8676=DIRECTION('',(0.,1.,0.));
#8677=DIRECTION('',(0.,0.,1.));
#8678=DIRECTION('',(0.,1.,0.));
#8679=DIRECTION('',(0.,1.,0.));
#8680=DIRECTION('',(0.,1.,0.));
#8681=DIRECTION('',(0.,1.,0.));
#8682=DIRECTION('',(0.,1.,0.));
#8683=DIRECTION('',(0.,1.,0.));
#8684=DIRECTION('',(-0.996200493785882,0.,0.0870894722728622));
#8685=DIRECTION('',(0.,1.,0.));
#8686=DIRECTION('',(0.,0.,1.));
#8687=DIRECTION('',(0.,1.,0.));
#8688=DIRECTION('',(0.,1.,0.));
#8689=DIRECTION('',(0.,0.,1.));
#8690=DIRECTION('',(0.,1.,0.));
#8691=DIRECTION('',(0.,1.,0.));
#8692=DIRECTION('',(0.,1.,0.));
#8693=DIRECTION('',(0.,1.,0.));
#8694=DIRECTION('',(0.,1.,0.));
#8695=DIRECTION('',(0.,1.,0.));
#8696=DIRECTION('',(-0.996163771523034,0.,0.0875085156142264));
#8697=DIRECTION('',(0.,1.,0.));
#8698=DIRECTION('',(0.,1.,0.));
#8699=DIRECTION('',(0.,0.,1.));
#8700=DIRECTION('',(0.,1.,0.));
#8701=DIRECTION('',(0.,1.,0.));
#8702=DIRECTION('',(0.,1.,0.));
#8703=DIRECTION('',(0.,1.,0.));
#8704=DIRECTION('',(0.,1.,0.));
#8705=DIRECTION('',(-0.982474265001263,0.,0.186398279525933));
#8706=DIRECTION('',(0.186398279525933,0.,0.982474265001263));
#8707=DIRECTION('',(0.,1.,0.));
#8708=DIRECTION('',(0.186398279525933,0.,0.982474265001263));
#8709=DIRECTION('',(0.,0.,-1.));
#8710=DIRECTION('',(-1.,0.,0.));
#8711=DIRECTION('',(0.,1.,0.));
#8712=DIRECTION('',(-1.,0.,0.));
#8713=DIRECTION('',(0.984602606106271,0.,-0.174807631551772));
#8714=DIRECTION('',(-0.174807631551772,0.,-0.984602606106271));
#8715=DIRECTION('',(0.,1.,0.));
#8716=DIRECTION('',(-0.174807631551772,0.,-0.984602606106271));
#8717=DIRECTION('',(0.,0.,1.));
#8718=DIRECTION('',(1.,0.,0.));
#8719=DIRECTION('',(0.,1.,0.));
#8720=DIRECTION('',(1.,0.,0.));
#8721=DIRECTION('',(-0.98448776123373,0.,0.17545326437829));
#8722=DIRECTION('',(0.17545326437829,0.,0.98448776123373));
#8723=DIRECTION('',(0.,1.,0.));
#8724=DIRECTION('',(0.17545326437829,0.,0.98448776123373));
#8725=DIRECTION('',(0.,1.,0.));
#8726=DIRECTION('',(0.,1.,0.));
#8727=DIRECTION('',(0.,1.,0.));
#8728=DIRECTION('',(-0.256777923586541,0.,0.966470433049343));
#8729=DIRECTION('',(0.,1.,0.));
#8730=DIRECTION('',(0.,1.,0.));
#8731=DIRECTION('',(0.,0.,1.));
#8732=DIRECTION('',(0.,-1.,0.));
#8733=DIRECTION('',(1.,0.,0.));
#8734=DIRECTION('',(0.,1.,0.));
#8735=DIRECTION('',(0.,0.,1.));
#8736=DIRECTION('',(0.,1.,0.));
#8737=DIRECTION('',(0.,1.,0.));
#8738=DIRECTION('',(0.,1.,0.));
#8739=DIRECTION('',(0.,1.,0.));
#8740=DIRECTION('',(0.,1.,0.));
#8741=DIRECTION('',(0.,1.,0.));
#8742=DIRECTION('',(0.,1.,0.));
#8743=DIRECTION('',(0.62539157952298,0.,0.780311074035062));
#8744=DIRECTION('',(0.,1.,0.));
#8745=DIRECTION('',(0.,1.,0.));
#8746=DIRECTION('',(0.,0.,1.));
#8747=DIRECTION('',(0.,1.,0.));
#8748=DIRECTION('',(0.,1.,0.));
#8749=DIRECTION('',(0.,1.,0.));
#8750=DIRECTION('',(0.,1.,0.));
#8751=DIRECTION('',(0.,1.,0.));
#8752=DIRECTION('',(0.,1.,0.));
#8753=DIRECTION('',(0.,1.,0.));
#8754=DIRECTION('',(0.,0.,-1.));
#8755=DIRECTION('',(-1.,0.,0.));
#8756=DIRECTION('',(0.,1.,0.));
#8757=DIRECTION('',(-1.,0.,0.));
#8758=DIRECTION('',(0.998052578482889,0.,-0.0623782861551812));
#8759=DIRECTION('',(-0.0623782861551812,0.,-0.998052578482889));
#8760=DIRECTION('',(0.,1.,0.));
#8761=DIRECTION('',(-0.0623782861551811,0.,-0.998052578482889));
#8762=DIRECTION('',(0.,1.,0.));
#8763=DIRECTION('',(0.954549933312229,0.,0.298051043973377));
#8764=DIRECTION('',(0.,1.,0.));
#8765=DIRECTION('',(0.,1.,0.));
#8766=DIRECTION('',(0.,0.,1.));
#8767=DIRECTION('',(0.,1.,0.));
#8768=DIRECTION('',(0.,1.,0.));
#8769=DIRECTION('',(0.,1.,0.));
#8770=DIRECTION('',(0.,1.,0.));
#8771=DIRECTION('',(0.,1.,0.));
#8772=DIRECTION('',(-0.950307890281776,0.,0.311311602206215));
#8773=DIRECTION('',(0.,1.,0.));
#8774=DIRECTION('',(0.,1.,0.));
#8775=DIRECTION('',(0.,0.,1.));
#8776=DIRECTION('',(0.,1.,0.));
#8777=DIRECTION('',(0.,1.,0.));
#8778=DIRECTION('',(-0.627717582317808,0.,-0.77844115824453));
#8779=DIRECTION('',(0.,1.,0.));
#8780=DIRECTION('',(0.,1.,0.));
#8781=DIRECTION('',(0.,0.,1.));
#8782=DIRECTION('',(0.,1.,0.));
#8783=DIRECTION('',(0.,1.,0.));
#8784=DIRECTION('',(0.,1.,0.));
#8785=DIRECTION('',(0.,1.,0.));
#8786=DIRECTION('',(0.,1.,0.));
#8787=DIRECTION('',(0.,1.,0.));
#8788=DIRECTION('',(0.,1.,0.));
#8789=DIRECTION('',(0.,0.,1.));
#8790=DIRECTION('',(1.,0.,0.));
#8791=DIRECTION('',(0.,1.,0.));
#8792=DIRECTION('',(1.,0.,0.));
#8793=DIRECTION('',(0.,1.,0.));
#8794=DIRECTION('',(-0.997205823706096,0.,0.0747030465687021));
#8795=DIRECTION('',(0.,1.,0.));
#8796=DIRECTION('',(0.,1.,0.));
#8797=DIRECTION('',(0.,0.,1.));
#8798=DIRECTION('',(0.,1.,0.));
#8799=DIRECTION('',(-0.944302550536069,0.,-0.329078551490484));
#8800=DIRECTION('',(0.,1.,0.));
#8801=DIRECTION('',(0.,1.,0.));
#8802=DIRECTION('',(0.,0.,1.));
#8803=DIRECTION('',(0.,-1.,0.));
#8804=DIRECTION('',(1.,0.,0.));
#8805=DIRECTION('',(0.,1.,0.));
#8806=DIRECTION('',(0.,1.,0.));
#8807=DIRECTION('',(0.,1.,0.));
#8808=DIRECTION('',(-0.205201388825875,0.,0.97871977093749));
#8809=DIRECTION('',(0.,1.,0.));
#8810=DIRECTION('',(0.,1.,0.));
#8811=DIRECTION('',(0.,0.,1.));
#8812=DIRECTION('',(0.,1.,0.));
#8813=DIRECTION('',(0.984892321570454,0.,-0.173167880715683));
#8814=DIRECTION('',(-0.173167880715683,0.,-0.984892321570454));
#8815=DIRECTION('',(0.,1.,0.));
#8816=DIRECTION('',(-0.173167880715683,0.,-0.984892321570454));
#8817=DIRECTION('',(0.,0.,1.));
#8818=DIRECTION('',(1.,0.,0.));
#8819=DIRECTION('',(0.,1.,0.));
#8820=DIRECTION('',(1.,0.,0.));
#8821=DIRECTION('',(-0.984668224048181,0.,0.174437635130157));
#8822=DIRECTION('',(0.174437635130157,0.,0.984668224048181));
#8823=DIRECTION('',(0.,1.,0.));
#8824=DIRECTION('',(0.174437635130157,0.,0.984668224048181));
#8825=DIRECTION('',(0.,0.,-1.));
#8826=DIRECTION('',(-1.,0.,0.));
#8827=DIRECTION('',(0.,1.,0.));
#8828=DIRECTION('',(-1.,0.,0.));
#8829=DIRECTION('',(0.98473781716872,0.,-0.174044337563119));
#8830=DIRECTION('',(-0.174044337563119,0.,-0.98473781716872));
#8831=DIRECTION('',(0.,1.,0.));
#8832=DIRECTION('',(-0.174044337563119,0.,-0.98473781716872));
#8833=DIRECTION('',(-1.,0.,0.));
#8834=DIRECTION('',(0.,0.,1.));
#8835=DIRECTION('',(0.,1.,0.));
#8836=DIRECTION('',(0.,0.,1.));
#8837=DIRECTION('',(0.,1.,0.));
#8838=DIRECTION('',(0.,1.,0.));
#8839=DIRECTION('',(0.,1.,0.));
#8840=DIRECTION('',(0.,1.,0.));
#8841=DIRECTION('',(0.,1.,0.));
#8842=DIRECTION('',(0.995525190584142,0.,-0.0944965338645208));
#8843=DIRECTION('',(0.,1.,0.));
#8844=DIRECTION('',(0.,1.,0.));
#8845=DIRECTION('',(0.,0.,1.));
#8846=DIRECTION('',(-0.984449533024134,0.,0.175667631988836));
#8847=DIRECTION('',(0.175667631988836,0.,0.984449533024134));
#8848=DIRECTION('',(0.,1.,0.));
#8849=DIRECTION('',(0.175667631988836,0.,0.984449533024134));
#8850=DIRECTION('',(0.,0.,-1.));
#8851=DIRECTION('',(-1.,0.,0.));
#8852=DIRECTION('',(0.,1.,0.));
#8853=DIRECTION('',(-1.,0.,0.));
#8854=DIRECTION('',(0.984468384364327,0.,-0.175561955409171));
#8855=DIRECTION('',(-0.175561955409171,0.,-0.984468384364327));
#8856=DIRECTION('',(0.,1.,0.));
#8857=DIRECTION('',(-0.175561955409171,0.,-0.984468384364327));
#8858=DIRECTION('',(0.,1.,0.));
#8859=DIRECTION('',(0.995364069092908,0.,-0.0961788436133879));
#8860=DIRECTION('',(0.,1.,0.));
#8861=DIRECTION('',(0.,1.,0.));
#8862=DIRECTION('',(0.,0.,1.));
#8863=DIRECTION('',(0.,-1.,0.));
#8864=DIRECTION('',(1.,0.,0.));
#8865=DIRECTION('',(-1.,1.47636040508664E-16,0.));
#8866=DIRECTION('',(0.,0.996017868833502,-0.0891538275362818));
#8867=DIRECTION('',(-1.,1.47636040508664E-16,0.));
#8868=DIRECTION('',(-1.47636040508664E-16,-1.,0.));
#8869=DIRECTION('',(-1.,1.47636040508664E-16,0.));
#8870=DIRECTION('',(-1.,1.47636040508664E-16,0.));
#8871=DIRECTION('',(-1.47636040508664E-16,-1.,0.));
#8872=DIRECTION('',(-1.,1.47636040508664E-16,0.));
#8873=DIRECTION('',(-1.,1.47636040508664E-16,0.));
#8874=DIRECTION('',(-1.,1.47636040508664E-16,0.));
#8875=DIRECTION('',(0.,0.,1.));
#8876=DIRECTION('',(1.,0.,0.));
#8877=DIRECTION('',(1.47636040508664E-16,1.,0.));
#8878=DIRECTION('',(-1.,1.47636040508664E-16,0.));
#8879=DIRECTION('',(1.47636040508664E-16,1.,0.));
#8880=DIRECTION('',(1.45408986809838E-16,0.984915243654914,-0.173037460730855));
#8881=DIRECTION('',(0.,0.173037460730855,0.984915243654914));
#8882=DIRECTION('',(-2.55465655619769E-17,-0.173037460730855,-0.984915243654914));
#8883=DIRECTION('',(-1.,1.47636040508664E-16,0.));
#8884=DIRECTION('',(-2.55465655619769E-17,-0.173037460730855,-0.984915243654914));
#8885=DIRECTION('',(0.,0.,-1.));
#8886=DIRECTION('',(-1.,0.,0.));
#8887=DIRECTION('',(-1.47636040508664E-16,-1.,0.));
#8888=DIRECTION('',(-1.,1.47636040508664E-16,0.));
#8889=DIRECTION('',(-1.47636040508664E-16,-1.,0.));
#8890=DIRECTION('',(-1.,1.47636040508664E-16,0.));
#8891=DIRECTION('',(-1.,1.47636040508664E-16,0.));
#8892=DIRECTION('',(-1.,1.47636040508664E-16,0.));
#8893=DIRECTION('',(0.,0.,1.));
#8894=DIRECTION('',(1.,0.,0.));
#8895=DIRECTION('',(-1.,1.47636040508664E-16,0.));
#8896=DIRECTION('',(1.47636040508664E-16,1.,0.));
#8897=DIRECTION('',(-1.45383351918404E-16,-0.984741607926503,0.174022888202458));
#8898=DIRECTION('',(0.,-0.174022888202458,-0.984741607926503));
#8899=DIRECTION('',(-1.,1.47636040508664E-16,0.));
#8900=DIRECTION('',(2.56920501720928E-17,0.174022888202458,0.984741607926503));
#8901=DIRECTION('',(0.,0.,-1.));
#8902=DIRECTION('',(-1.,0.,0.));
#8903=DIRECTION('',(-1.,1.47636040508664E-16,0.));
#8904=DIRECTION('',(-1.47636040508664E-16,-1.,0.));
#8905=DIRECTION('',(1.45364453467923E-16,0.984613600900466,-0.174745692140944));
#8906=DIRECTION('',(0.,0.174745692140944,0.984613600900466));
#8907=DIRECTION('',(-1.,1.47636040508664E-16,0.));
#8908=DIRECTION('',(-2.5798762083635E-17,-0.174745692140944,-0.984613600900466));
#8909=DIRECTION('',(0.,0.,-1.));
#8910=DIRECTION('',(-1.,0.,0.));
#8911=DIRECTION('',(-1.,1.47636040508664E-16,0.));
#8912=DIRECTION('',(-1.47636040508664E-16,-1.,0.));
#8913=DIRECTION('',(-1.38289472878791E-16,-0.936691829463383,-0.350154846627232));
#8914=DIRECTION('',(0.,0.350154846627232,-0.936691829463383));
#8915=DIRECTION('',(-1.,1.47636040508664E-16,0.));
#8916=DIRECTION('',(-5.16954751209632E-17,-0.350154846627232,0.936691829463383));
#8917=DIRECTION('',(0.,0.,-1.));
#8918=DIRECTION('',(-1.,0.,0.));
#8919=DIRECTION('',(-1.,1.47636040508664E-16,0.));
#8920=DIRECTION('',(-1.47636040508664E-16,-1.,0.));
#8921=DIRECTION('',(1.36772315914554E-16,0.926415497485025,0.376502756988012));
#8922=DIRECTION('',(0.,-0.376502756988012,0.926415497485025));
#8923=DIRECTION('',(-1.,1.47636040508664E-16,0.));
#8924=DIRECTION('',(5.5585376282306E-17,0.376502756988012,-0.926415497485025));
#8925=DIRECTION('',(-1.,1.47636040508664E-16,0.));
#8926=DIRECTION('',(-1.,1.47636040508664E-16,0.));
#8927=DIRECTION('',(-1.,1.47636040508664E-16,0.));
#8928=DIRECTION('',(0.,0.9953950873935,-0.0958572897222003));
#8929=DIRECTION('',(-1.,1.47636040508664E-16,0.));
#8930=DIRECTION('',(-1.,1.47636040508664E-16,0.));
#8931=DIRECTION('',(-1.47636040508664E-16,-1.,0.));
#8932=DIRECTION('',(1.,-1.47636040508664E-16,0.));
#8933=DIRECTION('',(1.47636040508664E-16,1.,0.));
#8934=DIRECTION('',(1.,-1.47636040508664E-16,0.));
#8935=DIRECTION('',(1.47636040508664E-16,1.,0.));
#8936=DIRECTION('',(-1.,1.47636040508664E-16,0.));
#8937=DIRECTION('',(-1.,1.47636040508664E-16,0.));
#8938=DIRECTION('',(-1.,1.47636040508664E-16,0.));
#8939=DIRECTION('',(-1.,1.47636040508664E-16,0.));
#8940=DIRECTION('',(-1.,1.47636040508664E-16,0.));
#8941=DIRECTION('',(-1.,1.47636040508664E-16,0.));
#8942=DIRECTION('',(-1.,1.47636040508664E-16,0.));
#8943=DIRECTION('',(-1.,1.47636040508664E-16,0.));
#8944=DIRECTION('',(-1.,1.47636040508664E-16,0.));
#8945=DIRECTION('',(0.,-0.917603182361116,-0.397497672597906));
#8946=DIRECTION('',(-1.,1.47636040508664E-16,0.));
#8947=DIRECTION('',(-1.47636040508664E-16,-1.,0.));
#8948=DIRECTION('',(1.,-1.47636040508664E-16,0.));
#8949=DIRECTION('',(1.47636040508664E-16,1.,0.));
#8950=DIRECTION('',(1.45411627721208E-16,0.984933131640534,-0.172935612864356));
#8951=DIRECTION('',(0.,0.172935612864356,0.984933131640534));
#8952=DIRECTION('',(-1.,1.47636040508664E-16,0.));
#8953=DIRECTION('',(-2.55315291462327E-17,-0.172935612864356,-0.984933131640534));
#8954=DIRECTION('',(-1.,1.47636040508664E-16,0.));
#8955=DIRECTION('',(0.,0.,1.));
#8956=DIRECTION('',(1.,0.,0.));
#8957=DIRECTION('',(-1.,1.47636040508664E-16,0.));
#8958=DIRECTION('',(1.47636040508664E-16,1.,0.));
#8959=DIRECTION('',(-1.45404686824792E-16,-0.984886118076697,0.173203159381732));
#8960=DIRECTION('',(0.,-0.173203159381732,-0.984886118076697));
#8961=DIRECTION('',(-1.,1.47636040508664E-16,0.));
#8962=DIRECTION('',(2.55710286547101E-17,0.173203159381732,0.984886118076697));
#8963=DIRECTION('',(0.,0.,-1.));
#8964=DIRECTION('',(-1.,0.,0.));
#8965=DIRECTION('',(-1.47636040508664E-16,-1.,0.));
#8966=DIRECTION('',(1.,-1.47636040508664E-16,0.));
#8967=DIRECTION('',(1.47636040508664E-16,1.,0.));
#8968=DIRECTION('',(-1.,1.47636040508664E-16,0.));
#8969=DIRECTION('',(0.,0.996200493785884,-0.0870894722728353));
#8970=DIRECTION('',(-1.,1.47636040508664E-16,0.));
#8971=DIRECTION('',(-1.47636040508664E-16,-1.,0.));
#8972=DIRECTION('',(-1.,1.47636040508664E-16,0.));
#8973=DIRECTION('',(-1.,1.47636040508664E-16,0.));
#8974=DIRECTION('',(-1.47636040508664E-16,-1.,0.));
#8975=DIRECTION('',(-1.,1.47636040508664E-16,0.));
#8976=DIRECTION('',(-1.,1.47636040508664E-16,0.));
#8977=DIRECTION('',(-1.,1.47636040508664E-16,0.));
#8978=DIRECTION('',(-1.,1.47636040508664E-16,0.));
#8979=DIRECTION('',(-1.,1.47636040508664E-16,0.));
#8980=DIRECTION('',(-1.,1.47636040508664E-16,0.));
#8981=DIRECTION('',(0.,-0.996200493785884,0.0870894722728387));
#8982=DIRECTION('',(-1.,1.47636040508664E-16,0.));
#8983=DIRECTION('',(-1.47636040508664E-16,-1.,0.));
#8984=DIRECTION('',(-1.,1.47636040508664E-16,0.));
#8985=DIRECTION('',(-1.,1.47636040508664E-16,0.));
#8986=DIRECTION('',(-1.47636040508664E-16,-1.,0.));
#8987=DIRECTION('',(-1.,1.47636040508664E-16,0.));
#8988=DIRECTION('',(-1.,1.47636040508664E-16,0.));
#8989=DIRECTION('',(-1.,1.47636040508664E-16,0.));
#8990=DIRECTION('',(-1.,1.47636040508664E-16,0.));
#8991=DIRECTION('',(-1.,1.47636040508664E-16,0.));
#8992=DIRECTION('',(-1.,1.47636040508664E-16,0.));
#8993=DIRECTION('',(0.,-0.996090037993383,0.0883438521366446));
#8994=DIRECTION('',(-1.,1.47636040508664E-16,0.));
#8995=DIRECTION('',(-1.,1.47636040508664E-16,0.));
#8996=DIRECTION('',(-1.47636040508664E-16,-1.,0.));
#8997=DIRECTION('',(-1.,1.47636040508664E-16,0.));
#8998=DIRECTION('',(-1.,1.47636040508664E-16,0.));
#8999=DIRECTION('',(-1.,1.47636040508664E-16,0.));
#9000=DIRECTION('',(-1.,1.47636040508664E-16,0.));
#9001=DIRECTION('',(-1.,1.47636040508664E-16,0.));
#9002=DIRECTION('',(0.,0.625604298480728,-0.780140539725014));
#9003=DIRECTION('',(-1.,1.47636040508664E-16,0.));
#9004=DIRECTION('',(-1.,1.47636040508664E-16,0.));
#9005=DIRECTION('',(-1.47636040508664E-16,-1.,0.));
#9006=DIRECTION('',(-1.45406667090817E-16,-0.984899531237994,0.173126870725428));
#9007=DIRECTION('',(0.,-0.173126870725428,-0.984899531237994));
#9008=DIRECTION('',(-1.,1.47636040508664E-16,0.));
#9009=DIRECTION('',(2.55597656995575E-17,0.173126870725428,0.984899531237994));
#9010=DIRECTION('',(0.,0.,-1.));
#9011=DIRECTION('',(-1.,0.,0.));
#9012=DIRECTION('',(-1.,1.47636040508664E-16,0.));
#9013=DIRECTION('',(-1.47636040508664E-16,-1.,0.));
#9014=DIRECTION('',(1.45372517813172E-16,0.984668224048181,-0.174437635130156));
#9015=DIRECTION('',(0.,0.174437635130156,0.984668224048181));
#9016=DIRECTION('',(-1.,1.47636040508664E-16,0.));
#9017=DIRECTION('',(-2.57532817663114E-17,-0.174437635130156,-0.984668224048181));
#9018=DIRECTION('',(0.,0.,1.));
#9019=DIRECTION('',(1.,0.,0.));
#9020=DIRECTION('',(-1.,1.47636040508664E-16,0.));
#9021=DIRECTION('',(1.47636040508664E-16,1.,0.));
#9022=DIRECTION('',(-1.4536831214376E-16,-0.984639737308782,0.174598361139193));
#9023=DIRECTION('',(0.,-0.174598361139193,-0.984639737308782));
#9024=DIRECTION('',(-1.,1.47636040508664E-16,0.));
#9025=DIRECTION('',(2.57770107178924E-17,0.174598361139193,0.984639737308782));
#9026=DIRECTION('',(-1.,1.47636040508664E-16,0.));
#9027=DIRECTION('',(-1.,1.47636040508664E-16,0.));
#9028=DIRECTION('',(-1.,1.47636040508664E-16,0.));
#9029=DIRECTION('',(0.,-0.25677792358654,0.966470433049343));
#9030=DIRECTION('',(-1.,1.47636040508664E-16,0.));
#9031=DIRECTION('',(-1.,1.47636040508664E-16,0.));
#9032=DIRECTION('',(-1.47636040508664E-16,-1.,0.));
#9033=DIRECTION('',(1.,-1.47636040508664E-16,0.));
#9034=DIRECTION('',(1.47636040508664E-16,1.,0.));
#9035=DIRECTION('',(1.,-1.47636040508664E-16,0.));
#9036=DIRECTION('',(1.47636040508664E-16,1.,0.));
#9037=DIRECTION('',(-1.,1.47636040508664E-16,0.));
#9038=DIRECTION('',(-1.,1.47636040508664E-16,0.));
#9039=DIRECTION('',(-1.,1.47636040508664E-16,0.));
#9040=DIRECTION('',(-1.,1.47636040508664E-16,0.));
#9041=DIRECTION('',(-1.,1.47636040508664E-16,0.));
#9042=DIRECTION('',(-1.,1.47636040508664E-16,0.));
#9043=DIRECTION('',(-1.,1.47636040508664E-16,0.));
#9044=DIRECTION('',(-1.,1.47636040508664E-16,0.));
#9045=DIRECTION('',(-1.,1.47636040508664E-16,0.));
#9046=DIRECTION('',(0.,-0.917603182361121,-0.397497672597896));
#9047=DIRECTION('',(-1.,1.47636040508664E-16,0.));
#9048=DIRECTION('',(-1.47636040508664E-16,-1.,0.));
#9049=DIRECTION('',(1.,-1.47636040508664E-16,0.));
#9050=DIRECTION('',(1.47636040508664E-16,1.,0.));
#9051=DIRECTION('',(1.45411627721208E-16,0.984933131640534,-0.172935612864355));
#9052=DIRECTION('',(0.,0.172935612864355,0.984933131640534));
#9053=DIRECTION('',(-1.,1.47636040508664E-16,0.));
#9054=DIRECTION('',(-2.55315291462327E-17,-0.172935612864355,-0.984933131640534));
#9055=DIRECTION('',(-1.,1.47636040508664E-16,0.));
#9056=DIRECTION('',(0.,0.,1.));
#9057=DIRECTION('',(1.,0.,0.));
#9058=DIRECTION('',(-1.,1.47636040508664E-16,0.));
#9059=DIRECTION('',(1.47636040508664E-16,1.,0.));
#9060=DIRECTION('',(-1.45404686824792E-16,-0.984886118076697,0.173203159381732));
#9061=DIRECTION('',(0.,-0.173203159381732,-0.984886118076697));
#9062=DIRECTION('',(-1.,1.47636040508664E-16,0.));
#9063=DIRECTION('',(2.557102865471E-17,0.173203159381732,0.984886118076697));
#9064=DIRECTION('',(0.,0.,-1.));
#9065=DIRECTION('',(-1.,0.,0.));
#9066=DIRECTION('',(-1.47636040508664E-16,-1.,0.));
#9067=DIRECTION('',(1.,-1.47636040508664E-16,0.));
#9068=DIRECTION('',(1.47636040508664E-16,1.,0.));
#9069=DIRECTION('',(-1.,1.47636040508664E-16,0.));
#9070=DIRECTION('',(0.,-0.996914766737139,0.0784917056856109));
#9071=DIRECTION('',(-1.,1.47636040508664E-16,0.));
#9072=DIRECTION('',(-1.,1.47636040508664E-16,0.));
#9073=DIRECTION('',(-1.47636040508664E-16,-1.,0.));
#9074=DIRECTION('',(-1.,1.47636040508664E-16,0.));
#9075=DIRECTION('',(1.45335108561176E-16,0.984414835702987,-0.175861966461943));
#9076=DIRECTION('',(0.,0.175861966461943,0.984414835702987));
#9077=DIRECTION('',(-1.,1.47636040508664E-16,0.));
#9078=DIRECTION('',(-2.59635644045088E-17,-0.175861966461943,-0.984414835702987));
#9079=DIRECTION('',(0.,0.,-1.));
#9080=DIRECTION('',(-1.,0.,0.));
#9081=DIRECTION('',(-1.,1.47636040508664E-16,0.));
#9082=DIRECTION('',(-1.47636040508664E-16,-1.,0.));
#9083=DIRECTION('',(1.45400803479505E-16,0.984859814571986,-0.173352662630934));
#9084=DIRECTION('',(0.,0.173352662630934,0.984859814571986));
#9085=DIRECTION('',(-1.,1.47636040508664E-16,0.));
#9086=DIRECTION('',(-2.55931007224653E-17,-0.173352662630934,-0.984859814571986));
#9087=DIRECTION('',(0.,0.,1.));
#9088=DIRECTION('',(1.,0.,0.));
#9089=DIRECTION('',(-1.,1.47636040508664E-16,0.));
#9090=DIRECTION('',(1.47636040508664E-16,1.,0.));
#9091=DIRECTION('',(1.45381135930765E-16,0.984726598125155,-0.174107802653586));
#9092=DIRECTION('',(0.,0.174107802653586,0.984726598125155));
#9093=DIRECTION('',(-1.,1.47636040508664E-16,0.));
#9094=DIRECTION('',(-2.57045866054394E-17,-0.174107802653586,-0.984726598125155));
#9095=DIRECTION('',(0.,0.,1.));
#9096=DIRECTION('',(1.,0.,0.));
#9097=DIRECTION('',(-1.,1.47636040508664E-16,0.));
#9098=DIRECTION('',(1.47636040508664E-16,1.,0.));
#9099=DIRECTION('',(-1.45409668396353E-16,-0.984919860322449,0.173011180975127));
#9100=DIRECTION('',(0.,-0.173011180975127,-0.984919860322449));
#9101=DIRECTION('',(-1.,1.47636040508664E-16,0.));
#9102=DIRECTION('',(2.55426857228958E-17,0.173011180975127,0.984919860322449));
#9103=DIRECTION('',(0.,0.,1.));
#9104=DIRECTION('',(1.,0.,0.));
#9105=DIRECTION('',(-1.,1.47636040508664E-16,0.));
#9106=DIRECTION('',(1.47636040508664E-16,1.,0.));
#9107=DIRECTION('',(-1.45400803479505E-16,-0.984859814571986,0.173352662630934));
#9108=DIRECTION('',(0.,-0.173352662630934,-0.984859814571986));
#9109=DIRECTION('',(-1.,1.47636040508664E-16,0.));
#9110=DIRECTION('',(2.55931007224653E-17,0.173352662630934,0.984859814571986));
#9111=DIRECTION('',(0.,0.,-1.));
#9112=DIRECTION('',(-1.,0.,0.));
#9113=DIRECTION('',(-1.,1.47636040508664E-16,0.));
#9114=DIRECTION('',(-1.47636040508664E-16,-1.,0.));
#9115=DIRECTION('',(-1.45293787869295E-16,-0.984134953556737,0.177421512753891));
#9116=DIRECTION('',(0.,-0.177421512753891,-0.984134953556737));
#9117=DIRECTION('',(-1.,1.47636040508664E-16,0.));
#9118=DIRECTION('',(2.61938096440419E-17,0.177421512753891,0.984134953556737));
#9119=DIRECTION('',(-1.,1.47636040508664E-16,0.));
#9120=DIRECTION('',(0.,-0.996069248752624,0.0885779413250429));
#9121=DIRECTION('',(-1.,1.47636040508664E-16,0.));
#9122=DIRECTION('',(-1.,1.47636040508664E-16,0.));
#9123=DIRECTION('',(-1.47636040508664E-16,-1.,0.));
#9124=DIRECTION('',(-1.,1.47636040508664E-16,0.));
#9125=DIRECTION('',(0.,0.,-1.));
#9126=DIRECTION('',(-1.,0.,0.));
#9127=DIRECTION('',(-1.,1.47636040508664E-16,0.));
#9128=DIRECTION('',(-1.47636040508664E-16,-1.,0.));
#9129=DIRECTION('',(1.45329239818114E-16,0.984375084277506,-0.176084336196192));
#9130=DIRECTION('',(0.,0.176084336196192,0.984375084277506));
#9131=DIRECTION('',(-1.,1.47636040508664E-16,0.));
#9132=DIRECTION('',(-2.59963941916022E-17,-0.176084336196192,-0.984375084277506));
#9133=DIRECTION('',(0.,0.,1.));
#9134=DIRECTION('',(1.,0.,0.));
#9135=DIRECTION('',(-1.,1.47636040508664E-16,0.));
#9136=DIRECTION('',(1.47636040508664E-16,1.,0.));
#9137=DIRECTION('',(-1.,1.47636040508664E-16,0.));
#9138=DIRECTION('',(1.,-1.47636040508664E-16,0.));
#9139=DIRECTION('',(1.47636040508664E-16,1.,0.));
#9140=DIRECTION('',(-1.,1.47636040508664E-16,0.));
#9141=DIRECTION('',(-1.,1.47636040508664E-16,0.));
#9142=DIRECTION('',(-1.,1.47636040508664E-16,0.));
#9143=DIRECTION('',(0.,-0.205201388825879,0.978719770937489));
#9144=DIRECTION('',(-1.,1.47636040508664E-16,0.));
#9145=DIRECTION('',(-1.,1.47636040508664E-16,0.));
#9146=DIRECTION('',(-1.47636040508664E-16,-1.,0.));
#9147=DIRECTION('',(-1.,1.47636040508664E-16,0.));
#9148=DIRECTION('',(0.,-0.586849408117162,0.809696098664516));
#9149=DIRECTION('',(-1.,1.47636040508664E-16,0.));
#9150=DIRECTION('',(-1.,1.47636040508664E-16,0.));
#9151=DIRECTION('',(-1.47636040508664E-16,-1.,0.));
#9152=DIRECTION('',(1.45405602684048E-16,0.984892321570454,-0.173167880715684));
#9153=DIRECTION('',(0.,0.173167880715684,0.984892321570454));
#9154=DIRECTION('',(-1.,1.47636040508664E-16,0.));
#9155=DIRECTION('',(-2.55658202521403E-17,-0.173167880715684,-0.984892321570454));
#9156=DIRECTION('',(0.,0.,1.));
#9157=DIRECTION('',(1.,0.,0.));
#9158=DIRECTION('',(-1.,1.47636040508664E-16,0.));
#9159=DIRECTION('',(1.47636040508664E-16,1.,0.));
#9160=DIRECTION('',(-1.45372517813172E-16,-0.984668224048181,0.174437635130156));
#9161=DIRECTION('',(0.,-0.174437635130156,-0.984668224048181));
#9162=DIRECTION('',(-1.,1.47636040508664E-16,0.));
#9163=DIRECTION('',(2.57532817663114E-17,0.174437635130156,0.984668224048181));
#9164=DIRECTION('',(0.,0.,-1.));
#9165=DIRECTION('',(-1.,0.,0.));
#9166=DIRECTION('',(-1.,1.47636040508664E-16,0.));
#9167=DIRECTION('',(-1.47636040508664E-16,-1.,0.));
#9168=DIRECTION('',(1.45382792265935E-16,0.98473781716872,-0.174044337563119));
#9169=DIRECTION('',(0.,0.174044337563119,0.98473781716872));
#9170=DIRECTION('',(-1.,1.47636040508664E-16,0.));
#9171=DIRECTION('',(-2.56952168707722E-17,-0.174044337563119,-0.98473781716872));
#9172=DIRECTION('',(-1.47636040508664E-16,-1.,0.));
#9173=DIRECTION('',(1.,-1.47636040508664E-16,0.));
#9174=DIRECTION('',(-1.,1.47636040508664E-16,0.));
#9175=DIRECTION('',(0.,0.,1.));
#9176=DIRECTION('',(-1.,1.47636040508664E-16,0.));
#9177=DIRECTION('',(-1.,1.47636040508664E-16,0.));
#9178=DIRECTION('',(-1.,1.47636040508664E-16,0.));
#9179=DIRECTION('',(-1.,1.47636040508664E-16,0.));
#9180=DIRECTION('',(-1.,1.47636040508664E-16,0.));
#9181=DIRECTION('',(0.,0.995525190584141,-0.0944965338645301));
#9182=DIRECTION('',(-1.,1.47636040508664E-16,0.));
#9183=DIRECTION('',(-1.,1.47636040508664E-16,0.));
#9184=DIRECTION('',(-1.47636040508664E-16,-1.,0.));
#9185=DIRECTION('',(-1.45340231136287E-16,-0.984449533024134,0.175667631988835));
#9186=DIRECTION('',(0.,-0.175667631988835,-0.984449533024134));
#9187=DIRECTION('',(-1.,1.47636040508664E-16,0.));
#9188=DIRECTION('',(2.59348736323647E-17,0.175667631988834,0.984449533024134));
#9189=DIRECTION('',(0.,0.,-1.));
#9190=DIRECTION('',(-1.,0.,0.));
#9191=DIRECTION('',(-1.,1.47636040508664E-16,0.));
#9192=DIRECTION('',(-1.47636040508664E-16,-1.,0.));
#9193=DIRECTION('',(1.45343014273511E-16,0.984468384364327,-0.175561955409171));
#9194=DIRECTION('',(0.,0.175561955409171,0.984468384364327));
#9195=DIRECTION('',(-1.,1.47636040508664E-16,0.));
#9196=DIRECTION('',(-2.59192719605688E-17,-0.175561955409171,-0.984468384364327));
#9197=DIRECTION('',(-1.,1.47636040508664E-16,0.));
#9198=DIRECTION('',(0.,0.995364069092905,-0.0961788436134241));
#9199=DIRECTION('',(-1.,1.47636040508664E-16,0.));
#9200=DIRECTION('',(-1.,1.47636040508664E-16,0.));
#9201=DIRECTION('',(-1.47636040508664E-16,-1.,0.));
#9202=DIRECTION('',(1.,-1.47636040508664E-16,0.));
#9203=DIRECTION('',(1.47636040508664E-16,1.,0.));
#9204=CARTESIAN_POINT('',(0.,0.,0.));
#9205=CARTESIAN_POINT('',(0.0495,0.,-0.0019));
#9206=CARTESIAN_POINT('',(0.0495,0.0135440786326453,-0.00682938974438299));
#9207=CARTESIAN_POINT('',(0.0495,0.014419438818628,-0.00682938974438299));
#9208=CARTESIAN_POINT('',(0.0495,0.0149263140501303,-0.00733126291767972));
#9209=CARTESIAN_POINT('',(0.0495,0.0135440786326453,-0.00682938974438299));
#9210=CARTESIAN_POINT('',(0.0495,0.0149263140501303,-0.00733126291767972));
#9211=CARTESIAN_POINT('',(0.0495,0.0149263140501303,-0.00733126291767972));
#9212=CARTESIAN_POINT('',(0.0495,0.0154331892816327,-0.00783313609097645));
#9213=CARTESIAN_POINT('',(0.0495,0.0154331892816327,-0.00873017186251679));
#9214=CARTESIAN_POINT('',(0.0495,0.0154331892816327,-0.00873017186251679));
#9215=CARTESIAN_POINT('',(0.0495,0.0119019781611829,-0.00869978672261863));
#9216=CARTESIAN_POINT('',(0.0495,0.015369645840291,-0.00937039972180237));
#9217=CARTESIAN_POINT('',(0.0495,0.0150597022689467,-0.0111094842156544));
#9218=CARTESIAN_POINT('',(0.0495,0.0147495746601986,-0.0128485331184733));
#9219=CARTESIAN_POINT('',(0.0495,0.013842534772247,-0.0128485331184733));
#9220=CARTESIAN_POINT('',(0.0495,0.0129354948842954,-0.0128485331184733));
#9221=CARTESIAN_POINT('',(0.0495,0.0132239469074859,-0.011232034641692));
#9222=CARTESIAN_POINT('',(0.0495,0.0135122444580998,-0.00961550724779101));
#9223=CARTESIAN_POINT('',(0.0495,0.011635901711058,-0.00926425766692518));
#9224=CARTESIAN_POINT('',(0.0495,0.0135440786326453,-0.00929540443975131));
#9225=CARTESIAN_POINT('',(0.0495,0.0135440786326453,-0.00929540443975131));
#9226=CARTESIAN_POINT('',(0.0495,0.0135440786326453,-0.00884688655398115));
#9227=CARTESIAN_POINT('',(0.0495,0.0132931420459969,-0.008601785701906));
#9228=CARTESIAN_POINT('',(0.0495,0.0132931420459969,-0.008601785701906));
#9229=CARTESIAN_POINT('',(0.0495,0.0132931420459969,-0.008601785701906));
#9230=CARTESIAN_POINT('',(0.0495,0.0130422054593486,-0.00835668484983085));
#9231=CARTESIAN_POINT('',(0.0495,0.0125953549263136,-0.00835668484983085));
#9232=CARTESIAN_POINT('',(0.0495,0.0125953549263136,-0.00835668484983085));
#9233=CARTESIAN_POINT('',(0.0495,0.0125953549263136,-0.00835668484983085));
#9234=CARTESIAN_POINT('',(0.0495,0.012061802051048,-0.00835668484983085));
#9235=CARTESIAN_POINT('',(0.0495,0.0116983191547733,-0.00868682069140146));
#9236=CARTESIAN_POINT('',(0.0495,0.0116983191547733,-0.00868682069140146));
#9237=CARTESIAN_POINT('',(0.0495,0.0116983191547733,-0.00868682069140146));
#9238=CARTESIAN_POINT('',(0.0495,0.0113348362584985,-0.00901695653297206));
#9239=CARTESIAN_POINT('',(0.0495,0.0112281256834454,-0.00961553616491069));
#9240=CARTESIAN_POINT('',(0.0495,0.0112281256834454,-0.00961553616491069));
#9241=CARTESIAN_POINT('',(0.0495,0.0112281256834454,-0.00960469837213186));
#9242=CARTESIAN_POINT('',(0.0495,0.0112281256834454,-0.00959386057935302));
#9243=CARTESIAN_POINT('',(0.0495,0.0109405073366225,-0.0112211968489132));
#9244=CARTESIAN_POINT('',(0.0495,0.0106528889897997,-0.0128485331184733));
#9245=CARTESIAN_POINT('',(0.0495,0.00974001336727489,-0.0128485331184733));
#9246=CARTESIAN_POINT('',(0.0495,0.00882713774475011,-0.0128485331184733));
#9247=CARTESIAN_POINT('',(0.0495,0.00952659221716864,-0.00890024184150771));
#9248=CARTESIAN_POINT('',(0.0495,0.0102260466895872,-0.00495195056454207));
#9249=CARTESIAN_POINT('',(0.0495,0.0111380886357443,-0.00495195056454207));
#9250=CARTESIAN_POINT('',(0.0495,0.0120501305819015,-0.00495195056454207));
#9251=CARTESIAN_POINT('',(0.0495,0.011810031788032,-0.00631751245467504));
#9252=CARTESIAN_POINT('',(0.0495,0.011570104567059,-0.00768209850251766));
#9253=CARTESIAN_POINT('',(0.0495,0.0134489112089066,-0.00938201358484034));
#9254=CARTESIAN_POINT('',(0.0495,0.0124344903082803,-0.00705956755355184));
#9255=CARTESIAN_POINT('',(0.0495,0.0135177302415506,-0.0095078497947245));
#9256=CARTESIAN_POINT('',(0.0495,0.00775505571119519,-0.0109229254428192));
#9257=CARTESIAN_POINT('',(0.0495,0.00697125090394555,-0.0107993371737208));
#9258=CARTESIAN_POINT('',(0.0495,0.00696137003405562,-0.0109377468839283));
#9259=CARTESIAN_POINT('',(0.0495,0.00696137003405562,-0.0109377468839283));
#9260=CARTESIAN_POINT('',(0.0495,0.00696137003405562,-0.0111311598012121));
#9261=CARTESIAN_POINT('',(0.0495,0.00707308266731436,-0.0112161947907076));
#9262=CARTESIAN_POINT('',(0.0495,0.00707308266731436,-0.0112161947907076));
#9263=CARTESIAN_POINT('',(0.0495,0.00707308266731436,-0.0112161947907076));
#9264=CARTESIAN_POINT('',(0.0495,0.0071847953005731,-0.011301229780203));
#9265=CARTESIAN_POINT('',(0.0495,0.00744156762179468,-0.011301229780203));
#9266=CARTESIAN_POINT('',(0.0495,0.00744156762179468,-0.011301229780203));
#9267=CARTESIAN_POINT('',(0.0495,0.00776670140515967,-0.011301229780203));
#9268=CARTESIAN_POINT('',(0.0495,0.00809183518852467,-0.011301229780203));
#9269=CARTESIAN_POINT('',(0.0495,0.00795344491150265,-0.0120748814493382));
#9270=CARTESIAN_POINT('',(0.0495,0.00781505463448062,-0.0128485331184733));
#9271=CARTESIAN_POINT('',(0.0495,0.00735069689772601,-0.0128485331184733));
#9272=CARTESIAN_POINT('',(0.0495,0.00688633916097139,-0.0128485331184733));
#9273=CARTESIAN_POINT('',(0.0495,0.00688633916097139,-0.0128485331184733));
#9274=CARTESIAN_POINT('',(0.0495,0.00509393497062593,-0.0128485331184733));
#9275=CARTESIAN_POINT('',(0.0495,0.00509393497062593,-0.0113445809513184));
#9276=CARTESIAN_POINT('',(0.0495,0.00509393497062593,-0.0113445809513184));
#9277=CARTESIAN_POINT('',(0.0495,0.00897210253825148,-0.0114339991911278));
#9278=CARTESIAN_POINT('',(0.0495,0.00514763329416251,-0.0107777398845685));
#9279=CARTESIAN_POINT('',(0.0495,0.00536071140825874,-0.00959386057935302));
#9280=CARTESIAN_POINT('',(0.0495,0.00557413255836499,-0.00841004013735741));
#9281=CARTESIAN_POINT('',(0.0495,0.00521148333845788,-0.00841004013735741));
#9282=CARTESIAN_POINT('',(0.0495,0.00484883411855078,-0.00841004013735741));
#9283=CARTESIAN_POINT('',(0.0495,0.00498222233736718,-0.0076522283192067));
#9284=CARTESIAN_POINT('',(0.0495,0.00511561055618359,-0.00689441650105599));
#9285=CARTESIAN_POINT('',(0.0495,0.0054782597760907,-0.00689441650105599));
#9286=CARTESIAN_POINT('',(0.0495,0.0058409089959978,-0.00689441650105599));
#9287=CARTESIAN_POINT('',(0.0495,0.00596846148024099,-0.00616828438487418));
#9288=CARTESIAN_POINT('',(0.0495,0.00609601396448418,-0.00544215226869237));
#9289=CARTESIAN_POINT('',(0.0495,0.00700888958700896,-0.00544215226869237));
#9290=CARTESIAN_POINT('',(0.0495,0.00792176520953375,-0.00544215226869237));
#9291=CARTESIAN_POINT('',(0.0495,0.00779337904892296,-0.00616828438487418));
#9292=CARTESIAN_POINT('',(0.0495,0.00766499288831216,-0.00689441650105599));
#9293=CARTESIAN_POINT('',(0.0495,0.00826273884388319,-0.00689441650105599));
#9294=CARTESIAN_POINT('',(0.0495,0.00886048479945421,-0.00689441650105599));
#9295=CARTESIAN_POINT('',(0.0495,0.0087270965806378,-0.0076522283192067));
#9296=CARTESIAN_POINT('',(0.0495,0.0085937083618214,-0.00841004013735741));
#9297=CARTESIAN_POINT('',(0.0495,0.00799596240625037,-0.00841004013735741));
#9298=CARTESIAN_POINT('',(0.0495,0.00739821645067935,-0.00841004013735741));
#9299=CARTESIAN_POINT('',(0.0495,0.0071847953005731,-0.00960469837213186));
#9300=CARTESIAN_POINT('',(0.0495,0.00369585970215647,-0.00987147480976467));
#9301=CARTESIAN_POINT('',(0.0495,0.00421857478464325,-0.00689441650105599));
#9302=CARTESIAN_POINT('',(0.0495,0.00317314461966967,-0.0128485331184733));
#9303=CARTESIAN_POINT('',(0.0495,0.00226026899714489,-0.0128485331184733));
#9304=CARTESIAN_POINT('',(0.0495,0.0013473933746201,-0.0128485331184733));
#9305=CARTESIAN_POINT('',(0.0495,0.0018709421334745,-0.00987147480976467));
#9306=CARTESIAN_POINT('',(0.0495,0.00239449089232889,-0.00689441650105599));
#9307=CARTESIAN_POINT('',(0.0495,0.00330653283848608,-0.00689441650105599));
#9308=CARTESIAN_POINT('',(0.0495,0.00342824958815604,-0.00627582863629491));
#9309=CARTESIAN_POINT('',(0.0495,0.00300140728794355,-0.00627582863629491));
#9310=CARTESIAN_POINT('',(0.0495,0.00275130437766278,-0.00604573395883661));
#9311=CARTESIAN_POINT('',(0.0495,0.00342824958815604,-0.00627582863629491));
#9312=CARTESIAN_POINT('',(0.0495,0.00275130437766278,-0.00604573395883661));
#9313=CARTESIAN_POINT('',(0.0495,0.00325626700678194,-0.00548520790491504));
#9314=CARTESIAN_POINT('',(0.0495,0.00250120146738202,-0.00546382785425003));
#9315=CARTESIAN_POINT('',(0.0495,0.00250120146738202,-0.00546382785425003));
#9316=CARTESIAN_POINT('',(0.0495,0.00250120146738202,-0.00498363026651097));
#9317=CARTESIAN_POINT('',(0.0495,0.00287468848006796,-0.00464265663216153));
#9318=CARTESIAN_POINT('',(0.0495,0.00287468848006796,-0.00464265663216153));
#9319=CARTESIAN_POINT('',(0.0495,0.00287468848006796,-0.00464265663216153));
#9320=CARTESIAN_POINT('',(0.0495,0.0032481754927539,-0.00430168299781209));
#9321=CARTESIAN_POINT('',(0.0495,0.00378172836801952,-0.00430168299781209));
#9322=CARTESIAN_POINT('',(0.0495,0.00378172836801952,-0.00430168299781209));
#9323=CARTESIAN_POINT('',(0.0495,0.00378172836801952,-0.00430168299781209));
#9324=CARTESIAN_POINT('',(0.0495,0.00420857066823203,-0.00430168299781209));
#9325=CARTESIAN_POINT('',(0.0495,0.00445367152030717,-0.00453094399890279));
#9326=CARTESIAN_POINT('',(0.0495,0.00445367152030717,-0.00453094399890279));
#9327=CARTESIAN_POINT('',(0.0495,0.00445367152030717,-0.00453094399890279));
#9328=CARTESIAN_POINT('',(0.0495,0.00469877237238232,-0.00476020499999349));
#9329=CARTESIAN_POINT('',(0.0495,0.00469877237238232,-0.00512202054353299));
#9330=CARTESIAN_POINT('',(0.0495,0.00469877237238232,-0.00512202054353299));
#9331=CARTESIAN_POINT('',(0.0495,0.00469877237238232,-0.00512202054353299));
#9332=CARTESIAN_POINT('',(0.0495,0.00469877237238232,-0.00559221401486082));
#9333=CARTESIAN_POINT('',(0.0495,0.00432528535969638,-0.00593402132557787));
#9334=CARTESIAN_POINT('',(0.0495,0.00432528535969638,-0.00593402132557787));
#9335=CARTESIAN_POINT('',(0.0495,0.00432528535969638,-0.00593402132557787));
#9336=CARTESIAN_POINT('',(0.0495,0.00395179834701044,-0.00627582863629491));
#9337=CARTESIAN_POINT('',(0.0495,0.00342824958815604,-0.00627582863629491));
#9338=CARTESIAN_POINT('',(0.0495,-0.00572718428085507,-0.00986063701698584));
#9339=CARTESIAN_POINT('',(0.0495,-0.00556711841827538,-0.00894359301262305));
#9340=CARTESIAN_POINT('',(0.0495,-0.00509775862331515,-0.00824997427477773));
#9341=CARTESIAN_POINT('',(0.0495,-0.00572718428085507,-0.00986063701698584));
#9342=CARTESIAN_POINT('',(0.0495,-0.00509775862331515,-0.00824997427477773));
#9343=CARTESIAN_POINT('',(0.0495,-0.00509775862331515,-0.00824997427477773));
#9344=CARTESIAN_POINT('',(0.0495,-0.00462839882835492,-0.00755635553693241));
#9345=CARTESIAN_POINT('',(0.0495,-0.0039664597924785,-0.00718286852424648));
#9346=CARTESIAN_POINT('',(0.0495,-0.0039664597924785,-0.00718286852424648));
#9347=CARTESIAN_POINT('',(0.0495,-0.00256749563527073,-0.00960776411675269));
#9348=CARTESIAN_POINT('',(0.0495,-0.00256921820037664,-0.00680938151156054));
#9349=CARTESIAN_POINT('',(0.0495,-0.00256921820037664,-0.00680938151156054));
#9350=CARTESIAN_POINT('',(0.0495,-0.00198231003758445,-0.00680938151156054));
#9351=CARTESIAN_POINT('',(0.0495,-0.0015396278863875,-0.00705448236363568));
#9352=CARTESIAN_POINT('',(0.0495,-0.0015396278863875,-0.00705448236363568));
#9353=CARTESIAN_POINT('',(0.0495,-0.0015396278863875,-0.00705448236363568));
#9354=CARTESIAN_POINT('',(0.0495,-0.00109694573519055,-0.00729958321571083));
#9355=CARTESIAN_POINT('',(0.0495,-0.000893528701495535,-0.0077164213995121));
#9356=CARTESIAN_POINT('',(0.0495,-0.000893528701495535,-0.0077164213995121));
#9357=CARTESIAN_POINT('',(0.0495,-0.000648427849420387,-0.00633418598202709));
#9358=CARTESIAN_POINT('',(0.0495,-0.000403326997345239,-0.00495195056454207));
#9359=CARTESIAN_POINT('',(0.0495,0.000509548625179545,-0.00495195056454207));
#9360=CARTESIAN_POINT('',(0.0495,0.00142242424770433,-0.00495195056454207));
#9361=CARTESIAN_POINT('',(0.0495,0.000722969775285794,-0.00890024184150771));
#9362=CARTESIAN_POINT('',(0.0495,2.35153028672632E-5,-0.0128485331184733));
#9363=CARTESIAN_POINT('',(0.0495,-0.000888526643289917,-0.0128485331184733));
#9364=CARTESIAN_POINT('',(0.0495,-0.0018005685894471,-0.0128485331184733));
#9365=CARTESIAN_POINT('',(0.0495,-0.00172553771636287,-0.0124216908182608));
#9366=CARTESIAN_POINT('',(0.0495,-0.00165064366560782,-0.0119956268850766));
#9367=CARTESIAN_POINT('',(0.0495,-0.00361087928386485,-0.0104138632267335));
#9368=CARTESIAN_POINT('',(0.0495,-0.00250502512007125,-0.0126776294631148));
#9369=CARTESIAN_POINT('',(0.0495,-0.00250502512007125,-0.0126776294631148));
#9370=CARTESIAN_POINT('',(0.0495,-0.00301773608614681,-0.0129335681079688));
#9371=CARTESIAN_POINT('',(0.0495,-0.00364632806731912,-0.0129335681079688));
#9372=CARTESIAN_POINT('',(0.0495,-0.00364632806731912,-0.0129335681079688));
#9373=CARTESIAN_POINT('',(0.0495,-0.00364632806731912,-0.0129335681079688));
#9374=CARTESIAN_POINT('',(0.0495,-0.00427658740122665,-0.0129335681079688));
#9375=CARTESIAN_POINT('',(0.0495,-0.00476178704717133,-0.0126459497611459));
#9376=CARTESIAN_POINT('',(0.0495,-0.00476178704717133,-0.0126459497611459));
#9377=CARTESIAN_POINT('',(0.0495,-0.00476178704717133,-0.0126459497611459));
#9378=CARTESIAN_POINT('',(0.0495,-0.00524698669311601,-0.0123583314143231));
#9379=CARTESIAN_POINT('',(0.0495,-0.00551959886532204,-0.0118247785390574));
#9380=CARTESIAN_POINT('',(0.0495,-0.00551959886532204,-0.0118247785390574));
#9381=CARTESIAN_POINT('',(0.0495,-0.00551959886532204,-0.0118247785390574));
#9382=CARTESIAN_POINT('',(0.0495,-0.00579221103752807,-0.0112912256637918));
#9383=CARTESIAN_POINT('',(0.0495,-0.00579221103752807,-0.0105759313403888));
#9384=CARTESIAN_POINT('',(0.0495,-0.00579221103752807,-0.0105759313403888));
#9385=CARTESIAN_POINT('',(0.0495,-0.00148750875633563,-0.0106115510999182));
#9386=CARTESIAN_POINT('',(0.0495,-0.00669841724911203,-0.00987147480976467));
#9387=CARTESIAN_POINT('',(0.0495,-0.00617570216662524,-0.006894416501056));
#9388=CARTESIAN_POINT('',(0.0495,-0.00722113233159883,-0.0128485331184733));
#9389=CARTESIAN_POINT('',(0.0495,-0.00813400795412361,-0.0128485331184733));
#9390=CARTESIAN_POINT('',(0.0495,-0.00904688357664839,-0.0128485331184733));
#9391=CARTESIAN_POINT('',(0.0495,-0.008523334817794,-0.00987147480976467));
#9392=CARTESIAN_POINT('',(0.0495,-0.0079997860589396,-0.006894416501056));
#9393=CARTESIAN_POINT('',(0.0495,-0.00708774411278242,-0.006894416501056));
#9394=CARTESIAN_POINT('',(0.0495,-0.00696602736311245,-0.00627582863629491));
#9395=CARTESIAN_POINT('',(0.0495,-0.00739286966332495,-0.00627582863629491));
#9396=CARTESIAN_POINT('',(0.0495,-0.00764297257360571,-0.00604573395883661));
#9397=CARTESIAN_POINT('',(0.0495,-0.00696602736311245,-0.00627582863629491));
#9398=CARTESIAN_POINT('',(0.0495,-0.00764297257360571,-0.00604573395883661));
#9399=CARTESIAN_POINT('',(0.0495,-0.00713800994448657,-0.00548520790491504));
#9400=CARTESIAN_POINT('',(0.0495,-0.00789307548388648,-0.00546382785425003));
#9401=CARTESIAN_POINT('',(0.0495,-0.00789307548388648,-0.00546382785425003));
#9402=CARTESIAN_POINT('',(0.0495,-0.00789307548388648,-0.00498363026651097));
#9403=CARTESIAN_POINT('',(0.0495,-0.00751958847120054,-0.00464265663216153));
#9404=CARTESIAN_POINT('',(0.0495,-0.00751958847120054,-0.00464265663216153));
#9405=CARTESIAN_POINT('',(0.0495,-0.00751958847120054,-0.00464265663216153));
#9406=CARTESIAN_POINT('',(0.0495,-0.0071461014585146,-0.00430168299781209));
#9407=CARTESIAN_POINT('',(0.0495,-0.00661254858324897,-0.00430168299781209));
#9408=CARTESIAN_POINT('',(0.0495,-0.00661254858324897,-0.00430168299781209));
#9409=CARTESIAN_POINT('',(0.0495,-0.00661254858324897,-0.00430168299781209));
#9410=CARTESIAN_POINT('',(0.0495,-0.00618570628303647,-0.00430168299781209));
#9411=CARTESIAN_POINT('',(0.0495,-0.00594060543096132,-0.00453094399890279));
#9412=CARTESIAN_POINT('',(0.0495,-0.00594060543096132,-0.00453094399890279));
#9413=CARTESIAN_POINT('',(0.0495,-0.00594060543096132,-0.00453094399890279));
#9414=CARTESIAN_POINT('',(0.0495,-0.00569550457888618,-0.00476020499999349));
#9415=CARTESIAN_POINT('',(0.0495,-0.00569550457888618,-0.00512202054353299));
#9416=CARTESIAN_POINT('',(0.0495,-0.00569550457888618,-0.00512202054353299));
#9417=CARTESIAN_POINT('',(0.0495,-0.00569550457888618,-0.00512202054353299));
#9418=CARTESIAN_POINT('',(0.0495,-0.00569550457888618,-0.00559221401486083));
#9419=CARTESIAN_POINT('',(0.0495,-0.00606899159157212,-0.00593402132557787));
#9420=CARTESIAN_POINT('',(0.0495,-0.00606899159157212,-0.00593402132557787));
#9421=CARTESIAN_POINT('',(0.0495,-0.00606899159157212,-0.00593402132557787));
#9422=CARTESIAN_POINT('',(0.0495,-0.00644247860425805,-0.00627582863629491));
#9423=CARTESIAN_POINT('',(0.0495,-0.00696602736311245,-0.00627582863629491));
#9424=CARTESIAN_POINT('',(0.0495,0.,-0.0159));
#9425=CARTESIAN_POINT('',(0.0495,0.0235,-0.0159));
#9426=CARTESIAN_POINT('',(0.0495,-0.0235,-0.0159));
#9427=CARTESIAN_POINT('',(0.0495,0.0235,-0.0019));
#9428=CARTESIAN_POINT('',(0.0495,0.0235,-0.0019));
#9429=CARTESIAN_POINT('',(0.0495,0.,-0.0019));
#9430=CARTESIAN_POINT('',(0.0495,-0.0235,-0.0019));
#9431=CARTESIAN_POINT('',(0.0495,-0.0235,-0.0019));
#9432=CARTESIAN_POINT('',(0.0495,-0.0131494049816205,-0.00535711727919691));
#9433=CARTESIAN_POINT('',(0.0495,-0.0146808684689064,-0.00535711727919691));
#9434=CARTESIAN_POINT('',(0.0495,-0.0116179414943346,-0.00535711727919691));
#9435=CARTESIAN_POINT('',(0.0495,-0.0116179414943346,-0.00535711727919691));
#9436=CARTESIAN_POINT('',(0.0495,-0.0104557966378967,-0.00535711727919691));
#9437=CARTESIAN_POINT('',(0.0495,-0.00984721288954683,-0.00588566809625692));
#9438=CARTESIAN_POINT('',(0.0495,-0.00984721288954683,-0.00588566809625692));
#9439=CARTESIAN_POINT('',(0.0495,-0.00984721288954683,-0.00588566809625692));
#9440=CARTESIAN_POINT('',(0.0495,-0.00923862914119698,-0.00641421891331693));
#9441=CARTESIAN_POINT('',(0.0495,-0.00923862914119698,-0.0072562320445955));
#9442=CARTESIAN_POINT('',(0.0495,-0.00923862914119698,-0.0072562320445955));
#9443=CARTESIAN_POINT('',(0.0495,-0.01155380438313,-0.00727275406978154));
#9444=CARTESIAN_POINT('',(0.0495,-0.00928198031231231,-0.0077164213995121));
#9445=CARTESIAN_POINT('',(0.0495,-0.00928198031231231,-0.0077164213995121));
#9446=CARTESIAN_POINT('',(0.0495,-0.0094086991201879,-0.00846339542488398));
#9447=CARTESIAN_POINT('',(0.0495,-0.00993224787904229,-0.00905030358767617));
#9448=CARTESIAN_POINT('',(0.0495,-0.00993224787904229,-0.00905030358767617));
#9449=CARTESIAN_POINT('',(0.0495,-0.00993224787904229,-0.00905030358767617));
#9450=CARTESIAN_POINT('',(0.0495,-0.0104557966378967,-0.00963721175046836));
#9451=CARTESIAN_POINT('',(0.0495,-0.0113294894711441,-0.00988231260254351));
#9452=CARTESIAN_POINT('',(0.0495,-0.0113294894711441,-0.00988231260254351));
#9453=CARTESIAN_POINT('',(0.0495,-0.0107267414573675,-0.0113654228605084));
#9454=CARTESIAN_POINT('',(0.0495,-0.0101239934435909,-0.0128485331184733));
#9455=CARTESIAN_POINT('',(0.0495,-0.01115358375758,-0.0128485331184733));
#9456=CARTESIAN_POINT('',(0.0495,-0.0121831740715692,-0.0128485331184733));
#9457=CARTESIAN_POINT('',(0.0495,-0.0127117248886292,-0.0114346179990194));
#9458=CARTESIAN_POINT('',(0.0495,-0.0132402757056892,-0.0100207028795655));
#9459=CARTESIAN_POINT('',(0.0495,-0.013458698914001,-0.0100207028795655));
#9460=CARTESIAN_POINT('',(0.0495,-0.0136771221223129,-0.0100207028795655));
#9461=CARTESIAN_POINT('',(0.0495,-0.0139280587089613,-0.0114346179990194));
#9462=CARTESIAN_POINT('',(0.0495,-0.0141789952956096,-0.0128485331184733));
#9463=CARTESIAN_POINT('',(0.0495,-0.0150918709181344,-0.0128485331184733));
#9464=CARTESIAN_POINT('',(0.0495,-0.0160047465406592,-0.0128485331184733));
#9465=CARTESIAN_POINT('',(0.0495,-0.0153428075047828,-0.00910282519883513));
#9466=CARTESIAN_POINT('',(0.,-0.0235,-0.0019));
#9467=CARTESIAN_POINT('',(0.0049086344359989,-0.0235,-0.00852778505344972));
#9468=CARTESIAN_POINT('',(0.00369460440469749,-0.0235,-0.00578389316045996));
#9469=CARTESIAN_POINT('',(0.00493816317281293,-0.0235,-0.00552602522657577));
#9470=CARTESIAN_POINT('',(0.00493816317281293,-0.0235,-0.00552602522657577));
#9471=CARTESIAN_POINT('',(0.00591918248650279,-0.0235,-0.00552602522657577));
#9472=CARTESIAN_POINT('',(0.00648723938433463,-0.0235,-0.00608847629975796));
#9473=CARTESIAN_POINT('',(0.00648723938433463,-0.0235,-0.00608847629975796));
#9474=CARTESIAN_POINT('',(0.00648723938433463,-0.0235,-0.00608847629975796));
#9475=CARTESIAN_POINT('',(0.00705529628216648,-0.0235,-0.00665092737294015));
#9476=CARTESIAN_POINT('',(0.00705529628216648,-0.0235,-0.00765623859344519));
#9477=CARTESIAN_POINT('',(0.00705529628216648,-0.0235,-0.00765623859344519));
#9478=CARTESIAN_POINT('',(0.00309785525920009,-0.0235,-0.00762218585770666));
#9479=CARTESIAN_POINT('',(0.00698408291855603,-0.0235,-0.00837374426160212));
#9480=CARTESIAN_POINT('',(0.0066367280416588,-0.0235,-0.0103227425184651));
#9481=CARTESIAN_POINT('',(0.00628916691338011,-0.0235,-0.0122717008883289));
#9482=CARTESIAN_POINT('',(0.00527264404357575,-0.0235,-0.0122717008883289));
#9483=CARTESIAN_POINT('',(0.0042561211737714,-0.0235,-0.0122717008883289));
#9484=CARTESIAN_POINT('',(0.00457939039523492,-0.0235,-0.0104600852223816));
#9485=CARTESIAN_POINT('',(0.00490248649872541,-0.0235,-0.00864843714891416));
#9486=CARTESIAN_POINT('',(0.00279966242307529,-0.0235,-0.00825479047835193));
#9487=CARTESIAN_POINT('',(0.00493816317281293,-0.0235,-0.00828969677885636));
#9488=CARTESIAN_POINT('',(0.00493816317281293,-0.0235,-0.00828969677885636));
#9489=CARTESIAN_POINT('',(0.00493816317281293,-0.0235,-0.00778704116860383));
#9490=CARTESIAN_POINT('',(0.00465693763622183,-0.0235,-0.00751235576077067));
#9491=CARTESIAN_POINT('',(0.00465693763622183,-0.0235,-0.00751235576077067));
#9492=CARTESIAN_POINT('',(0.00465693763622183,-0.0235,-0.00751235576077067));
#9493=CARTESIAN_POINT('',(0.00437571209963074,-0.0235,-0.00723767035293751));
#9494=CARTESIAN_POINT('',(0.00387492509759477,-0.0235,-0.00723767035293751));
#9495=CARTESIAN_POINT('',(0.00387492509759477,-0.0235,-0.00723767035293751));
#9496=CARTESIAN_POINT('',(0.00387492509759477,-0.0235,-0.00723767035293751));
#9497=CARTESIAN_POINT('',(0.00327697046829809,-0.0235,-0.00723767035293751));
#9498=CARTESIAN_POINT('',(0.00286961387708973,-0.0235,-0.00760765477981483));
#9499=CARTESIAN_POINT('',(0.00286961387708973,-0.0235,-0.00760765477981483));
#9500=CARTESIAN_POINT('',(0.00286961387708973,-0.0235,-0.00760765477981483));
#9501=CARTESIAN_POINT('',(0.00246225728588137,-0.0235,-0.00797763920669215));
#9502=CARTESIAN_POINT('',(0.00234266636002203,-0.0235,-0.00864846955643436));
#9503=CARTESIAN_POINT('',(0.00234266636002203,-0.0235,-0.00864846955643436));
#9504=CARTESIAN_POINT('',(0.00234266636002203,-0.0235,-0.00863632360302677));
#9505=CARTESIAN_POINT('',(0.00234266636002203,-0.0235,-0.00862417764961919));
#9506=CARTESIAN_POINT('',(0.00202033144266679,-0.0235,-0.0104479392689741));
#9507=CARTESIAN_POINT('',(0.00169799652531155,-0.0235,-0.0122717008883289));
#9508=CARTESIAN_POINT('',(0.000674933526749265,-0.0235,-0.0122717008883289));
#9509=CARTESIAN_POINT('',(-0.000348129471813022,-0.0235,-0.0122717008883289));
#9510=CARTESIAN_POINT('',(0.000435751675030592,-0.0235,-0.0078468366315335));
#9511=CARTESIAN_POINT('',(0.00121963282187421,-0.0235,-0.00342197237473808));
#9512=CARTESIAN_POINT('',(0.00224176151632821,-0.0235,-0.00342197237473808));
#9513=CARTESIAN_POINT('',(0.00326389021078222,-0.0235,-0.00342197237473808));
#9514=CARTESIAN_POINT('',(0.00299481062759872,-0.0235,-0.00495236250409427));
#9515=CARTESIAN_POINT('',(0.00272573104441522,-0.0235,-0.00648275263345046));
#9516=CARTESIAN_POINT('',(0.00272573104441522,-0.0235,-0.00648275263345046));
#9517=CARTESIAN_POINT('',(0.00312000737810772,-0.0235,-0.00604176109434415));
#9518=CARTESIAN_POINT('',(0.00369460440469749,-0.0235,-0.00578389316045996));
#9519=CARTESIAN_POINT('',(-0.00270911595342663,-0.0235,-0.0121222122310048));
#9520=CARTESIAN_POINT('',(-0.00338461782371022,-0.0235,-0.0123669999073731));
#9521=CARTESIAN_POINT('',(-0.00424604621154074,-0.0235,-0.0123669999073731));
#9522=CARTESIAN_POINT('',(-0.00270911595342663,-0.0235,-0.0121222122310048));
#9523=CARTESIAN_POINT('',(-0.00424604621154074,-0.0235,-0.0123669999073731));
#9524=CARTESIAN_POINT('',(-0.00424604621154074,-0.0235,-0.0123669999073731));
#9525=CARTESIAN_POINT('',(-0.00503459887892574,-0.0235,-0.0123669999073731));
#9526=CARTESIAN_POINT('',(-0.00566245123968726,-0.0235,-0.0121156721022468));
#9527=CARTESIAN_POINT('',(-0.00566245123968726,-0.0235,-0.0121156721022468));
#9528=CARTESIAN_POINT('',(-0.00566245123968726,-0.0235,-0.0121156721022468));
#9529=CARTESIAN_POINT('',(-0.00629030360044876,-0.0235,-0.0118643442971206));
#9530=CARTESIAN_POINT('',(-0.00664907637802677,-0.0235,-0.011415878325148));
#9531=CARTESIAN_POINT('',(-0.00664907637802677,-0.0235,-0.011415878325148));
#9532=CARTESIAN_POINT('',(-0.00540302538663076,-0.0235,-0.0104053047167367));
#9533=CARTESIAN_POINT('',(-0.00700775134525029,-0.0235,-0.010382531547757));
#9534=CARTESIAN_POINT('',(-0.00358237703390422,-0.0235,-0.0105219052444272));
#9535=CARTESIAN_POINT('',(-0.00698313984223004,-0.0235,-0.0100835606667464));
#9536=CARTESIAN_POINT('',(-0.00599693211045008,-0.0235,-0.0100835606667464));
#9537=CARTESIAN_POINT('',(-0.00501030697211057,-0.0235,-0.0100835606667464));
#9538=CARTESIAN_POINT('',(-0.00501030697211057,-0.0235,-0.0100835606667464));
#9539=CARTESIAN_POINT('',(-0.00503459887892574,-0.0235,-0.0104535450936237));
#9540=CARTESIAN_POINT('',(-0.00478981120255741,-0.0235,-0.0106749751672851));
#9541=CARTESIAN_POINT('',(-0.00478981120255741,-0.0235,-0.0106749751672851));
#9542=CARTESIAN_POINT('',(-0.00478981120255741,-0.0235,-0.0106749751672851));
#9543=CARTESIAN_POINT('',(-0.00454502352618909,-0.0235,-0.0108964052409466));
#9544=CARTESIAN_POINT('',(-0.00409095172956693,-0.0235,-0.0108964052409466));
#9545=CARTESIAN_POINT('',(-0.00409095172956693,-0.0235,-0.0108964052409466));
#9546=CARTESIAN_POINT('',(-0.00409095172956693,-0.0235,-0.0108964052409466));
#9547=CARTESIAN_POINT('',(-0.00370788704517373,-0.0235,-0.0108964052409466));
#9548=CARTESIAN_POINT('',(-0.00345655924004748,-0.0235,-0.010752522408272));
#9549=CARTESIAN_POINT('',(-0.00345655924004748,-0.0235,-0.010752522408272));
#9550=CARTESIAN_POINT('',(-0.00345655924004748,-0.0235,-0.010752522408272));
#9551=CARTESIAN_POINT('',(-0.00320523143492121,-0.0235,-0.0106086395755975));
#9552=CARTESIAN_POINT('',(-0.00320523143492121,-0.0235,-0.0103470344252802));
#9553=CARTESIAN_POINT('',(-0.00320523143492121,-0.0235,-0.0103470344252802));
#9554=CARTESIAN_POINT('',(-0.00320523143492121,-0.0235,-0.0103470344252802));
#9555=CARTESIAN_POINT('',(-0.00320523143492121,-0.0235,-0.0100947723160457));
#9556=CARTESIAN_POINT('',(-0.00347431101810472,-0.0235,-0.00994528365872153));
#9557=CARTESIAN_POINT('',(-0.00347431101810472,-0.0235,-0.00994528365872153));
#9558=CARTESIAN_POINT('',(-0.00347431101810472,-0.0235,-0.00994528365872153));
#9559=CARTESIAN_POINT('',(-0.00374339060128823,-0.0235,-0.00979579500139736));
#9560=CARTESIAN_POINT('',(-0.00436563713740008,-0.0235,-0.00958090505649387));
#9561=CARTESIAN_POINT('',(-0.00436563713740008,-0.0235,-0.00958090505649387));
#9562=CARTESIAN_POINT('',(-0.00436563713740008,-0.0235,-0.00958090505649387));
#9563=CARTESIAN_POINT('',(-0.00501030697211057,-0.0235,-0.00936601511159038));
#9564=CARTESIAN_POINT('',(-0.00544756129478376,-0.0235,-0.00915673099133654));
#9565=CARTESIAN_POINT('',(-0.00544756129478376,-0.0235,-0.00915673099133654));
#9566=CARTESIAN_POINT('',(-0.00454431723107268,-0.0235,-0.00727798873288864));
#9567=CARTESIAN_POINT('',(-0.00619500458140461,-0.0235,-0.00855223623328193));
#9568=CARTESIAN_POINT('',(-0.00619500458140461,-0.0235,-0.00855223623328193));
#9569=CARTESIAN_POINT('',(-0.00650519354535226,-0.0235,-0.00815702559548116));
#9570=CARTESIAN_POINT('',(-0.00650519354535226,-0.0235,-0.00755907096618448));
#9571=CARTESIAN_POINT('',(-0.00650519354535226,-0.0235,-0.00755907096618448));
#9572=CARTESIAN_POINT('',(-0.00476214700251373,-0.0235,-0.00754484288335614));
#9573=CARTESIAN_POINT('',(-0.00615856672118184,-0.0235,-0.00650143871561598));
#9574=CARTESIAN_POINT('',(-0.00615856672118184,-0.0235,-0.00650143871561598));
#9575=CARTESIAN_POINT('',(-0.00581193989701143,-0.0235,-0.00602868083682829));
#9576=CARTESIAN_POINT('',(-0.00518408753624991,-0.0235,-0.00576614138240272));
#9577=CARTESIAN_POINT('',(-0.00518408753624991,-0.0235,-0.00576614138240272));
#9578=CARTESIAN_POINT('',(-0.00518408753624991,-0.0235,-0.00576614138240272));
#9579=CARTESIAN_POINT('',(-0.0045562351754884,-0.0235,-0.00550360192797714));
#9580=CARTESIAN_POINT('',(-0.00373217895198892,-0.0235,-0.00550360192797714));
#9581=CARTESIAN_POINT('',(-0.00373217895198892,-0.0235,-0.00550360192797714));
#9582=CARTESIAN_POINT('',(-0.00373217895198892,-0.0235,-0.00550360192797714));
#9583=CARTESIAN_POINT('',(-0.00290625412027288,-0.0235,-0.00550360192797714));
#9584=CARTESIAN_POINT('',(-0.00229615353756861,-0.0235,-0.00577268151116065));
#9585=CARTESIAN_POINT('',(-0.00229615353756861,-0.0235,-0.00577268151116065));
#9586=CARTESIAN_POINT('',(-0.00229615353756861,-0.0235,-0.00577268151116065));
#9587=CARTESIAN_POINT('',(-0.00168605295486434,-0.0235,-0.00604176109434415));
#9588=CARTESIAN_POINT('',(-0.00135157208410151,-0.0235,-0.0065201247977815));
#9589=CARTESIAN_POINT('',(-0.00135157208410151,-0.0235,-0.0065201247977815));
#9590=CARTESIAN_POINT('',(-0.00284897742487324,-0.0235,-0.00757426915239666));
#9591=CARTESIAN_POINT('',(-0.00101745922612755,-0.0235,-0.0075964386759225));
#9592=CARTESIAN_POINT('',(-0.00102269703798834,-0.0235,-0.00768613632491002));
#9593=CARTESIAN_POINT('',(-0.001028302862638,-0.0235,-0.00777582951930452));
#9594=CARTESIAN_POINT('',(-0.00195513253804785,-0.0235,-0.00777582951930452));
#9595=CARTESIAN_POINT('',(-0.0028819622134577,-0.0235,-0.00777582951930452));
#9596=CARTESIAN_POINT('',(-0.0028819622134577,-0.0235,-0.00777582951930452));
#9597=CARTESIAN_POINT('',(-0.00285767030664253,-0.0235,-0.00741705674172652));
#9598=CARTESIAN_POINT('',(-0.00309685215836119,-0.0235,-0.00720123249271475));
#9599=CARTESIAN_POINT('',(-0.00309685215836119,-0.0235,-0.00720123249271475));
#9600=CARTESIAN_POINT('',(-0.00309685215836119,-0.0235,-0.00720123249271475));
#9601=CARTESIAN_POINT('',(-0.00333603401007986,-0.0235,-0.00698540824370298));
#9602=CARTESIAN_POINT('',(-0.00377889415740272,-0.0235,-0.00698540824370298));
#9603=CARTESIAN_POINT('',(-0.00377889415740272,-0.0235,-0.00698540824370298));
#9604=CARTESIAN_POINT('',(-0.00377889415740272,-0.0235,-0.00698540824370298));
#9605=CARTESIAN_POINT('',(-0.00412645528568141,-0.0235,-0.00698540824370298));
#9606=CARTESIAN_POINT('',(-0.00434788535934283,-0.0235,-0.00712929107637749));
#9607=CARTESIAN_POINT('',(-0.00434788535934283,-0.0235,-0.00712929107637749));
#9608=CARTESIAN_POINT('',(-0.00434788535934283,-0.0235,-0.00712929107637749));
#9609=CARTESIAN_POINT('',(-0.00456931543300426,-0.0235,-0.007273173909052));
#9610=CARTESIAN_POINT('',(-0.00456931543300426,-0.0235,-0.00752356741006999));
#9611=CARTESIAN_POINT('',(-0.00456931543300426,-0.0235,-0.00752356741006999));
#9612=CARTESIAN_POINT('',(-0.00456931543300426,-0.0235,-0.00752356741006999));
#9613=CARTESIAN_POINT('',(-0.00456931543300426,-0.0235,-0.00778704116860383));
#9614=CARTESIAN_POINT('',(-0.00427594394300558,-0.0235,-0.00796082173274318));
#9615=CARTESIAN_POINT('',(-0.00427594394300558,-0.0235,-0.00796082173274318));
#9616=CARTESIAN_POINT('',(-0.00427594394300558,-0.0235,-0.00796082173274318));
#9617=CARTESIAN_POINT('',(-0.0039825724530069,-0.0235,-0.00813460229688253));
#9618=CARTESIAN_POINT('',(-0.00336032591689505,-0.0235,-0.00834949224178602));
#9619=CARTESIAN_POINT('',(-0.00336032591689505,-0.0235,-0.00834949224178602));
#9620=CARTESIAN_POINT('',(-0.00336032591689505,-0.0235,-0.00834949224178602));
#9621=CARTESIAN_POINT('',(-0.00271565608218456,-0.0235,-0.00856438218668952));
#9622=CARTESIAN_POINT('',(-0.00229054771291895,-0.0235,-0.00877366630694336));
#9623=CARTESIAN_POINT('',(-0.00229054771291895,-0.0235,-0.00877366630694336));
#9624=CARTESIAN_POINT('',(-0.00324073993261721,-0.0235,-0.0107031497583359));
#9625=CARTESIAN_POINT('',(-0.00156085620435535,-0.0235,-0.00935947498283244));
#9626=CARTESIAN_POINT('',(-0.00156085620435535,-0.0235,-0.00935947498283244));
#9627=CARTESIAN_POINT('',(-0.00125627306505735,-0.0235,-0.0097359995384677));
#9628=CARTESIAN_POINT('',(-0.00125627306505735,-0.0235,-0.0102984506116499));
#9629=CARTESIAN_POINT('',(-0.00125627306505735,-0.0235,-0.0102984506116499));
#9630=CARTESIAN_POINT('',(-0.00125627306505735,-0.0235,-0.0102984506116499));
#9631=CARTESIAN_POINT('',(-0.00125627306505735,-0.0235,-0.0109449890545769));
#9632=CARTESIAN_POINT('',(-0.00164494357410019,-0.0235,-0.0114112068046067));
#9633=CARTESIAN_POINT('',(-0.00164494357410019,-0.0235,-0.0114112068046067));
#9634=CARTESIAN_POINT('',(-0.00164494357410019,-0.0235,-0.0114112068046067));
#9635=CARTESIAN_POINT('',(-0.00203361408314303,-0.0235,-0.0118774245546364));
#9636=CARTESIAN_POINT('',(-0.00270911595342663,-0.0235,-0.0121222122310048));
#9637=CARTESIAN_POINT('',(-0.0101433326315814,-0.0235,-0.00976825184401374));
#9638=CARTESIAN_POINT('',(-0.0150223097963969,-0.0235,-0.0097359995384677));
#9639=CARTESIAN_POINT('',(-0.0149494340759513,-0.0235,-0.00892315496426752));
#9640=CARTESIAN_POINT('',(-0.0149494340759513,-0.0235,-0.00892315496426752));
#9641=CARTESIAN_POINT('',(-0.0147700476871623,-0.0235,-0.00789542044516386));
#9642=CARTESIAN_POINT('',(-0.0142440344742029,-0.0235,-0.00711807942707818));
#9643=CARTESIAN_POINT('',(-0.0142440344742029,-0.0235,-0.00711807942707818));
#9644=CARTESIAN_POINT('',(-0.0142440344742029,-0.0235,-0.00711807942707818));
#9645=CARTESIAN_POINT('',(-0.0137180212612434,-0.0235,-0.0063407384089925));
#9646=CARTESIAN_POINT('',(-0.0129761837992723,-0.0235,-0.00592217016848482));
#9647=CARTESIAN_POINT('',(-0.0129761837992723,-0.0235,-0.00592217016848482));
#9648=CARTESIAN_POINT('',(-0.0114083596288823,-0.0235,-0.0086397593940669));
#9649=CARTESIAN_POINT('',(-0.0114102901138016,-0.0235,-0.00550360192797714));
#9650=CARTESIAN_POINT('',(-0.0114102901138016,-0.0235,-0.00550360192797714));
#9651=CARTESIAN_POINT('',(-0.0107039562079449,-0.0235,-0.00550360192797714));
#9652=CARTESIAN_POINT('',(-0.0102255925045075,-0.0235,-0.00579043328921789));
#9653=CARTESIAN_POINT('',(-0.0102255925045075,-0.0235,-0.00579043328921789));
#9654=CARTESIAN_POINT('',(-0.0102255925045075,-0.0235,-0.00579043328921789));
#9655=CARTESIAN_POINT('',(-0.00974722880107019,-0.0235,-0.00607726465045864));
#9656=CARTESIAN_POINT('',(-0.00953233885616669,-0.0235,-0.00654254809638012));
#9657=CARTESIAN_POINT('',(-0.0095323388561667,-0.0235,-0.00654254809638012));
#9658=CARTESIAN_POINT('',(-0.00944825148642185,-0.0235,-0.00607072452170071));
#9659=CARTESIAN_POINT('',(-0.009364164116677,-0.0235,-0.0055989009470213));
#9660=CARTESIAN_POINT('',(-0.00834203542222299,-0.0235,-0.0055989009470213));
#9661=CARTESIAN_POINT('',(-0.00731990672776899,-0.0235,-0.0055989009470213));
#9662=CARTESIAN_POINT('',(-0.00791225553241601,-0.0235,-0.00893530091767511));
#9663=CARTESIAN_POINT('',(-0.00850460433706303,-0.0235,-0.0122717008883289));
#9664=CARTESIAN_POINT('',(-0.00952673303151704,-0.0235,-0.0122717008883289));
#9665=CARTESIAN_POINT('',(-0.010548861725971,-0.0235,-0.0122717008883289));
#9666=CARTESIAN_POINT('',(-0.0104591685315765,-0.0235,-0.0117989430095412));
#9667=CARTESIAN_POINT('',(-0.010369475337182,-0.0235,-0.0113261851307535));
#9668=CARTESIAN_POINT('',(-0.010369475337182,-0.0235,-0.0113261851307535));
#9669=CARTESIAN_POINT('',(-0.0107525400215752,-0.0235,-0.0117933371848916));
#9670=CARTESIAN_POINT('',(-0.0113383486974643,-0.0235,-0.0120801685461323));
#9671=CARTESIAN_POINT('',(-0.0113383486974643,-0.0235,-0.0120801685461323));
#9672=CARTESIAN_POINT('',(-0.0113383486974643,-0.0235,-0.0120801685461323));
#9673=CARTESIAN_POINT('',(-0.0119241573733534,-0.0235,-0.0123669999073731));
#9674=CARTESIAN_POINT('',(-0.0126304912792101,-0.0235,-0.0123669999073731));
#9675=CARTESIAN_POINT('',(-0.0126304912792101,-0.0235,-0.0123669999073731));
#9676=CARTESIAN_POINT('',(-0.0126304912792101,-0.0235,-0.0123669999073731));
#9677=CARTESIAN_POINT('',(-0.0133349565768503,-0.0235,-0.0123669999073731));
#9678=CARTESIAN_POINT('',(-0.0138796558719752,-0.0235,-0.0120446649900178));
#9679=CARTESIAN_POINT('',(-0.0138796558719752,-0.0235,-0.0120446649900178));
#9680=CARTESIAN_POINT('',(-0.0138796558719752,-0.0235,-0.0120446649900178));
#9681=CARTESIAN_POINT('',(-0.0144243551671001,-0.0235,-0.0117223300726626));
#9682=CARTESIAN_POINT('',(-0.0147233324817485,-0.0235,-0.0111299812680156));
#9683=CARTESIAN_POINT('',(-0.0147233324817485,-0.0235,-0.0111299812680156));
#9684=CARTESIAN_POINT('',(-0.0147233324817485,-0.0235,-0.0111299812680156));
#9685=CARTESIAN_POINT('',(-0.0150223097963969,-0.0235,-0.0105376324633686));
#9686=CARTESIAN_POINT('',(-0.0150223097963969,-0.0235,-0.0097359995384677));
#9687=CARTESIAN_POINT('',(-0.0426300618918461,-0.0235,-0.00593338181778413));
#9688=CARTESIAN_POINT('',(-0.0406390598371099,-0.0235,-0.00387604417136024));
#9689=CARTESIAN_POINT('',(-0.0446210639465824,-0.0235,-0.00799071946420802));
#9690=CARTESIAN_POINT('',(-0.0433111695867794,-0.0235,-0.0101312101762685));
#9691=CARTESIAN_POINT('',(-0.0420012752269764,-0.0235,-0.0122717008883289));
#9692=CARTESIAN_POINT('',(-0.0432513741238497,-0.0235,-0.0122717008883289));
#9693=CARTESIAN_POINT('',(-0.0445014730207231,-0.0235,-0.0122717008883289));
#9694=CARTESIAN_POINT('',(-0.0455833971781068,-0.0235,-0.0104180415375092));
#9695=CARTESIAN_POINT('',(-0.0466653213354904,-0.0235,-0.00856438218668952));
#9696=CARTESIAN_POINT('',(-0.0469941963816036,-0.0235,-0.0104180415375092));
#9697=CARTESIAN_POINT('',(-0.0473230714277168,-0.0235,-0.0122717008883289));
#9698=CARTESIAN_POINT('',(-0.0483461344262791,-0.0235,-0.0122717008883289));
#9699=CARTESIAN_POINT('',(-0.0493691974248414,-0.0235,-0.0122717008883289));
#9700=CARTESIAN_POINT('',(-0.0486273599628702,-0.0235,-0.00807387252984459));
#9701=CARTESIAN_POINT('',(-0.047885522500899,-0.0235,-0.00387604417136024));
#9702=CARTESIAN_POINT('',(-0.046863393806445,-0.0235,-0.00387604417136024));
#9703=CARTESIAN_POINT('',(-0.045841265111991,-0.0235,-0.00387604417136024));
#9704=CARTESIAN_POINT('',(-0.0461636000293462,-0.0235,-0.00571755756877236));
#9705=CARTESIAN_POINT('',(-0.0464859349467014,-0.0235,-0.00755907096618448));
#9706=CARTESIAN_POINT('',(-0.044758406650499,-0.0235,-0.00571755756877236));
#9707=CARTESIAN_POINT('',(-0.0430308783542966,-0.0235,-0.00387604417136024));
#9708=CARTESIAN_POINT('',(-0.0418349690957032,-0.0235,-0.00387604417136024));
#9709=CARTESIAN_POINT('',(0.,-0.0235,-0.0159));
#9710=CARTESIAN_POINT('',(-0.0495,-0.0235,-0.0159));
#9711=CARTESIAN_POINT('',(0.,-0.0235,-0.0019));
#9712=CARTESIAN_POINT('',(-0.0495,-0.0235,-0.0019));
#9713=CARTESIAN_POINT('',(-0.0495,-0.0235,-0.0019));
#9714=CARTESIAN_POINT('',(-0.0387013131165453,-0.0235,-0.00592217016848482));
#9715=CARTESIAN_POINT('',(-0.0378641766355299,-0.0235,-0.00550360192797714));
#9716=CARTESIAN_POINT('',(-0.0368700770643242,-0.0235,-0.00550360192797714));
#9717=CARTESIAN_POINT('',(-0.0387013131165453,-0.0235,-0.00592217016848482));
#9718=CARTESIAN_POINT('',(-0.0368700770643242,-0.0235,-0.00550360192797714));
#9719=CARTESIAN_POINT('',(-0.0368700770643242,-0.0235,-0.00550360192797714));
#9720=CARTESIAN_POINT('',(-0.0355788687866867,-0.0235,-0.00550360192797714));
#9721=CARTESIAN_POINT('',(-0.0348192795466582,-0.0235,-0.00620246140096764));
#9722=CARTESIAN_POINT('',(-0.0348192795466582,-0.0235,-0.00620246140096764));
#9723=CARTESIAN_POINT('',(-0.0348192795466582,-0.0235,-0.00620246140096764));
#9724=CARTESIAN_POINT('',(-0.0340596903066299,-0.0235,-0.00690132087395813));
#9725=CARTESIAN_POINT('',(-0.0340596903066299,-0.0235,-0.00811031039006735));
#9726=CARTESIAN_POINT('',(-0.0340596903066299,-0.0235,-0.00811031039006735));
#9727=CARTESIAN_POINT('',(-0.0378237264349039,-0.0235,-0.0081522943044464));
#9728=CARTESIAN_POINT('',(-0.0341191661780411,-0.0235,-0.00881483317231575));
#9729=CARTESIAN_POINT('',(-0.0389341982490474,-0.0235,-0.00794128647340513));
#9730=CARTESIAN_POINT('',(-0.0342636034241422,-0.0235,-0.00940151866770487));
#9731=CARTESIAN_POINT('',(-0.0365776398784338,-0.0235,-0.00940151866770487));
#9732=CARTESIAN_POINT('',(-0.0388924694626278,-0.0235,-0.00940151866770487));
#9733=CARTESIAN_POINT('',(-0.0371673690343187,-0.0235,-0.00959323095272557));
#9734=CARTESIAN_POINT('',(-0.038903122803933,-0.0235,-0.00962948887012423));
#9735=CARTESIAN_POINT('',(-0.038903122803933,-0.0235,-0.00962948887012423));
#9736=CARTESIAN_POINT('',(-0.038903122803933,-0.0235,-0.0101545677789754));
#9737=CARTESIAN_POINT('',(-0.0386162914426922,-0.0235,-0.0104301874909168));
#9738=CARTESIAN_POINT('',(-0.0386162914426922,-0.0235,-0.0104301874909168));
#9739=CARTESIAN_POINT('',(-0.0386162914426922,-0.0235,-0.0104301874909168));
#9740=CARTESIAN_POINT('',(-0.0383294600814515,-0.0235,-0.0107058072028582));
#9741=CARTESIAN_POINT('',(-0.0378510963780141,-0.0235,-0.0107058072028582));
#9742=CARTESIAN_POINT('',(-0.0378510963780141,-0.0235,-0.0107058072028582));
#9743=CARTESIAN_POINT('',(-0.0378510963780141,-0.0235,-0.0107058072028582));
#9744=CARTESIAN_POINT('',(-0.0370868356174442,-0.0235,-0.0107058072028582));
#9745=CARTESIAN_POINT('',(-0.0366794790262359,-0.0235,-0.0100592687599312));
#9746=CARTESIAN_POINT('',(-0.0366794790262359,-0.0235,-0.0100592687599312));
#9747=CARTESIAN_POINT('',(-0.0355910147400943,-0.0235,-0.0100592687599312));
#9748=CARTESIAN_POINT('',(-0.0345025504539527,-0.0235,-0.0100592687599312));
#9749=CARTESIAN_POINT('',(-0.0345025504539527,-0.0235,-0.0100592687599312));
#9750=CARTESIAN_POINT('',(-0.0349341989519762,-0.0235,-0.0110757916297356));
#9751=CARTESIAN_POINT('',(-0.0359021380081502,-0.0235,-0.0117213957685543));
#9752=CARTESIAN_POINT('',(-0.0359021380081502,-0.0235,-0.0117213957685543));
#9753=CARTESIAN_POINT('',(-0.0359021380081502,-0.0235,-0.0117213957685543));
#9754=CARTESIAN_POINT('',(-0.0368700770643242,-0.0235,-0.0123669999073731));
#9755=CARTESIAN_POINT('',(-0.0380790665804335,-0.0235,-0.0123669999073731));
#9756=CARTESIAN_POINT('',(-0.0380790665804335,-0.0235,-0.0123669999073731));
#9757=CARTESIAN_POINT('',(-0.0380790665804335,-0.0235,-0.0123669999073731));
#9758=CARTESIAN_POINT('',(-0.039370274858071,-0.0235,-0.0123669999073731));
#9759=CARTESIAN_POINT('',(-0.040142010051507,-0.0235,-0.0116494543522171));
#9760=CARTESIAN_POINT('',(-0.040142010051507,-0.0235,-0.0116494543522171));
#9761=CARTESIAN_POINT('',(-0.040142010051507,-0.0235,-0.0116494543522171));
#9762=CARTESIAN_POINT('',(-0.040913745244943,-0.0235,-0.010931908797061));
#9763=CARTESIAN_POINT('',(-0.040913745244943,-0.0235,-0.00970049598235321));
#9764=CARTESIAN_POINT('',(-0.040913745244943,-0.0235,-0.00970049598235321));
#9765=CARTESIAN_POINT('',(-0.0366782281534131,-0.0235,-0.00971966160333367));
#9766=CARTESIAN_POINT('',(-0.0408408695244975,-0.0235,-0.00893436661356684));
#9767=CARTESIAN_POINT('',(-0.0408408695244975,-0.0235,-0.00893436661356684));
#9768=CARTESIAN_POINT('',(-0.0406614831357084,-0.0235,-0.00789542044516386));
#9769=CARTESIAN_POINT('',(-0.0400999663666345,-0.0235,-0.00711807942707818));
#9770=CARTESIAN_POINT('',(-0.0400999663666345,-0.0235,-0.00711807942707818));
#9771=CARTESIAN_POINT('',(-0.0370024028830525,-0.0235,-0.00932184969457997));
#9772=CARTESIAN_POINT('',(-0.0320995202874667,-0.0235,-0.0055989009470213));
#9773=CARTESIAN_POINT('',(-0.0332356340831303,-0.0235,-0.0055989009470213));
#9774=CARTESIAN_POINT('',(-0.030963406491803,-0.0235,-0.0055989009470213));
#9775=CARTESIAN_POINT('',(-0.0305569842047029,-0.0235,-0.00768520202080175));
#9776=CARTESIAN_POINT('',(-0.0301505619176028,-0.0235,-0.00977150309458219));
#9777=CARTESIAN_POINT('',(-0.0290144481219391,-0.0235,-0.00768520202080174));
#9778=CARTESIAN_POINT('',(-0.0278783343262754,-0.0235,-0.0055989009470213));
#9779=CARTESIAN_POINT('',(-0.0267721182620765,-0.0235,-0.0055989009470213));
#9780=CARTESIAN_POINT('',(-0.0256659021978777,-0.0235,-0.0055989009470213));
#9781=CARTESIAN_POINT('',(-0.0286257776128962,-0.0235,-0.0105198806853113));
#9782=CARTESIAN_POINT('',(-0.0315856530279148,-0.0235,-0.0154408604236013));
#9783=CARTESIAN_POINT('',(-0.032686263267464,-0.0235,-0.0154408604236013));
#9784=CARTESIAN_POINT('',(-0.0337868735070132,-0.0235,-0.0154408604236013));
#9785=CARTESIAN_POINT('',(-0.0327217668235785,-0.0235,-0.0137422955547554));
#9786=CARTESIAN_POINT('',(-0.0316566601401438,-0.0235,-0.0120437306859096));
#9787=CARTESIAN_POINT('',(-0.0324461471116371,-0.0235,-0.00882131581646544));
#9788=CARTESIAN_POINT('',(-0.0210373596454781,-0.0235,-0.0120269132119606));
#9789=CARTESIAN_POINT('',(-0.0217791971074493,-0.0235,-0.0123557882580738));
#9790=CARTESIAN_POINT('',(-0.0227714280704385,-0.0235,-0.0123557882580738));
#9791=CARTESIAN_POINT('',(-0.0210373596454781,-0.0235,-0.0120269132119606));
#9792=CARTESIAN_POINT('',(-0.0227714280704385,-0.0235,-0.0123557882580738));
#9793=CARTESIAN_POINT('',(-0.0227714280704385,-0.0235,-0.0123557882580738));
#9794=CARTESIAN_POINT('',(-0.0241355120685215,-0.0235,-0.0123557882580738));
#9795=CARTESIAN_POINT('',(-0.0249904003275941,-0.0235,-0.0117634394534267));
#9796=CARTESIAN_POINT('',(-0.0249904003275941,-0.0235,-0.0117634394534267));
#9797=CARTESIAN_POINT('',(-0.0249904003275941,-0.0235,-0.0117634394534267));
#9798=CARTESIAN_POINT('',(-0.0258452885866667,-0.0235,-0.0111710906487797));
#9799=CARTESIAN_POINT('',(-0.0258452885866667,-0.0235,-0.0100835606667464));
#9800=CARTESIAN_POINT('',(-0.0258452885866667,-0.0235,-0.0100835606667464));
#9801=CARTESIAN_POINT('',(-0.0225424634712619,-0.0235,-0.0101785092967451));
#9802=CARTESIAN_POINT('',(-0.0258205984124489,-0.0235,-0.00976029144528287));
#9803=CARTESIAN_POINT('',(-0.0247568243005251,-0.0235,-0.00976029144528287));
#9804=CARTESIAN_POINT('',(-0.0236926519211987,-0.0235,-0.00976029144528287));
#9805=CARTESIAN_POINT('',(-0.0236926519211987,-0.0235,-0.00976029144528287));
#9806=CARTESIAN_POINT('',(-0.0237281554773131,-0.0235,-0.010214363241905));
#9807=CARTESIAN_POINT('',(-0.0234768276721869,-0.0235,-0.0104778370004389));
#9808=CARTESIAN_POINT('',(-0.0234768276721869,-0.0235,-0.0104778370004389));
#9809=CARTESIAN_POINT('',(-0.0234768276721869,-0.0235,-0.0104778370004389));
#9810=CARTESIAN_POINT('',(-0.0232254998670606,-0.0235,-0.0107413107589727));
#9811=CARTESIAN_POINT('',(-0.0227116326075088,-0.0235,-0.0107413107589727));
#9812=CARTESIAN_POINT('',(-0.0227116326075088,-0.0235,-0.0107413107589727));
#9813=CARTESIAN_POINT('',(-0.0227116326075088,-0.0235,-0.0107413107589727));
#9814=CARTESIAN_POINT('',(-0.0222444805533707,-0.0235,-0.0107413107589727));
#9815=CARTESIAN_POINT('',(-0.0219754009701872,-0.0235,-0.0105376324633686));
#9816=CARTESIAN_POINT('',(-0.0219754009701872,-0.0235,-0.0105376324633686));
#9817=CARTESIAN_POINT('',(-0.0219754009701872,-0.0235,-0.0105376324633686));
#9818=CARTESIAN_POINT('',(-0.0217063213870038,-0.0235,-0.0103339541677644));
#9819=CARTESIAN_POINT('',(-0.0217063213870038,-0.0235,-0.00996396974088706));
#9820=CARTESIAN_POINT('',(-0.0217063213870038,-0.0235,-0.00996396974088706));
#9821=CARTESIAN_POINT('',(-0.0217063213870038,-0.0235,-0.00996396974088706));
#9822=CARTESIAN_POINT('',(-0.0217063213870038,-0.0235,-0.00958090505649387));
#9823=CARTESIAN_POINT('',(-0.0220473423865245,-0.0235,-0.0093417232047752));
#9824=CARTESIAN_POINT('',(-0.0220473423865245,-0.0235,-0.0093417232047752));
#9825=CARTESIAN_POINT('',(-0.0220473423865245,-0.0235,-0.0093417232047752));
#9826=CARTESIAN_POINT('',(-0.0223883633860453,-0.0235,-0.00910254135305653));
#9827=CARTESIAN_POINT('',(-0.0231059089412013,-0.0235,-0.00880356403840819));
#9828=CARTESIAN_POINT('',(-0.0231059089412013,-0.0235,-0.00880356403840819));
#9829=CARTESIAN_POINT('',(-0.0231059089412013,-0.0235,-0.00880356403840819));
#9830=CARTESIAN_POINT('',(-0.0237991625895421,-0.0235,-0.00851579837305916));
#9831=CARTESIAN_POINT('',(-0.0242364169122153,-0.0235,-0.00825886474328325));
#9832=CARTESIAN_POINT('',(-0.0242364169122153,-0.0235,-0.00825886474328325));
#9833=CARTESIAN_POINT('',(-0.0229466022968519,-0.0235,-0.00609983375852817));
#9834=CARTESIAN_POINT('',(-0.0249960061522438,-0.0235,-0.00756000527029275));
#9835=CARTESIAN_POINT('',(-0.0249960061522438,-0.0235,-0.00756000527029275));
#9836=CARTESIAN_POINT('',(-0.025318341069599,-0.0235,-0.00711807942707818));
#9837=CARTESIAN_POINT('',(-0.025318341069599,-0.0235,-0.00644724907733596));
#9838=CARTESIAN_POINT('',(-0.025318341069599,-0.0235,-0.00644724907733596));
#9839=CARTESIAN_POINT('',(-0.025318341069599,-0.0235,-0.00644724907733596));
#9840=CARTESIAN_POINT('',(-0.0253314213271149,-0.0235,-0.00562319285383648));
#9841=CARTESIAN_POINT('',(-0.0249128530866072,-0.0235,-0.00501309227113221));
#9842=CARTESIAN_POINT('',(-0.0249128530866072,-0.0235,-0.00501309227113221));
#9843=CARTESIAN_POINT('',(-0.0249128530866072,-0.0235,-0.00501309227113221));
#9844=CARTESIAN_POINT('',(-0.0244942848460995,-0.0235,-0.00440299168842795));
#9845=CARTESIAN_POINT('',(-0.0237524473841284,-0.0235,-0.00407972246696443));
#9846=CARTESIAN_POINT('',(-0.0237524473841284,-0.0235,-0.00407972246696443));
#9847=CARTESIAN_POINT('',(-0.0237524473841284,-0.0235,-0.00407972246696443));
#9848=CARTESIAN_POINT('',(-0.0230106099221572,-0.0235,-0.00375645324550091));
#9849=CARTESIAN_POINT('',(-0.0220538825152824,-0.0235,-0.00375645324550091));
#9850=CARTESIAN_POINT('',(-0.0220538825152824,-0.0235,-0.00375645324550091));
#9851=CARTESIAN_POINT('',(-0.0220538825152824,-0.0235,-0.00375645324550091));
#9852=CARTESIAN_POINT('',(-0.0211924541274519,-0.0235,-0.00375645324550091));
#9853=CARTESIAN_POINT('',(-0.020522558081818,-0.0235,-0.00402553282868442));
#9854=CARTESIAN_POINT('',(-0.020522558081818,-0.0235,-0.00402553282868442));
#9855=CARTESIAN_POINT('',(-0.020522558081818,-0.0235,-0.00402553282868442));
#9856=CARTESIAN_POINT('',(-0.019852662036184,-0.0235,-0.00429461241186792));
#9857=CARTESIAN_POINT('',(-0.0194826776093068,-0.0235,-0.0048028738467701));
#9858=CARTESIAN_POINT('',(-0.0194826776093068,-0.0235,-0.0048028738467701));
#9859=CARTESIAN_POINT('',(-0.0194826776093068,-0.0235,-0.0048028738467701));
#9860=CARTESIAN_POINT('',(-0.0191126931824294,-0.0235,-0.00531113528167227));
#9861=CARTESIAN_POINT('',(-0.0191126931824294,-0.0235,-0.00600438893001311));
#9862=CARTESIAN_POINT('',(-0.0191126931824294,-0.0235,-0.00600438893001311));
#9863=CARTESIAN_POINT('',(-0.0214498364375477,-0.0235,-0.00604507496230496));
#9864=CARTESIAN_POINT('',(-0.0191233767771949,-0.0235,-0.00626786268854696));
#9865=CARTESIAN_POINT('',(-0.0202123691178703,-0.0235,-0.00626786268854696));
#9866=CARTESIAN_POINT('',(-0.0213002557115799,-0.0235,-0.00626786268854696));
#9867=CARTESIAN_POINT('',(-0.0218958245960905,-0.0235,-0.00614547003934411));
#9868=CARTESIAN_POINT('',(-0.0212877531464961,-0.0235,-0.00612397985587245));
#9869=CARTESIAN_POINT('',(-0.0212877531464961,-0.0235,-0.00612397985587245));
#9870=CARTESIAN_POINT('',(-0.0212877531464961,-0.0235,-0.00578949898510962));
#9871=CARTESIAN_POINT('',(-0.0215213291735651,-0.0235,-0.00558021486485578));
#9872=CARTESIAN_POINT('',(-0.0215213291735651,-0.0235,-0.00558021486485578));
#9873=CARTESIAN_POINT('',(-0.0215213291735651,-0.0235,-0.00558021486485578));
#9874=CARTESIAN_POINT('',(-0.0217549052006341,-0.0235,-0.00537093074460194));
#9875=CARTESIAN_POINT('',(-0.0221622617918425,-0.0235,-0.00537093074460194));
#9876=CARTESIAN_POINT('',(-0.0221622617918425,-0.0235,-0.00537093074460194));
#9877=CARTESIAN_POINT('',(-0.0221622617918425,-0.0235,-0.00537093074460194));
#9878=CARTESIAN_POINT('',(-0.0225920416816495,-0.0235,-0.00537093074460194));
#9879=CARTESIAN_POINT('',(-0.022861121264833,-0.0235,-0.00558021486485578));
#9880=CARTESIAN_POINT('',(-0.022861121264833,-0.0235,-0.00558021486485578));
#9881=CARTESIAN_POINT('',(-0.022861121264833,-0.0235,-0.00558021486485578));
#9882=CARTESIAN_POINT('',(-0.0231302008480165,-0.0235,-0.00578949898510962));
#9883=CARTESIAN_POINT('',(-0.0231302008480165,-0.0235,-0.00614827176268763));
#9884=CARTESIAN_POINT('',(-0.0231302008480165,-0.0235,-0.00614827176268763));
#9885=CARTESIAN_POINT('',(-0.0231302008480165,-0.0235,-0.00614827176268763));
#9886=CARTESIAN_POINT('',(-0.0231302008480165,-0.0235,-0.00650704454026563));
#9887=CARTESIAN_POINT('',(-0.0227957199772537,-0.0235,-0.00675276652074224));
#9888=CARTESIAN_POINT('',(-0.0227957199772537,-0.0235,-0.00675276652074224));
#9889=CARTESIAN_POINT('',(-0.0227957199772537,-0.0235,-0.00675276652074224));
#9890=CARTESIAN_POINT('',(-0.0224612391064908,-0.0235,-0.00699848850121884));
#9891=CARTESIAN_POINT('',(-0.0217549052006341,-0.0235,-0.0073198891144658));
#9892=CARTESIAN_POINT('',(-0.0217549052006341,-0.0235,-0.0073198891144658));
#9893=CARTESIAN_POINT('',(-0.0217549052006341,-0.0235,-0.0073198891144658));
#9894=CARTESIAN_POINT('',(-0.0210485712947774,-0.0235,-0.00764315833592932));
#9895=CARTESIAN_POINT('',(-0.0206001053228049,-0.0235,-0.00791877804787076));
#9896=CARTESIAN_POINT('',(-0.0206001053228049,-0.0235,-0.00791877804787076));
#9897=CARTESIAN_POINT('',(-0.0219753694539242,-0.0235,-0.0101277096345464));
#9898=CARTESIAN_POINT('',(-0.0198293044334771,-0.0235,-0.00865407538108402));
#9899=CARTESIAN_POINT('',(-0.0198293044334771,-0.0235,-0.00865407538108402));
#9900=CARTESIAN_POINT('',(-0.0195069695161219,-0.0235,-0.00911375300235584));
#9901=CARTESIAN_POINT('',(-0.0195069695161219,-0.0235,-0.00978458335209805));
#9902=CARTESIAN_POINT('',(-0.0195069695161219,-0.0235,-0.00978458335209805));
#9903=CARTESIAN_POINT('',(-0.0195069695161219,-0.0235,-0.00978458335209805));
#9904=CARTESIAN_POINT('',(-0.0195069695161219,-0.0235,-0.0105264208140692));
#9905=CARTESIAN_POINT('',(-0.0199012458498144,-0.0235,-0.0111122294899583));
#9906=CARTESIAN_POINT('',(-0.0199012458498144,-0.0235,-0.0111122294899583));
#9907=CARTESIAN_POINT('',(-0.0199012458498144,-0.0235,-0.0111122294899583));
#9908=CARTESIAN_POINT('',(-0.0202955221835069,-0.0235,-0.0116980381658474));
#9909=CARTESIAN_POINT('',(-0.0210373596454781,-0.0235,-0.0120269132119606));
#9910=CARTESIAN_POINT('',(-0.0160799420469653,-0.0235,-0.00342197237473808));
#9911=CARTESIAN_POINT('',(-0.0171020707414193,-0.0235,-0.00342197237473808));
#9912=CARTESIAN_POINT('',(-0.0150578133525113,-0.0235,-0.00342197237473808));
#9913=CARTESIAN_POINT('',(-0.0158407601952467,-0.0235,-0.0078468366315335));
#9914=CARTESIAN_POINT('',(-0.016623707037982,-0.0235,-0.0122717008883289));
#9915=CARTESIAN_POINT('',(-0.0176467700365443,-0.0235,-0.0122717008883289));
#9916=CARTESIAN_POINT('',(-0.0186698330351065,-0.0235,-0.0122717008883289));
#9917=CARTESIAN_POINT('',(-0.0178859518882629,-0.0235,-0.0078468366315335));
#9918=CARTESIAN_POINT('',(0.,0.,-0.0139));
#9919=CARTESIAN_POINT('',(-6.93889390390723E-18,-0.0215,-0.0139));
#9920=CARTESIAN_POINT('',(-0.0444182324477334,-0.0215,-0.0139));
#9921=CARTESIAN_POINT('',(0.0444891535558916,-0.0215,-0.0139));
#9922=CARTESIAN_POINT('',(0.0444891535558916,-0.02,-0.0139));
#9923=CARTESIAN_POINT('',(0.0444891535558916,-0.0185,-0.0139));
#9924=CARTESIAN_POINT('',(0.0459891535558916,-0.0185,-0.0139));
#9925=CARTESIAN_POINT('',(0.0474891535558916,-0.0185,-0.0139));
#9926=CARTESIAN_POINT('',(0.0474891535558916,-0.02,-0.0139));
#9927=CARTESIAN_POINT('',(0.0474891535558916,-0.0215,-0.0139));
#9928=CARTESIAN_POINT('',(-6.93889390390723E-18,-0.0215,-0.0139));
#9929=CARTESIAN_POINT('',(0.0475,-0.0215,-0.0139));
#9930=CARTESIAN_POINT('',(0.0475,0.,-0.0139));
#9931=CARTESIAN_POINT('',(0.0475,0.0184947280343323,-0.0139));
#9932=CARTESIAN_POINT('',(0.046,0.0184947280343323,-0.0139));
#9933=CARTESIAN_POINT('',(0.0445,0.0184947280343323,-0.0139));
#9934=CARTESIAN_POINT('',(0.0445,0.0199947280343322,-0.0139));
#9935=CARTESIAN_POINT('',(0.0445,0.0214973640171662,-0.0139));
#9936=CARTESIAN_POINT('',(6.93889390390723E-18,0.0215,-0.0139));
#9937=CARTESIAN_POINT('',(-0.0445,0.0215,-0.0139));
#9938=CARTESIAN_POINT('',(-0.0445,0.02,-0.0139));
#9939=CARTESIAN_POINT('',(-0.0445,0.0185,-0.0139));
#9940=CARTESIAN_POINT('',(-0.046,0.0185,-0.0139));
#9941=CARTESIAN_POINT('',(-0.0475,0.0185,-0.0139));
#9942=CARTESIAN_POINT('',(-0.0475,0.,-0.0139));
#9943=CARTESIAN_POINT('',(-0.0475,-0.0215,-0.0139));
#9944=CARTESIAN_POINT('',(-6.93889390390723E-18,-0.0215,-0.0139));
#9945=CARTESIAN_POINT('',(-0.0474182324477335,-0.0215,-0.0139));
#9946=CARTESIAN_POINT('',(-0.0474182324477335,-0.02,-0.0139));
#9947=CARTESIAN_POINT('',(-0.0474182324477335,-0.0185,-0.0139));
#9948=CARTESIAN_POINT('',(-0.0459182324477334,-0.0185,-0.0139));
#9949=CARTESIAN_POINT('',(-0.0444182324477334,-0.0185,-0.0139));
#9950=CARTESIAN_POINT('',(-0.0444182324477334,-0.02,-0.0139));
#9951=CARTESIAN_POINT('',(-6.93889390390723E-18,-0.0215,-0.0139));
#9952=CARTESIAN_POINT('',(0.0474891535558916,-0.0215,-0.0104));
#9953=CARTESIAN_POINT('',(0.0474891535558916,-0.0215,-0.0104));
#9954=CARTESIAN_POINT('',(-6.93889390390723E-18,-0.0215,-0.0104));
#9955=CARTESIAN_POINT('',(0.0444891535558916,-0.0215,-0.0104));
#9956=CARTESIAN_POINT('',(0.0444891535558916,-0.0215,-0.0104));
#9957=CARTESIAN_POINT('',(-0.0444182324477334,-0.0215,-0.0104));
#9958=CARTESIAN_POINT('',(-0.0444182324477334,-0.0215,-0.0104));
#9959=CARTESIAN_POINT('',(-6.93889390390723E-18,-0.0215,-0.0104));
#9960=CARTESIAN_POINT('',(-0.0474182324477335,-0.0215,-0.0104));
#9961=CARTESIAN_POINT('',(-0.0474182324477335,-0.0215,-0.0104));
#9962=CARTESIAN_POINT('',(-0.0475,-0.0215,-0.0139));
#9963=CARTESIAN_POINT('',(-0.0475,-0.0215,-0.0019));
#9964=CARTESIAN_POINT('',(-6.93889390390723E-18,-0.0215,-0.0019));
#9965=CARTESIAN_POINT('',(0.0475,-0.0215,-0.0019));
#9966=CARTESIAN_POINT('',(0.0475,-0.0215,-0.0139));
#9967=CARTESIAN_POINT('',(0.0475,0.,-0.0139));
#9968=CARTESIAN_POINT('',(0.0475,0.0215,-0.0139));
#9969=CARTESIAN_POINT('',(0.0475,0.0214973640171662,-0.0104));
#9970=CARTESIAN_POINT('',(0.0475,0.0215,-0.0019));
#9971=CARTESIAN_POINT('',(0.0475,0.,-0.0104));
#9972=CARTESIAN_POINT('',(0.0475,0.0184947280343323,-0.0104));
#9973=CARTESIAN_POINT('',(0.0475,0.0184947280343323,-0.0104));
#9974=CARTESIAN_POINT('',(0.0475,0.,-0.0019));
#9975=CARTESIAN_POINT('',(6.93889390390723E-18,0.0215,-0.0139));
#9976=CARTESIAN_POINT('',(0.0445,0.0215,-0.0139));
#9977=CARTESIAN_POINT('',(0.0445,0.0215,-0.0104));
#9978=CARTESIAN_POINT('',(6.93889390390723E-18,0.0215,-0.0104));
#9979=CARTESIAN_POINT('',(6.93889390390723E-18,0.0215,-0.0019));
#9980=CARTESIAN_POINT('',(-0.0475,0.0215,-0.0019));
#9981=CARTESIAN_POINT('',(-0.0475,0.0215,-0.0139));
#9982=CARTESIAN_POINT('',(-0.0475,0.0215,-0.0104));
#9983=CARTESIAN_POINT('',(6.93889390390723E-18,0.0215,-0.0104));
#9984=CARTESIAN_POINT('',(-0.0445,0.0215,-0.0104));
#9985=CARTESIAN_POINT('',(-0.0445,0.0215,-0.0104));
#9986=CARTESIAN_POINT('',(-0.0475,0.,-0.0139));
#9987=CARTESIAN_POINT('',(-0.0475,0.0185,-0.0104));
#9988=CARTESIAN_POINT('',(-0.0475,0.0185,-0.0104));
#9989=CARTESIAN_POINT('',(-0.0475,0.,-0.0104));
#9990=CARTESIAN_POINT('',(-0.0475,0.,-0.0019));
#9991=CARTESIAN_POINT('',(0.,0.,-0.0019));
#9992=CARTESIAN_POINT('',(6.93889390390723E-18,0.0235,-0.0019));
#9993=CARTESIAN_POINT('',(-0.0495,0.0235,-0.0019));
#9994=CARTESIAN_POINT('',(-0.0495,0.,-0.0019));
#9995=CARTESIAN_POINT('',(6.93889390390723E-18,0.0235,-0.0019));
#9996=CARTESIAN_POINT('',(6.93889390390723E-18,0.0235,-0.0159));
#9997=CARTESIAN_POINT('',(-0.0495,0.0235,-0.0159));
#9998=CARTESIAN_POINT('',(-0.0495,0.0235,-0.0019));
#9999=CARTESIAN_POINT('',(-0.0495,0.,-0.0019));
#10000=CARTESIAN_POINT('',(-0.0495,0.,-0.0159));
#10001=CARTESIAN_POINT('',(0.,0.,-0.0159));
#10002=CARTESIAN_POINT('',(-0.046,0.0185,-0.0104));
#10003=CARTESIAN_POINT('',(-0.0445,0.0185,-0.0104));
#10004=CARTESIAN_POINT('',(-0.0445,0.0185,-0.0104));
#10005=CARTESIAN_POINT('',(-0.046,0.0185,-0.0104));
#10006=CARTESIAN_POINT('',(-0.0445,0.02,-0.0104));
#10007=CARTESIAN_POINT('',(-0.0445,0.02,-0.0104));
#10008=CARTESIAN_POINT('',(0.,0.,-0.0104));
#10009=CARTESIAN_POINT('',(-0.0444182324477334,-0.02,-0.0104));
#10010=CARTESIAN_POINT('',(-0.0444182324477334,-0.0185,-0.0104));
#10011=CARTESIAN_POINT('',(-0.0444182324477334,-0.0185,-0.0104));
#10012=CARTESIAN_POINT('',(-0.0444182324477334,-0.02,-0.0104));
#10013=CARTESIAN_POINT('',(-0.0459182324477334,-0.0185,-0.0104));
#10014=CARTESIAN_POINT('',(-0.0474182324477335,-0.0185,-0.0104));
#10015=CARTESIAN_POINT('',(-0.0474182324477335,-0.0185,-0.0104));
#10016=CARTESIAN_POINT('',(-0.0459182324477334,-0.0185,-0.0104));
#10017=CARTESIAN_POINT('',(-0.0474182324477335,-0.02,-0.0104));
#10018=CARTESIAN_POINT('',(-0.0474182324477335,-0.02,-0.0104));
#10019=CARTESIAN_POINT('',(0.,0.,-0.0104));
#10020=CARTESIAN_POINT('',(0.046,0.0184947280343323,-0.0104));
#10021=CARTESIAN_POINT('',(0.046,0.0184947280343323,-0.0104));
#10022=CARTESIAN_POINT('',(0.0445,0.0184947280343323,-0.0104));
#10023=CARTESIAN_POINT('',(0.0445,0.0184947280343323,-0.0104));
#10024=CARTESIAN_POINT('',(0.0445,0.0199947280343322,-0.0104));
#10025=CARTESIAN_POINT('',(0.0445,0.0199947280343322,-0.0104));
#10026=CARTESIAN_POINT('',(0.,0.,-0.0104));
#10027=CARTESIAN_POINT('',(0.0444891535558916,-0.02,-0.0104));
#10028=CARTESIAN_POINT('',(0.0444891535558916,-0.02,-0.0104));
#10029=CARTESIAN_POINT('',(0.0444891535558916,-0.0185,-0.0104));
#10030=CARTESIAN_POINT('',(0.0444891535558916,-0.0185,-0.0104));
#10031=CARTESIAN_POINT('',(0.0474891535558916,-0.02,-0.0104));
#10032=CARTESIAN_POINT('',(0.0474891535558916,-0.0185,-0.0104));
#10033=CARTESIAN_POINT('',(0.0474891535558916,-0.0185,-0.0104));
#10034=CARTESIAN_POINT('',(0.0474891535558916,-0.02,-0.0104));
#10035=CARTESIAN_POINT('',(0.0459891535558916,-0.0185,-0.0104));
#10036=CARTESIAN_POINT('',(0.0459891535558916,-0.0185,-0.0104));
#10037=CARTESIAN_POINT('',(0.,3.02719656677456E-5,-0.0104));
#10038=CARTESIAN_POINT('',(-0.0433111695867794,-0.0255,-0.0101312101762685));
#10039=CARTESIAN_POINT('',(-0.0446210639465824,-0.0255,-0.00799071946420802));
#10040=CARTESIAN_POINT('',(-0.0446210639465824,-0.0255,-0.00799071946420802));
#10041=CARTESIAN_POINT('',(-0.0433111695867794,-0.0255,-0.0101312101762685));
#10042=CARTESIAN_POINT('',(-0.0420012752269764,-0.0255,-0.0122717008883289));
#10043=CARTESIAN_POINT('',(-0.0420012752269764,-0.0255,-0.0122717008883289));
#10044=CARTESIAN_POINT('',(-0.0426300618918461,-0.0255,-0.00593338181778413));
#10045=CARTESIAN_POINT('',(-0.0406390598371099,-0.0255,-0.00387604417136024));
#10046=CARTESIAN_POINT('',(-0.0406390598371099,-0.0255,-0.00387604417136024));
#10047=CARTESIAN_POINT('',(-0.0426300618918461,-0.0255,-0.00593338181778413));
#10048=CARTESIAN_POINT('',(-0.0418349690957032,-0.0255,-0.00387604417136024));
#10049=CARTESIAN_POINT('',(-0.0430308783542966,-0.0255,-0.00387604417136024));
#10050=CARTESIAN_POINT('',(-0.0430308783542966,-0.0255,-0.00387604417136024));
#10051=CARTESIAN_POINT('',(-0.0418349690957032,-0.0255,-0.00387604417136024));
#10052=CARTESIAN_POINT('',(-0.044758406650499,-0.0255,-0.00571755756877236));
#10053=CARTESIAN_POINT('',(-0.0464859349467014,-0.0255,-0.00755907096618448));
#10054=CARTESIAN_POINT('',(-0.0464859349467014,-0.0255,-0.00755907096618448));
#10055=CARTESIAN_POINT('',(-0.044758406650499,-0.0255,-0.00571755756877236));
#10056=CARTESIAN_POINT('',(-0.0461636000293462,-0.0255,-0.00571755756877236));
#10057=CARTESIAN_POINT('',(-0.045841265111991,-0.0255,-0.00387604417136024));
#10058=CARTESIAN_POINT('',(-0.045841265111991,-0.0255,-0.00387604417136024));
#10059=CARTESIAN_POINT('',(-0.0461636000293462,-0.0255,-0.00571755756877236));
#10060=CARTESIAN_POINT('',(-0.046863393806445,-0.0255,-0.00387604417136024));
#10061=CARTESIAN_POINT('',(-0.047885522500899,-0.0255,-0.00387604417136024));
#10062=CARTESIAN_POINT('',(-0.047885522500899,-0.0255,-0.00387604417136024));
#10063=CARTESIAN_POINT('',(-0.046863393806445,-0.0255,-0.00387604417136024));
#10064=CARTESIAN_POINT('',(-0.0486273599628702,-0.0255,-0.00807387252984459));
#10065=CARTESIAN_POINT('',(-0.0493691974248414,-0.0255,-0.0122717008883289));
#10066=CARTESIAN_POINT('',(-0.0493691974248414,-0.0255,-0.0122717008883289));
#10067=CARTESIAN_POINT('',(-0.0486273599628702,-0.0255,-0.00807387252984459));
#10068=CARTESIAN_POINT('',(-0.0483461344262791,-0.0255,-0.0122717008883289));
#10069=CARTESIAN_POINT('',(-0.0473230714277168,-0.0255,-0.0122717008883289));
#10070=CARTESIAN_POINT('',(-0.0473230714277168,-0.0255,-0.0122717008883289));
#10071=CARTESIAN_POINT('',(-0.0483461344262791,-0.0255,-0.0122717008883289));
#10072=CARTESIAN_POINT('',(-0.0469941963816036,-0.0255,-0.0104180415375092));
#10073=CARTESIAN_POINT('',(-0.0466653213354904,-0.0255,-0.00856438218668952));
#10074=CARTESIAN_POINT('',(-0.0466653213354904,-0.0255,-0.00856438218668952));
#10075=CARTESIAN_POINT('',(-0.0469941963816036,-0.0255,-0.0104180415375092));
#10076=CARTESIAN_POINT('',(-0.0455833971781068,-0.0255,-0.0104180415375092));
#10077=CARTESIAN_POINT('',(-0.0445014730207231,-0.0255,-0.0122717008883289));
#10078=CARTESIAN_POINT('',(-0.0445014730207231,-0.0255,-0.0122717008883289));
#10079=CARTESIAN_POINT('',(-0.0455833971781068,-0.0255,-0.0104180415375092));
#10080=CARTESIAN_POINT('',(-0.0432513741238497,-0.0255,-0.0122717008883289));
#10081=CARTESIAN_POINT('',(-0.0432513741238497,-0.0255,-0.0122717008883289));
#10082=CARTESIAN_POINT('',(0.,-0.0255,-0.0089));
#10083=CARTESIAN_POINT('',(-0.0382167140834806,-0.0255,-0.00801265913579867));
#10084=CARTESIAN_POINT('',(-0.0382167140834806,-0.0235,-0.00801265913579867));
#10085=CARTESIAN_POINT('',(-0.0361305254940312,-0.0235,-0.00836070389108534));
#10086=CARTESIAN_POINT('',(-0.0361058163037544,-0.0235,-0.00813460229688253));
#10087=CARTESIAN_POINT('',(-0.0361305254940312,-0.0255,-0.00836070389108534));
#10088=CARTESIAN_POINT('',(-0.0361305254940312,-0.0255,-0.00836070389108534));
#10089=CARTESIAN_POINT('',(-0.0382167140834806,-0.0255,-0.00801265913579867));
#10090=CARTESIAN_POINT('',(-0.0361058163037544,-0.0255,-0.00813460229688253));
#10091=CARTESIAN_POINT('',(-0.0361058163037544,-0.0255,-0.00813460229688253));
#10092=CARTESIAN_POINT('',(-0.0374157106635574,-0.0255,-0.00836070389108534));
#10093=CARTESIAN_POINT('',(-0.0374157106635574,-0.0235,-0.00836070389108534));
#10094=CARTESIAN_POINT('',(-0.0387013131165453,-0.0235,-0.00836070389108534));
#10095=CARTESIAN_POINT('',(-0.0387013131165453,-0.0255,-0.00836070389108534));
#10096=CARTESIAN_POINT('',(-0.0387013131165453,-0.0255,-0.00836070389108534));
#10097=CARTESIAN_POINT('',(-0.0374157106635574,-0.0255,-0.00836070389108534));
#10098=CARTESIAN_POINT('',(-0.0381211102653059,-0.0255,-0.00745816612249066));
#10099=CARTESIAN_POINT('',(-0.0381211102653059,-0.0235,-0.00745816612249066));
#10100=CARTESIAN_POINT('',(-0.0383883212402728,-0.0255,-0.00766994172036657));
#10101=CARTESIAN_POINT('',(-0.0383883212402728,-0.0235,-0.00766994172036657));
#10102=CARTESIAN_POINT('',(-0.038581722190686,-0.0255,-0.00797078764323146));
#10103=CARTESIAN_POINT('',(-0.038581722190686,-0.0235,-0.00797078764323146));
#10104=CARTESIAN_POINT('',(-0.0387013131165453,-0.0255,-0.00836070389108534));
#10105=CARTESIAN_POINT('',(-0.0387013131165453,-0.0235,-0.00836070389108534));
#10106=CARTESIAN_POINT('',(-0.0381211102653059,-0.0235,-0.00745816612249066));
#10107=CARTESIAN_POINT('',(-0.0385219267277563,-0.0235,-0.00777582951930452));
#10108=CARTESIAN_POINT('',(-0.0387013131165453,-0.0235,-0.00836070389108534));
#10109=CARTESIAN_POINT('',(-0.0381211102653059,-0.0235,-0.00745816612249066));
#10110=CARTESIAN_POINT('',(-0.0381211102653059,-0.0255,-0.00745816612249066));
#10111=CARTESIAN_POINT('',(-0.0381211102653059,-0.0255,-0.00745816612249066));
#10112=CARTESIAN_POINT('',(-0.0381211102653059,-0.0255,-0.00745816612249066));
#10113=CARTESIAN_POINT('',(-0.0385219267277563,-0.0255,-0.00777582951930452));
#10114=CARTESIAN_POINT('',(-0.0387013131165453,-0.0255,-0.00836070389108534));
#10115=CARTESIAN_POINT('',(-0.0372169169617919,-0.0255,-0.00858960285882415));
#10116=CARTESIAN_POINT('',(-0.0372169169617919,-0.0235,-0.00858960285882415));
#10117=CARTESIAN_POINT('',(-0.0371933462857877,-0.0235,-0.0071405027256768));
#10118=CARTESIAN_POINT('',(-0.0371933462857877,-0.0255,-0.0071405027256768));
#10119=CARTESIAN_POINT('',(-0.0371933462857877,-0.0255,-0.0071405027256768));
#10120=CARTESIAN_POINT('',(-0.0372169169617919,-0.0255,-0.00858960285882415));
#10121=CARTESIAN_POINT('',(-0.0364047936184028,-0.0255,-0.00739837065956099));
#10122=CARTESIAN_POINT('',(-0.0364047936184028,-0.0235,-0.00739837065956099));
#10123=CARTESIAN_POINT('',(-0.0366041118281683,-0.0255,-0.0072264587036382));
#10124=CARTESIAN_POINT('',(-0.0366041118281683,-0.0235,-0.0072264587036382));
#10125=CARTESIAN_POINT('',(-0.0368669627172966,-0.0255,-0.0071405027256768));
#10126=CARTESIAN_POINT('',(-0.0368669627172966,-0.0235,-0.0071405027256768));
#10127=CARTESIAN_POINT('',(-0.0371933462857877,-0.0255,-0.0071405027256768));
#10128=CARTESIAN_POINT('',(-0.0371933462857877,-0.0235,-0.0071405027256768));
#10129=CARTESIAN_POINT('',(-0.0364047936184028,-0.0235,-0.00739837065956099));
#10130=CARTESIAN_POINT('',(-0.0367037709330511,-0.0235,-0.0071405027256768));
#10131=CARTESIAN_POINT('',(-0.0371933462857877,-0.0235,-0.0071405027256768));
#10132=CARTESIAN_POINT('',(-0.0364047936184028,-0.0235,-0.00739837065956099));
#10133=CARTESIAN_POINT('',(-0.0364047936184028,-0.0255,-0.00739837065956099));
#10134=CARTESIAN_POINT('',(-0.0364047936184028,-0.0255,-0.00739837065956099));
#10135=CARTESIAN_POINT('',(-0.0364047936184028,-0.0255,-0.00739837065956099));
#10136=CARTESIAN_POINT('',(-0.0367037709330511,-0.0255,-0.0071405027256768));
#10137=CARTESIAN_POINT('',(-0.0371933462857877,-0.0255,-0.0071405027256768));
#10138=CARTESIAN_POINT('',(-0.0368700770643242,-0.0255,-0.00550360192797714));
#10139=CARTESIAN_POINT('',(-0.0368700770643242,-0.0235,-0.00550360192797714));
#10140=CARTESIAN_POINT('',(-0.0360092715458992,-0.0255,-0.00550360192797714));
#10141=CARTESIAN_POINT('',(-0.0360092715458992,-0.0235,-0.00550360192797714));
#10142=CARTESIAN_POINT('',(-0.0353256723733439,-0.0255,-0.00573655508564064));
#10143=CARTESIAN_POINT('',(-0.0353256723733439,-0.0235,-0.00573655508564064));
#10144=CARTESIAN_POINT('',(-0.0348192795466582,-0.0255,-0.00620246140096764));
#10145=CARTESIAN_POINT('',(-0.0348192795466582,-0.0235,-0.00620246140096764));
#10146=CARTESIAN_POINT('',(-0.0368700770643242,-0.0255,-0.00550360192797714));
#10147=CARTESIAN_POINT('',(-0.0368700770643242,-0.0255,-0.00550360192797714));
#10148=CARTESIAN_POINT('',(-0.0368700770643242,-0.0255,-0.00550360192797714));
#10149=CARTESIAN_POINT('',(-0.0355788687866867,-0.0255,-0.00550360192797714));
#10150=CARTESIAN_POINT('',(-0.0348192795466582,-0.0255,-0.00620246140096764));
#10151=CARTESIAN_POINT('',(-0.0348192795466582,-0.0255,-0.00620246140096764));
#10152=CARTESIAN_POINT('',(-0.0348192795466582,-0.0255,-0.00620246140096764));
#10153=CARTESIAN_POINT('',(-0.0387013131165453,-0.0255,-0.00592217016848482));
#10154=CARTESIAN_POINT('',(-0.0387013131165453,-0.0235,-0.00592217016848482));
#10155=CARTESIAN_POINT('',(-0.0381432221292017,-0.0255,-0.00564312467481303));
#10156=CARTESIAN_POINT('',(-0.0381432221292017,-0.0235,-0.00564312467481303));
#10157=CARTESIAN_POINT('',(-0.0375328101117947,-0.0255,-0.00550360192797714));
#10158=CARTESIAN_POINT('',(-0.0375328101117947,-0.0235,-0.00550360192797714));
#10159=CARTESIAN_POINT('',(-0.0368700770643242,-0.0255,-0.00550360192797714));
#10160=CARTESIAN_POINT('',(-0.0368700770643242,-0.0235,-0.00550360192797714));
#10161=CARTESIAN_POINT('',(-0.0387013131165453,-0.0255,-0.00592217016848482));
#10162=CARTESIAN_POINT('',(-0.0387013131165453,-0.0255,-0.00592217016848482));
#10163=CARTESIAN_POINT('',(-0.0387013131165453,-0.0255,-0.00592217016848482));
#10164=CARTESIAN_POINT('',(-0.0378641766355299,-0.0255,-0.00550360192797714));
#10165=CARTESIAN_POINT('',(-0.0368700770643242,-0.0255,-0.00550360192797714));
#10166=CARTESIAN_POINT('',(-0.0370024028830525,-0.0255,-0.00932184969457997));
#10167=CARTESIAN_POINT('',(-0.0400999663666345,-0.0255,-0.00711807942707818));
#10168=CARTESIAN_POINT('',(-0.0400999663666345,-0.0255,-0.00711807942707818));
#10169=CARTESIAN_POINT('',(-0.0370024028830525,-0.0255,-0.00932184969457997));
#10170=CARTESIAN_POINT('',(-0.0408408695244975,-0.0255,-0.00893436661356684));
#10171=CARTESIAN_POINT('',(-0.0408408695244975,-0.0235,-0.00893436661356684));
#10172=CARTESIAN_POINT('',(-0.0407212785986381,-0.0255,-0.00824173583463152));
#10173=CARTESIAN_POINT('',(-0.0407212785986381,-0.0235,-0.00824173583463152));
#10174=CARTESIAN_POINT('',(-0.0404743108793505,-0.0255,-0.00763630677246863));
#10175=CARTESIAN_POINT('',(-0.0404743108793505,-0.0235,-0.00763630677246863));
#10176=CARTESIAN_POINT('',(-0.0400999663666345,-0.0255,-0.00711807942707818));
#10177=CARTESIAN_POINT('',(-0.0400999663666345,-0.0235,-0.00711807942707818));
#10178=CARTESIAN_POINT('',(-0.0408408695244975,-0.0255,-0.00893436661356684));
#10179=CARTESIAN_POINT('',(-0.0408408695244975,-0.0255,-0.00893436661356684));
#10180=CARTESIAN_POINT('',(-0.0408408695244975,-0.0255,-0.00893436661356684));
#10181=CARTESIAN_POINT('',(-0.0406614831357084,-0.0255,-0.00789542044516386));
#10182=CARTESIAN_POINT('',(-0.0400999663666345,-0.0255,-0.00711807942707818));
#10183=CARTESIAN_POINT('',(-0.0366782281534131,-0.0254999999999997,-0.00971966160333367));
#10184=CARTESIAN_POINT('',(-0.040913745244943,-0.0255,-0.00970049598235321));
#10185=CARTESIAN_POINT('',(-0.040913745244943,-0.0255,-0.00970049598235321));
#10186=CARTESIAN_POINT('',(-0.0366782281534131,-0.0255,-0.00971966160333367));
#10187=CARTESIAN_POINT('',(-0.040142010051507,-0.0255,-0.0116494543522171));
#10188=CARTESIAN_POINT('',(-0.040142010051507,-0.0235,-0.0116494543522171));
#10189=CARTESIAN_POINT('',(-0.0406565001804643,-0.0255,-0.0111710906487797));
#10190=CARTESIAN_POINT('',(-0.0406565001804643,-0.0235,-0.0111710906487797));
#10191=CARTESIAN_POINT('',(-0.040913745244943,-0.0255,-0.0105214378588251));
#10192=CARTESIAN_POINT('',(-0.040913745244943,-0.0235,-0.0105214378588251));
#10193=CARTESIAN_POINT('',(-0.040913745244943,-0.0255,-0.00970049598235321));
#10194=CARTESIAN_POINT('',(-0.040913745244943,-0.0235,-0.00970049598235321));
#10195=CARTESIAN_POINT('',(-0.040142010051507,-0.0255,-0.0116494543522171));
#10196=CARTESIAN_POINT('',(-0.040142010051507,-0.0255,-0.0116494543522171));
#10197=CARTESIAN_POINT('',(-0.040142010051507,-0.0255,-0.0116494543522171));
#10198=CARTESIAN_POINT('',(-0.040913745244943,-0.0255,-0.010931908797061));
#10199=CARTESIAN_POINT('',(-0.040913745244943,-0.0255,-0.00970049598235321));
#10200=CARTESIAN_POINT('',(-0.0380790665804335,-0.0255,-0.0123669999073731));
#10201=CARTESIAN_POINT('',(-0.0380790665804335,-0.0235,-0.0123669999073731));
#10202=CARTESIAN_POINT('',(-0.0389398720988585,-0.0255,-0.0123669999073731));
#10203=CARTESIAN_POINT('',(-0.0389398720988585,-0.0235,-0.0123669999073731));
#10204=CARTESIAN_POINT('',(-0.0396275199225496,-0.0255,-0.0121278180556544));
#10205=CARTESIAN_POINT('',(-0.0396275199225496,-0.0235,-0.0121278180556544));
#10206=CARTESIAN_POINT('',(-0.040142010051507,-0.0255,-0.0116494543522171));
#10207=CARTESIAN_POINT('',(-0.040142010051507,-0.0235,-0.0116494543522171));
#10208=CARTESIAN_POINT('',(-0.0380790665804335,-0.0255,-0.0123669999073731));
#10209=CARTESIAN_POINT('',(-0.0380790665804335,-0.0255,-0.0123669999073731));
#10210=CARTESIAN_POINT('',(-0.0380790665804335,-0.0255,-0.0123669999073731));
#10211=CARTESIAN_POINT('',(-0.039370274858071,-0.0255,-0.0123669999073731));
#10212=CARTESIAN_POINT('',(-0.040142010051507,-0.0255,-0.0116494543522171));
#10213=CARTESIAN_POINT('',(-0.0359021380081502,-0.0255,-0.0117213957685543));
#10214=CARTESIAN_POINT('',(-0.0359021380081502,-0.0235,-0.0117213957685543));
#10215=CARTESIAN_POINT('',(-0.0365474307122662,-0.0255,-0.0121517985277668));
#10216=CARTESIAN_POINT('',(-0.0365474307122662,-0.0235,-0.0121517985277668));
#10217=CARTESIAN_POINT('',(-0.037273073569694,-0.0255,-0.0123669999073731));
#10218=CARTESIAN_POINT('',(-0.037273073569694,-0.0235,-0.0123669999073731));
#10219=CARTESIAN_POINT('',(-0.0380790665804335,-0.0255,-0.0123669999073731));
#10220=CARTESIAN_POINT('',(-0.0380790665804335,-0.0235,-0.0123669999073731));
#10221=CARTESIAN_POINT('',(-0.0359021380081502,-0.0255,-0.0117213957685543));
#10222=CARTESIAN_POINT('',(-0.0359021380081502,-0.0255,-0.0117213957685543));
#10223=CARTESIAN_POINT('',(-0.0359021380081502,-0.0255,-0.0117213957685543));
#10224=CARTESIAN_POINT('',(-0.0368700770643242,-0.0255,-0.0123669999073731));
#10225=CARTESIAN_POINT('',(-0.0380790665804335,-0.0255,-0.0123669999073731));
#10226=CARTESIAN_POINT('',(-0.0345025504539527,-0.0255,-0.0100592687599312));
#10227=CARTESIAN_POINT('',(-0.0345025504539527,-0.0235,-0.0100592687599312));
#10228=CARTESIAN_POINT('',(-0.0347903161193017,-0.0255,-0.0107369506731341));
#10229=CARTESIAN_POINT('',(-0.0347903161193017,-0.0235,-0.0107369506731341));
#10230=CARTESIAN_POINT('',(-0.0352568453040342,-0.0255,-0.0112909930093418));
#10231=CARTESIAN_POINT('',(-0.0352568453040342,-0.0235,-0.0112909930093418));
#10232=CARTESIAN_POINT('',(-0.0359021380081502,-0.0255,-0.0117213957685543));
#10233=CARTESIAN_POINT('',(-0.0359021380081502,-0.0235,-0.0117213957685543));
#10234=CARTESIAN_POINT('',(-0.0345025504539527,-0.0255,-0.0100592687599312));
#10235=CARTESIAN_POINT('',(-0.0345025504539527,-0.0255,-0.0100592687599312));
#10236=CARTESIAN_POINT('',(-0.0345025504539527,-0.0255,-0.0100592687599312));
#10237=CARTESIAN_POINT('',(-0.0349341989519762,-0.0255,-0.0110757916297356));
#10238=CARTESIAN_POINT('',(-0.0359021380081502,-0.0255,-0.0117213957685543));
#10239=CARTESIAN_POINT('',(-0.0355910147400943,-0.0255,-0.0100592687599312));
#10240=CARTESIAN_POINT('',(-0.0366794790262359,-0.0255,-0.0100592687599312));
#10241=CARTESIAN_POINT('',(-0.0366794790262359,-0.0255,-0.0100592687599312));
#10242=CARTESIAN_POINT('',(-0.0355910147400943,-0.0255,-0.0100592687599312));
#10243=CARTESIAN_POINT('',(-0.0378510963780141,-0.0255,-0.0107058072028582));
#10244=CARTESIAN_POINT('',(-0.0378510963780141,-0.0235,-0.0107058072028582));
#10245=CARTESIAN_POINT('',(-0.0373415892043009,-0.0255,-0.0107058072028582));
#10246=CARTESIAN_POINT('',(-0.0373415892043009,-0.0235,-0.0107058072028582));
#10247=CARTESIAN_POINT('',(-0.0369510500870415,-0.0255,-0.0104902943885492));
#10248=CARTESIAN_POINT('',(-0.0369510500870415,-0.0235,-0.0104902943885492));
#10249=CARTESIAN_POINT('',(-0.0366794790262359,-0.0255,-0.0100592687599312));
#10250=CARTESIAN_POINT('',(-0.0366794790262359,-0.0235,-0.0100592687599312));
#10251=CARTESIAN_POINT('',(-0.0378510963780141,-0.0255,-0.0107058072028582));
#10252=CARTESIAN_POINT('',(-0.0378510963780141,-0.0255,-0.0107058072028582));
#10253=CARTESIAN_POINT('',(-0.0378510963780141,-0.0255,-0.0107058072028582));
#10254=CARTESIAN_POINT('',(-0.0370868356174442,-0.0255,-0.0107058072028582));
#10255=CARTESIAN_POINT('',(-0.0366794790262359,-0.0255,-0.0100592687599312));
#10256=CARTESIAN_POINT('',(-0.0386162914426922,-0.0255,-0.0104301874909168));
#10257=CARTESIAN_POINT('',(-0.0386162914426922,-0.0235,-0.0104301874909168));
#10258=CARTESIAN_POINT('',(-0.0384250705351984,-0.0255,-0.0106139339655444));
#10259=CARTESIAN_POINT('',(-0.0384250705351984,-0.0235,-0.0106139339655444));
#10260=CARTESIAN_POINT('',(-0.038170005513639,-0.0255,-0.0107058072028582));
#10261=CARTESIAN_POINT('',(-0.038170005513639,-0.0235,-0.0107058072028582));
#10262=CARTESIAN_POINT('',(-0.0378510963780141,-0.0255,-0.0107058072028582));
#10263=CARTESIAN_POINT('',(-0.0378510963780141,-0.0235,-0.0107058072028582));
#10264=CARTESIAN_POINT('',(-0.0386162914426922,-0.0255,-0.0104301874909168));
#10265=CARTESIAN_POINT('',(-0.0386162914426922,-0.0255,-0.0104301874909168));
#10266=CARTESIAN_POINT('',(-0.0386162914426922,-0.0255,-0.0104301874909168));
#10267=CARTESIAN_POINT('',(-0.0383294600814515,-0.0255,-0.0107058072028582));
#10268=CARTESIAN_POINT('',(-0.0378510963780141,-0.0255,-0.0107058072028582));
#10269=CARTESIAN_POINT('',(-0.038903122803933,-0.0255,-0.00962948887012423));
#10270=CARTESIAN_POINT('',(-0.038903122803933,-0.0235,-0.00962948887012423));
#10271=CARTESIAN_POINT('',(-0.038903122803933,-0.0255,-0.00997954147602498));
#10272=CARTESIAN_POINT('',(-0.038903122803933,-0.0235,-0.00997954147602498));
#10273=CARTESIAN_POINT('',(-0.038807512350186,-0.0255,-0.0102464410162892));
#10274=CARTESIAN_POINT('',(-0.038807512350186,-0.0235,-0.0102464410162892));
#10275=CARTESIAN_POINT('',(-0.0386162914426922,-0.0255,-0.0104301874909168));
#10276=CARTESIAN_POINT('',(-0.0386162914426922,-0.0235,-0.0104301874909168));
#10277=CARTESIAN_POINT('',(-0.038903122803933,-0.0255,-0.00962948887012423));
#10278=CARTESIAN_POINT('',(-0.038903122803933,-0.0255,-0.00962948887012423));
#10279=CARTESIAN_POINT('',(-0.038903122803933,-0.0255,-0.00962948887012423));
#10280=CARTESIAN_POINT('',(-0.038903122803933,-0.0255,-0.0101545677789754));
#10281=CARTESIAN_POINT('',(-0.0386162914426922,-0.0255,-0.0104301874909168));
#10282=CARTESIAN_POINT('',(-0.0371673690343187,-0.0254999999999994,-0.00959323095272557));
#10283=CARTESIAN_POINT('',(-0.0388924694626278,-0.0255,-0.00940151866770487));
#10284=CARTESIAN_POINT('',(-0.0388924694626278,-0.0255,-0.00940151866770487));
#10285=CARTESIAN_POINT('',(-0.0371673690343187,-0.0255,-0.00959323095272557));
#10286=CARTESIAN_POINT('',(-0.0365776398784338,-0.0255,-0.00940151866770487));
#10287=CARTESIAN_POINT('',(-0.0342636034241422,-0.0255,-0.00940151866770487));
#10288=CARTESIAN_POINT('',(-0.0342636034241422,-0.0255,-0.00940151866770487));
#10289=CARTESIAN_POINT('',(-0.0365776398784338,-0.0255,-0.00940151866770487));
#10290=CARTESIAN_POINT('',(-0.0389341982490474,-0.0254999999999994,-0.00794128647340513));
#10291=CARTESIAN_POINT('',(-0.0341194857695595,-0.0255,-0.0088147756877075));
#10292=CARTESIAN_POINT('',(-0.0341191661780411,-0.0255,-0.00881483317231575));
#10293=CARTESIAN_POINT('',(-0.0389341982490474,-0.0255,-0.00794128647340513));
#10294=CARTESIAN_POINT('',(-0.0378237264349039,-0.0254999999999998,-0.0081522943044464));
#10295=CARTESIAN_POINT('',(-0.0340596903066299,-0.0255,-0.00811031039006735));
#10296=CARTESIAN_POINT('',(-0.0340596903066299,-0.0255,-0.00811031039006735));
#10297=CARTESIAN_POINT('',(-0.0378237264349039,-0.0255,-0.0081522943044464));
#10298=CARTESIAN_POINT('',(-0.0348192795466582,-0.0255,-0.00620246140096764));
#10299=CARTESIAN_POINT('',(-0.0348192795466582,-0.0235,-0.00620246140096764));
#10300=CARTESIAN_POINT('',(-0.0343128867199726,-0.0255,-0.00666836771629463));
#10301=CARTESIAN_POINT('',(-0.0343128867199726,-0.0235,-0.00666836771629463));
#10302=CARTESIAN_POINT('',(-0.0340596903066299,-0.0255,-0.00730431737932787));
#10303=CARTESIAN_POINT('',(-0.0340596903066299,-0.0235,-0.00730431737932787));
#10304=CARTESIAN_POINT('',(-0.0340596903066299,-0.0255,-0.00811031039006735));
#10305=CARTESIAN_POINT('',(-0.0340596903066299,-0.0235,-0.00811031039006735));
#10306=CARTESIAN_POINT('',(-0.0348192795466582,-0.0255,-0.00620246140096764));
#10307=CARTESIAN_POINT('',(-0.0340596903066299,-0.0255,-0.00690132087395813));
#10308=CARTESIAN_POINT('',(-0.0340596903066299,-0.0255,-0.00811031039006735));
#10309=CARTESIAN_POINT('',(-0.0361058163037544,-0.0255,-0.00813460229688253));
#10310=CARTESIAN_POINT('',(-0.0361058163037544,-0.0235,-0.00813460229688253));
#10311=CARTESIAN_POINT('',(-0.0361058163037544,-0.0255,-0.00781569316125764));
#10312=CARTESIAN_POINT('',(-0.0361058163037544,-0.0235,-0.00781569316125764));
#10313=CARTESIAN_POINT('',(-0.0362054754086372,-0.0255,-0.00757028261548379));
#10314=CARTESIAN_POINT('',(-0.0362054754086372,-0.0235,-0.00757028261548379));
#10315=CARTESIAN_POINT('',(-0.0364047936184028,-0.0255,-0.00739837065956099));
#10316=CARTESIAN_POINT('',(-0.0364047936184028,-0.0235,-0.00739837065956099));
#10317=CARTESIAN_POINT('',(-0.0361058163037544,-0.0235,-0.00813460229688253));
#10318=CARTESIAN_POINT('',(-0.0361058163037544,-0.0235,-0.00765623859344519));
#10319=CARTESIAN_POINT('',(-0.0364047936184028,-0.0235,-0.00739837065956099));
#10320=CARTESIAN_POINT('',(-0.0361058163037544,-0.0255,-0.00813460229688253));
#10321=CARTESIAN_POINT('',(-0.0361058163037544,-0.0255,-0.00765623859344519));
#10322=CARTESIAN_POINT('',(-0.0364047936184028,-0.0255,-0.00739837065956099));
#10323=CARTESIAN_POINT('',(0.,-0.0255,-0.0089));
#10324=CARTESIAN_POINT('',(0.,-0.0235,-0.0019));
#10325=CARTESIAN_POINT('',(-0.0305569842047029,-0.0255,-0.00768520202080175));
#10326=CARTESIAN_POINT('',(-0.030963406491803,-0.0255,-0.0055989009470213));
#10327=CARTESIAN_POINT('',(-0.030963406491803,-0.0255,-0.0055989009470213));
#10328=CARTESIAN_POINT('',(-0.0305569842047029,-0.0255,-0.00768520202080175));
#10329=CARTESIAN_POINT('',(-0.0301505619176028,-0.0255,-0.00977150309458219));
#10330=CARTESIAN_POINT('',(-0.0301505619176028,-0.0255,-0.00977150309458219));
#10331=CARTESIAN_POINT('',(-0.0320995202874667,-0.0255,-0.0055989009470213));
#10332=CARTESIAN_POINT('',(-0.0332356340831303,-0.0255,-0.0055989009470213));
#10333=CARTESIAN_POINT('',(-0.0332356340831303,-0.0255,-0.0055989009470213));
#10334=CARTESIAN_POINT('',(-0.0320995202874667,-0.0255,-0.0055989009470213));
#10335=CARTESIAN_POINT('',(-0.0324461471116371,-0.0255,-0.00882131581646544));
#10336=CARTESIAN_POINT('',(-0.0316566601401438,-0.0255,-0.0120437306859096));
#10337=CARTESIAN_POINT('',(-0.0316566601401438,-0.0255,-0.0120437306859096));
#10338=CARTESIAN_POINT('',(-0.0324461471116371,-0.0255,-0.00882131581646544));
#10339=CARTESIAN_POINT('',(-0.0327217668235785,-0.0255,-0.0137422955547554));
#10340=CARTESIAN_POINT('',(-0.0337868735070132,-0.0255,-0.0154408604236013));
#10341=CARTESIAN_POINT('',(-0.0337868735070132,-0.0255,-0.0154408604236013));
#10342=CARTESIAN_POINT('',(-0.0327217668235785,-0.0255,-0.0137422955547554));
#10343=CARTESIAN_POINT('',(-0.032686263267464,-0.0255,-0.0154408604236013));
#10344=CARTESIAN_POINT('',(-0.0315856530279148,-0.0255,-0.0154408604236013));
#10345=CARTESIAN_POINT('',(-0.0315856530279148,-0.0255,-0.0154408604236013));
#10346=CARTESIAN_POINT('',(-0.032686263267464,-0.0255,-0.0154408604236013));
#10347=CARTESIAN_POINT('',(-0.0286257776128962,-0.0255,-0.0105198806853113));
#10348=CARTESIAN_POINT('',(-0.0256659021978777,-0.0255,-0.0055989009470213));
#10349=CARTESIAN_POINT('',(-0.0256659021978777,-0.0255,-0.0055989009470213));
#10350=CARTESIAN_POINT('',(-0.0286257776128962,-0.0255,-0.0105198806853113));
#10351=CARTESIAN_POINT('',(-0.0267721182620765,-0.0255,-0.0055989009470213));
#10352=CARTESIAN_POINT('',(-0.0278783343262754,-0.0255,-0.0055989009470213));
#10353=CARTESIAN_POINT('',(-0.0278783343262754,-0.0255,-0.0055989009470213));
#10354=CARTESIAN_POINT('',(-0.0267721182620765,-0.0255,-0.0055989009470213));
#10355=CARTESIAN_POINT('',(-0.0290144481219391,-0.0255,-0.00768520202080174));
#10356=CARTESIAN_POINT('',(-0.0290144481219391,-0.0255,-0.00768520202080174));
#10357=CARTESIAN_POINT('',(0.,-0.0255,-0.0089));
#10358=CARTESIAN_POINT('',(-0.0227714280704385,-0.0255,-0.0123557882580738));
#10359=CARTESIAN_POINT('',(-0.0227714280704385,-0.0235,-0.0123557882580738));
#10360=CARTESIAN_POINT('',(-0.0236808174024938,-0.0255,-0.0123557882580738));
#10361=CARTESIAN_POINT('',(-0.0236808174024938,-0.0235,-0.0123557882580738));
#10362=CARTESIAN_POINT('',(-0.0244204748215457,-0.0255,-0.0121583386565248));
#10363=CARTESIAN_POINT('',(-0.0244204748215457,-0.0235,-0.0121583386565248));
#10364=CARTESIAN_POINT('',(-0.0249904003275941,-0.0255,-0.0117634394534267));
#10365=CARTESIAN_POINT('',(-0.0249904003275941,-0.0235,-0.0117634394534267));
#10366=CARTESIAN_POINT('',(-0.0227714280704385,-0.0255,-0.0123557882580738));
#10367=CARTESIAN_POINT('',(-0.0227714280704385,-0.0255,-0.0123557882580738));
#10368=CARTESIAN_POINT('',(-0.0227714280704385,-0.0255,-0.0123557882580738));
#10369=CARTESIAN_POINT('',(-0.0241355120685215,-0.0255,-0.0123557882580738));
#10370=CARTESIAN_POINT('',(-0.0249904003275941,-0.0255,-0.0117634394534267));
#10371=CARTESIAN_POINT('',(-0.0249904003275941,-0.0255,-0.0117634394534267));
#10372=CARTESIAN_POINT('',(-0.0249904003275941,-0.0255,-0.0117634394534267));
#10373=CARTESIAN_POINT('',(-0.0210373596454781,-0.0255,-0.0120269132119606));
#10374=CARTESIAN_POINT('',(-0.0210373596454781,-0.0235,-0.0120269132119606));
#10375=CARTESIAN_POINT('',(-0.0215319179534589,-0.0255,-0.0122461632427027));
#10376=CARTESIAN_POINT('',(-0.0215319179534589,-0.0235,-0.0122461632427027));
#10377=CARTESIAN_POINT('',(-0.022109940761779,-0.0255,-0.0123557882580738));
#10378=CARTESIAN_POINT('',(-0.022109940761779,-0.0235,-0.0123557882580738));
#10379=CARTESIAN_POINT('',(-0.0227714280704385,-0.0255,-0.0123557882580738));
#10380=CARTESIAN_POINT('',(-0.0227714280704385,-0.0235,-0.0123557882580738));
#10381=CARTESIAN_POINT('',(-0.0210373596454781,-0.0255,-0.0120269132119606));
#10382=CARTESIAN_POINT('',(-0.0210373596454781,-0.0255,-0.0120269132119606));
#10383=CARTESIAN_POINT('',(-0.0210373596454781,-0.0255,-0.0120269132119606));
#10384=CARTESIAN_POINT('',(-0.0217791971074493,-0.0255,-0.0123557882580738));
#10385=CARTESIAN_POINT('',(-0.0227714280704385,-0.0255,-0.0123557882580738));
#10386=CARTESIAN_POINT('',(-0.0199012458498144,-0.0255,-0.0111122294899583));
#10387=CARTESIAN_POINT('',(-0.0199012458498144,-0.0235,-0.0111122294899583));
#10388=CARTESIAN_POINT('',(-0.0201640967389427,-0.0255,-0.0115027686072177));
#10389=CARTESIAN_POINT('',(-0.0201640967389427,-0.0235,-0.0115027686072177));
#10390=CARTESIAN_POINT('',(-0.0205428013374973,-0.0255,-0.0118076631812185));
#10391=CARTESIAN_POINT('',(-0.0205428013374973,-0.0235,-0.0118076631812185));
#10392=CARTESIAN_POINT('',(-0.0210373596454781,-0.0255,-0.0120269132119606));
#10393=CARTESIAN_POINT('',(-0.0210373596454781,-0.0235,-0.0120269132119606));
#10394=CARTESIAN_POINT('',(-0.0199012458498144,-0.0255,-0.0111122294899583));
#10395=CARTESIAN_POINT('',(-0.0199012458498144,-0.0255,-0.0111122294899583));
#10396=CARTESIAN_POINT('',(-0.0199012458498144,-0.0255,-0.0111122294899583));
#10397=CARTESIAN_POINT('',(-0.0202955221835069,-0.0255,-0.0116980381658474));
#10398=CARTESIAN_POINT('',(-0.0210373596454781,-0.0255,-0.0120269132119606));
#10399=CARTESIAN_POINT('',(-0.0195069695161219,-0.0255,-0.00978458335209805));
#10400=CARTESIAN_POINT('',(-0.0195069695161219,-0.0235,-0.00978458335209805));
#10401=CARTESIAN_POINT('',(-0.0195069695161219,-0.0255,-0.0102791416600788));
#10402=CARTESIAN_POINT('',(-0.0195069695161219,-0.0235,-0.0102791416600788));
#10403=CARTESIAN_POINT('',(-0.0196383949606861,-0.0255,-0.0107216903726989));
#10404=CARTESIAN_POINT('',(-0.0196383949606861,-0.0235,-0.0107216903726989));
#10405=CARTESIAN_POINT('',(-0.0199012458498144,-0.0255,-0.0111122294899583));
#10406=CARTESIAN_POINT('',(-0.0199012458498144,-0.0235,-0.0111122294899583));
#10407=CARTESIAN_POINT('',(-0.0195069695161219,-0.0255,-0.00978458335209805));
#10408=CARTESIAN_POINT('',(-0.0195069695161219,-0.0255,-0.00978458335209805));
#10409=CARTESIAN_POINT('',(-0.0195069695161219,-0.0255,-0.00978458335209805));
#10410=CARTESIAN_POINT('',(-0.0195069695161219,-0.0255,-0.0105264208140692));
#10411=CARTESIAN_POINT('',(-0.0199012458498144,-0.0255,-0.0111122294899583));
#10412=CARTESIAN_POINT('',(-0.0198293044334771,-0.0255,-0.00865407538108402));
#10413=CARTESIAN_POINT('',(-0.0198293044334771,-0.0235,-0.00865407538108402));
#10414=CARTESIAN_POINT('',(-0.0196144144885737,-0.0255,-0.00896052712859857));
#10415=CARTESIAN_POINT('',(-0.0196144144885737,-0.0235,-0.00896052712859857));
#10416=CARTESIAN_POINT('',(-0.0195069695161219,-0.0255,-0.00933736311893658));
#10417=CARTESIAN_POINT('',(-0.0195069695161219,-0.0235,-0.00933736311893658));
#10418=CARTESIAN_POINT('',(-0.0195069695161219,-0.0255,-0.00978458335209805));
#10419=CARTESIAN_POINT('',(-0.0195069695161219,-0.0235,-0.00978458335209805));
#10420=CARTESIAN_POINT('',(-0.0198293044334771,-0.0255,-0.00865407538108402));
#10421=CARTESIAN_POINT('',(-0.0198293044334771,-0.0255,-0.00865407538108402));
#10422=CARTESIAN_POINT('',(-0.0198293044334771,-0.0255,-0.00865407538108402));
#10423=CARTESIAN_POINT('',(-0.0195069695161219,-0.0255,-0.00911375300235584));
#10424=CARTESIAN_POINT('',(-0.0195069695161219,-0.0255,-0.00978458335209805));
#10425=CARTESIAN_POINT('',(-0.0219753694539242,-0.0255,-0.0101277096345464));
#10426=CARTESIAN_POINT('',(-0.0206001053228049,-0.0255,-0.00791877804787076));
#10427=CARTESIAN_POINT('',(-0.0206001053228049,-0.0255,-0.00791877804787076));
#10428=CARTESIAN_POINT('',(-0.0219753694539242,-0.0255,-0.0101277096345464));
#10429=CARTESIAN_POINT('',(-0.0217549052006341,-0.0255,-0.0073198891144658));
#10430=CARTESIAN_POINT('',(-0.0217549052006341,-0.0235,-0.0073198891144658));
#10431=CARTESIAN_POINT('',(-0.021284015930063,-0.0255,-0.00753540192877481));
#10432=CARTESIAN_POINT('',(-0.021284015930063,-0.0235,-0.00753540192877481));
#10433=CARTESIAN_POINT('',(-0.0208990826374532,-0.0255,-0.00773503157324313));
#10434=CARTESIAN_POINT('',(-0.0208990826374532,-0.0235,-0.00773503157324313));
#10435=CARTESIAN_POINT('',(-0.0206001053228049,-0.0255,-0.00791877804787076));
#10436=CARTESIAN_POINT('',(-0.0206001053228049,-0.0235,-0.00791877804787076));
#10437=CARTESIAN_POINT('',(-0.0217549052006341,-0.0255,-0.0073198891144658));
#10438=CARTESIAN_POINT('',(-0.0217549052006341,-0.0255,-0.0073198891144658));
#10439=CARTESIAN_POINT('',(-0.0217549052006341,-0.0255,-0.0073198891144658));
#10440=CARTESIAN_POINT('',(-0.0210485712947774,-0.0255,-0.00764315833592932));
#10441=CARTESIAN_POINT('',(-0.0206001053228049,-0.0255,-0.00791877804787076));
#10442=CARTESIAN_POINT('',(-0.0227957199772537,-0.0255,-0.00675276652074224));
#10443=CARTESIAN_POINT('',(-0.0227957199772537,-0.0235,-0.00675276652074224));
#10444=CARTESIAN_POINT('',(-0.0225727327300784,-0.0255,-0.00691658117439331));
#10445=CARTESIAN_POINT('',(-0.0225727327300784,-0.0235,-0.00691658117439331));
#10446=CARTESIAN_POINT('',(-0.0222257944712052,-0.0255,-0.00710562203896783));
#10447=CARTESIAN_POINT('',(-0.0222257944712052,-0.0235,-0.00710562203896783));
#10448=CARTESIAN_POINT('',(-0.0217549052006341,-0.0255,-0.0073198891144658));
#10449=CARTESIAN_POINT('',(-0.0217549052006341,-0.0235,-0.0073198891144658));
#10450=CARTESIAN_POINT('',(-0.0227957199772537,-0.0255,-0.00675276652074224));
#10451=CARTESIAN_POINT('',(-0.0227957199772537,-0.0255,-0.00675276652074224));
#10452=CARTESIAN_POINT('',(-0.0227957199772537,-0.0255,-0.00675276652074224));
#10453=CARTESIAN_POINT('',(-0.0224612391064908,-0.0255,-0.00699848850121884));
#10454=CARTESIAN_POINT('',(-0.0217549052006341,-0.0255,-0.0073198891144658));
#10455=CARTESIAN_POINT('',(-0.0231302008480165,-0.0255,-0.00614827176268763));
#10456=CARTESIAN_POINT('',(-0.0231302008480165,-0.0235,-0.00614827176268763));
#10457=CARTESIAN_POINT('',(-0.0231302008480165,-0.0255,-0.0063874536144063));
#10458=CARTESIAN_POINT('',(-0.0231302008480165,-0.0235,-0.0063874536144063));
#10459=CARTESIAN_POINT('',(-0.0230187072244289,-0.0255,-0.00658895186709117));
#10460=CARTESIAN_POINT('',(-0.0230187072244289,-0.0235,-0.00658895186709117));
#10461=CARTESIAN_POINT('',(-0.0227957199772537,-0.0255,-0.00675276652074224));
#10462=CARTESIAN_POINT('',(-0.0227957199772537,-0.0235,-0.00675276652074224));
#10463=CARTESIAN_POINT('',(-0.0231302008480165,-0.0255,-0.00614827176268763));
#10464=CARTESIAN_POINT('',(-0.0231302008480165,-0.0255,-0.00614827176268763));
#10465=CARTESIAN_POINT('',(-0.0231302008480165,-0.0255,-0.00614827176268763));
#10466=CARTESIAN_POINT('',(-0.0231302008480165,-0.0255,-0.00650704454026563));
#10467=CARTESIAN_POINT('',(-0.0227957199772537,-0.0255,-0.00675276652074224));
#10468=CARTESIAN_POINT('',(-0.022861121264833,-0.0255,-0.00558021486485578));
#10469=CARTESIAN_POINT('',(-0.022861121264833,-0.0235,-0.00558021486485578));
#10470=CARTESIAN_POINT('',(-0.023040507653622,-0.0255,-0.00571973761169167));
#10471=CARTESIAN_POINT('',(-0.023040507653622,-0.0235,-0.00571973761169167));
#10472=CARTESIAN_POINT('',(-0.0231302008480165,-0.0255,-0.00590908991096896));
#10473=CARTESIAN_POINT('',(-0.0231302008480165,-0.0235,-0.00590908991096896));
#10474=CARTESIAN_POINT('',(-0.0231302008480165,-0.0255,-0.00614827176268763));
#10475=CARTESIAN_POINT('',(-0.0231302008480165,-0.0235,-0.00614827176268763));
#10476=CARTESIAN_POINT('',(-0.022861121264833,-0.0255,-0.00558021486485578));
#10477=CARTESIAN_POINT('',(-0.022861121264833,-0.0255,-0.00558021486485578));
#10478=CARTESIAN_POINT('',(-0.022861121264833,-0.0255,-0.00558021486485578));
#10479=CARTESIAN_POINT('',(-0.0231302008480165,-0.0255,-0.00578949898510962));
#10480=CARTESIAN_POINT('',(-0.0231302008480165,-0.0255,-0.00614827176268763));
#10481=CARTESIAN_POINT('',(-0.0221622617918425,-0.0255,-0.00537093074460194));
#10482=CARTESIAN_POINT('',(-0.0221622617918425,-0.0235,-0.00537093074460194));
#10483=CARTESIAN_POINT('',(-0.0224487817183805,-0.0255,-0.00537093074460194));
#10484=CARTESIAN_POINT('',(-0.0224487817183805,-0.0235,-0.00537093074460194));
#10485=CARTESIAN_POINT('',(-0.022681734876044,-0.0255,-0.00544069211801989));
#10486=CARTESIAN_POINT('',(-0.022681734876044,-0.0235,-0.00544069211801989));
#10487=CARTESIAN_POINT('',(-0.022861121264833,-0.0255,-0.00558021486485578));
#10488=CARTESIAN_POINT('',(-0.022861121264833,-0.0235,-0.00558021486485578));
#10489=CARTESIAN_POINT('',(-0.0221622617918425,-0.0255,-0.00537093074460194));
#10490=CARTESIAN_POINT('',(-0.0221622617918425,-0.0255,-0.00537093074460194));
#10491=CARTESIAN_POINT('',(-0.0221622617918425,-0.0255,-0.00537093074460194));
#10492=CARTESIAN_POINT('',(-0.0225920416816495,-0.0255,-0.00537093074460194));
#10493=CARTESIAN_POINT('',(-0.022861121264833,-0.0255,-0.00558021486485578));
#10494=CARTESIAN_POINT('',(-0.0215213291735651,-0.0255,-0.00558021486485578));
#10495=CARTESIAN_POINT('',(-0.0215213291735651,-0.0235,-0.00558021486485578));
#10496=CARTESIAN_POINT('',(-0.0216770465249444,-0.0255,-0.00544069211801989));
#10497=CARTESIAN_POINT('',(-0.0216770465249444,-0.0235,-0.00544069211801989));
#10498=CARTESIAN_POINT('',(-0.0218906907310369,-0.0255,-0.00537093074460194));
#10499=CARTESIAN_POINT('',(-0.0218906907310369,-0.0235,-0.00537093074460194));
#10500=CARTESIAN_POINT('',(-0.0221622617918425,-0.0255,-0.00537093074460194));
#10501=CARTESIAN_POINT('',(-0.0221622617918425,-0.0235,-0.00537093074460194));
#10502=CARTESIAN_POINT('',(-0.0215213291735651,-0.0255,-0.00558021486485578));
#10503=CARTESIAN_POINT('',(-0.0215213291735651,-0.0255,-0.00558021486485578));
#10504=CARTESIAN_POINT('',(-0.0215213291735651,-0.0255,-0.00558021486485578));
#10505=CARTESIAN_POINT('',(-0.0217549052006341,-0.0255,-0.00537093074460194));
#10506=CARTESIAN_POINT('',(-0.0221622617918425,-0.0255,-0.00537093074460194));
#10507=CARTESIAN_POINT('',(-0.0212877531464961,-0.0255,-0.00612397985587245));
#10508=CARTESIAN_POINT('',(-0.0212877531464961,-0.0235,-0.00612397985587245));
#10509=CARTESIAN_POINT('',(-0.0212877531464961,-0.0255,-0.00590099260869723));
#10510=CARTESIAN_POINT('',(-0.0212877531464961,-0.0235,-0.00590099260869723));
#10511=CARTESIAN_POINT('',(-0.0213656118221858,-0.0255,-0.00571973761169167));
#10512=CARTESIAN_POINT('',(-0.0213656118221858,-0.0235,-0.00571973761169167));
#10513=CARTESIAN_POINT('',(-0.0215213291735651,-0.0255,-0.00558021486485578));
#10514=CARTESIAN_POINT('',(-0.0215213291735651,-0.0235,-0.00558021486485578));
#10515=CARTESIAN_POINT('',(-0.0212877531464961,-0.0255,-0.00612397985587245));
#10516=CARTESIAN_POINT('',(-0.0212877531464961,-0.0255,-0.00612397985587245));
#10517=CARTESIAN_POINT('',(-0.0212877531464961,-0.0255,-0.00612397985587245));
#10518=CARTESIAN_POINT('',(-0.0212877531464961,-0.0255,-0.00578949898510962));
#10519=CARTESIAN_POINT('',(-0.0215213291735651,-0.0255,-0.00558021486485578));
#10520=CARTESIAN_POINT('',(-0.0218958245960905,-0.0254999999999998,-0.00614547003934411));
#10521=CARTESIAN_POINT('',(-0.0213002557115799,-0.0255,-0.00626786268854696));
#10522=CARTESIAN_POINT('',(-0.0213002557115799,-0.0255,-0.00626786268854696));
#10523=CARTESIAN_POINT('',(-0.0218958245960905,-0.0255,-0.00614547003934411));
#10524=CARTESIAN_POINT('',(-0.0202123691178703,-0.0255,-0.00626786268854696));
#10525=CARTESIAN_POINT('',(-0.0191233767771949,-0.0255,-0.00626786268854696));
#10526=CARTESIAN_POINT('',(-0.0191233767771949,-0.0255,-0.00626786268854696));
#10527=CARTESIAN_POINT('',(-0.0202123691178703,-0.0255,-0.00626786268854696));
#10528=CARTESIAN_POINT('',(-0.0214498364375477,-0.0255,-0.00604507496230496));
#10529=CARTESIAN_POINT('',(-0.0191126931824294,-0.0255,-0.00600438893001311));
#10530=CARTESIAN_POINT('',(-0.0191126931824294,-0.0255,-0.00600438893001311));
#10531=CARTESIAN_POINT('',(-0.0214498364375477,-0.0255,-0.00604507496230496));
#10532=CARTESIAN_POINT('',(-0.0194826776093068,-0.0255,-0.0048028738467701));
#10533=CARTESIAN_POINT('',(-0.0194826776093068,-0.0235,-0.0048028738467701));
#10534=CARTESIAN_POINT('',(-0.0192360213247219,-0.0255,-0.00514171480337155));
#10535=CARTESIAN_POINT('',(-0.0192360213247219,-0.0235,-0.00514171480337155));
#10536=CARTESIAN_POINT('',(-0.0191126931824294,-0.0255,-0.00554221983111922));
#10537=CARTESIAN_POINT('',(-0.0191126931824294,-0.0235,-0.00554221983111922));
#10538=CARTESIAN_POINT('',(-0.0191126931824294,-0.0255,-0.00600438893001311));
#10539=CARTESIAN_POINT('',(-0.0191126931824294,-0.0235,-0.00600438893001311));
#10540=CARTESIAN_POINT('',(-0.0194826776093068,-0.0255,-0.0048028738467701));
#10541=CARTESIAN_POINT('',(-0.0194826776093068,-0.0255,-0.0048028738467701));
#10542=CARTESIAN_POINT('',(-0.0194826776093068,-0.0255,-0.0048028738467701));
#10543=CARTESIAN_POINT('',(-0.0191126931824294,-0.0255,-0.00531113528167227));
#10544=CARTESIAN_POINT('',(-0.0191126931824294,-0.0255,-0.00600438893001311));
#10545=CARTESIAN_POINT('',(-0.020522558081818,-0.0255,-0.00402553282868442));
#10546=CARTESIAN_POINT('',(-0.020522558081818,-0.0235,-0.00402553282868442));
#10547=CARTESIAN_POINT('',(-0.020075960718062,-0.0255,-0.00420491921747342));
#10548=CARTESIAN_POINT('',(-0.020075960718062,-0.0235,-0.00420491921747342));
#10549=CARTESIAN_POINT('',(-0.0197293338938916,-0.0255,-0.00446403289016865));
#10550=CARTESIAN_POINT('',(-0.0197293338938916,-0.0235,-0.00446403289016865));
#10551=CARTESIAN_POINT('',(-0.0194826776093068,-0.0255,-0.0048028738467701));
#10552=CARTESIAN_POINT('',(-0.0194826776093068,-0.0235,-0.0048028738467701));
#10553=CARTESIAN_POINT('',(-0.020522558081818,-0.0255,-0.00402553282868442));
#10554=CARTESIAN_POINT('',(-0.020522558081818,-0.0255,-0.00402553282868442));
#10555=CARTESIAN_POINT('',(-0.020522558081818,-0.0255,-0.00402553282868442));
#10556=CARTESIAN_POINT('',(-0.019852662036184,-0.0255,-0.00429461241186792));
#10557=CARTESIAN_POINT('',(-0.0194826776093068,-0.0255,-0.0048028738467701));
#10558=CARTESIAN_POINT('',(-0.0220538825152824,-0.0255,-0.00375645324550091));
#10559=CARTESIAN_POINT('',(-0.0220538825152824,-0.0235,-0.00375645324550091));
#10560=CARTESIAN_POINT('',(-0.0214795969233954,-0.0255,-0.00375645324550091));
#10561=CARTESIAN_POINT('',(-0.0214795969233954,-0.0235,-0.00375645324550091));
#10562=CARTESIAN_POINT('',(-0.020969155445574,-0.0255,-0.00384614643989541));
#10563=CARTESIAN_POINT('',(-0.020969155445574,-0.0235,-0.00384614643989541));
#10564=CARTESIAN_POINT('',(-0.020522558081818,-0.0255,-0.00402553282868442));
#10565=CARTESIAN_POINT('',(-0.020522558081818,-0.0235,-0.00402553282868442));
#10566=CARTESIAN_POINT('',(-0.0220538825152824,-0.0255,-0.00375645324550091));
#10567=CARTESIAN_POINT('',(-0.0220538825152824,-0.0255,-0.00375645324550091));
#10568=CARTESIAN_POINT('',(-0.0220538825152824,-0.0255,-0.00375645324550091));
#10569=CARTESIAN_POINT('',(-0.0211924541274519,-0.0255,-0.00375645324550091));
#10570=CARTESIAN_POINT('',(-0.020522558081818,-0.0255,-0.00402553282868442));
#10571=CARTESIAN_POINT('',(-0.0237524473841284,-0.0255,-0.00407972246696443));
#10572=CARTESIAN_POINT('',(-0.0237524473841284,-0.0235,-0.00407972246696443));
#10573=CARTESIAN_POINT('',(-0.0232578890761476,-0.0255,-0.00386420965265542));
#10574=CARTESIAN_POINT('',(-0.0232578890761476,-0.0235,-0.00386420965265542));
#10575=CARTESIAN_POINT('',(-0.0226917007865322,-0.0255,-0.00375645324550091));
#10576=CARTESIAN_POINT('',(-0.0226917007865322,-0.0235,-0.00375645324550091));
#10577=CARTESIAN_POINT('',(-0.0220538825152824,-0.0255,-0.00375645324550091));
#10578=CARTESIAN_POINT('',(-0.0220538825152824,-0.0235,-0.00375645324550091));
#10579=CARTESIAN_POINT('',(-0.0237524473841284,-0.0255,-0.00407972246696443));
#10580=CARTESIAN_POINT('',(-0.0237524473841284,-0.0255,-0.00407972246696443));
#10581=CARTESIAN_POINT('',(-0.0237524473841284,-0.0255,-0.00407972246696443));
#10582=CARTESIAN_POINT('',(-0.0230106099221572,-0.0255,-0.00375645324550091));
#10583=CARTESIAN_POINT('',(-0.0220538825152824,-0.0255,-0.00375645324550091));
#10584=CARTESIAN_POINT('',(-0.0249128530866072,-0.0255,-0.00501309227113221));
#10585=CARTESIAN_POINT('',(-0.0249128530866072,-0.0235,-0.00501309227113221));
#10586=CARTESIAN_POINT('',(-0.0246338075929354,-0.0255,-0.00460635854932937));
#10587=CARTESIAN_POINT('',(-0.0246338075929354,-0.0235,-0.00460635854932937));
#10588=CARTESIAN_POINT('',(-0.0242470056921091,-0.0255,-0.00429523528127344));
#10589=CARTESIAN_POINT('',(-0.0242470056921091,-0.0235,-0.00429523528127344));
#10590=CARTESIAN_POINT('',(-0.0237524473841284,-0.0255,-0.00407972246696443));
#10591=CARTESIAN_POINT('',(-0.0237524473841284,-0.0235,-0.00407972246696443));
#10592=CARTESIAN_POINT('',(-0.0249128530866072,-0.0255,-0.00501309227113221));
#10593=CARTESIAN_POINT('',(-0.0249128530866072,-0.0255,-0.00501309227113221));
#10594=CARTESIAN_POINT('',(-0.0249128530866072,-0.0255,-0.00501309227113221));
#10595=CARTESIAN_POINT('',(-0.0244942848460995,-0.0255,-0.00440299168842795));
#10596=CARTESIAN_POINT('',(-0.0237524473841284,-0.0255,-0.00407972246696443));
#10597=CARTESIAN_POINT('',(-0.025318341069599,-0.0255,-0.00644724907733596));
#10598=CARTESIAN_POINT('',(-0.025318341069599,-0.0235,-0.00644724907733596));
#10599=CARTESIAN_POINT('',(-0.0253270612412763,-0.0255,-0.00589787826166964));
#10600=CARTESIAN_POINT('',(-0.0253270612412763,-0.0235,-0.00589787826166964));
#10601=CARTESIAN_POINT('',(-0.025191898580279,-0.0255,-0.00541982599293506));
#10602=CARTESIAN_POINT('',(-0.025191898580279,-0.0235,-0.00541982599293506));
#10603=CARTESIAN_POINT('',(-0.0249128530866072,-0.0255,-0.00501309227113221));
#10604=CARTESIAN_POINT('',(-0.0249128530866072,-0.0235,-0.00501309227113221));
#10605=CARTESIAN_POINT('',(-0.025318341069599,-0.0255,-0.00644724907733596));
#10606=CARTESIAN_POINT('',(-0.025318341069599,-0.0255,-0.00644724907733596));
#10607=CARTESIAN_POINT('',(-0.025318341069599,-0.0255,-0.00644724907733596));
#10608=CARTESIAN_POINT('',(-0.0253314213271149,-0.0255,-0.00562319285383648));
#10609=CARTESIAN_POINT('',(-0.0249128530866072,-0.0255,-0.00501309227113221));
#10610=CARTESIAN_POINT('',(-0.0249960061522438,-0.0255,-0.00756000527029275));
#10611=CARTESIAN_POINT('',(-0.0249960061522438,-0.0235,-0.00756000527029275));
#10612=CARTESIAN_POINT('',(-0.0252108960971473,-0.0255,-0.00726538804148304));
#10613=CARTESIAN_POINT('',(-0.0252108960971473,-0.0235,-0.00726538804148304));
#10614=CARTESIAN_POINT('',(-0.025318341069599,-0.0255,-0.00689446931049744));
#10615=CARTESIAN_POINT('',(-0.025318341069599,-0.0235,-0.00689446931049744));
#10616=CARTESIAN_POINT('',(-0.025318341069599,-0.0255,-0.00644724907733596));
#10617=CARTESIAN_POINT('',(-0.025318341069599,-0.0235,-0.00644724907733596));
#10618=CARTESIAN_POINT('',(-0.0249960061522438,-0.0255,-0.00756000527029275));
#10619=CARTESIAN_POINT('',(-0.0249960061522438,-0.0255,-0.00756000527029275));
#10620=CARTESIAN_POINT('',(-0.0249960061522438,-0.0255,-0.00756000527029275));
#10621=CARTESIAN_POINT('',(-0.025318341069599,-0.0255,-0.00711807942707818));
#10622=CARTESIAN_POINT('',(-0.025318341069599,-0.0255,-0.00644724907733596));
#10623=CARTESIAN_POINT('',(-0.0229466022968519,-0.0255,-0.00609983375852817));
#10624=CARTESIAN_POINT('',(-0.0242364169122153,-0.0255,-0.00825886474328325));
#10625=CARTESIAN_POINT('',(-0.0242364169122153,-0.0255,-0.00825886474328325));
#10626=CARTESIAN_POINT('',(-0.0229466022968519,-0.0255,-0.00609983375852817));
#10627=CARTESIAN_POINT('',(-0.0231059089412013,-0.0255,-0.00880356403840819));
#10628=CARTESIAN_POINT('',(-0.0231059089412013,-0.0235,-0.00880356403840819));
#10629=CARTESIAN_POINT('',(-0.0235680780400952,-0.0255,-0.00861172026150884));
#10630=CARTESIAN_POINT('',(-0.0235680780400952,-0.0235,-0.00861172026150884));
#10631=CARTESIAN_POINT('',(-0.0239449140304332,-0.0255,-0.00843015382980052));
#10632=CARTESIAN_POINT('',(-0.0239449140304332,-0.0235,-0.00843015382980052));
#10633=CARTESIAN_POINT('',(-0.0242364169122153,-0.0255,-0.00825886474328325));
#10634=CARTESIAN_POINT('',(-0.0242364169122153,-0.0235,-0.00825886474328325));
#10635=CARTESIAN_POINT('',(-0.0231059089412013,-0.0255,-0.00880356403840819));
#10636=CARTESIAN_POINT('',(-0.0231059089412013,-0.0255,-0.00880356403840819));
#10637=CARTESIAN_POINT('',(-0.0231059089412013,-0.0255,-0.00880356403840819));
#10638=CARTESIAN_POINT('',(-0.0237991625895421,-0.0255,-0.00851579837305916));
#10639=CARTESIAN_POINT('',(-0.0242364169122153,-0.0255,-0.00825886474328325));
#10640=CARTESIAN_POINT('',(-0.0220473423865245,-0.0255,-0.0093417232047752));
#10641=CARTESIAN_POINT('',(-0.0220473423865245,-0.0235,-0.0093417232047752));
#10642=CARTESIAN_POINT('',(-0.0222746897195384,-0.0255,-0.00918226863696275));
#10643=CARTESIAN_POINT('',(-0.0222746897195384,-0.0235,-0.00918226863696275));
#10644=CARTESIAN_POINT('',(-0.022627545237764,-0.0255,-0.00900288224817375));
#10645=CARTESIAN_POINT('',(-0.022627545237764,-0.0235,-0.00900288224817375));
#10646=CARTESIAN_POINT('',(-0.0231059089412013,-0.0255,-0.00880356403840819));
#10647=CARTESIAN_POINT('',(-0.0231059089412013,-0.0235,-0.00880356403840819));
#10648=CARTESIAN_POINT('',(-0.0220473423865245,-0.0255,-0.0093417232047752));
#10649=CARTESIAN_POINT('',(-0.0220473423865245,-0.0255,-0.0093417232047752));
#10650=CARTESIAN_POINT('',(-0.0220473423865245,-0.0255,-0.0093417232047752));
#10651=CARTESIAN_POINT('',(-0.0223883633860453,-0.0255,-0.00910254135305653));
#10652=CARTESIAN_POINT('',(-0.0231059089412013,-0.0255,-0.00880356403840819));
#10653=CARTESIAN_POINT('',(-0.0217063213870038,-0.0255,-0.00996396974088706));
#10654=CARTESIAN_POINT('',(-0.0217063213870038,-0.0235,-0.00996396974088706));
#10655=CARTESIAN_POINT('',(-0.0217063213870038,-0.0255,-0.00970859328462493));
#10656=CARTESIAN_POINT('',(-0.0217063213870038,-0.0235,-0.00970859328462493));
#10657=CARTESIAN_POINT('',(-0.0218199950535107,-0.0255,-0.00950117777258765));
#10658=CARTESIAN_POINT('',(-0.0218199950535107,-0.0235,-0.00950117777258765));
#10659=CARTESIAN_POINT('',(-0.0220473423865245,-0.0255,-0.0093417232047752));
#10660=CARTESIAN_POINT('',(-0.0220473423865245,-0.0235,-0.0093417232047752));
#10661=CARTESIAN_POINT('',(-0.0217063213870038,-0.0255,-0.00996396974088706));
#10662=CARTESIAN_POINT('',(-0.0217063213870038,-0.0255,-0.00996396974088706));
#10663=CARTESIAN_POINT('',(-0.0217063213870038,-0.0255,-0.00996396974088706));
#10664=CARTESIAN_POINT('',(-0.0217063213870038,-0.0255,-0.00958090505649387));
#10665=CARTESIAN_POINT('',(-0.0220473423865245,-0.0255,-0.0093417232047752));
#10666=CARTESIAN_POINT('',(-0.0219754009701872,-0.0255,-0.0105376324633686));
#10667=CARTESIAN_POINT('',(-0.0219754009701872,-0.0235,-0.0105376324633686));
#10668=CARTESIAN_POINT('',(-0.0217960145813983,-0.0255,-0.0104018469329658));
#10669=CARTESIAN_POINT('',(-0.0217960145813983,-0.0235,-0.0104018469329658));
#10670=CARTESIAN_POINT('',(-0.0217063213870038,-0.0255,-0.0102106260254719));
#10671=CARTESIAN_POINT('',(-0.0217063213870038,-0.0235,-0.0102106260254719));
#10672=CARTESIAN_POINT('',(-0.0217063213870038,-0.0255,-0.00996396974088706));
#10673=CARTESIAN_POINT('',(-0.0217063213870038,-0.0235,-0.00996396974088706));
#10674=CARTESIAN_POINT('',(-0.0219754009701872,-0.0255,-0.0105376324633686));
#10675=CARTESIAN_POINT('',(-0.0219754009701872,-0.0255,-0.0105376324633686));
#10676=CARTESIAN_POINT('',(-0.0219754009701872,-0.0255,-0.0105376324633686));
#10677=CARTESIAN_POINT('',(-0.0217063213870038,-0.0255,-0.0103339541677644));
#10678=CARTESIAN_POINT('',(-0.0217063213870038,-0.0255,-0.00996396974088706));
#10679=CARTESIAN_POINT('',(-0.0227116326075088,-0.0255,-0.0107413107589727));
#10680=CARTESIAN_POINT('',(-0.0227116326075088,-0.0235,-0.0107413107589727));
#10681=CARTESIAN_POINT('',(-0.0224001979047501,-0.0255,-0.0107413107589727));
#10682=CARTESIAN_POINT('',(-0.0224001979047501,-0.0235,-0.0107413107589727));
#10683=CARTESIAN_POINT('',(-0.0221547873589763,-0.0255,-0.0106734179937713));
#10684=CARTESIAN_POINT('',(-0.0221547873589763,-0.0235,-0.0106734179937713));
#10685=CARTESIAN_POINT('',(-0.0219754009701872,-0.0255,-0.0105376324633686));
#10686=CARTESIAN_POINT('',(-0.0219754009701872,-0.0235,-0.0105376324633686));
#10687=CARTESIAN_POINT('',(-0.0227116326075088,-0.0255,-0.0107413107589727));
#10688=CARTESIAN_POINT('',(-0.0227116326075088,-0.0255,-0.0107413107589727));
#10689=CARTESIAN_POINT('',(-0.0227116326075088,-0.0255,-0.0107413107589727));
#10690=CARTESIAN_POINT('',(-0.0222444805533707,-0.0255,-0.0107413107589727));
#10691=CARTESIAN_POINT('',(-0.0219754009701872,-0.0255,-0.0105376324633686));
#10692=CARTESIAN_POINT('',(-0.0234768276721869,-0.0255,-0.0104778370004389));
#10693=CARTESIAN_POINT('',(-0.0234768276721869,-0.0235,-0.0104778370004389));
#10694=CARTESIAN_POINT('',(-0.0233092758021027,-0.0255,-0.0106534861727948));
#10695=CARTESIAN_POINT('',(-0.0233092758021027,-0.0235,-0.0106534861727948));
#10696=CARTESIAN_POINT('',(-0.0230542107805434,-0.0255,-0.0107413107589727));
#10697=CARTESIAN_POINT('',(-0.0230542107805434,-0.0235,-0.0107413107589727));
#10698=CARTESIAN_POINT('',(-0.0227116326075088,-0.0255,-0.0107413107589727));
#10699=CARTESIAN_POINT('',(-0.0227116326075088,-0.0235,-0.0107413107589727));
#10700=CARTESIAN_POINT('',(-0.0234768276721869,-0.0255,-0.0104778370004389));
#10701=CARTESIAN_POINT('',(-0.0234768276721869,-0.0255,-0.0104778370004389));
#10702=CARTESIAN_POINT('',(-0.0234768276721869,-0.0255,-0.0104778370004389));
#10703=CARTESIAN_POINT('',(-0.0232254998670606,-0.0255,-0.0107413107589727));
#10704=CARTESIAN_POINT('',(-0.0227116326075088,-0.0255,-0.0107413107589727));
#10705=CARTESIAN_POINT('',(-0.0236926519211987,-0.0255,-0.00976029144528287));
#10706=CARTESIAN_POINT('',(-0.0236926519211987,-0.0235,-0.00976029144528287));
#10707=CARTESIAN_POINT('',(-0.0237163209586083,-0.0255,-0.0100630059763643));
#10708=CARTESIAN_POINT('',(-0.0237163209586083,-0.0235,-0.0100630059763643));
#10709=CARTESIAN_POINT('',(-0.0236443795422711,-0.0255,-0.010302187828083));
#10710=CARTESIAN_POINT('',(-0.0236443795422711,-0.0235,-0.010302187828083));
#10711=CARTESIAN_POINT('',(-0.0234768276721869,-0.0255,-0.0104778370004389));
#10712=CARTESIAN_POINT('',(-0.0234768276721869,-0.0235,-0.0104778370004389));
#10713=CARTESIAN_POINT('',(-0.0236926519211987,-0.0255,-0.00976029144528287));
#10714=CARTESIAN_POINT('',(-0.0236926519211987,-0.0255,-0.00976029144528287));
#10715=CARTESIAN_POINT('',(-0.0236926519211987,-0.0255,-0.00976029144528287));
#10716=CARTESIAN_POINT('',(-0.0237281554773131,-0.0255,-0.010214363241905));
#10717=CARTESIAN_POINT('',(-0.0234768276721869,-0.0255,-0.0104778370004389));
#10718=CARTESIAN_POINT('',(-0.0247568243005251,-0.0255,-0.00976029144528287));
#10719=CARTESIAN_POINT('',(-0.0258205984124489,-0.0255,-0.00976029144528287));
#10720=CARTESIAN_POINT('',(-0.0258205984124489,-0.0255,-0.00976029144528287));
#10721=CARTESIAN_POINT('',(-0.0247568243005251,-0.0255,-0.00976029144528287));
#10722=CARTESIAN_POINT('',(-0.0225424634712619,-0.025499999999999,-0.0101785092967451));
#10723=CARTESIAN_POINT('',(-0.0258452885866667,-0.0255,-0.0100835606667464));
#10724=CARTESIAN_POINT('',(-0.0258452885866667,-0.0255,-0.0100835606667464));
#10725=CARTESIAN_POINT('',(-0.0225424634712619,-0.0255,-0.0101785092967451));
#10726=CARTESIAN_POINT('',(-0.0249904003275941,-0.0255,-0.0117634394534267));
#10727=CARTESIAN_POINT('',(-0.0249904003275941,-0.0235,-0.0117634394534267));
#10728=CARTESIAN_POINT('',(-0.0255603258336425,-0.0255,-0.0113685402503287));
#10729=CARTESIAN_POINT('',(-0.0255603258336425,-0.0235,-0.0113685402503287));
#10730=CARTESIAN_POINT('',(-0.0258452885866667,-0.0255,-0.0108085806547686));
#10731=CARTESIAN_POINT('',(-0.0258452885866667,-0.0235,-0.0108085806547686));
#10732=CARTESIAN_POINT('',(-0.0258452885866667,-0.0255,-0.0100835606667464));
#10733=CARTESIAN_POINT('',(-0.0258452885866667,-0.0235,-0.0100835606667464));
#10734=CARTESIAN_POINT('',(-0.0249904003275941,-0.0255,-0.0117634394534267));
#10735=CARTESIAN_POINT('',(-0.0258452885866667,-0.0255,-0.0111710906487797));
#10736=CARTESIAN_POINT('',(-0.0258452885866667,-0.0255,-0.0100835606667464));
#10737=CARTESIAN_POINT('',(0.,-0.0255,-0.0089));
#10738=CARTESIAN_POINT('',(-0.0158407601952467,-0.0255,-0.0078468366315335));
#10739=CARTESIAN_POINT('',(-0.0150578133525113,-0.0255,-0.00342197237473808));
#10740=CARTESIAN_POINT('',(-0.0150578133525113,-0.0255,-0.00342197237473808));
#10741=CARTESIAN_POINT('',(-0.0158407601952467,-0.0255,-0.0078468366315335));
#10742=CARTESIAN_POINT('',(-0.016623707037982,-0.0255,-0.0122717008883289));
#10743=CARTESIAN_POINT('',(-0.016623707037982,-0.0255,-0.0122717008883289));
#10744=CARTESIAN_POINT('',(-0.0160799420469653,-0.0255,-0.00342197237473808));
#10745=CARTESIAN_POINT('',(-0.0171020707414193,-0.0255,-0.00342197237473808));
#10746=CARTESIAN_POINT('',(-0.0171020707414193,-0.0255,-0.00342197237473808));
#10747=CARTESIAN_POINT('',(-0.0160799420469653,-0.0255,-0.00342197237473808));
#10748=CARTESIAN_POINT('',(-0.0178859518882629,-0.0255,-0.0078468366315335));
#10749=CARTESIAN_POINT('',(-0.0186698330351065,-0.0255,-0.0122717008883289));
#10750=CARTESIAN_POINT('',(-0.0186698330351065,-0.0255,-0.0122717008883289));
#10751=CARTESIAN_POINT('',(-0.0178859518882629,-0.0255,-0.0078468366315335));
#10752=CARTESIAN_POINT('',(-0.0176467700365443,-0.0255,-0.0122717008883289));
#10753=CARTESIAN_POINT('',(-0.0176467700365443,-0.0255,-0.0122717008883289));
#10754=CARTESIAN_POINT('',(0.,-0.0255,-0.0089));
#10755=CARTESIAN_POINT('',(-0.0123582353225412,-0.0254999999999997,-0.0085155721630075));
#10756=CARTESIAN_POINT('',(-0.0123582353225412,-0.0235,-0.0085155721630075));
#10757=CARTESIAN_POINT('',(-0.00995090709667437,-0.0235,-0.00893436661356684));
#10758=CARTESIAN_POINT('',(-0.00991540354055988,-0.0235,-0.00854009027987434));
#10759=CARTESIAN_POINT('',(-0.00995090709667437,-0.0255,-0.00893436661356684));
#10760=CARTESIAN_POINT('',(-0.00995090709667437,-0.0255,-0.00893436661356684));
#10761=CARTESIAN_POINT('',(-0.0123582353225412,-0.0255,-0.0085155721630075));
#10762=CARTESIAN_POINT('',(-0.00991540354055988,-0.0255,-0.00854009027987434));
#10763=CARTESIAN_POINT('',(-0.00991540354055988,-0.0255,-0.00854009027987434));
#10764=CARTESIAN_POINT('',(-0.0105965112354931,-0.0255,-0.0101433561296761));
#10765=CARTESIAN_POINT('',(-0.0105965112354931,-0.0235,-0.0101433561296761));
#10766=CARTESIAN_POINT('',(-0.0102620303647303,-0.0255,-0.00984811603146083));
#10767=CARTESIAN_POINT('',(-0.0102620303647303,-0.0235,-0.00984811603146083));
#10768=CARTESIAN_POINT('',(-0.010046828985124,-0.0255,-0.00944511952609109));
#10769=CARTESIAN_POINT('',(-0.010046828985124,-0.0235,-0.00944511952609109));
#10770=CARTESIAN_POINT('',(-0.00995090709667437,-0.0255,-0.00893436661356684));
#10771=CARTESIAN_POINT('',(-0.00995090709667437,-0.0235,-0.00893436661356684));
#10772=CARTESIAN_POINT('',(-0.0105965112354931,-0.0235,-0.0101433561296761));
#10773=CARTESIAN_POINT('',(-0.0100947899293489,-0.0235,-0.00970049598235321));
#10774=CARTESIAN_POINT('',(-0.00995090709667437,-0.0235,-0.00893436661356684));
#10775=CARTESIAN_POINT('',(-0.0105965112354931,-0.0235,-0.0101433561296761));
#10776=CARTESIAN_POINT('',(-0.0105965112354931,-0.0255,-0.0101433561296761));
#10777=CARTESIAN_POINT('',(-0.0105965112354931,-0.0255,-0.0101433561296761));
#10778=CARTESIAN_POINT('',(-0.0105965112354931,-0.0255,-0.0101433561296761));
#10779=CARTESIAN_POINT('',(-0.0100947899293489,-0.0255,-0.00970049598235321));
#10780=CARTESIAN_POINT('',(-0.00995090709667437,-0.0255,-0.00893436661356684));
#10781=CARTESIAN_POINT('',(-0.0117092674284499,-0.0255,-0.0105862162769989));
#10782=CARTESIAN_POINT('',(-0.0117092674284499,-0.0235,-0.0105862162769989));
#10783=CARTESIAN_POINT('',(-0.0113019108372415,-0.0255,-0.0105862162769989));
#10784=CARTESIAN_POINT('',(-0.0113019108372415,-0.0235,-0.0105862162769989));
#10785=CARTESIAN_POINT('',(-0.0109309921062559,-0.0255,-0.0104385962278913));
#10786=CARTESIAN_POINT('',(-0.0109309921062559,-0.0235,-0.0104385962278913));
#10787=CARTESIAN_POINT('',(-0.0105965112354931,-0.0255,-0.0101433561296761));
#10788=CARTESIAN_POINT('',(-0.0105965112354931,-0.0235,-0.0101433561296761));
#10789=CARTESIAN_POINT('',(-0.0117092674284499,-0.0235,-0.0105862162769989));
#10790=CARTESIAN_POINT('',(-0.0110982325416374,-0.0235,-0.0105862162769989));
#10791=CARTESIAN_POINT('',(-0.0105965112354931,-0.0235,-0.0101433561296761));
#10792=CARTESIAN_POINT('',(-0.0117092674284499,-0.0235,-0.0105862162769989));
#10793=CARTESIAN_POINT('',(-0.0117092674284499,-0.0255,-0.0105862162769989));
#10794=CARTESIAN_POINT('',(-0.0117092674284499,-0.0255,-0.0105862162769989));
#10795=CARTESIAN_POINT('',(-0.0117092674284499,-0.0255,-0.0105862162769989));
#10796=CARTESIAN_POINT('',(-0.0110982325416374,-0.0255,-0.0105862162769989));
#10797=CARTESIAN_POINT('',(-0.0105965112354931,-0.0255,-0.0101433561296761));
#10798=CARTESIAN_POINT('',(-0.0125641556875225,-0.0255,-0.0102451952774781));
#10799=CARTESIAN_POINT('',(-0.0125641556875225,-0.0235,-0.0102451952774781));
#10800=CARTESIAN_POINT('',(-0.0123368083545087,-0.0255,-0.010472542610492));
#10801=CARTESIAN_POINT('',(-0.0123368083545087,-0.0235,-0.010472542610492));
#10802=CARTESIAN_POINT('',(-0.0120518456014845,-0.0255,-0.0105862162769989));
#10803=CARTESIAN_POINT('',(-0.0120518456014845,-0.0235,-0.0105862162769989));
#10804=CARTESIAN_POINT('',(-0.0117092674284499,-0.0255,-0.0105862162769989));
#10805=CARTESIAN_POINT('',(-0.0117092674284499,-0.0235,-0.0105862162769989));
#10806=CARTESIAN_POINT('',(-0.0125641556875225,-0.0235,-0.0102451952774781));
#10807=CARTESIAN_POINT('',(-0.0122231346880017,-0.0235,-0.0105862162769989));
#10808=CARTESIAN_POINT('',(-0.0117092674284499,-0.0235,-0.0105862162769989));
#10809=CARTESIAN_POINT('',(-0.0125641556875225,-0.0235,-0.0102451952774781));
#10810=CARTESIAN_POINT('',(-0.0125641556875225,-0.0255,-0.0102451952774781));
#10811=CARTESIAN_POINT('',(-0.0125641556875225,-0.0255,-0.0102451952774781));
#10812=CARTESIAN_POINT('',(-0.0125641556875225,-0.0255,-0.0102451952774781));
#10813=CARTESIAN_POINT('',(-0.0122231346880017,-0.0255,-0.0105862162769989));
#10814=CARTESIAN_POINT('',(-0.0117092674284499,-0.0255,-0.0105862162769989));
#10815=CARTESIAN_POINT('',(-0.0129051766870433,-0.0255,-0.00931743129796002));
#10816=CARTESIAN_POINT('',(-0.0129051766870433,-0.0235,-0.00931743129796002));
#10817=CARTESIAN_POINT('',(-0.0129051766870433,-0.0255,-0.00970859328462493));
#10818=CARTESIAN_POINT('',(-0.0129051766870433,-0.0235,-0.00970859328462493));
#10819=CARTESIAN_POINT('',(-0.0127915030205364,-0.0255,-0.0100178479444643));
#10820=CARTESIAN_POINT('',(-0.0127915030205364,-0.0235,-0.0100178479444643));
#10821=CARTESIAN_POINT('',(-0.0125641556875225,-0.0255,-0.0102451952774781));
#10822=CARTESIAN_POINT('',(-0.0125641556875225,-0.0235,-0.0102451952774781));
#10823=CARTESIAN_POINT('',(-0.0129051766870433,-0.0235,-0.00931743129796002));
#10824=CARTESIAN_POINT('',(-0.0129051766870433,-0.0235,-0.00990417427795739));
#10825=CARTESIAN_POINT('',(-0.0125641556875225,-0.0235,-0.0102451952774781));
#10826=CARTESIAN_POINT('',(-0.0129051766870433,-0.0235,-0.00931743129796002));
#10827=CARTESIAN_POINT('',(-0.0129051766870433,-0.0255,-0.00931743129796002));
#10828=CARTESIAN_POINT('',(-0.0129051766870433,-0.0255,-0.00931743129796002));
#10829=CARTESIAN_POINT('',(-0.0129051766870433,-0.0255,-0.00931743129796002));
#10830=CARTESIAN_POINT('',(-0.0129051766870433,-0.0255,-0.00990417427795739));
#10831=CARTESIAN_POINT('',(-0.0125641556875225,-0.0255,-0.0102451952774781));
#10832=CARTESIAN_POINT('',(-0.0104623449050636,-0.0254999999999997,-0.00934194941482677));
#10833=CARTESIAN_POINT('',(-0.0104623449050636,-0.0235,-0.00934194941482677));
#10834=CARTESIAN_POINT('',(-0.0128696731309288,-0.0235,-0.00892315496426752));
#10835=CARTESIAN_POINT('',(-0.0128696731309288,-0.0255,-0.00892315496426752));
#10836=CARTESIAN_POINT('',(-0.0128696731309288,-0.0255,-0.00892315496426752));
#10837=CARTESIAN_POINT('',(-0.0104623449050636,-0.0255,-0.00934194941482677));
#10838=CARTESIAN_POINT('',(-0.0122352806414093,-0.0255,-0.00772070557691624));
#10839=CARTESIAN_POINT('',(-0.0122352806414093,-0.0235,-0.00772070557691624));
#10840=CARTESIAN_POINT('',(-0.0125697615121722,-0.0255,-0.00801158558929285));
#10841=CARTESIAN_POINT('',(-0.0125697615121722,-0.0235,-0.00801158558929285));
#10842=CARTESIAN_POINT('',(-0.0127812256753453,-0.0255,-0.00841240205174328));
#10843=CARTESIAN_POINT('',(-0.0127812256753453,-0.0235,-0.00841240205174328));
#10844=CARTESIAN_POINT('',(-0.0128696731309288,-0.0255,-0.00892315496426752));
#10845=CARTESIAN_POINT('',(-0.0128696731309288,-0.0235,-0.00892315496426752));
#10846=CARTESIAN_POINT('',(-0.0122352806414093,-0.0235,-0.00772070557691624));
#10847=CARTESIAN_POINT('',(-0.0127370019475536,-0.0235,-0.00815702559548116));
#10848=CARTESIAN_POINT('',(-0.0128696731309288,-0.0235,-0.00892315496426752));
#10849=CARTESIAN_POINT('',(-0.0122352806414093,-0.0235,-0.00772070557691624));
#10850=CARTESIAN_POINT('',(-0.0122352806414093,-0.0255,-0.00772070557691624));
#10851=CARTESIAN_POINT('',(-0.0122352806414093,-0.0255,-0.00772070557691624));
#10852=CARTESIAN_POINT('',(-0.0122352806414093,-0.0255,-0.00772070557691624));
#10853=CARTESIAN_POINT('',(-0.0127370019475536,-0.0255,-0.00815702559548116));
#10854=CARTESIAN_POINT('',(-0.0128696731309288,-0.0255,-0.00892315496426752));
#10855=CARTESIAN_POINT('',(-0.0111225244484525,-0.0255,-0.00728438555835131));
#10856=CARTESIAN_POINT('',(-0.0111225244484525,-0.0235,-0.00728438555835131));
#10857=CARTESIAN_POINT('',(-0.0115298810396609,-0.0255,-0.00728438555835131));
#10858=CARTESIAN_POINT('',(-0.0115298810396609,-0.0235,-0.00728438555835131));
#10859=CARTESIAN_POINT('',(-0.0119007997706465,-0.0255,-0.00742982556453962));
#10860=CARTESIAN_POINT('',(-0.0119007997706465,-0.0235,-0.00742982556453962));
#10861=CARTESIAN_POINT('',(-0.0122352806414093,-0.0255,-0.00772070557691624));
#10862=CARTESIAN_POINT('',(-0.0122352806414093,-0.0235,-0.00772070557691624));
#10863=CARTESIAN_POINT('',(-0.0111225244484525,-0.0235,-0.00728438555835131));
#10864=CARTESIAN_POINT('',(-0.0117335593352651,-0.0235,-0.00728438555835131));
#10865=CARTESIAN_POINT('',(-0.0122352806414093,-0.0235,-0.00772070557691624));
#10866=CARTESIAN_POINT('',(-0.0111225244484525,-0.0235,-0.00728438555835131));
#10867=CARTESIAN_POINT('',(-0.0111225244484525,-0.0255,-0.00728438555835131));
#10868=CARTESIAN_POINT('',(-0.0111225244484525,-0.0255,-0.00728438555835131));
#10869=CARTESIAN_POINT('',(-0.0111225244484525,-0.0255,-0.00728438555835131));
#10870=CARTESIAN_POINT('',(-0.0117335593352651,-0.0255,-0.00728438555835131));
#10871=CARTESIAN_POINT('',(-0.0122352806414093,-0.0255,-0.00772070557691624));
#10872=CARTESIAN_POINT('',(-0.0102564245400806,-0.0255,-0.00761980073322242));
#10873=CARTESIAN_POINT('',(-0.0102564245400806,-0.0235,-0.00761980073322242));
#10874=CARTESIAN_POINT('',(-0.0104837718730945,-0.0255,-0.00739619061664168));
#10875=CARTESIAN_POINT('',(-0.0104837718730945,-0.0235,-0.00739619061664168));
#10876=CARTESIAN_POINT('',(-0.0107724718425518,-0.0255,-0.00728438555835131));
#10877=CARTESIAN_POINT('',(-0.0107724718425518,-0.0235,-0.00728438555835131));
#10878=CARTESIAN_POINT('',(-0.0111225244484525,-0.0255,-0.00728438555835131));
#10879=CARTESIAN_POINT('',(-0.0111225244484525,-0.0235,-0.00728438555835131));
#10880=CARTESIAN_POINT('',(-0.0102564245400806,-0.0235,-0.00761980073322242));
#10881=CARTESIAN_POINT('',(-0.0105974455396014,-0.0235,-0.00728438555835131));
#10882=CARTESIAN_POINT('',(-0.0111225244484525,-0.0235,-0.00728438555835131));
#10883=CARTESIAN_POINT('',(-0.0102564245400806,-0.0235,-0.00761980073322242));
#10884=CARTESIAN_POINT('',(-0.0102564245400806,-0.0255,-0.00761980073322242));
#10885=CARTESIAN_POINT('',(-0.0102564245400806,-0.0255,-0.00761980073322242));
#10886=CARTESIAN_POINT('',(-0.0102564245400806,-0.0255,-0.00761980073322242));
#10887=CARTESIAN_POINT('',(-0.0105974455396014,-0.0255,-0.00728438555835131));
#10888=CARTESIAN_POINT('',(-0.0111225244484525,-0.0255,-0.00728438555835131));
#10889=CARTESIAN_POINT('',(-0.0149494340759513,-0.0255,-0.00892315496426752));
#10890=CARTESIAN_POINT('',(-0.0149494340759513,-0.0235,-0.00892315496426752));
#10891=CARTESIAN_POINT('',(-0.014829843150092,-0.0255,-0.00823799861819841));
#10892=CARTESIAN_POINT('',(-0.014829843150092,-0.0235,-0.00823799861819841));
#10893=CARTESIAN_POINT('',(-0.0145947099495092,-0.0255,-0.00763630677246863));
#10894=CARTESIAN_POINT('',(-0.0145947099495092,-0.0235,-0.00763630677246863));
#10895=CARTESIAN_POINT('',(-0.0142440344742029,-0.0255,-0.00711807942707818));
#10896=CARTESIAN_POINT('',(-0.0142440344742029,-0.0235,-0.00711807942707818));
#10897=CARTESIAN_POINT('',(-0.0149494340759513,-0.0255,-0.00892315496426752));
#10898=CARTESIAN_POINT('',(-0.0149494340759513,-0.0255,-0.00892315496426752));
#10899=CARTESIAN_POINT('',(-0.0149494340759513,-0.0255,-0.00892315496426752));
#10900=CARTESIAN_POINT('',(-0.0147700476871623,-0.0255,-0.00789542044516386));
#10901=CARTESIAN_POINT('',(-0.0142440344742029,-0.0255,-0.00711807942707818));
#10902=CARTESIAN_POINT('',(-0.0142440344742029,-0.0255,-0.00711807942707818));
#10903=CARTESIAN_POINT('',(-0.0142440344742029,-0.0255,-0.00711807942707818));
#10904=CARTESIAN_POINT('',(-0.0101433326315814,-0.0254999999999997,-0.00976825184401374));
#10905=CARTESIAN_POINT('',(-0.0150223097963969,-0.0255,-0.0097359995384677));
#10906=CARTESIAN_POINT('',(-0.0150223097963969,-0.0255,-0.0097359995384677));
#10907=CARTESIAN_POINT('',(-0.0101433326315814,-0.0255,-0.00976825184401374));
#10908=CARTESIAN_POINT('',(-0.0147233324817485,-0.0255,-0.0111299812680156));
#10909=CARTESIAN_POINT('',(-0.0147233324817485,-0.0235,-0.0111299812680156));
#10910=CARTESIAN_POINT('',(-0.0149226506915141,-0.0255,-0.0107350820649176));
#10911=CARTESIAN_POINT('',(-0.0149226506915141,-0.0235,-0.0107350820649176));
#10912=CARTESIAN_POINT('',(-0.0150223097963969,-0.0255,-0.0102704214884016));
#10913=CARTESIAN_POINT('',(-0.0150223097963969,-0.0235,-0.0102704214884016));
#10914=CARTESIAN_POINT('',(-0.0150223097963969,-0.0255,-0.0097359995384677));
#10915=CARTESIAN_POINT('',(-0.0150223097963969,-0.0235,-0.0097359995384677));
#10916=CARTESIAN_POINT('',(-0.0147233324817485,-0.0255,-0.0111299812680156));
#10917=CARTESIAN_POINT('',(-0.0147233324817485,-0.0255,-0.0111299812680156));
#10918=CARTESIAN_POINT('',(-0.0147233324817485,-0.0255,-0.0111299812680156));
#10919=CARTESIAN_POINT('',(-0.0150223097963969,-0.0255,-0.0105376324633686));
#10920=CARTESIAN_POINT('',(-0.0150223097963969,-0.0255,-0.0097359995384677));
#10921=CARTESIAN_POINT('',(-0.0138796558719752,-0.0255,-0.0120446649900178));
#10922=CARTESIAN_POINT('',(-0.0138796558719752,-0.0235,-0.0120446649900178));
#10923=CARTESIAN_POINT('',(-0.0142427887353918,-0.0255,-0.0118297750451143));
#10924=CARTESIAN_POINT('',(-0.0142427887353918,-0.0235,-0.0118297750451143));
#10925=CARTESIAN_POINT('',(-0.0145240142719829,-0.0255,-0.0115248804711136));
#10926=CARTESIAN_POINT('',(-0.0145240142719829,-0.0235,-0.0115248804711136));
#10927=CARTESIAN_POINT('',(-0.0147233324817485,-0.0255,-0.0111299812680156));
#10928=CARTESIAN_POINT('',(-0.0147233324817485,-0.0235,-0.0111299812680156));
#10929=CARTESIAN_POINT('',(-0.0138796558719752,-0.0255,-0.0120446649900178));
#10930=CARTESIAN_POINT('',(-0.0138796558719752,-0.0255,-0.0120446649900178));
#10931=CARTESIAN_POINT('',(-0.0138796558719752,-0.0255,-0.0120446649900178));
#10932=CARTESIAN_POINT('',(-0.0144243551671001,-0.0255,-0.0117223300726626));
#10933=CARTESIAN_POINT('',(-0.0147233324817485,-0.0255,-0.0111299812680156));
#10934=CARTESIAN_POINT('',(-0.0126304912792101,-0.0255,-0.0123669999073731));
#10935=CARTESIAN_POINT('',(-0.0126304912792101,-0.0235,-0.0123669999073731));
#10936=CARTESIAN_POINT('',(-0.0131001348109702,-0.0255,-0.0123669999073731));
#10937=CARTESIAN_POINT('',(-0.0131001348109702,-0.0235,-0.0123669999073731));
#10938=CARTESIAN_POINT('',(-0.0135165230085586,-0.0255,-0.0122595549349213));
#10939=CARTESIAN_POINT('',(-0.0135165230085586,-0.0235,-0.0122595549349213));
#10940=CARTESIAN_POINT('',(-0.0138796558719752,-0.0255,-0.0120446649900178));
#10941=CARTESIAN_POINT('',(-0.0138796558719752,-0.0235,-0.0120446649900178));
#10942=CARTESIAN_POINT('',(-0.0126304912792101,-0.0255,-0.0123669999073731));
#10943=CARTESIAN_POINT('',(-0.0126304912792101,-0.0255,-0.0123669999073731));
#10944=CARTESIAN_POINT('',(-0.0126304912792101,-0.0255,-0.0123669999073731));
#10945=CARTESIAN_POINT('',(-0.0133349565768503,-0.0255,-0.0123669999073731));
#10946=CARTESIAN_POINT('',(-0.0138796558719752,-0.0255,-0.0120446649900178));
#10947=CARTESIAN_POINT('',(-0.0113383486974643,-0.0255,-0.0120801685461323));
#10948=CARTESIAN_POINT('',(-0.0113383486974643,-0.0235,-0.0120801685461323));
#10949=CARTESIAN_POINT('',(-0.0117288878147237,-0.0255,-0.0122713894536262));
#10950=CARTESIAN_POINT('',(-0.0117288878147237,-0.0235,-0.0122713894536262));
#10951=CARTESIAN_POINT('',(-0.012159602008639,-0.0255,-0.0123669999073731));
#10952=CARTESIAN_POINT('',(-0.012159602008639,-0.0235,-0.0123669999073731));
#10953=CARTESIAN_POINT('',(-0.0126304912792101,-0.0255,-0.0123669999073731));
#10954=CARTESIAN_POINT('',(-0.0126304912792101,-0.0235,-0.0123669999073731));
#10955=CARTESIAN_POINT('',(-0.0113383486974643,-0.0255,-0.0120801685461323));
#10956=CARTESIAN_POINT('',(-0.0113383486974643,-0.0255,-0.0120801685461323));
#10957=CARTESIAN_POINT('',(-0.0113383486974643,-0.0255,-0.0120801685461323));
#10958=CARTESIAN_POINT('',(-0.0119241573733534,-0.0255,-0.0123669999073731));
#10959=CARTESIAN_POINT('',(-0.0126304912792101,-0.0255,-0.0123669999073731));
#10960=CARTESIAN_POINT('',(-0.010369475337182,-0.0255,-0.0113261851307535));
#10961=CARTESIAN_POINT('',(-0.010369475337182,-0.0235,-0.0113261851307535));
#10962=CARTESIAN_POINT('',(-0.0106248517934442,-0.0255,-0.0116376198335122));
#10963=CARTESIAN_POINT('',(-0.0106248517934442,-0.0235,-0.0116376198335122));
#10964=CARTESIAN_POINT('',(-0.0109478095802049,-0.0255,-0.0118889476386385));
#10965=CARTESIAN_POINT('',(-0.0109478095802049,-0.0235,-0.0118889476386385));
#10966=CARTESIAN_POINT('',(-0.0113383486974643,-0.0255,-0.0120801685461323));
#10967=CARTESIAN_POINT('',(-0.0113383486974643,-0.0235,-0.0120801685461323));
#10968=CARTESIAN_POINT('',(-0.010369475337182,-0.0255,-0.0113261851307535));
#10969=CARTESIAN_POINT('',(-0.010369475337182,-0.0255,-0.0113261851307535));
#10970=CARTESIAN_POINT('',(-0.010369475337182,-0.0255,-0.0113261851307535));
#10971=CARTESIAN_POINT('',(-0.0107525400215752,-0.0255,-0.0117933371848916));
#10972=CARTESIAN_POINT('',(-0.0113383486974643,-0.0255,-0.0120801685461323));
#10973=CARTESIAN_POINT('',(-0.0104591685315765,-0.0255,-0.0117989430095412));
#10974=CARTESIAN_POINT('',(-0.010548861725971,-0.0255,-0.0122717008883289));
#10975=CARTESIAN_POINT('',(-0.010548861725971,-0.0255,-0.0122717008883289));
#10976=CARTESIAN_POINT('',(-0.0104591685315765,-0.0255,-0.0117989430095412));
#10977=CARTESIAN_POINT('',(-0.00952673303151704,-0.0255,-0.0122717008883289));
#10978=CARTESIAN_POINT('',(-0.00850460433706303,-0.0255,-0.0122717008883289));
#10979=CARTESIAN_POINT('',(-0.00850460433706303,-0.0255,-0.0122717008883289));
#10980=CARTESIAN_POINT('',(-0.00952673303151704,-0.0255,-0.0122717008883289));
#10981=CARTESIAN_POINT('',(-0.00791225553241601,-0.0255,-0.00893530091767511));
#10982=CARTESIAN_POINT('',(-0.00731990672776899,-0.0255,-0.0055989009470213));
#10983=CARTESIAN_POINT('',(-0.00731990672776899,-0.0255,-0.0055989009470213));
#10984=CARTESIAN_POINT('',(-0.00791225553241601,-0.0255,-0.00893530091767511));
#10985=CARTESIAN_POINT('',(-0.00834203542222299,-0.0255,-0.0055989009470213));
#10986=CARTESIAN_POINT('',(-0.009364164116677,-0.0255,-0.0055989009470213));
#10987=CARTESIAN_POINT('',(-0.009364164116677,-0.0255,-0.0055989009470213));
#10988=CARTESIAN_POINT('',(-0.00834203542222299,-0.0255,-0.0055989009470213));
#10989=CARTESIAN_POINT('',(-0.00944825148642185,-0.0255,-0.00607072452170071));
#10990=CARTESIAN_POINT('',(-0.0095323388561667,-0.0255,-0.00654254809638012));
#10991=CARTESIAN_POINT('',(-0.0095323388561667,-0.0255,-0.00654254809638012));
#10992=CARTESIAN_POINT('',(-0.00944825148642185,-0.0255,-0.00607072452170071));
#10993=CARTESIAN_POINT('',(-0.0102255925045075,-0.0255,-0.00579043328921789));
#10994=CARTESIAN_POINT('',(-0.0102255925045075,-0.0235,-0.00579043328921789));
#10995=CARTESIAN_POINT('',(-0.00990668336888263,-0.0255,-0.00598165419671172));
#10996=CARTESIAN_POINT('',(-0.00990668336888263,-0.0235,-0.00598165419671172));
#10997=CARTESIAN_POINT('',(-0.00967559881943569,-0.0255,-0.00623235913243247));
#10998=CARTESIAN_POINT('',(-0.00967559881943569,-0.0235,-0.00623235913243247));
#10999=CARTESIAN_POINT('',(-0.00953233885616669,-0.0255,-0.00654254809638012));
#11000=CARTESIAN_POINT('',(-0.00953233885616669,-0.0235,-0.00654254809638012));
#11001=CARTESIAN_POINT('',(-0.0102255925045075,-0.0255,-0.00579043328921789));
#11002=CARTESIAN_POINT('',(-0.0102255925045075,-0.0255,-0.00579043328921789));
#11003=CARTESIAN_POINT('',(-0.0102255925045075,-0.0255,-0.00579043328921789));
#11004=CARTESIAN_POINT('',(-0.00974722880107019,-0.0255,-0.00607726465045864));
#11005=CARTESIAN_POINT('',(-0.00953233885616669,-0.0255,-0.00654254809638012));
#11006=CARTESIAN_POINT('',(-0.0114102901138016,-0.0255,-0.00550360192797714));
#11007=CARTESIAN_POINT('',(-0.0114102901138016,-0.0235,-0.00550360192797714));
#11008=CARTESIAN_POINT('',(-0.0109394008432304,-0.0255,-0.00550360192797714));
#11009=CARTESIAN_POINT('',(-0.0109394008432304,-0.0235,-0.00550360192797714));
#11010=CARTESIAN_POINT('',(-0.0105445016401324,-0.0255,-0.00559921238172406));
#11011=CARTESIAN_POINT('',(-0.0105445016401324,-0.0235,-0.00559921238172406));
#11012=CARTESIAN_POINT('',(-0.0102255925045075,-0.0255,-0.00579043328921789));
#11013=CARTESIAN_POINT('',(-0.0102255925045075,-0.0235,-0.00579043328921789));
#11014=CARTESIAN_POINT('',(-0.0114102901138016,-0.0255,-0.00550360192797714));
#11015=CARTESIAN_POINT('',(-0.0114102901138016,-0.0255,-0.00550360192797714));
#11016=CARTESIAN_POINT('',(-0.0114102901138016,-0.0255,-0.00550360192797714));
#11017=CARTESIAN_POINT('',(-0.0107039562079449,-0.0255,-0.00550360192797714));
#11018=CARTESIAN_POINT('',(-0.0102255925045075,-0.0255,-0.00579043328921789));
#11019=CARTESIAN_POINT('',(-0.0114083596288823,-0.0255,-0.0086397593940669));
#11020=CARTESIAN_POINT('',(-0.0129761837992723,-0.0255,-0.00592217016848482));
#11021=CARTESIAN_POINT('',(-0.0129761837992723,-0.0255,-0.00592217016848482));
#11022=CARTESIAN_POINT('',(-0.0114083596288823,-0.0255,-0.0086397593940669));
#11023=CARTESIAN_POINT('',(-0.0142440344742029,-0.0255,-0.00711807942707818));
#11024=CARTESIAN_POINT('',(-0.0142440344742029,-0.0235,-0.00711807942707818));
#11025=CARTESIAN_POINT('',(-0.0138933589988966,-0.0255,-0.00659985208168773));
#11026=CARTESIAN_POINT('',(-0.0138933589988966,-0.0235,-0.00659985208168773));
#11027=CARTESIAN_POINT('',(-0.013470742107253,-0.0255,-0.00620121566215661));
#11028=CARTESIAN_POINT('',(-0.013470742107253,-0.0235,-0.00620121566215661));
#11029=CARTESIAN_POINT('',(-0.0129761837992723,-0.0255,-0.00592217016848482));
#11030=CARTESIAN_POINT('',(-0.0129761837992723,-0.0235,-0.00592217016848482));
#11031=CARTESIAN_POINT('',(-0.0142440344742029,-0.0255,-0.00711807942707818));
#11032=CARTESIAN_POINT('',(-0.0137180212612434,-0.0255,-0.0063407384089925));
#11033=CARTESIAN_POINT('',(-0.0129761837992723,-0.0255,-0.00592217016848482));
#11034=CARTESIAN_POINT('',(-0.00991540354055988,-0.0255,-0.00854009027987434));
#11035=CARTESIAN_POINT('',(-0.00991540354055988,-0.0235,-0.00854009027987434));
#11036=CARTESIAN_POINT('',(-0.00991540354055988,-0.0255,-0.00815017403202047));
#11037=CARTESIAN_POINT('',(-0.00991540354055988,-0.0235,-0.00815017403202047));
#11038=CARTESIAN_POINT('',(-0.0100290772070668,-0.0255,-0.00784341084980316));
#11039=CARTESIAN_POINT('',(-0.0100290772070668,-0.0235,-0.00784341084980316));
#11040=CARTESIAN_POINT('',(-0.0102564245400806,-0.0255,-0.00761980073322242));
#11041=CARTESIAN_POINT('',(-0.0102564245400806,-0.0235,-0.00761980073322242));
#11042=CARTESIAN_POINT('',(-0.00991540354055988,-0.0235,-0.00854009027987434));
#11043=CARTESIAN_POINT('',(-0.00991540354055988,-0.0235,-0.00795521590809353));
#11044=CARTESIAN_POINT('',(-0.0102564245400806,-0.0235,-0.00761980073322242));
#11045=CARTESIAN_POINT('',(-0.00991540354055988,-0.0255,-0.00854009027987434));
#11046=CARTESIAN_POINT('',(-0.00991540354055988,-0.0255,-0.00795521590809353));
#11047=CARTESIAN_POINT('',(-0.0102564245400806,-0.0255,-0.00761980073322242));
#11048=CARTESIAN_POINT('',(0.,-0.0255,-0.0089));
#11049=CARTESIAN_POINT('',(0.,-0.0235,-0.0019));
#11050=CARTESIAN_POINT('',(-0.00424604621154074,-0.0255,-0.0123669999073731));
#11051=CARTESIAN_POINT('',(-0.00424604621154074,-0.0235,-0.0123669999073731));
#11052=CARTESIAN_POINT('',(-0.00477174798979741,-0.0255,-0.0123669999073731));
#11053=CARTESIAN_POINT('',(-0.00477174798979741,-0.0235,-0.0123669999073731));
#11054=CARTESIAN_POINT('',(-0.00524388299917958,-0.0255,-0.012283223972331));
#11055=CARTESIAN_POINT('',(-0.00524388299917958,-0.0235,-0.012283223972331));
#11056=CARTESIAN_POINT('',(-0.00566245123968726,-0.0255,-0.0121156721022468));
#11057=CARTESIAN_POINT('',(-0.00566245123968726,-0.0235,-0.0121156721022468));
#11058=CARTESIAN_POINT('',(-0.00424604621154074,-0.0255,-0.0123669999073731));
#11059=CARTESIAN_POINT('',(-0.00424604621154074,-0.0255,-0.0123669999073731));
#11060=CARTESIAN_POINT('',(-0.00424604621154074,-0.0255,-0.0123669999073731));
#11061=CARTESIAN_POINT('',(-0.00503459887892574,-0.0255,-0.0123669999073731));
#11062=CARTESIAN_POINT('',(-0.00566245123968726,-0.0255,-0.0121156721022468));
#11063=CARTESIAN_POINT('',(-0.00566245123968726,-0.0255,-0.0121156721022468));
#11064=CARTESIAN_POINT('',(-0.00566245123968726,-0.0255,-0.0121156721022468));
#11065=CARTESIAN_POINT('',(-0.00270911595342663,-0.0255,-0.0121222122310048));
#11066=CARTESIAN_POINT('',(-0.00270911595342663,-0.0235,-0.0121222122310048));
#11067=CARTESIAN_POINT('',(-0.00315945053361569,-0.0255,-0.0122854040152503));
#11068=CARTESIAN_POINT('',(-0.00315945053361569,-0.0235,-0.0122854040152503));
#11069=CARTESIAN_POINT('',(-0.00367176061965373,-0.0255,-0.0123669999073731));
#11070=CARTESIAN_POINT('',(-0.00367176061965373,-0.0235,-0.0123669999073731));
#11071=CARTESIAN_POINT('',(-0.00424604621154074,-0.0255,-0.0123669999073731));
#11072=CARTESIAN_POINT('',(-0.00424604621154074,-0.0235,-0.0123669999073731));
#11073=CARTESIAN_POINT('',(-0.00270911595342663,-0.0255,-0.0121222122310048));
#11074=CARTESIAN_POINT('',(-0.00270911595342663,-0.0255,-0.0121222122310048));
#11075=CARTESIAN_POINT('',(-0.00270911595342663,-0.0255,-0.0121222122310048));
#11076=CARTESIAN_POINT('',(-0.00338461782371022,-0.0255,-0.0123669999073731));
#11077=CARTESIAN_POINT('',(-0.00424604621154074,-0.0255,-0.0123669999073731));
#11078=CARTESIAN_POINT('',(-0.00164494357410019,-0.0255,-0.0114112068046067));
#11079=CARTESIAN_POINT('',(-0.00164494357410019,-0.0235,-0.0114112068046067));
#11080=CARTESIAN_POINT('',(-0.00190405724679542,-0.0255,-0.0117220186379598));
#11081=CARTESIAN_POINT('',(-0.00190405724679542,-0.0235,-0.0117220186379598));
#11082=CARTESIAN_POINT('',(-0.00225878137323757,-0.0255,-0.0119590204467592));
#11083=CARTESIAN_POINT('',(-0.00225878137323757,-0.0235,-0.0119590204467592));
#11084=CARTESIAN_POINT('',(-0.00270911595342663,-0.0255,-0.0121222122310048));
#11085=CARTESIAN_POINT('',(-0.00270911595342663,-0.0235,-0.0121222122310048));
#11086=CARTESIAN_POINT('',(-0.00164494357410019,-0.0255,-0.0114112068046067));
#11087=CARTESIAN_POINT('',(-0.00164494357410019,-0.0255,-0.0114112068046067));
#11088=CARTESIAN_POINT('',(-0.00164494357410019,-0.0255,-0.0114112068046067));
#11089=CARTESIAN_POINT('',(-0.00203361408314303,-0.0255,-0.0118774245546364));
#11090=CARTESIAN_POINT('',(-0.00270911595342663,-0.0255,-0.0121222122310048));
#11091=CARTESIAN_POINT('',(-0.00125627306505735,-0.0255,-0.0102984506116499));
#11092=CARTESIAN_POINT('',(-0.00125627306505735,-0.0235,-0.0102984506116499));
#11093=CARTESIAN_POINT('',(-0.00125627306505735,-0.0255,-0.0107294762402679));
#11094=CARTESIAN_POINT('',(-0.00125627306505735,-0.0235,-0.0107294762402679));
#11095=CARTESIAN_POINT('',(-0.00138582990140497,-0.0255,-0.0111003949712535));
#11096=CARTESIAN_POINT('',(-0.00138582990140497,-0.0235,-0.0111003949712535));
#11097=CARTESIAN_POINT('',(-0.00164494357410019,-0.0255,-0.0114112068046067));
#11098=CARTESIAN_POINT('',(-0.00164494357410019,-0.0235,-0.0114112068046067));
#11099=CARTESIAN_POINT('',(-0.00125627306505735,-0.0255,-0.0102984506116499));
#11100=CARTESIAN_POINT('',(-0.00125627306505735,-0.0255,-0.0102984506116499));
#11101=CARTESIAN_POINT('',(-0.00125627306505735,-0.0255,-0.0102984506116499));
#11102=CARTESIAN_POINT('',(-0.00125627306505735,-0.0255,-0.0109449890545769));
#11103=CARTESIAN_POINT('',(-0.00164494357410019,-0.0255,-0.0114112068046067));
#11104=CARTESIAN_POINT('',(-0.00156085620435535,-0.0255,-0.00935947498283244));
#11105=CARTESIAN_POINT('',(-0.00156085620435535,-0.0235,-0.00935947498283244));
#11106=CARTESIAN_POINT('',(-0.00135780077815668,-0.0255,-0.00961049135325595));
#11107=CARTESIAN_POINT('',(-0.00135780077815668,-0.0235,-0.00961049135325595));
#11108=CARTESIAN_POINT('',(-0.00125627306505735,-0.0255,-0.00992348322952843));
#11109=CARTESIAN_POINT('',(-0.00125627306505735,-0.0235,-0.00992348322952843));
#11110=CARTESIAN_POINT('',(-0.00125627306505735,-0.0255,-0.0102984506116499));
#11111=CARTESIAN_POINT('',(-0.00125627306505735,-0.0235,-0.0102984506116499));
#11112=CARTESIAN_POINT('',(-0.00156085620435535,-0.0255,-0.00935947498283244));
#11113=CARTESIAN_POINT('',(-0.00156085620435535,-0.0255,-0.00935947498283244));
#11114=CARTESIAN_POINT('',(-0.00156085620435535,-0.0255,-0.00935947498283244));
#11115=CARTESIAN_POINT('',(-0.00125627306505735,-0.0255,-0.0097359995384677));
#11116=CARTESIAN_POINT('',(-0.00125627306505735,-0.0255,-0.0102984506116499));
#11117=CARTESIAN_POINT('',(-0.00324073993261721,-0.0255,-0.0107031497583359));
#11118=CARTESIAN_POINT('',(-0.00229054771291895,-0.0255,-0.00877366630694336));
#11119=CARTESIAN_POINT('',(-0.00229054771291895,-0.0255,-0.00877366630694336));
#11120=CARTESIAN_POINT('',(-0.00324073993261721,-0.0255,-0.0107031497583359));
#11121=CARTESIAN_POINT('',(-0.00336032591689505,-0.0255,-0.00834949224178602));
#11122=CARTESIAN_POINT('',(-0.00336032591689505,-0.0235,-0.00834949224178602));
#11123=CARTESIAN_POINT('',(-0.00293054602708805,-0.0255,-0.00849275220505502));
#11124=CARTESIAN_POINT('',(-0.00293054602708805,-0.0235,-0.00849275220505502));
#11125=CARTESIAN_POINT('',(-0.00257395329242936,-0.0255,-0.00863414356010747));
#11126=CARTESIAN_POINT('',(-0.00257395329242936,-0.0235,-0.00863414356010747));
#11127=CARTESIAN_POINT('',(-0.00229054771291895,-0.0255,-0.00877366630694336));
#11128=CARTESIAN_POINT('',(-0.00229054771291895,-0.0235,-0.00877366630694336));
#11129=CARTESIAN_POINT('',(-0.00336032591689505,-0.0255,-0.00834949224178602));
#11130=CARTESIAN_POINT('',(-0.00336032591689505,-0.0255,-0.00834949224178602));
#11131=CARTESIAN_POINT('',(-0.00336032591689505,-0.0255,-0.00834949224178602));
#11132=CARTESIAN_POINT('',(-0.00271565608218456,-0.0255,-0.00856438218668952));
#11133=CARTESIAN_POINT('',(-0.00229054771291895,-0.0255,-0.00877366630694336));
#11134=CARTESIAN_POINT('',(-0.00427594394300558,-0.0255,-0.00796082173274318));
#11135=CARTESIAN_POINT('',(-0.00427594394300558,-0.0235,-0.00796082173274318));
#11136=CARTESIAN_POINT('',(-0.00408036294967313,-0.0255,-0.00807667544216941));
#11137=CARTESIAN_POINT('',(-0.00408036294967313,-0.0235,-0.00807667544216941));
#11138=CARTESIAN_POINT('',(-0.00377515694096962,-0.0255,-0.00820623227851702));
#11139=CARTESIAN_POINT('',(-0.00377515694096962,-0.0235,-0.00820623227851702));
#11140=CARTESIAN_POINT('',(-0.00336032591689505,-0.0255,-0.00834949224178602));
#11141=CARTESIAN_POINT('',(-0.00336032591689505,-0.0235,-0.00834949224178602));
#11142=CARTESIAN_POINT('',(-0.00427594394300558,-0.0255,-0.00796082173274318));
#11143=CARTESIAN_POINT('',(-0.00427594394300558,-0.0255,-0.00796082173274318));
#11144=CARTESIAN_POINT('',(-0.00427594394300558,-0.0255,-0.00796082173274318));
#11145=CARTESIAN_POINT('',(-0.0039825724530069,-0.0255,-0.00813460229688253));
#11146=CARTESIAN_POINT('',(-0.00336032591689505,-0.0255,-0.00834949224178602));
#11147=CARTESIAN_POINT('',(-0.00456931543300426,-0.0255,-0.00752356741006999));
#11148=CARTESIAN_POINT('',(-0.00456931543300426,-0.0235,-0.00752356741006999));
#11149=CARTESIAN_POINT('',(-0.00456931543300426,-0.0255,-0.00769921658242588));
#11150=CARTESIAN_POINT('',(-0.00456931543300426,-0.0235,-0.00769921658242588));
#11151=CARTESIAN_POINT('',(-0.00447152493633803,-0.0255,-0.00784496802331695));
#11152=CARTESIAN_POINT('',(-0.00447152493633803,-0.0235,-0.00784496802331695));
#11153=CARTESIAN_POINT('',(-0.00427594394300558,-0.0255,-0.00796082173274318));
#11154=CARTESIAN_POINT('',(-0.00427594394300558,-0.0235,-0.00796082173274318));
#11155=CARTESIAN_POINT('',(-0.00456931543300426,-0.0255,-0.00752356741006999));
#11156=CARTESIAN_POINT('',(-0.00456931543300426,-0.0255,-0.00752356741006999));
#11157=CARTESIAN_POINT('',(-0.00456931543300426,-0.0255,-0.00752356741006999));
#11158=CARTESIAN_POINT('',(-0.00456931543300426,-0.0255,-0.00778704116860383));
#11159=CARTESIAN_POINT('',(-0.00427594394300558,-0.0255,-0.00796082173274318));
#11160=CARTESIAN_POINT('',(-0.00434788535934283,-0.0255,-0.00712929107637749));
#11161=CARTESIAN_POINT('',(-0.00434788535934283,-0.0235,-0.00712929107637749));
#11162=CARTESIAN_POINT('',(-0.00449550540845045,-0.0255,-0.00722521296482716));
#11163=CARTESIAN_POINT('',(-0.00449550540845045,-0.0235,-0.00722521296482716));
#11164=CARTESIAN_POINT('',(-0.00456931543300426,-0.0255,-0.00735663840939133));
#11165=CARTESIAN_POINT('',(-0.00456931543300426,-0.0235,-0.00735663840939133));
#11166=CARTESIAN_POINT('',(-0.00456931543300426,-0.0255,-0.00752356741006999));
#11167=CARTESIAN_POINT('',(-0.00456931543300426,-0.0235,-0.00752356741006999));
#11168=CARTESIAN_POINT('',(-0.00434788535934283,-0.0255,-0.00712929107637749));
#11169=CARTESIAN_POINT('',(-0.00434788535934283,-0.0255,-0.00712929107637749));
#11170=CARTESIAN_POINT('',(-0.00434788535934283,-0.0255,-0.00712929107637749));
#11171=CARTESIAN_POINT('',(-0.00456931543300426,-0.0255,-0.007273173909052));
#11172=CARTESIAN_POINT('',(-0.00456931543300426,-0.0255,-0.00752356741006999));
#11173=CARTESIAN_POINT('',(-0.00377889415740272,-0.0255,-0.00698540824370298));
#11174=CARTESIAN_POINT('',(-0.00377889415740272,-0.0235,-0.00698540824370298));
#11175=CARTESIAN_POINT('',(-0.00401060157625518,-0.0255,-0.00698540824370298));
#11176=CARTESIAN_POINT('',(-0.00401060157625518,-0.0235,-0.00698540824370298));
#11177=CARTESIAN_POINT('',(-0.00420026531023522,-0.0255,-0.00703336918792782));
#11178=CARTESIAN_POINT('',(-0.00420026531023522,-0.0235,-0.00703336918792782));
#11179=CARTESIAN_POINT('',(-0.00434788535934283,-0.0255,-0.00712929107637749));
#11180=CARTESIAN_POINT('',(-0.00434788535934283,-0.0235,-0.00712929107637749));
#11181=CARTESIAN_POINT('',(-0.00377889415740272,-0.0255,-0.00698540824370298));
#11182=CARTESIAN_POINT('',(-0.00377889415740272,-0.0255,-0.00698540824370298));
#11183=CARTESIAN_POINT('',(-0.00377889415740272,-0.0255,-0.00698540824370298));
#11184=CARTESIAN_POINT('',(-0.00412645528568141,-0.0255,-0.00698540824370298));
#11185=CARTESIAN_POINT('',(-0.00434788535934283,-0.0255,-0.00712929107637749));
#11186=CARTESIAN_POINT('',(-0.00309685215836119,-0.0255,-0.00720123249271475));
#11187=CARTESIAN_POINT('',(-0.00309685215836119,-0.0235,-0.00720123249271475));
#11188=CARTESIAN_POINT('',(-0.00325630672617364,-0.0255,-0.00705734966004024));
#11189=CARTESIAN_POINT('',(-0.00325630672617364,-0.0235,-0.00705734966004024));
#11190=CARTESIAN_POINT('',(-0.00348365405918748,-0.0255,-0.00698540824370298));
#11191=CARTESIAN_POINT('',(-0.00348365405918748,-0.0235,-0.00698540824370298));
#11192=CARTESIAN_POINT('',(-0.00377889415740272,-0.0255,-0.00698540824370298));
#11193=CARTESIAN_POINT('',(-0.00377889415740272,-0.0235,-0.00698540824370298));
#11194=CARTESIAN_POINT('',(-0.00309685215836119,-0.0255,-0.00720123249271475));
#11195=CARTESIAN_POINT('',(-0.00309685215836119,-0.0255,-0.00720123249271475));
#11196=CARTESIAN_POINT('',(-0.00309685215836119,-0.0255,-0.00720123249271475));
#11197=CARTESIAN_POINT('',(-0.00333603401007986,-0.0255,-0.00698540824370298));
#11198=CARTESIAN_POINT('',(-0.00377889415740272,-0.0255,-0.00698540824370298));
#11199=CARTESIAN_POINT('',(-0.0028819622134577,-0.0255,-0.00777582951930452));
#11200=CARTESIAN_POINT('',(-0.0028819622134577,-0.0235,-0.00777582951930452));
#11201=CARTESIAN_POINT('',(-0.00286576760891425,-0.0255,-0.00753664766758585));
#11202=CARTESIAN_POINT('',(-0.00286576760891425,-0.0235,-0.00753664766758585));
#11203=CARTESIAN_POINT('',(-0.00293739759054875,-0.0255,-0.00734511532538926));
#11204=CARTESIAN_POINT('',(-0.00293739759054875,-0.0235,-0.00734511532538926));
#11205=CARTESIAN_POINT('',(-0.00309685215836119,-0.0255,-0.00720123249271475));
#11206=CARTESIAN_POINT('',(-0.00309685215836119,-0.0235,-0.00720123249271475));
#11207=CARTESIAN_POINT('',(-0.0028819622134577,-0.0255,-0.00777582951930452));
#11208=CARTESIAN_POINT('',(-0.0028819622134577,-0.0255,-0.00777582951930452));
#11209=CARTESIAN_POINT('',(-0.0028819622134577,-0.0255,-0.00777582951930452));
#11210=CARTESIAN_POINT('',(-0.00285767030664253,-0.0255,-0.00741705674172652));
#11211=CARTESIAN_POINT('',(-0.00309685215836119,-0.0255,-0.00720123249271475));
#11212=CARTESIAN_POINT('',(-0.00195513253804785,-0.0255,-0.00777582951930452));
#11213=CARTESIAN_POINT('',(-0.001028302862638,-0.0255,-0.00777582951930452));
#11214=CARTESIAN_POINT('',(-0.001028302862638,-0.0255,-0.00777582951930452));
#11215=CARTESIAN_POINT('',(-0.00195513253804785,-0.0255,-0.00777582951930452));
#11216=CARTESIAN_POINT('',(-0.00102269703798834,-0.0255,-0.00768613632491002));
#11217=CARTESIAN_POINT('',(-0.00101709121333868,-0.0255,-0.00759644313051552));
#11218=CARTESIAN_POINT('',(-0.00101745922612755,-0.0255,-0.0075964386759225));
#11219=CARTESIAN_POINT('',(-0.00102269703798834,-0.0255,-0.00768613632491002));
#11220=CARTESIAN_POINT('',(-0.00284897742487324,-0.0255,-0.00757426915239666));
#11221=CARTESIAN_POINT('',(-0.00135157208410151,-0.0255,-0.0065201247977815));
#11222=CARTESIAN_POINT('',(-0.00135157208410151,-0.0255,-0.0065201247977815));
#11223=CARTESIAN_POINT('',(-0.00284897742487324,-0.0255,-0.00757426915239666));
#11224=CARTESIAN_POINT('',(-0.00229615353756861,-0.0255,-0.00577268151116065));
#11225=CARTESIAN_POINT('',(-0.00229615353756861,-0.0235,-0.00577268151116065));
#11226=CARTESIAN_POINT('',(-0.00188941981576576,-0.0255,-0.00595206789994965));
#11227=CARTESIAN_POINT('',(-0.00188941981576576,-0.0235,-0.00595206789994965));
#11228=CARTESIAN_POINT('',(-0.00157455933127673,-0.0255,-0.0062012156621566));
#11229=CARTESIAN_POINT('',(-0.00157455933127673,-0.0235,-0.0062012156621566));
#11230=CARTESIAN_POINT('',(-0.00135157208410151,-0.0255,-0.0065201247977815));
#11231=CARTESIAN_POINT('',(-0.00135157208410151,-0.0235,-0.0065201247977815));
#11232=CARTESIAN_POINT('',(-0.00229615353756861,-0.0255,-0.00577268151116065));
#11233=CARTESIAN_POINT('',(-0.00229615353756861,-0.0255,-0.00577268151116065));
#11234=CARTESIAN_POINT('',(-0.00229615353756861,-0.0255,-0.00577268151116065));
#11235=CARTESIAN_POINT('',(-0.00168605295486434,-0.0255,-0.00604176109434415));
#11236=CARTESIAN_POINT('',(-0.00135157208410151,-0.0255,-0.0065201247977815));
#11237=CARTESIAN_POINT('',(-0.00373217895198892,-0.0255,-0.00550360192797714));
#11238=CARTESIAN_POINT('',(-0.00373217895198892,-0.0235,-0.00550360192797714));
#11239=CARTESIAN_POINT('',(-0.00318156239751156,-0.0255,-0.00550360192797714));
#11240=CARTESIAN_POINT('',(-0.00318156239751156,-0.0235,-0.00550360192797714));
#11241=CARTESIAN_POINT('',(-0.00270288725937146,-0.0255,-0.00559329512237164));
#11242=CARTESIAN_POINT('',(-0.00270288725937146,-0.0235,-0.00559329512237164));
#11243=CARTESIAN_POINT('',(-0.00229615353756861,-0.0255,-0.00577268151116065));
#11244=CARTESIAN_POINT('',(-0.00229615353756861,-0.0235,-0.00577268151116065));
#11245=CARTESIAN_POINT('',(-0.00373217895198892,-0.0255,-0.00550360192797714));
#11246=CARTESIAN_POINT('',(-0.00373217895198892,-0.0255,-0.00550360192797714));
#11247=CARTESIAN_POINT('',(-0.00373217895198892,-0.0255,-0.00550360192797714));
#11248=CARTESIAN_POINT('',(-0.00290625412027288,-0.0255,-0.00550360192797714));
#11249=CARTESIAN_POINT('',(-0.00229615353756861,-0.0255,-0.00577268151116065));
#11250=CARTESIAN_POINT('',(-0.00518408753624991,-0.0255,-0.00576614138240272));
#11251=CARTESIAN_POINT('',(-0.00518408753624991,-0.0235,-0.00576614138240272));
#11252=CARTESIAN_POINT('',(-0.00476551929574224,-0.0255,-0.00559111507945233));
#11253=CARTESIAN_POINT('',(-0.00476551929574224,-0.0235,-0.00559111507945233));
#11254=CARTESIAN_POINT('',(-0.00428154976765524,-0.0255,-0.00550360192797714));
#11255=CARTESIAN_POINT('',(-0.00428154976765524,-0.0235,-0.00550360192797714));
#11256=CARTESIAN_POINT('',(-0.00373217895198892,-0.0255,-0.00550360192797714));
#11257=CARTESIAN_POINT('',(-0.00373217895198892,-0.0235,-0.00550360192797714));
#11258=CARTESIAN_POINT('',(-0.00518408753624991,-0.0255,-0.00576614138240272));
#11259=CARTESIAN_POINT('',(-0.00518408753624991,-0.0255,-0.00576614138240272));
#11260=CARTESIAN_POINT('',(-0.00518408753624991,-0.0255,-0.00576614138240272));
#11261=CARTESIAN_POINT('',(-0.0045562351754884,-0.0255,-0.00550360192797714));
#11262=CARTESIAN_POINT('',(-0.00373217895198892,-0.0255,-0.00550360192797714));
#11263=CARTESIAN_POINT('',(-0.00615856672118184,-0.0255,-0.00650143871561598));
#11264=CARTESIAN_POINT('',(-0.00615856672118184,-0.0235,-0.00650143871561598));
#11265=CARTESIAN_POINT('',(-0.0059274821717349,-0.0255,-0.00618626679642419));
#11266=CARTESIAN_POINT('',(-0.0059274821717349,-0.0235,-0.00618626679642419));
#11267=CARTESIAN_POINT('',(-0.00560265577675759,-0.0255,-0.0059411676853531));
#11268=CARTESIAN_POINT('',(-0.00560265577675759,-0.0235,-0.0059411676853531));
#11269=CARTESIAN_POINT('',(-0.00518408753624991,-0.0255,-0.00576614138240272));
#11270=CARTESIAN_POINT('',(-0.00518408753624991,-0.0235,-0.00576614138240272));
#11271=CARTESIAN_POINT('',(-0.00615856672118184,-0.0255,-0.00650143871561598));
#11272=CARTESIAN_POINT('',(-0.00615856672118184,-0.0255,-0.00650143871561598));
#11273=CARTESIAN_POINT('',(-0.00615856672118184,-0.0255,-0.00650143871561598));
#11274=CARTESIAN_POINT('',(-0.00581193989701143,-0.0255,-0.00602868083682829));
#11275=CARTESIAN_POINT('',(-0.00518408753624991,-0.0255,-0.00576614138240272));
#11276=CARTESIAN_POINT('',(-0.00476214700251373,-0.0255,-0.00754484288335614));
#11277=CARTESIAN_POINT('',(-0.00650519354535226,-0.0255,-0.00755907096618448));
#11278=CARTESIAN_POINT('',(-0.00650519354535226,-0.0255,-0.00755907096618448));
#11279=CARTESIAN_POINT('',(-0.00476214700251373,-0.0255,-0.00754484288335614));
#11280=CARTESIAN_POINT('',(-0.00619500458140461,-0.0255,-0.00855223623328193));
#11281=CARTESIAN_POINT('',(-0.00619500458140461,-0.0235,-0.00855223623328193));
#11282=CARTESIAN_POINT('',(-0.00640179722403638,-0.0255,-0.00828876247474808));
#11283=CARTESIAN_POINT('',(-0.00640179722403638,-0.0235,-0.00828876247474808));
#11284=CARTESIAN_POINT('',(-0.00650519354535226,-0.0255,-0.0079577073857156));
#11285=CARTESIAN_POINT('',(-0.00650519354535226,-0.0235,-0.0079577073857156));
#11286=CARTESIAN_POINT('',(-0.00650519354535226,-0.0255,-0.00755907096618448));
#11287=CARTESIAN_POINT('',(-0.00650519354535226,-0.0235,-0.00755907096618448));
#11288=CARTESIAN_POINT('',(-0.00619500458140461,-0.0255,-0.00855223623328193));
#11289=CARTESIAN_POINT('',(-0.00619500458140461,-0.0255,-0.00855223623328193));
#11290=CARTESIAN_POINT('',(-0.00619500458140461,-0.0255,-0.00855223623328193));
#11291=CARTESIAN_POINT('',(-0.00650519354535226,-0.0255,-0.00815702559548116));
#11292=CARTESIAN_POINT('',(-0.00650519354535226,-0.0255,-0.00755907096618448));
#11293=CARTESIAN_POINT('',(-0.00454431723107268,-0.0255,-0.00727798873288864));
#11294=CARTESIAN_POINT('',(-0.00544756129478376,-0.0255,-0.00915673099133654));
#11295=CARTESIAN_POINT('',(-0.00544756129478376,-0.0255,-0.00915673099133654));
#11296=CARTESIAN_POINT('',(-0.00454431723107268,-0.0255,-0.00727798873288864));
#11297=CARTESIAN_POINT('',(-0.00436563713740008,-0.0255,-0.00958090505649387));
#11298=CARTESIAN_POINT('',(-0.00436563713740008,-0.0235,-0.00958090505649387));
#11299=CARTESIAN_POINT('',(-0.00479541702720708,-0.0255,-0.00943764509322488));
#11300=CARTESIAN_POINT('',(-0.00479541702720708,-0.0235,-0.00943764509322488));
#11301=CARTESIAN_POINT('',(-0.00515605841300163,-0.0255,-0.00929625373817243));
#11302=CARTESIAN_POINT('',(-0.00515605841300163,-0.0235,-0.00929625373817243));
#11303=CARTESIAN_POINT('',(-0.00544756129478376,-0.0255,-0.00915673099133654));
#11304=CARTESIAN_POINT('',(-0.00544756129478376,-0.0235,-0.00915673099133654));
#11305=CARTESIAN_POINT('',(-0.00436563713740008,-0.0255,-0.00958090505649387));
#11306=CARTESIAN_POINT('',(-0.00436563713740008,-0.0255,-0.00958090505649387));
#11307=CARTESIAN_POINT('',(-0.00436563713740008,-0.0255,-0.00958090505649387));
#11308=CARTESIAN_POINT('',(-0.00501030697211057,-0.0255,-0.00936601511159038));
#11309=CARTESIAN_POINT('',(-0.00544756129478376,-0.0255,-0.00915673099133654));
#11310=CARTESIAN_POINT('',(-0.00347431101810472,-0.0255,-0.00994528365872153));
#11311=CARTESIAN_POINT('',(-0.00347431101810472,-0.0235,-0.00994528365872153));
#11312=CARTESIAN_POINT('',(-0.00365369740689372,-0.0255,-0.00984562455383875));
#11313=CARTESIAN_POINT('',(-0.00365369740689372,-0.0235,-0.00984562455383875));
#11314=CARTESIAN_POINT('',(-0.00395080611332551,-0.0255,-0.00972416501976286));
#11315=CARTESIAN_POINT('',(-0.00395080611332551,-0.0235,-0.00972416501976286));
#11316=CARTESIAN_POINT('',(-0.00436563713740008,-0.0255,-0.00958090505649387));
#11317=CARTESIAN_POINT('',(-0.00436563713740008,-0.0235,-0.00958090505649387));
#11318=CARTESIAN_POINT('',(-0.00347431101810472,-0.0255,-0.00994528365872153));
#11319=CARTESIAN_POINT('',(-0.00347431101810472,-0.0255,-0.00994528365872153));
#11320=CARTESIAN_POINT('',(-0.00347431101810472,-0.0255,-0.00994528365872153));
#11321=CARTESIAN_POINT('',(-0.00374339060128823,-0.0255,-0.00979579500139736));
#11322=CARTESIAN_POINT('',(-0.00436563713740008,-0.0255,-0.00958090505649387));
#11323=CARTESIAN_POINT('',(-0.00320523143492121,-0.0255,-0.0103470344252802));
#11324=CARTESIAN_POINT('',(-0.00320523143492121,-0.0235,-0.0103470344252802));
#11325=CARTESIAN_POINT('',(-0.00320523143492121,-0.0255,-0.0101788596857905));
#11326=CARTESIAN_POINT('',(-0.00320523143492121,-0.0235,-0.0101788596857905));
#11327=CARTESIAN_POINT('',(-0.00329492462931572,-0.0255,-0.0100449427636043));
#11328=CARTESIAN_POINT('',(-0.00329492462931572,-0.0235,-0.0100449427636043));
#11329=CARTESIAN_POINT('',(-0.00347431101810472,-0.0255,-0.00994528365872153));
#11330=CARTESIAN_POINT('',(-0.00347431101810472,-0.0235,-0.00994528365872153));
#11331=CARTESIAN_POINT('',(-0.00320523143492121,-0.0255,-0.0103470344252802));
#11332=CARTESIAN_POINT('',(-0.00320523143492121,-0.0255,-0.0103470344252802));
#11333=CARTESIAN_POINT('',(-0.00320523143492121,-0.0255,-0.0103470344252802));
#11334=CARTESIAN_POINT('',(-0.00320523143492121,-0.0255,-0.0100947723160457));
#11335=CARTESIAN_POINT('',(-0.00347431101810472,-0.0255,-0.00994528365872153));
#11336=CARTESIAN_POINT('',(-0.00345655924004748,-0.0255,-0.010752522408272));
#11337=CARTESIAN_POINT('',(-0.00345655924004748,-0.0235,-0.010752522408272));
#11338=CARTESIAN_POINT('',(-0.0032890073699633,-0.0255,-0.0106566005198224));
#11339=CARTESIAN_POINT('',(-0.0032890073699633,-0.0235,-0.0106566005198224));
#11340=CARTESIAN_POINT('',(-0.00320523143492121,-0.0255,-0.0105214378588251));
#11341=CARTESIAN_POINT('',(-0.00320523143492121,-0.0235,-0.0105214378588251));
#11342=CARTESIAN_POINT('',(-0.00320523143492121,-0.0255,-0.0103470344252802));
#11343=CARTESIAN_POINT('',(-0.00320523143492121,-0.0235,-0.0103470344252802));
#11344=CARTESIAN_POINT('',(-0.00345655924004748,-0.0255,-0.010752522408272));
#11345=CARTESIAN_POINT('',(-0.00345655924004748,-0.0255,-0.010752522408272));
#11346=CARTESIAN_POINT('',(-0.00345655924004748,-0.0255,-0.010752522408272));
#11347=CARTESIAN_POINT('',(-0.00320523143492121,-0.0255,-0.0106086395755975));
#11348=CARTESIAN_POINT('',(-0.00320523143492121,-0.0255,-0.0103470344252802));
#11349=CARTESIAN_POINT('',(-0.00409095172956693,-0.0255,-0.0108964052409466));
#11350=CARTESIAN_POINT('',(-0.00409095172956693,-0.0235,-0.0108964052409466));
#11351=CARTESIAN_POINT('',(-0.0038355752733048,-0.0255,-0.0108964052409466));
#11352=CARTESIAN_POINT('',(-0.0038355752733048,-0.0235,-0.0108964052409466));
#11353=CARTESIAN_POINT('',(-0.00362411111013165,-0.0255,-0.0108484442967217));
#11354=CARTESIAN_POINT('',(-0.00362411111013165,-0.0235,-0.0108484442967217));
#11355=CARTESIAN_POINT('',(-0.00345655924004748,-0.0255,-0.010752522408272));
#11356=CARTESIAN_POINT('',(-0.00345655924004748,-0.0235,-0.010752522408272));
#11357=CARTESIAN_POINT('',(-0.00409095172956693,-0.0255,-0.0108964052409466));
#11358=CARTESIAN_POINT('',(-0.00409095172956693,-0.0255,-0.0108964052409466));
#11359=CARTESIAN_POINT('',(-0.00409095172956693,-0.0255,-0.0108964052409466));
#11360=CARTESIAN_POINT('',(-0.00370788704517373,-0.0255,-0.0108964052409466));
#11361=CARTESIAN_POINT('',(-0.00345655924004748,-0.0255,-0.010752522408272));
#11362=CARTESIAN_POINT('',(-0.00478981120255741,-0.0255,-0.0106749751672851));
#11363=CARTESIAN_POINT('',(-0.00478981120255741,-0.0235,-0.0106749751672851));
#11364=CARTESIAN_POINT('',(-0.00462661941831186,-0.0255,-0.0108225952163928));
#11365=CARTESIAN_POINT('',(-0.00462661941831186,-0.0235,-0.0108225952163928));
#11366=CARTESIAN_POINT('',(-0.00439366626064837,-0.0255,-0.0108964052409466));
#11367=CARTESIAN_POINT('',(-0.00439366626064837,-0.0235,-0.0108964052409466));
#11368=CARTESIAN_POINT('',(-0.00409095172956693,-0.0255,-0.0108964052409466));
#11369=CARTESIAN_POINT('',(-0.00409095172956693,-0.0235,-0.0108964052409466));
#11370=CARTESIAN_POINT('',(-0.00478981120255741,-0.0255,-0.0106749751672851));
#11371=CARTESIAN_POINT('',(-0.00478981120255741,-0.0255,-0.0106749751672851));
#11372=CARTESIAN_POINT('',(-0.00478981120255741,-0.0255,-0.0106749751672851));
#11373=CARTESIAN_POINT('',(-0.00454502352618909,-0.0255,-0.0108964052409466));
#11374=CARTESIAN_POINT('',(-0.00409095172956693,-0.0255,-0.0108964052409466));
#11375=CARTESIAN_POINT('',(-0.00501030697211057,-0.0255,-0.0100835606667464));
#11376=CARTESIAN_POINT('',(-0.00501030697211057,-0.0235,-0.0100835606667464));
#11377=CARTESIAN_POINT('',(-0.00502650157665402,-0.0255,-0.0103302169513313));
#11378=CARTESIAN_POINT('',(-0.00502650157665402,-0.0235,-0.0103302169513313));
#11379=CARTESIAN_POINT('',(-0.00495300298680296,-0.0255,-0.0105273551181775));
#11380=CARTESIAN_POINT('',(-0.00495300298680296,-0.0235,-0.0105273551181775));
#11381=CARTESIAN_POINT('',(-0.00478981120255741,-0.0255,-0.0106749751672851));
#11382=CARTESIAN_POINT('',(-0.00478981120255741,-0.0235,-0.0106749751672851));
#11383=CARTESIAN_POINT('',(-0.00501030697211057,-0.0255,-0.0100835606667464));
#11384=CARTESIAN_POINT('',(-0.00501030697211057,-0.0255,-0.0100835606667464));
#11385=CARTESIAN_POINT('',(-0.00501030697211057,-0.0255,-0.0100835606667464));
#11386=CARTESIAN_POINT('',(-0.00503459887892574,-0.0255,-0.0104535450936237));
#11387=CARTESIAN_POINT('',(-0.00478981120255741,-0.0255,-0.0106749751672851));
#11388=CARTESIAN_POINT('',(-0.00599693211045008,-0.0255,-0.0100835606667464));
#11389=CARTESIAN_POINT('',(-0.00698313984223004,-0.0255,-0.0100835606667464));
#11390=CARTESIAN_POINT('',(-0.00698313984223004,-0.0255,-0.0100835606667464));
#11391=CARTESIAN_POINT('',(-0.00599693211045008,-0.0255,-0.0100835606667464));
#11392=CARTESIAN_POINT('',(-0.00358237703390422,-0.0254999999999986,-0.0105219052444272));
#11393=CARTESIAN_POINT('',(-0.00700784915560478,-0.0255,-0.0103825379813947));
#11394=CARTESIAN_POINT('',(-0.00700775134525029,-0.0255,-0.010382531547757));
#11395=CARTESIAN_POINT('',(-0.00358237703390422,-0.0255,-0.0105219052444272));
#11396=CARTESIAN_POINT('',(-0.00540302538663076,-0.0255,-0.0104053047167367));
#11397=CARTESIAN_POINT('',(-0.00664907637802677,-0.0255,-0.011415878325148));
#11398=CARTESIAN_POINT('',(-0.00664907637802677,-0.0255,-0.011415878325148));
#11399=CARTESIAN_POINT('',(-0.00540302538663076,-0.0255,-0.0104053047167367));
#11400=CARTESIAN_POINT('',(-0.00566245123968726,-0.0255,-0.0121156721022468));
#11401=CARTESIAN_POINT('',(-0.00566245123968726,-0.0235,-0.0121156721022468));
#11402=CARTESIAN_POINT('',(-0.00608101948019493,-0.0255,-0.0119481202321626));
#11403=CARTESIAN_POINT('',(-0.00608101948019493,-0.0235,-0.0119481202321626));
#11404=CARTESIAN_POINT('',(-0.0064098945263081,-0.0255,-0.0117148556397964));
#11405=CARTESIAN_POINT('',(-0.0064098945263081,-0.0235,-0.0117148556397964));
#11406=CARTESIAN_POINT('',(-0.00664907637802677,-0.0255,-0.011415878325148));
#11407=CARTESIAN_POINT('',(-0.00664907637802677,-0.0235,-0.011415878325148));
#11408=CARTESIAN_POINT('',(-0.00566245123968726,-0.0255,-0.0121156721022468));
#11409=CARTESIAN_POINT('',(-0.00629030360044876,-0.0255,-0.0118643442971206));
#11410=CARTESIAN_POINT('',(-0.00664907637802677,-0.0255,-0.011415878325148));
#11411=CARTESIAN_POINT('',(0.,-0.0255,-0.0089));
#11412=CARTESIAN_POINT('',(0.00493816317281293,-0.0255,-0.00552602522657577));
#11413=CARTESIAN_POINT('',(0.00493816317281293,-0.0235,-0.00552602522657577));
#11414=CARTESIAN_POINT('',(0.00559217604860617,-0.0255,-0.00552602522657577));
#11415=CARTESIAN_POINT('',(0.00559217604860617,-0.0235,-0.00552602522657577));
#11416=CARTESIAN_POINT('',(0.00610853478578007,-0.0255,-0.0057135089176365));
#11417=CARTESIAN_POINT('',(0.00610853478578007,-0.0235,-0.0057135089176365));
#11418=CARTESIAN_POINT('',(0.00648723938433463,-0.0255,-0.00608847629975796));
#11419=CARTESIAN_POINT('',(0.00648723938433463,-0.0235,-0.00608847629975796));
#11420=CARTESIAN_POINT('',(0.00493816317281293,-0.0255,-0.00552602522657577));
#11421=CARTESIAN_POINT('',(0.00493816317281293,-0.0255,-0.00552602522657577));
#11422=CARTESIAN_POINT('',(0.00493816317281293,-0.0255,-0.00552602522657577));
#11423=CARTESIAN_POINT('',(0.00591918248650279,-0.0255,-0.00552602522657577));
#11424=CARTESIAN_POINT('',(0.00648723938433463,-0.0255,-0.00608847629975796));
#11425=CARTESIAN_POINT('',(0.00648723938433463,-0.0255,-0.00608847629975796));
#11426=CARTESIAN_POINT('',(0.00648723938433463,-0.0255,-0.00608847629975796));
#11427=CARTESIAN_POINT('',(0.0049086344359989,-0.0255,-0.00852778505344972));
#11428=CARTESIAN_POINT('',(0.00369460440469749,-0.0255,-0.00578389316045996));
#11429=CARTESIAN_POINT('',(0.00369460440469749,-0.0255,-0.00578389316045996));
#11430=CARTESIAN_POINT('',(0.0049086344359989,-0.0255,-0.00852778505344972));
#11431=CARTESIAN_POINT('',(0.00272573104441522,-0.0255,-0.00648275263345046));
#11432=CARTESIAN_POINT('',(0.00272573104441522,-0.0235,-0.00648275263345046));
#11433=CARTESIAN_POINT('',(0.00298858193354355,-0.0255,-0.00618875827404625));
#11434=CARTESIAN_POINT('',(0.00298858193354355,-0.0235,-0.00618875827404625));
#11435=CARTESIAN_POINT('',(0.00331153972030431,-0.0255,-0.00595580511638275));
#11436=CARTESIAN_POINT('',(0.00331153972030431,-0.0235,-0.00595580511638275));
#11437=CARTESIAN_POINT('',(0.00369460440469749,-0.0255,-0.00578389316045996));
#11438=CARTESIAN_POINT('',(0.00369460440469749,-0.0235,-0.00578389316045996));
#11439=CARTESIAN_POINT('',(0.00272573104441522,-0.0255,-0.00648275263345046));
#11440=CARTESIAN_POINT('',(0.00272573104441522,-0.0255,-0.00648275263345046));
#11441=CARTESIAN_POINT('',(0.00272573104441522,-0.0255,-0.00648275263345046));
#11442=CARTESIAN_POINT('',(0.00312000737810772,-0.0255,-0.00604176109434415));
#11443=CARTESIAN_POINT('',(0.00369460440469749,-0.0255,-0.00578389316045996));
#11444=CARTESIAN_POINT('',(0.00299481062759872,-0.0255,-0.00495236250409427));
#11445=CARTESIAN_POINT('',(0.00326389021078222,-0.0255,-0.00342197237473808));
#11446=CARTESIAN_POINT('',(0.00326389021078222,-0.0255,-0.00342197237473808));
#11447=CARTESIAN_POINT('',(0.00299481062759872,-0.0255,-0.00495236250409427));
#11448=CARTESIAN_POINT('',(0.00224176151632821,-0.0255,-0.00342197237473808));
#11449=CARTESIAN_POINT('',(0.00121963282187421,-0.0255,-0.00342197237473808));
#11450=CARTESIAN_POINT('',(0.00121963282187421,-0.0255,-0.00342197237473808));
#11451=CARTESIAN_POINT('',(0.00224176151632821,-0.0255,-0.00342197237473808));
#11452=CARTESIAN_POINT('',(0.000435751675030592,-0.0255,-0.0078468366315335));
#11453=CARTESIAN_POINT('',(-0.000348129471813022,-0.0255,-0.0122717008883289));
#11454=CARTESIAN_POINT('',(-0.000348129471813022,-0.0255,-0.0122717008883289));
#11455=CARTESIAN_POINT('',(0.000435751675030592,-0.0255,-0.0078468366315335));
#11456=CARTESIAN_POINT('',(0.000674933526749265,-0.0255,-0.0122717008883289));
#11457=CARTESIAN_POINT('',(0.00169799652531155,-0.0255,-0.0122717008883289));
#11458=CARTESIAN_POINT('',(0.00169799652531155,-0.0255,-0.0122717008883289));
#11459=CARTESIAN_POINT('',(0.000674933526749265,-0.0255,-0.0122717008883289));
#11460=CARTESIAN_POINT('',(0.00202033144266679,-0.0255,-0.0104479392689741));
#11461=CARTESIAN_POINT('',(0.00234266636002203,-0.0255,-0.00862417764961919));
#11462=CARTESIAN_POINT('',(0.00234266636002203,-0.0255,-0.00862417764961919));
#11463=CARTESIAN_POINT('',(0.00202033144266679,-0.0255,-0.0104479392689741));
#11464=CARTESIAN_POINT('',(0.00234266636002203,-0.0255,-0.00863632360302677));
#11465=CARTESIAN_POINT('',(0.00234266636002203,-0.0255,-0.00864846955643436));
#11466=CARTESIAN_POINT('',(0.00234266636002203,-0.0255,-0.00864846955643436));
#11467=CARTESIAN_POINT('',(0.00234266636002203,-0.0255,-0.00863632360302677));
#11468=CARTESIAN_POINT('',(0.00286961387708973,-0.0255,-0.00760765477981483));
#11469=CARTESIAN_POINT('',(0.00286961387708973,-0.0235,-0.00760765477981483));
#11470=CARTESIAN_POINT('',(0.00259804281628416,-0.0255,-0.00785431106439971));
#11471=CARTESIAN_POINT('',(0.00259804281628416,-0.0235,-0.00785431106439971));
#11472=CARTESIAN_POINT('',(0.00242239364392826,-0.0255,-0.00820124932327289));
#11473=CARTESIAN_POINT('',(0.00242239364392826,-0.0235,-0.00820124932327289));
#11474=CARTESIAN_POINT('',(0.00234266636002203,-0.0255,-0.00864846955643436));
#11475=CARTESIAN_POINT('',(0.00234266636002203,-0.0235,-0.00864846955643436));
#11476=CARTESIAN_POINT('',(0.00286961387708973,-0.0255,-0.00760765477981483));
#11477=CARTESIAN_POINT('',(0.00286961387708973,-0.0255,-0.00760765477981483));
#11478=CARTESIAN_POINT('',(0.00286961387708973,-0.0255,-0.00760765477981483));
#11479=CARTESIAN_POINT('',(0.00246225728588137,-0.0255,-0.00797763920669215));
#11480=CARTESIAN_POINT('',(0.00234266636002203,-0.0255,-0.00864846955643436));
#11481=CARTESIAN_POINT('',(0.00387492509759477,-0.0255,-0.00723767035293751));
#11482=CARTESIAN_POINT('',(0.00387492509759477,-0.0235,-0.00723767035293751));
#11483=CARTESIAN_POINT('',(0.00347628867806365,-0.0255,-0.00723767035293751));
#11484=CARTESIAN_POINT('',(0.00347628867806365,-0.0235,-0.00723767035293751));
#11485=CARTESIAN_POINT('',(0.0031411849378953,-0.0255,-0.00736099849522995));
#11486=CARTESIAN_POINT('',(0.0031411849378953,-0.0235,-0.00736099849522995));
#11487=CARTESIAN_POINT('',(0.00286961387708973,-0.0255,-0.00760765477981483));
#11488=CARTESIAN_POINT('',(0.00286961387708973,-0.0235,-0.00760765477981483));
#11489=CARTESIAN_POINT('',(0.00387492509759477,-0.0255,-0.00723767035293751));
#11490=CARTESIAN_POINT('',(0.00387492509759477,-0.0255,-0.00723767035293751));
#11491=CARTESIAN_POINT('',(0.00387492509759477,-0.0255,-0.00723767035293751));
#11492=CARTESIAN_POINT('',(0.00327697046829809,-0.0255,-0.00723767035293751));
#11493=CARTESIAN_POINT('',(0.00286961387708973,-0.0255,-0.00760765477981483));
#11494=CARTESIAN_POINT('',(0.00465693763622183,-0.0255,-0.00751235576077067));
#11495=CARTESIAN_POINT('',(0.00465693763622183,-0.0235,-0.00751235576077067));
#11496=CARTESIAN_POINT('',(0.0044694539451611,-0.0255,-0.00732923215554856));
#11497=CARTESIAN_POINT('',(0.0044694539451611,-0.0235,-0.00732923215554856));
#11498=CARTESIAN_POINT('',(0.00420878309895208,-0.0255,-0.00723767035293751));
#11499=CARTESIAN_POINT('',(0.00420878309895208,-0.0235,-0.00723767035293751));
#11500=CARTESIAN_POINT('',(0.00387492509759477,-0.0255,-0.00723767035293751));
#11501=CARTESIAN_POINT('',(0.00387492509759477,-0.0235,-0.00723767035293751));
#11502=CARTESIAN_POINT('',(0.00465693763622183,-0.0255,-0.00751235576077067));
#11503=CARTESIAN_POINT('',(0.00465693763622183,-0.0255,-0.00751235576077067));
#11504=CARTESIAN_POINT('',(0.00465693763622183,-0.0255,-0.00751235576077067));
#11505=CARTESIAN_POINT('',(0.00437571209963074,-0.0255,-0.00723767035293751));
#11506=CARTESIAN_POINT('',(0.00387492509759477,-0.0255,-0.00723767035293751));
#11507=CARTESIAN_POINT('',(0.00493816317281293,-0.0255,-0.00828969677885636));
#11508=CARTESIAN_POINT('',(0.00493816317281293,-0.0235,-0.00828969677885636));
#11509=CARTESIAN_POINT('',(0.00493816317281293,-0.0255,-0.00795459303868801));
#11510=CARTESIAN_POINT('',(0.00493816317281293,-0.0235,-0.00795459303868801));
#11511=CARTESIAN_POINT('',(0.00484442132728256,-0.0255,-0.00769547936599278));
#11512=CARTESIAN_POINT('',(0.00484442132728256,-0.0235,-0.00769547936599278));
#11513=CARTESIAN_POINT('',(0.00465693763622183,-0.0255,-0.00751235576077067));
#11514=CARTESIAN_POINT('',(0.00465693763622183,-0.0235,-0.00751235576077067));
#11515=CARTESIAN_POINT('',(0.00493816317281293,-0.0255,-0.00828969677885636));
#11516=CARTESIAN_POINT('',(0.00493816317281293,-0.0255,-0.00828969677885636));
#11517=CARTESIAN_POINT('',(0.00493816317281293,-0.0255,-0.00828969677885636));
#11518=CARTESIAN_POINT('',(0.00493816317281293,-0.0255,-0.00778704116860383));
#11519=CARTESIAN_POINT('',(0.00465693763622183,-0.0255,-0.00751235576077067));
#11520=CARTESIAN_POINT('',(0.00279966242307529,-0.0254999999999997,-0.00825479047835193));
#11521=CARTESIAN_POINT('',(0.00490265961669844,-0.0255,-0.00864846955643436));
#11522=CARTESIAN_POINT('',(0.0049024864987254,-0.02549999975,-0.00864843714891416));
#11523=CARTESIAN_POINT('',(0.00279966242307529,-0.0255,-0.00825479047835193));
#11524=CARTESIAN_POINT('',(0.00457939039523492,-0.0255,-0.0104600852223816));
#11525=CARTESIAN_POINT('',(0.0042561211737714,-0.0255,-0.0122717008883289));
#11526=CARTESIAN_POINT('',(0.0042561211737714,-0.0255,-0.0122717008883289));
#11527=CARTESIAN_POINT('',(0.00457939039523492,-0.0255,-0.0104600852223816));
#11528=CARTESIAN_POINT('',(0.00527264404357575,-0.0255,-0.0122717008883289));
#11529=CARTESIAN_POINT('',(0.00628916691338011,-0.0255,-0.0122717008883289));
#11530=CARTESIAN_POINT('',(0.00628916691338011,-0.0255,-0.0122717008883289));
#11531=CARTESIAN_POINT('',(0.00527264404357575,-0.0255,-0.0122717008883289));
#11532=CARTESIAN_POINT('',(0.0066367280416588,-0.0255,-0.0103227425184651));
#11533=CARTESIAN_POINT('',(0.0069842891699375,-0.0255,-0.0083737841486012));
#11534=CARTESIAN_POINT('',(0.00698408291855603,-0.0255,-0.00837374426160212));
#11535=CARTESIAN_POINT('',(0.0066367280416588,-0.0255,-0.0103227425184651));
#11536=CARTESIAN_POINT('',(0.00309785525920009,-0.0254999999999997,-0.00762218585770666));
#11537=CARTESIAN_POINT('',(0.00705529628216648,-0.0255,-0.00765623859344519));
#11538=CARTESIAN_POINT('',(0.00705529628216648,-0.0255,-0.00765623859344519));
#11539=CARTESIAN_POINT('',(0.00309785525920009,-0.0255,-0.00762218585770666));
#11540=CARTESIAN_POINT('',(0.00648723938433463,-0.0255,-0.00608847629975796));
#11541=CARTESIAN_POINT('',(0.00648723938433463,-0.0235,-0.00608847629975796));
#11542=CARTESIAN_POINT('',(0.0068659439828892,-0.0255,-0.00646344368187942));
#11543=CARTESIAN_POINT('',(0.0068659439828892,-0.0235,-0.00646344368187942));
#11544=CARTESIAN_POINT('',(0.00705529628216648,-0.0255,-0.0069860311131085));
#11545=CARTESIAN_POINT('',(0.00705529628216648,-0.0235,-0.0069860311131085));
#11546=CARTESIAN_POINT('',(0.00705529628216648,-0.0255,-0.00765623859344519));
#11547=CARTESIAN_POINT('',(0.00705529628216648,-0.0235,-0.00765623859344519));
#11548=CARTESIAN_POINT('',(0.00648723938433463,-0.0255,-0.00608847629975796));
#11549=CARTESIAN_POINT('',(0.00705529628216648,-0.0255,-0.00665092737294015));
#11550=CARTESIAN_POINT('',(0.00705529628216648,-0.0255,-0.00765623859344519));
#11551=CARTESIAN_POINT('',(0.,-0.0255,-0.0089));
#11552=CARTESIAN_POINT('',(0.0515,-0.0137031699139299,-0.00741885121700866));
#11553=CARTESIAN_POINT('',(0.0495,-0.0137031699139299,-0.00741885121700866));
#11554=CARTESIAN_POINT('',(0.0495,-0.011149415375742,-0.00778978491986113));
#11555=CARTESIAN_POINT('',(0.0495,-0.0111277397901843,-0.00756635965334365));
#11556=CARTESIAN_POINT('',(0.0515,-0.011149415375742,-0.00778978491986113));
#11557=CARTESIAN_POINT('',(0.0515,-0.011149415375742,-0.00778978491986113));
#11558=CARTESIAN_POINT('',(0.0515,-0.0137031699139299,-0.00741885121700866));
#11559=CARTESIAN_POINT('',(0.0515,-0.0111277397901843,-0.00756635965334365));
#11560=CARTESIAN_POINT('',(0.0515,-0.0111277397901843,-0.00756635965334365));
#11561=CARTESIAN_POINT('',(0.0515,-0.0115279044466336,-0.00848423733407405));
#11562=CARTESIAN_POINT('',(0.0495,-0.0115279044466336,-0.00848423733407405));
#11563=CARTESIAN_POINT('',(0.0515,-0.0113322683923695,-0.00832028098177888));
#11564=CARTESIAN_POINT('',(0.0495,-0.0113322683923695,-0.00832028098177888));
#11565=CARTESIAN_POINT('',(0.0515,-0.011206105368739,-0.0080887968437079));
#11566=CARTESIAN_POINT('',(0.0495,-0.011206105368739,-0.0080887968437079));
#11567=CARTESIAN_POINT('',(0.0515,-0.011149415375742,-0.00778978491986113));
#11568=CARTESIAN_POINT('',(0.0495,-0.011149415375742,-0.00778978491986113));
#11569=CARTESIAN_POINT('',(0.0495,-0.0115279044466336,-0.00848423733407405));
#11570=CARTESIAN_POINT('',(0.0495,-0.0112344503652375,-0.00823830280563129));
#11571=CARTESIAN_POINT('',(0.0495,-0.011149415375742,-0.00778978491986113));
#11572=CARTESIAN_POINT('',(0.0495,-0.0115279044466336,-0.00848423733407405));
#11573=CARTESIAN_POINT('',(0.0515,-0.0115279044466336,-0.00848423733407405));
#11574=CARTESIAN_POINT('',(0.0515,-0.0115279044466336,-0.00848423733407405));
#11575=CARTESIAN_POINT('',(0.0515,-0.0115279044466336,-0.00848423733407405));
#11576=CARTESIAN_POINT('',(0.0515,-0.0112344503652375,-0.00823830280563129));
#11577=CARTESIAN_POINT('',(0.0515,-0.011149415375742,-0.00778978491986113));
#11578=CARTESIAN_POINT('',(0.0515,-0.0123232317013264,-0.00873017186251679));
#11579=CARTESIAN_POINT('',(0.0495,-0.0123232317013264,-0.00873017186251679));
#11580=CARTESIAN_POINT('',(0.0515,-0.0119886495857952,-0.00873017186251679));
#11581=CARTESIAN_POINT('',(0.0495,-0.0119886495857952,-0.00873017186251679));
#11582=CARTESIAN_POINT('',(0.0515,-0.0117235405008976,-0.00864819368636921));
#11583=CARTESIAN_POINT('',(0.0495,-0.0117235405008976,-0.00864819368636921));
#11584=CARTESIAN_POINT('',(0.0515,-0.0115279044466336,-0.00848423733407405));
#11585=CARTESIAN_POINT('',(0.0495,-0.0115279044466336,-0.00848423733407405));
#11586=CARTESIAN_POINT('',(0.0495,-0.0123232317013264,-0.00873017186251679));
#11587=CARTESIAN_POINT('',(0.0495,-0.0118213585280296,-0.00873017186251679));
#11588=CARTESIAN_POINT('',(0.0495,-0.0115279044466336,-0.00848423733407405));
#11589=CARTESIAN_POINT('',(0.0495,-0.0123232317013264,-0.00873017186251679));
#11590=CARTESIAN_POINT('',(0.0515,-0.0123232317013264,-0.00873017186251679));
#11591=CARTESIAN_POINT('',(0.0515,-0.0123232317013264,-0.00873017186251679));
#11592=CARTESIAN_POINT('',(0.0515,-0.0123232317013264,-0.00873017186251679));
#11593=CARTESIAN_POINT('',(0.0515,-0.0118213585280296,-0.00873017186251679));
#11594=CARTESIAN_POINT('',(0.0515,-0.0115279044466336,-0.00848423733407405));
#11595=CARTESIAN_POINT('',(0.0515,-0.0128884642785609,-0.00873017186251679));
#11596=CARTESIAN_POINT('',(0.0495,-0.0128884642785609,-0.00873017186251679));
#11597=CARTESIAN_POINT('',(0.0495,-0.0134536968557954,-0.00873017186251679));
#11598=CARTESIAN_POINT('',(0.0515,-0.0134536968557954,-0.00873017186251679));
#11599=CARTESIAN_POINT('',(0.0515,-0.0134536968557954,-0.00873017186251679));
#11600=CARTESIAN_POINT('',(0.0515,-0.0128884642785609,-0.00873017186251679));
#11601=CARTESIAN_POINT('',(0.0515,-0.0132886289350101,-0.00779061859622873));
#11602=CARTESIAN_POINT('',(0.0495,-0.0132886289350101,-0.00779061859622873));
#11603=CARTESIAN_POINT('',(0.0495,-0.0131235610142248,-0.00685106532994066));
#11604=CARTESIAN_POINT('',(0.0515,-0.0131235610142248,-0.00685106532994066));
#11605=CARTESIAN_POINT('',(0.0515,-0.0131235610142248,-0.00685106532994066));
#11606=CARTESIAN_POINT('',(0.0515,-0.0132886289350101,-0.00779061859622873));
#11607=CARTESIAN_POINT('',(0.0515,-0.0125574947606227,-0.00685106532994067));
#11608=CARTESIAN_POINT('',(0.0495,-0.0125574947606227,-0.00685106532994067));
#11609=CARTESIAN_POINT('',(0.0495,-0.0119914285070206,-0.00685106532994067));
#11610=CARTESIAN_POINT('',(0.0515,-0.0119914285070206,-0.00685106532994067));
#11611=CARTESIAN_POINT('',(0.0515,-0.0119914285070206,-0.00685106532994067));
#11612=CARTESIAN_POINT('',(0.0515,-0.0125574947606227,-0.00685106532994067));
#11613=CARTESIAN_POINT('',(0.0515,-0.0113461629984962,-0.00703780883628363));
#11614=CARTESIAN_POINT('',(0.0495,-0.0113461629984962,-0.00703780883628363));
#11615=CARTESIAN_POINT('',(0.0515,-0.0114917784707041,-0.00691331316538832));
#11616=CARTESIAN_POINT('',(0.0495,-0.0114917784707041,-0.00691331316538832));
#11617=CARTESIAN_POINT('',(0.0515,-0.0117068669735456,-0.00685106532994067));
#11618=CARTESIAN_POINT('',(0.0495,-0.0117068669735456,-0.00685106532994067));
#11619=CARTESIAN_POINT('',(0.0515,-0.0119914285070206,-0.00685106532994067));
#11620=CARTESIAN_POINT('',(0.0495,-0.0119914285070206,-0.00685106532994067));
#11621=CARTESIAN_POINT('',(0.0495,-0.0113461629984962,-0.00703780883628363));
#11622=CARTESIAN_POINT('',(0.0495,-0.0115645862068081,-0.00685106532994067));
#11623=CARTESIAN_POINT('',(0.0495,-0.0119914285070206,-0.00685106532994067));
#11624=CARTESIAN_POINT('',(0.0495,-0.0113461629984962,-0.00703780883628363));
#11625=CARTESIAN_POINT('',(0.0515,-0.0113461629984962,-0.00703780883628363));
#11626=CARTESIAN_POINT('',(0.0515,-0.0113461629984962,-0.00703780883628363));
#11627=CARTESIAN_POINT('',(0.0515,-0.0113461629984962,-0.00703780883628363));
#11628=CARTESIAN_POINT('',(0.0515,-0.0115645862068081,-0.00685106532994067));
#11629=CARTESIAN_POINT('',(0.0515,-0.0119914285070206,-0.00685106532994067));
#11630=CARTESIAN_POINT('',(0.0515,-0.0116179414943346,-0.00535711727919691));
#11631=CARTESIAN_POINT('',(0.0495,-0.0116179414943346,-0.00535711727919691));
#11632=CARTESIAN_POINT('',(0.0515,-0.0108431782567093,-0.00535711727919691));
#11633=CARTESIAN_POINT('',(0.0495,-0.0108431782567093,-0.00535711727919691));
#11634=CARTESIAN_POINT('',(0.0515,-0.0102529353884467,-0.00553330088488358));
#11635=CARTESIAN_POINT('',(0.0495,-0.0102529353884467,-0.00553330088488358));
#11636=CARTESIAN_POINT('',(0.0515,-0.00984721288954683,-0.00588566809625692));
#11637=CARTESIAN_POINT('',(0.0495,-0.00984721288954683,-0.00588566809625692));
#11638=CARTESIAN_POINT('',(0.0515,-0.0116179414943346,-0.00535711727919691));
#11639=CARTESIAN_POINT('',(0.0515,-0.0116179414943346,-0.00535711727919691));
#11640=CARTESIAN_POINT('',(0.0515,-0.0116179414943346,-0.00535711727919691));
#11641=CARTESIAN_POINT('',(0.0515,-0.0104557966378967,-0.00535711727919691));
#11642=CARTESIAN_POINT('',(0.0515,-0.00984721288954683,-0.00588566809625692));
#11643=CARTESIAN_POINT('',(0.0515,-0.00984721288954683,-0.00588566809625692));
#11644=CARTESIAN_POINT('',(0.0515,-0.00984721288954683,-0.00588566809625692));
#11645=CARTESIAN_POINT('',(0.0515,-0.0131494049816205,-0.00535711727919691));
#11646=CARTESIAN_POINT('',(0.0515,-0.0146808684689064,-0.00535711727919691));
#11647=CARTESIAN_POINT('',(0.0515,-0.0146808684689064,-0.00535711727919691));
#11648=CARTESIAN_POINT('',(0.0515,-0.0131494049816205,-0.00535711727919691));
#11649=CARTESIAN_POINT('',(0.0515,-0.0153428075047828,-0.00910282519883513));
#11650=CARTESIAN_POINT('',(0.0515,-0.0160047465406592,-0.0128485331184733));
#11651=CARTESIAN_POINT('',(0.0515,-0.0160047465406592,-0.0128485331184733));
#11652=CARTESIAN_POINT('',(0.0515,-0.0153428075047828,-0.00910282519883513));
#11653=CARTESIAN_POINT('',(0.0515,-0.0150918709181344,-0.0128485331184733));
#11654=CARTESIAN_POINT('',(0.0515,-0.0141789952956096,-0.0128485331184733));
#11655=CARTESIAN_POINT('',(0.0515,-0.0141789952956096,-0.0128485331184733));
#11656=CARTESIAN_POINT('',(0.0515,-0.0150918709181344,-0.0128485331184733));
#11657=CARTESIAN_POINT('',(0.0515,-0.0139280587089613,-0.0114346179990194));
#11658=CARTESIAN_POINT('',(0.0515,-0.0136771221223129,-0.0100207028795655));
#11659=CARTESIAN_POINT('',(0.0515,-0.0136771221223129,-0.0100207028795655));
#11660=CARTESIAN_POINT('',(0.0515,-0.0139280587089613,-0.0114346179990194));
#11661=CARTESIAN_POINT('',(0.0515,-0.013458698914001,-0.0100207028795655));
#11662=CARTESIAN_POINT('',(0.0515,-0.0132402757056892,-0.0100207028795655));
#11663=CARTESIAN_POINT('',(0.0515,-0.0132402757056892,-0.0100207028795655));
#11664=CARTESIAN_POINT('',(0.0515,-0.013458698914001,-0.0100207028795655));
#11665=CARTESIAN_POINT('',(0.0515,-0.0127117248886292,-0.0114346179990194));
#11666=CARTESIAN_POINT('',(0.0515,-0.0121831740715692,-0.0128485331184733));
#11667=CARTESIAN_POINT('',(0.0515,-0.0121831740715692,-0.0128485331184733));
#11668=CARTESIAN_POINT('',(0.0515,-0.0127117248886292,-0.0114346179990194));
#11669=CARTESIAN_POINT('',(0.0515,-0.01115358375758,-0.0128485331184733));
#11670=CARTESIAN_POINT('',(0.0515,-0.0101239934435909,-0.0128485331184733));
#11671=CARTESIAN_POINT('',(0.0515,-0.0101239934435909,-0.0128485331184733));
#11672=CARTESIAN_POINT('',(0.0515,-0.01115358375758,-0.0128485331184733));
#11673=CARTESIAN_POINT('',(0.0515,-0.0107267414573675,-0.0113654228605084));
#11674=CARTESIAN_POINT('',(0.0515,-0.0113294894711441,-0.00988231260254351));
#11675=CARTESIAN_POINT('',(0.0515,-0.0113294894711441,-0.00988231260254351));
#11676=CARTESIAN_POINT('',(0.0515,-0.0107267414573675,-0.0113654228605084));
#11677=CARTESIAN_POINT('',(0.0515,-0.00993224787904229,-0.00905030358767617));
#11678=CARTESIAN_POINT('',(0.0495,-0.00993224787904229,-0.00905030358767617));
#11679=CARTESIAN_POINT('',(0.0515,-0.0102812803849452,-0.0094415756962043));
#11680=CARTESIAN_POINT('',(0.0495,-0.0102812803849452,-0.0094415756962043));
#11681=CARTESIAN_POINT('',(0.0515,-0.0107470275823125,-0.00971891203449341));
#11682=CARTESIAN_POINT('',(0.0495,-0.0107470275823125,-0.00971891203449341));
#11683=CARTESIAN_POINT('',(0.0515,-0.0113294894711441,-0.00988231260254351));
#11684=CARTESIAN_POINT('',(0.0495,-0.0113294894711441,-0.00988231260254351));
#11685=CARTESIAN_POINT('',(0.0515,-0.00993224787904229,-0.00905030358767617));
#11686=CARTESIAN_POINT('',(0.0515,-0.00993224787904229,-0.00905030358767617));
#11687=CARTESIAN_POINT('',(0.0515,-0.00993224787904229,-0.00905030358767617));
#11688=CARTESIAN_POINT('',(0.0515,-0.0104557966378967,-0.00963721175046836));
#11689=CARTESIAN_POINT('',(0.0515,-0.0113294894711441,-0.00988231260254351));
#11690=CARTESIAN_POINT('',(0.0515,-0.00928198031231231,-0.0077164213995121));
#11691=CARTESIAN_POINT('',(0.0495,-0.00928198031231231,-0.0077164213995121));
#11692=CARTESIAN_POINT('',(0.0515,-0.0093664595175627,-0.00821440408309335));
#11693=CARTESIAN_POINT('',(0.0495,-0.0093664595175627,-0.00821440408309335));
#11694=CARTESIAN_POINT('',(0.0515,-0.00958321537313936,-0.00865903147914804));
#11695=CARTESIAN_POINT('',(0.0495,-0.00958321537313936,-0.00865903147914804));
#11696=CARTESIAN_POINT('',(0.0515,-0.00993224787904229,-0.00905030358767617));
#11697=CARTESIAN_POINT('',(0.0495,-0.00993224787904229,-0.00905030358767617));
#11698=CARTESIAN_POINT('',(0.0515,-0.00928198031231231,-0.0077164213995121));
#11699=CARTESIAN_POINT('',(0.0515,-0.00928198031231231,-0.0077164213995121));
#11700=CARTESIAN_POINT('',(0.0515,-0.00928198031231231,-0.0077164213995121));
#11701=CARTESIAN_POINT('',(0.0515,-0.0094086991201879,-0.00846339542488398));
#11702=CARTESIAN_POINT('',(0.0515,-0.00993224787904229,-0.00905030358767617));
#11703=CARTESIAN_POINT('',(0.0515,-0.01155380438313,-0.00727275406978154));
#11704=CARTESIAN_POINT('',(0.0515,-0.00923862914119698,-0.0072562320445955));
#11705=CARTESIAN_POINT('',(0.0515,-0.00923862914119698,-0.0072562320445955));
#11706=CARTESIAN_POINT('',(0.0515,-0.01155380438313,-0.00727275406978154));
#11707=CARTESIAN_POINT('',(0.0515,-0.00984721288954683,-0.00588566809625692));
#11708=CARTESIAN_POINT('',(0.0495,-0.00984721288954683,-0.00588566809625692));
#11709=CARTESIAN_POINT('',(0.0515,-0.00944149039064693,-0.00623803530763026));
#11710=CARTESIAN_POINT('',(0.0495,-0.00944149039064693,-0.00623803530763026));
#11711=CARTESIAN_POINT('',(0.0515,-0.00923862914119698,-0.00669488995707645));
#11712=CARTESIAN_POINT('',(0.0495,-0.00923862914119698,-0.00669488995707645));
#11713=CARTESIAN_POINT('',(0.0515,-0.00923862914119698,-0.0072562320445955));
#11714=CARTESIAN_POINT('',(0.0495,-0.00923862914119698,-0.0072562320445955));
#11715=CARTESIAN_POINT('',(0.0515,-0.00984721288954683,-0.00588566809625692));
#11716=CARTESIAN_POINT('',(0.0515,-0.00923862914119698,-0.00641421891331693));
#11717=CARTESIAN_POINT('',(0.0515,-0.00923862914119698,-0.0072562320445955));
#11718=CARTESIAN_POINT('',(0.0515,-0.0111277397901843,-0.00756635965334365));
#11719=CARTESIAN_POINT('',(0.0495,-0.0111277397901843,-0.00756635965334365));
#11720=CARTESIAN_POINT('',(0.0515,-0.0111277397901843,-0.00733848811286562));
#11721=CARTESIAN_POINT('',(0.0495,-0.0111277397901843,-0.00733848811286562));
#11722=CARTESIAN_POINT('',(0.0515,-0.0112005475262883,-0.00716230450717894));
#11723=CARTESIAN_POINT('',(0.0495,-0.0112005475262883,-0.00716230450717894));
#11724=CARTESIAN_POINT('',(0.0515,-0.0113461629984962,-0.00703780883628363));
#11725=CARTESIAN_POINT('',(0.0495,-0.0113461629984962,-0.00703780883628363));
#11726=CARTESIAN_POINT('',(0.0495,-0.0111277397901843,-0.00756635965334365));
#11727=CARTESIAN_POINT('',(0.0495,-0.0111277397901843,-0.0072245523426266));
#11728=CARTESIAN_POINT('',(0.0495,-0.0113461629984962,-0.00703780883628363));
#11729=CARTESIAN_POINT('',(0.0515,-0.0111277397901843,-0.00756635965334365));
#11730=CARTESIAN_POINT('',(0.0515,-0.0111277397901843,-0.0072245523426266));
#11731=CARTESIAN_POINT('',(0.0515,-0.0113461629984962,-0.00703780883628363));
#11732=CARTESIAN_POINT('',(0.0515,-6.64362182288989E-19,-0.0089));
#11733=CARTESIAN_POINT('',(0.0495,0.,-0.0019));
#11734=CARTESIAN_POINT('',(0.0515,-0.00696602736311245,-0.00627582863629491));
#11735=CARTESIAN_POINT('',(0.0495,-0.00696602736311245,-0.00627582863629491));
#11736=CARTESIAN_POINT('',(0.0515,-0.00725058889658745,-0.00627582863629491));
#11737=CARTESIAN_POINT('',(0.0495,-0.00725058889658745,-0.00627582863629491));
#11738=CARTESIAN_POINT('',(0.0515,-0.0074762373000852,-0.00619913041047548));
#11739=CARTESIAN_POINT('',(0.0495,-0.0074762373000852,-0.00619913041047548));
#11740=CARTESIAN_POINT('',(0.0515,-0.00764297257360571,-0.00604573395883661));
#11741=CARTESIAN_POINT('',(0.0495,-0.00764297257360571,-0.00604573395883661));
#11742=CARTESIAN_POINT('',(0.0515,-0.00696602736311245,-0.00627582863629491));
#11743=CARTESIAN_POINT('',(0.0515,-0.00696602736311245,-0.00627582863629491));
#11744=CARTESIAN_POINT('',(0.0515,-0.00696602736311245,-0.00627582863629491));
#11745=CARTESIAN_POINT('',(0.0515,-0.00739286966332495,-0.00627582863629491));
#11746=CARTESIAN_POINT('',(0.0515,-0.00764297257360571,-0.00604573395883661));
#11747=CARTESIAN_POINT('',(0.0515,-0.00764297257360571,-0.00604573395883661));
#11748=CARTESIAN_POINT('',(0.0515,-0.00764297257360571,-0.00604573395883661));
#11749=CARTESIAN_POINT('',(0.0515,-0.00606899159157212,-0.00593402132557787));
#11750=CARTESIAN_POINT('',(0.0495,-0.00606899159157212,-0.00593402132557787));
#11751=CARTESIAN_POINT('',(0.0515,-0.00631798293336274,-0.0061618928660559));
#11752=CARTESIAN_POINT('',(0.0495,-0.00631798293336274,-0.0061618928660559));
#11753=CARTESIAN_POINT('',(0.0515,-0.00661699485720952,-0.00627582863629491));
#11754=CARTESIAN_POINT('',(0.0495,-0.00661699485720952,-0.00627582863629491));
#11755=CARTESIAN_POINT('',(0.0515,-0.00696602736311245,-0.00627582863629491));
#11756=CARTESIAN_POINT('',(0.0495,-0.00696602736311245,-0.00627582863629491));
#11757=CARTESIAN_POINT('',(0.0515,-0.00606899159157212,-0.00593402132557787));
#11758=CARTESIAN_POINT('',(0.0515,-0.00606899159157212,-0.00593402132557787));
#11759=CARTESIAN_POINT('',(0.0515,-0.00606899159157212,-0.00593402132557787));
#11760=CARTESIAN_POINT('',(0.0515,-0.00644247860425805,-0.00627582863629491));
#11761=CARTESIAN_POINT('',(0.0515,-0.00696602736311245,-0.00627582863629491));
#11762=CARTESIAN_POINT('',(0.0515,-0.00569550457888618,-0.00512202054353299));
#11763=CARTESIAN_POINT('',(0.0495,-0.00569550457888618,-0.00512202054353299));
#11764=CARTESIAN_POINT('',(0.0515,-0.00569550457888618,-0.00543548285775155));
#11765=CARTESIAN_POINT('',(0.0495,-0.00569550457888618,-0.00543548285775155));
#11766=CARTESIAN_POINT('',(0.0515,-0.00582000024978149,-0.00570614978509984));
#11767=CARTESIAN_POINT('',(0.0495,-0.00582000024978149,-0.00570614978509984));
#11768=CARTESIAN_POINT('',(0.0515,-0.00606899159157212,-0.00593402132557787));
#11769=CARTESIAN_POINT('',(0.0495,-0.00606899159157212,-0.00593402132557787));
#11770=CARTESIAN_POINT('',(0.0515,-0.00569550457888618,-0.00512202054353299));
#11771=CARTESIAN_POINT('',(0.0515,-0.00569550457888618,-0.00512202054353299));
#11772=CARTESIAN_POINT('',(0.0515,-0.00569550457888618,-0.00512202054353299));
#11773=CARTESIAN_POINT('',(0.0515,-0.00569550457888618,-0.00559221401486083));
#11774=CARTESIAN_POINT('',(0.0515,-0.00606899159157212,-0.00593402132557787));
#11775=CARTESIAN_POINT('',(0.0515,-0.00594060543096132,-0.00453094399890279));
#11776=CARTESIAN_POINT('',(0.0495,-0.00594060543096132,-0.00453094399890279));
#11777=CARTESIAN_POINT('',(0.0515,-0.00577720486291123,-0.00468378466629659));
#11778=CARTESIAN_POINT('',(0.0495,-0.00577720486291123,-0.00468378466629659));
#11779=CARTESIAN_POINT('',(0.0515,-0.00569550457888618,-0.00488081018117332));
#11780=CARTESIAN_POINT('',(0.0495,-0.00569550457888618,-0.00488081018117332));
#11781=CARTESIAN_POINT('',(0.0515,-0.00569550457888618,-0.00512202054353299));
#11782=CARTESIAN_POINT('',(0.0495,-0.00569550457888618,-0.00512202054353299));
#11783=CARTESIAN_POINT('',(0.0515,-0.00594060543096132,-0.00453094399890279));
#11784=CARTESIAN_POINT('',(0.0515,-0.00594060543096132,-0.00453094399890279));
#11785=CARTESIAN_POINT('',(0.0515,-0.00594060543096132,-0.00453094399890279));
#11786=CARTESIAN_POINT('',(0.0515,-0.00569550457888618,-0.00476020499999349));
#11787=CARTESIAN_POINT('',(0.0515,-0.00569550457888618,-0.00512202054353299));
#11788=CARTESIAN_POINT('',(0.0515,-0.00661254858324897,-0.00430168299781209));
#11789=CARTESIAN_POINT('',(0.0495,-0.00661254858324897,-0.00430168299781209));
#11790=CARTESIAN_POINT('',(0.0515,-0.00632798704977397,-0.00430168299781209));
#11791=CARTESIAN_POINT('',(0.0495,-0.00632798704977397,-0.00430168299781209));
#11792=CARTESIAN_POINT('',(0.0515,-0.00610400599901142,-0.00437810333150899));
#11793=CARTESIAN_POINT('',(0.0495,-0.00610400599901142,-0.00437810333150899));
#11794=CARTESIAN_POINT('',(0.0515,-0.00594060543096132,-0.00453094399890279));
#11795=CARTESIAN_POINT('',(0.0495,-0.00594060543096132,-0.00453094399890279));
#11796=CARTESIAN_POINT('',(0.0515,-0.00661254858324897,-0.00430168299781209));
#11797=CARTESIAN_POINT('',(0.0515,-0.00661254858324897,-0.00430168299781209));
#11798=CARTESIAN_POINT('',(0.0515,-0.00661254858324897,-0.00430168299781209));
#11799=CARTESIAN_POINT('',(0.0515,-0.00618570628303647,-0.00430168299781209));
#11800=CARTESIAN_POINT('',(0.0515,-0.00594060543096132,-0.00453094399890279));
#11801=CARTESIAN_POINT('',(0.0515,-0.00751958847120054,-0.00464265663216153));
#11802=CARTESIAN_POINT('',(0.0495,-0.00751958847120054,-0.00464265663216153));
#11803=CARTESIAN_POINT('',(0.0515,-0.00727059712940991,-0.00441534087592857));
#11804=CARTESIAN_POINT('',(0.0495,-0.00727059712940991,-0.00441534087592857));
#11805=CARTESIAN_POINT('',(0.0515,-0.00696825050009272,-0.00430168299781209));
#11806=CARTESIAN_POINT('',(0.0495,-0.00696825050009272,-0.00430168299781209));
#11807=CARTESIAN_POINT('',(0.0515,-0.00661254858324897,-0.00430168299781209));
#11808=CARTESIAN_POINT('',(0.0495,-0.00661254858324897,-0.00430168299781209));
#11809=CARTESIAN_POINT('',(0.0515,-0.00751958847120054,-0.00464265663216153));
#11810=CARTESIAN_POINT('',(0.0515,-0.00751958847120054,-0.00464265663216153));
#11811=CARTESIAN_POINT('',(0.0515,-0.00751958847120054,-0.00464265663216153));
#11812=CARTESIAN_POINT('',(0.0515,-0.0071461014585146,-0.00430168299781209));
#11813=CARTESIAN_POINT('',(0.0515,-0.00661254858324897,-0.00430168299781209));
#11814=CARTESIAN_POINT('',(0.0515,-0.00789307548388648,-0.00546382785425003));
#11815=CARTESIAN_POINT('',(0.0495,-0.00789307548388648,-0.00546382785425003));
#11816=CARTESIAN_POINT('',(0.0515,-0.00789307548388648,-0.00514369612909066));
#11817=CARTESIAN_POINT('',(0.0495,-0.00789307548388648,-0.00514369612909066));
#11818=CARTESIAN_POINT('',(0.0515,-0.00776857981299117,-0.00486997238839449));
#11819=CARTESIAN_POINT('',(0.0495,-0.00776857981299117,-0.00486997238839449));
#11820=CARTESIAN_POINT('',(0.0515,-0.00751958847120054,-0.00464265663216153));
#11821=CARTESIAN_POINT('',(0.0495,-0.00751958847120054,-0.00464265663216153));
#11822=CARTESIAN_POINT('',(0.0515,-0.00789307548388648,-0.00546382785425003));
#11823=CARTESIAN_POINT('',(0.0515,-0.00789307548388648,-0.00546382785425003));
#11824=CARTESIAN_POINT('',(0.0515,-0.00789307548388648,-0.00546382785425003));
#11825=CARTESIAN_POINT('',(0.0515,-0.00789307548388648,-0.00498363026651097));
#11826=CARTESIAN_POINT('',(0.0515,-0.00751958847120054,-0.00464265663216153));
#11827=CARTESIAN_POINT('',(0.0515,-0.00713800994448657,-0.00548520790491504));
#11828=CARTESIAN_POINT('',(0.0515,-0.00713800994448657,-0.00548520790491504));
#11829=CARTESIAN_POINT('',(0.0515,-6.64362182288989E-19,-0.0089));
#11830=CARTESIAN_POINT('',(0.0515,-0.00669841724911203,-0.00987147480976467));
#11831=CARTESIAN_POINT('',(0.0515,-0.00617570216662524,-0.006894416501056));
#11832=CARTESIAN_POINT('',(0.0515,-0.00617570216662524,-0.006894416501056));
#11833=CARTESIAN_POINT('',(0.0515,-0.00669841724911203,-0.00987147480976467));
#11834=CARTESIAN_POINT('',(0.0515,-0.00722113233159883,-0.0128485331184733));
#11835=CARTESIAN_POINT('',(0.0515,-0.00722113233159883,-0.0128485331184733));
#11836=CARTESIAN_POINT('',(0.0515,-0.00708774411278242,-0.006894416501056));
#11837=CARTESIAN_POINT('',(0.0515,-0.0079997860589396,-0.006894416501056));
#11838=CARTESIAN_POINT('',(0.0515,-0.0079997860589396,-0.006894416501056));
#11839=CARTESIAN_POINT('',(0.0515,-0.00708774411278242,-0.006894416501056));
#11840=CARTESIAN_POINT('',(0.0515,-0.008523334817794,-0.00987147480976467));
#11841=CARTESIAN_POINT('',(0.0515,-0.00904688357664839,-0.0128485331184733));
#11842=CARTESIAN_POINT('',(0.0515,-0.00904688357664839,-0.0128485331184733));
#11843=CARTESIAN_POINT('',(0.0515,-0.008523334817794,-0.00987147480976467));
#11844=CARTESIAN_POINT('',(0.0515,-0.00813400795412361,-0.0128485331184733));
#11845=CARTESIAN_POINT('',(0.0515,-0.00813400795412361,-0.0128485331184733));
#11846=CARTESIAN_POINT('',(0.0515,-6.64362182288989E-19,-0.0089));
#11847=CARTESIAN_POINT('',(0.0515,-0.00341506647537409,-0.00949695227425396));
#11848=CARTESIAN_POINT('',(0.0495,-0.00341506647537409,-0.00949695227425396));
#11849=CARTESIAN_POINT('',(0.0495,-0.00126701571418147,-0.00987064113339707));
#11850=CARTESIAN_POINT('',(0.0495,-0.00123533601221257,-0.0095188297062688));
#11851=CARTESIAN_POINT('',(0.0515,-0.00126701571418147,-0.00987064113339707));
#11852=CARTESIAN_POINT('',(0.0515,-0.00126701571418147,-0.00987064113339707));
#11853=CARTESIAN_POINT('',(0.0515,-0.00341506647537409,-0.00949695227425396));
#11854=CARTESIAN_POINT('',(0.0515,-0.00123533601221258,-0.0095188297062688));
#11855=CARTESIAN_POINT('',(0.0515,-0.00123533601221258,-0.0095188297062688));
#11856=CARTESIAN_POINT('',(0.0515,-0.00184308608419483,-0.0109494183530748));
#11857=CARTESIAN_POINT('',(0.0495,-0.00184308608419483,-0.0109494183530748));
#11858=CARTESIAN_POINT('',(0.0515,-0.00154462994459312,-0.0106859766209124));
#11859=CARTESIAN_POINT('',(0.0495,-0.00154462994459312,-0.0106859766209124));
#11860=CARTESIAN_POINT('',(0.0515,-0.001352606487922,-0.0103263842143531));
#11861=CARTESIAN_POINT('',(0.0495,-0.001352606487922,-0.0103263842143531));
#11862=CARTESIAN_POINT('',(0.0515,-0.00126701571418147,-0.00987064113339707));
#11863=CARTESIAN_POINT('',(0.0495,-0.00126701571418147,-0.00987064113339707));
#11864=CARTESIAN_POINT('',(0.0495,-0.00184308608419483,-0.0109494183530748));
#11865=CARTESIAN_POINT('',(0.0495,-0.00139540187479226,-0.0105542557548312));
#11866=CARTESIAN_POINT('',(0.0495,-0.00126701571418147,-0.00987064113339707));
#11867=CARTESIAN_POINT('',(0.0495,-0.00184308608419483,-0.0109494183530748));
#11868=CARTESIAN_POINT('',(0.0515,-0.00184308608419483,-0.0109494183530748));
#11869=CARTESIAN_POINT('',(0.0515,-0.00184308608419483,-0.0109494183530748));
#11870=CARTESIAN_POINT('',(0.0515,-0.00184308608419483,-0.0109494183530748));
#11871=CARTESIAN_POINT('',(0.0515,-0.00139540187479226,-0.0105542557548312));
#11872=CARTESIAN_POINT('',(0.0515,-0.00126701571418147,-0.00987064113339707));
#11873=CARTESIAN_POINT('',(0.0515,-0.00283599463800946,-0.0113445809513184));
#11874=CARTESIAN_POINT('',(0.0495,-0.00283599463800945,-0.0113445809513184));
#11875=CARTESIAN_POINT('',(0.0515,-0.00247251174173475,-0.0113445809513184));
#11876=CARTESIAN_POINT('',(0.0495,-0.00247251174173475,-0.0113445809513184));
#11877=CARTESIAN_POINT('',(0.0515,-0.00214154222379654,-0.0112128600852372));
#11878=CARTESIAN_POINT('',(0.0495,-0.00214154222379654,-0.0112128600852372));
#11879=CARTESIAN_POINT('',(0.0515,-0.00184308608419483,-0.0109494183530748));
#11880=CARTESIAN_POINT('',(0.0495,-0.00184308608419483,-0.0109494183530748));
#11881=CARTESIAN_POINT('',(0.0495,-0.00283599463800946,-0.0113445809513184));
#11882=CARTESIAN_POINT('',(0.0495,-0.00229077029359739,-0.0113445809513184));
#11883=CARTESIAN_POINT('',(0.0495,-0.00184308608419483,-0.0109494183530748));
#11884=CARTESIAN_POINT('',(0.0495,-0.00283599463800946,-0.0113445809513184));
#11885=CARTESIAN_POINT('',(0.0515,-0.00283599463800946,-0.0113445809513184));
#11886=CARTESIAN_POINT('',(0.0515,-0.00283599463800946,-0.0113445809513184));
#11887=CARTESIAN_POINT('',(0.0515,-0.00283599463800946,-0.0113445809513184));
#11888=CARTESIAN_POINT('',(0.0515,-0.00229077029359739,-0.0113445809513184));
#11889=CARTESIAN_POINT('',(0.0515,-0.00184308608419483,-0.0109494183530748));
#11890=CARTESIAN_POINT('',(0.0515,-0.00359880851436578,-0.0110402890771434));
#11891=CARTESIAN_POINT('',(0.0495,-0.00359880851436578,-0.0110402890771434));
#11892=CARTESIAN_POINT('',(0.0515,-0.00339594726491583,-0.0112431503265934));
#11893=CARTESIAN_POINT('',(0.0495,-0.00339594726491583,-0.0112431503265934));
#11894=CARTESIAN_POINT('',(0.0515,-0.00314167597279705,-0.0113445809513184));
#11895=CARTESIAN_POINT('',(0.0495,-0.00314167597279705,-0.0113445809513184));
#11896=CARTESIAN_POINT('',(0.0515,-0.00283599463800946,-0.0113445809513184));
#11897=CARTESIAN_POINT('',(0.0495,-0.00283599463800945,-0.0113445809513184));
#11898=CARTESIAN_POINT('',(0.0495,-0.00359880851436578,-0.0110402890771434));
#11899=CARTESIAN_POINT('',(0.0495,-0.00329451664019086,-0.0113445809513184));
#11900=CARTESIAN_POINT('',(0.0495,-0.00283599463800946,-0.0113445809513184));
#11901=CARTESIAN_POINT('',(0.0495,-0.00359880851436578,-0.0110402890771434));
#11902=CARTESIAN_POINT('',(0.0515,-0.00359880851436578,-0.0110402890771434));
#11903=CARTESIAN_POINT('',(0.0515,-0.00359880851436578,-0.0110402890771434));
#11904=CARTESIAN_POINT('',(0.0515,-0.00359880851436578,-0.0110402890771434));
#11905=CARTESIAN_POINT('',(0.0515,-0.00329451664019086,-0.0113445809513184));
#11906=CARTESIAN_POINT('',(0.0515,-0.00283599463800946,-0.0113445809513184));
#11907=CARTESIAN_POINT('',(0.0515,-0.00390310038854071,-0.0102124484441141));
#11908=CARTESIAN_POINT('',(0.0495,-0.00390310038854071,-0.0102124484441141));
#11909=CARTESIAN_POINT('',(0.0515,-0.00390310038854071,-0.010561480950017));
#11910=CARTESIAN_POINT('',(0.0495,-0.00390310038854071,-0.010561480950017));
#11911=CARTESIAN_POINT('',(0.0515,-0.00380166976381573,-0.0108374278276935));
#11912=CARTESIAN_POINT('',(0.0495,-0.00380166976381573,-0.0108374278276935));
#11913=CARTESIAN_POINT('',(0.0515,-0.00359880851436578,-0.0110402890771434));
#11914=CARTESIAN_POINT('',(0.0495,-0.00359880851436578,-0.0110402890771434));
#11915=CARTESIAN_POINT('',(0.0495,-0.00390310038854071,-0.0102124484441141));
#11916=CARTESIAN_POINT('',(0.0495,-0.00390310038854071,-0.0107359972029685));
#11917=CARTESIAN_POINT('',(0.0495,-0.00359880851436578,-0.0110402890771434));
#11918=CARTESIAN_POINT('',(0.0495,-0.00390310038854071,-0.0102124484441141));
#11919=CARTESIAN_POINT('',(0.0515,-0.00390310038854071,-0.0102124484441141));
#11920=CARTESIAN_POINT('',(0.0515,-0.00390310038854071,-0.0102124484441141));
#11921=CARTESIAN_POINT('',(0.0515,-0.00390310038854071,-0.0102124484441141));
#11922=CARTESIAN_POINT('',(0.0515,-0.00390310038854071,-0.0107359972029685));
#11923=CARTESIAN_POINT('',(0.0515,-0.00359880851436578,-0.0110402890771434));
#11924=CARTESIAN_POINT('',(0.0515,-0.00172336992537924,-0.0102343258761289));
#11925=CARTESIAN_POINT('',(0.0495,-0.00172336992537924,-0.0102343258761289));
#11926=CARTESIAN_POINT('',(0.0495,-0.00387142068657182,-0.00986063701698584));
#11927=CARTESIAN_POINT('',(0.0515,-0.00387142068657182,-0.00986063701698584));
#11928=CARTESIAN_POINT('',(0.0515,-0.00387142068657182,-0.00986063701698584));
#11929=CARTESIAN_POINT('',(0.0515,-0.00172336992537924,-0.0102343258761289));
#11930=CARTESIAN_POINT('',(0.0515,-0.00330535443296968,-0.00878769553188137));
#11931=CARTESIAN_POINT('',(0.0495,-0.00330535443296968,-0.00878769553188137));
#11932=CARTESIAN_POINT('',(0.0515,-0.0036038105725714,-0.00904724677432829));
#11933=CARTESIAN_POINT('',(0.0495,-0.00360381057257139,-0.00904724677432829));
#11934=CARTESIAN_POINT('',(0.0515,-0.0037924993237721,-0.00940489393602978));
#11935=CARTESIAN_POINT('',(0.0495,-0.0037924993237721,-0.00940489393602978));
#11936=CARTESIAN_POINT('',(0.0515,-0.00387142068657182,-0.00986063701698584));
#11937=CARTESIAN_POINT('',(0.0495,-0.00387142068657181,-0.00986063701698584));
#11938=CARTESIAN_POINT('',(0.0495,-0.00330535443296968,-0.00878769553188137));
#11939=CARTESIAN_POINT('',(0.0495,-0.00375303864237225,-0.00917702239555175));
#11940=CARTESIAN_POINT('',(0.0495,-0.00387142068657182,-0.00986063701698584));
#11941=CARTESIAN_POINT('',(0.0495,-0.00330535443296968,-0.00878769553188137));
#11942=CARTESIAN_POINT('',(0.0515,-0.00330535443296968,-0.00878769553188137));
#11943=CARTESIAN_POINT('',(0.0515,-0.00330535443296968,-0.00878769553188137));
#11944=CARTESIAN_POINT('',(0.0515,-0.00330535443296968,-0.00878769553188137));
#11945=CARTESIAN_POINT('',(0.0515,-0.00375303864237225,-0.00917702239555175));
#11946=CARTESIAN_POINT('',(0.0515,-0.00387142068657182,-0.00986063701698584));
#11947=CARTESIAN_POINT('',(0.0515,-0.00231244587915506,-0.00839836866821098));
#11948=CARTESIAN_POINT('',(0.0495,-0.00231244587915506,-0.00839836866821098));
#11949=CARTESIAN_POINT('',(0.0515,-0.00267592877542977,-0.00839836866821098));
#11950=CARTESIAN_POINT('',(0.0495,-0.00267592877542977,-0.00839836866821098));
#11951=CARTESIAN_POINT('',(0.0515,-0.00300689829336798,-0.00852814428943444));
#11952=CARTESIAN_POINT('',(0.0495,-0.00300689829336797,-0.00852814428943444));
#11953=CARTESIAN_POINT('',(0.0515,-0.00330535443296968,-0.00878769553188137));
#11954=CARTESIAN_POINT('',(0.0495,-0.00330535443296968,-0.00878769553188137));
#11955=CARTESIAN_POINT('',(0.0495,-0.00231244587915506,-0.00839836866821098));
#11956=CARTESIAN_POINT('',(0.0495,-0.00285767022356712,-0.00839836866821098));
#11957=CARTESIAN_POINT('',(0.0495,-0.00330535443296968,-0.00878769553188137));
#11958=CARTESIAN_POINT('',(0.0495,-0.00231244587915506,-0.00839836866821098));
#11959=CARTESIAN_POINT('',(0.0515,-0.00231244587915506,-0.00839836866821098));
#11960=CARTESIAN_POINT('',(0.0515,-0.00231244587915506,-0.00839836866821098));
#11961=CARTESIAN_POINT('',(0.0515,-0.00231244587915506,-0.00839836866821098));
#11962=CARTESIAN_POINT('',(0.0515,-0.00285767022356712,-0.00839836866821098));
#11963=CARTESIAN_POINT('',(0.0515,-0.00330535443296968,-0.00878769553188137));
#11964=CARTESIAN_POINT('',(0.0515,-0.0015396278863875,-0.00869765848418029));
#11965=CARTESIAN_POINT('',(0.0495,-0.0015396278863875,-0.00869765848418029));
#11966=CARTESIAN_POINT('',(0.0515,-0.00174248913583745,-0.00849813194020075));
#11967=CARTESIAN_POINT('',(0.0495,-0.00174248913583745,-0.00849813194020075));
#11968=CARTESIAN_POINT('',(0.0515,-0.00200009513342664,-0.00839836866821098));
#11969=CARTESIAN_POINT('',(0.0495,-0.00200009513342664,-0.00839836866821098));
#11970=CARTESIAN_POINT('',(0.0515,-0.00231244587915506,-0.00839836866821098));
#11971=CARTESIAN_POINT('',(0.0495,-0.00231244587915506,-0.00839836866821098));
#11972=CARTESIAN_POINT('',(0.0495,-0.0015396278863875,-0.00869765848418029));
#11973=CARTESIAN_POINT('',(0.0495,-0.00184391976056243,-0.00839836866821098));
#11974=CARTESIAN_POINT('',(0.0495,-0.00231244587915506,-0.00839836866821098));
#11975=CARTESIAN_POINT('',(0.0495,-0.0015396278863875,-0.00869765848418029));
#11976=CARTESIAN_POINT('',(0.0515,-0.0015396278863875,-0.00869765848418029));
#11977=CARTESIAN_POINT('',(0.0515,-0.0015396278863875,-0.00869765848418029));
#11978=CARTESIAN_POINT('',(0.0515,-0.0015396278863875,-0.00869765848418029));
#11979=CARTESIAN_POINT('',(0.0515,-0.00184391976056243,-0.00839836866821098));
#11980=CARTESIAN_POINT('',(0.0515,-0.00231244587915506,-0.00839836866821098));
#11981=CARTESIAN_POINT('',(0.0515,-0.00572718428085507,-0.00986063701698584));
#11982=CARTESIAN_POINT('',(0.0495,-0.00572718428085507,-0.00986063701698584));
#11983=CARTESIAN_POINT('',(0.0515,-0.00562047370580194,-0.00924927434741065));
#11984=CARTESIAN_POINT('',(0.0495,-0.00562047370580194,-0.00924927434741065));
#11985=CARTESIAN_POINT('',(0.0515,-0.00541066515328864,-0.00871238676667461));
#11986=CARTESIAN_POINT('',(0.0495,-0.00541066515328864,-0.00871238676667461));
#11987=CARTESIAN_POINT('',(0.0515,-0.00509775862331515,-0.00824997427477773));
#11988=CARTESIAN_POINT('',(0.0495,-0.00509775862331515,-0.00824997427477773));
#11989=CARTESIAN_POINT('',(0.0515,-0.00572718428085507,-0.00986063701698584));
#11990=CARTESIAN_POINT('',(0.0515,-0.00572718428085507,-0.00986063701698584));
#11991=CARTESIAN_POINT('',(0.0515,-0.00572718428085507,-0.00986063701698584));
#11992=CARTESIAN_POINT('',(0.0515,-0.00556711841827538,-0.00894359301262305));
#11993=CARTESIAN_POINT('',(0.0515,-0.00509775862331515,-0.00824997427477773));
#11994=CARTESIAN_POINT('',(0.0515,-0.00509775862331515,-0.00824997427477773));
#11995=CARTESIAN_POINT('',(0.0515,-0.00509775862331515,-0.00824997427477773));
#11996=CARTESIAN_POINT('',(0.0515000000000001,-0.00148750875633563,-0.0106115510999182));
#11997=CARTESIAN_POINT('',(0.0515,-0.00579221103752807,-0.0105759313403888));
#11998=CARTESIAN_POINT('',(0.0515,-0.00579221103752807,-0.0105759313403888));
#11999=CARTESIAN_POINT('',(0.0515,-0.00148750875633563,-0.0106115510999182));
#12000=CARTESIAN_POINT('',(0.0515,-0.00551959886532204,-0.0118247785390574));
#12001=CARTESIAN_POINT('',(0.0495,-0.00551959886532204,-0.0118247785390574));
#12002=CARTESIAN_POINT('',(0.0515,-0.00570134031345939,-0.0114690766222137));
#12003=CARTESIAN_POINT('',(0.0495,-0.00570134031345939,-0.0114690766222137));
#12004=CARTESIAN_POINT('',(0.0515,-0.00579221103752807,-0.0110527942226575));
#12005=CARTESIAN_POINT('',(0.0495,-0.00579221103752807,-0.0110527942226575));
#12006=CARTESIAN_POINT('',(0.0515,-0.00579221103752807,-0.0105759313403888));
#12007=CARTESIAN_POINT('',(0.0495,-0.00579221103752807,-0.0105759313403888));
#12008=CARTESIAN_POINT('',(0.0515,-0.00551959886532204,-0.0118247785390574));
#12009=CARTESIAN_POINT('',(0.0515,-0.00551959886532204,-0.0118247785390574));
#12010=CARTESIAN_POINT('',(0.0515,-0.00551959886532204,-0.0118247785390574));
#12011=CARTESIAN_POINT('',(0.0515,-0.00579221103752807,-0.0112912256637918));
#12012=CARTESIAN_POINT('',(0.0515,-0.00579221103752807,-0.0105759313403888));
#12013=CARTESIAN_POINT('',(0.0515,-0.00476178704717133,-0.0126459497611459));
#12014=CARTESIAN_POINT('',(0.0495,-0.00476178704717133,-0.0126459497611459));
#12015=CARTESIAN_POINT('',(0.0515,-0.00508525347780112,-0.0124542041965973));
#12016=CARTESIAN_POINT('',(0.0495,-0.00508525347780112,-0.0124542041965973));
#12017=CARTESIAN_POINT('',(0.0515,-0.00533785741718469,-0.0121804804559012));
#12018=CARTESIAN_POINT('',(0.0495,-0.00533785741718469,-0.0121804804559012));
#12019=CARTESIAN_POINT('',(0.0515,-0.00551959886532204,-0.0118247785390574));
#12020=CARTESIAN_POINT('',(0.0495,-0.00551959886532204,-0.0118247785390574));
#12021=CARTESIAN_POINT('',(0.0515,-0.00476178704717133,-0.0126459497611459));
#12022=CARTESIAN_POINT('',(0.0515,-0.00476178704717133,-0.0126459497611459));
#12023=CARTESIAN_POINT('',(0.0515,-0.00476178704717133,-0.0126459497611459));
#12024=CARTESIAN_POINT('',(0.0515,-0.00524698669311601,-0.0123583314143231));
#12025=CARTESIAN_POINT('',(0.0515,-0.00551959886532204,-0.0118247785390574));
#12026=CARTESIAN_POINT('',(0.0515,-0.00364632806731912,-0.0129335681079688));
#12027=CARTESIAN_POINT('',(0.0495,-0.00364632806731912,-0.0129335681079688));
#12028=CARTESIAN_POINT('',(0.0515,-0.00406650095659081,-0.0129335681079688));
#12029=CARTESIAN_POINT('',(0.0495,-0.00406650095659081,-0.0129335681079688));
#12030=CARTESIAN_POINT('',(0.0515,-0.00443832061654154,-0.0128376953256945));
#12031=CARTESIAN_POINT('',(0.0495,-0.00443832061654154,-0.0128376953256945));
#12032=CARTESIAN_POINT('',(0.0515,-0.00476178704717133,-0.0126459497611459));
#12033=CARTESIAN_POINT('',(0.0495,-0.00476178704717133,-0.0126459497611459));
#12034=CARTESIAN_POINT('',(0.0515,-0.00364632806731912,-0.0129335681079688));
#12035=CARTESIAN_POINT('',(0.0515,-0.00364632806731912,-0.0129335681079688));
#12036=CARTESIAN_POINT('',(0.0515,-0.00364632806731912,-0.0129335681079688));
#12037=CARTESIAN_POINT('',(0.0515,-0.00427658740122665,-0.0129335681079688));
#12038=CARTESIAN_POINT('',(0.0515,-0.00476178704717133,-0.0126459497611459));
#12039=CARTESIAN_POINT('',(0.0515,-0.00250502512007125,-0.0126776294631148));
#12040=CARTESIAN_POINT('',(0.0495,-0.00250502512007124,-0.0126776294631148));
#12041=CARTESIAN_POINT('',(0.0515,-0.00284683243078829,-0.0128482552263508));
#12042=CARTESIAN_POINT('',(0.0495,-0.00284683243078829,-0.0128482552263508));
#12043=CARTESIAN_POINT('',(0.0515,-0.00322726674653758,-0.0129335681079688));
#12044=CARTESIAN_POINT('',(0.0495,-0.00322726674653758,-0.0129335681079688));
#12045=CARTESIAN_POINT('',(0.0515,-0.00364632806731912,-0.0129335681079688));
#12046=CARTESIAN_POINT('',(0.0495,-0.00364632806731912,-0.0129335681079688));
#12047=CARTESIAN_POINT('',(0.0515,-0.00250502512007125,-0.0126776294631148));
#12048=CARTESIAN_POINT('',(0.0515,-0.00250502512007125,-0.0126776294631148));
#12049=CARTESIAN_POINT('',(0.0515,-0.00250502512007125,-0.0126776294631148));
#12050=CARTESIAN_POINT('',(0.0515,-0.00301773608614681,-0.0129335681079688));
#12051=CARTESIAN_POINT('',(0.0515,-0.00364632806731912,-0.0129335681079688));
#12052=CARTESIAN_POINT('',(0.0515,-0.00361087928386485,-0.0104138632267335));
#12053=CARTESIAN_POINT('',(0.0515,-0.00165064366560782,-0.0119956268850766));
#12054=CARTESIAN_POINT('',(0.0515,-0.00165064366560782,-0.0119956268850766));
#12055=CARTESIAN_POINT('',(0.0515,-0.00361087928386485,-0.0104138632267335));
#12056=CARTESIAN_POINT('',(0.0515,-0.00172553771636287,-0.0124216908182608));
#12057=CARTESIAN_POINT('',(0.0515,-0.0018005685894471,-0.0128485331184733));
#12058=CARTESIAN_POINT('',(0.0515,-0.0018005685894471,-0.0128485331184733));
#12059=CARTESIAN_POINT('',(0.0515,-0.00172553771636287,-0.0124216908182608));
#12060=CARTESIAN_POINT('',(0.0515,-0.000888526643289918,-0.0128485331184733));
#12061=CARTESIAN_POINT('',(0.0515,2.35153028672636E-5,-0.0128485331184733));
#12062=CARTESIAN_POINT('',(0.0515,2.35153028672636E-5,-0.0128485331184733));
#12063=CARTESIAN_POINT('',(0.0515,-0.000888526643289918,-0.0128485331184733));
#12064=CARTESIAN_POINT('',(0.0515,0.000722969775285794,-0.00890024184150771));
#12065=CARTESIAN_POINT('',(0.0515,0.00142242424770433,-0.00495195056454207));
#12066=CARTESIAN_POINT('',(0.0515,0.00142242424770433,-0.00495195056454207));
#12067=CARTESIAN_POINT('',(0.0515,0.000722969775285794,-0.00890024184150771));
#12068=CARTESIAN_POINT('',(0.0515,0.000509548625179545,-0.00495195056454207));
#12069=CARTESIAN_POINT('',(0.0515,-0.000403326997345238,-0.00495195056454207));
#12070=CARTESIAN_POINT('',(0.0515,-0.000403326997345238,-0.00495195056454207));
#12071=CARTESIAN_POINT('',(0.0515,0.000509548625179545,-0.00495195056454207));
#12072=CARTESIAN_POINT('',(0.0515,-0.000648427849420387,-0.00633418598202709));
#12073=CARTESIAN_POINT('',(0.0515,-0.000893528701495535,-0.0077164213995121));
#12074=CARTESIAN_POINT('',(0.0515,-0.000893528701495535,-0.0077164213995121));
#12075=CARTESIAN_POINT('',(0.0515,-0.000648427849420387,-0.00633418598202709));
#12076=CARTESIAN_POINT('',(0.0515,-0.0015396278863875,-0.00705448236363568));
#12077=CARTESIAN_POINT('',(0.0495,-0.0015396278863875,-0.00705448236363568));
#12078=CARTESIAN_POINT('',(0.0515,-0.0012445064522562,-0.00721788293168578));
#12079=CARTESIAN_POINT('',(0.0495,-0.0012445064522562,-0.00721788293168578));
#12080=CARTESIAN_POINT('',(0.0515,-0.00102914005729221,-0.00743852927697792));
#12081=CARTESIAN_POINT('',(0.0495,-0.00102914005729221,-0.00743852927697792));
#12082=CARTESIAN_POINT('',(0.0515,-0.000893528701495535,-0.0077164213995121));
#12083=CARTESIAN_POINT('',(0.0495,-0.000893528701495535,-0.0077164213995121));
#12084=CARTESIAN_POINT('',(0.0515,-0.0015396278863875,-0.00705448236363568));
#12085=CARTESIAN_POINT('',(0.0515,-0.0015396278863875,-0.00705448236363568));
#12086=CARTESIAN_POINT('',(0.0515,-0.0015396278863875,-0.00705448236363568));
#12087=CARTESIAN_POINT('',(0.0515,-0.00109694573519055,-0.00729958321571083));
#12088=CARTESIAN_POINT('',(0.0515,-0.000893528701495535,-0.0077164213995121));
#12089=CARTESIAN_POINT('',(0.0515,-0.00256921820037664,-0.00680938151156054));
#12090=CARTESIAN_POINT('',(0.0495,-0.00256921820037664,-0.00680938151156054));
#12091=CARTESIAN_POINT('',(0.0515,-0.00217794609184852,-0.00680938151156054));
#12092=CARTESIAN_POINT('',(0.0495,-0.00217794609184852,-0.00680938151156054));
#12093=CARTESIAN_POINT('',(0.0515,-0.0018347493205188,-0.00689108179558559));
#12094=CARTESIAN_POINT('',(0.0495,-0.0018347493205188,-0.00689108179558559));
#12095=CARTESIAN_POINT('',(0.0515,-0.0015396278863875,-0.00705448236363568));
#12096=CARTESIAN_POINT('',(0.0495,-0.0015396278863875,-0.00705448236363568));
#12097=CARTESIAN_POINT('',(0.0515,-0.00256921820037664,-0.00680938151156054));
#12098=CARTESIAN_POINT('',(0.0515,-0.00256921820037664,-0.00680938151156054));
#12099=CARTESIAN_POINT('',(0.0515,-0.00256921820037664,-0.00680938151156054));
#12100=CARTESIAN_POINT('',(0.0515,-0.00198231003758445,-0.00680938151156054));
#12101=CARTESIAN_POINT('',(0.0515,-0.0015396278863875,-0.00705448236363568));
#12102=CARTESIAN_POINT('',(0.0515,-0.00256749563527073,-0.00960776411675269));
#12103=CARTESIAN_POINT('',(0.0515,-0.0039664597924785,-0.00718286852424648));
#12104=CARTESIAN_POINT('',(0.0515,-0.0039664597924785,-0.00718286852424648));
#12105=CARTESIAN_POINT('',(0.0515,-0.00256749563527073,-0.00960776411675269));
#12106=CARTESIAN_POINT('',(0.0515,-0.00509775862331515,-0.00824997427477773));
#12107=CARTESIAN_POINT('',(0.0495,-0.00509775862331515,-0.00824997427477773));
#12108=CARTESIAN_POINT('',(0.0515,-0.00478485209334166,-0.00778756178288085));
#12109=CARTESIAN_POINT('',(0.0495,-0.00478485209334166,-0.00778756178288085));
#12110=CARTESIAN_POINT('',(0.0515,-0.00440775248306278,-0.0074318598660371));
#12111=CARTESIAN_POINT('',(0.0495,-0.00440775248306278,-0.0074318598660371));
#12112=CARTESIAN_POINT('',(0.0515,-0.0039664597924785,-0.00718286852424648));
#12113=CARTESIAN_POINT('',(0.0495,-0.0039664597924785,-0.00718286852424648));
#12114=CARTESIAN_POINT('',(0.0515,-0.00509775862331515,-0.00824997427477773));
#12115=CARTESIAN_POINT('',(0.0515,-0.00462839882835492,-0.00755635553693241));
#12116=CARTESIAN_POINT('',(0.0515,-0.0039664597924785,-0.00718286852424648));
#12117=CARTESIAN_POINT('',(0.0515,-0.00123533601221258,-0.0095188297062688));
#12118=CARTESIAN_POINT('',(0.0495,-0.00123533601221258,-0.0095188297062688));
#12119=CARTESIAN_POINT('',(0.0515,-0.00123533601221258,-0.00917090876885601));
#12120=CARTESIAN_POINT('',(0.0495,-0.00123533601221258,-0.00917090876885601));
#12121=CARTESIAN_POINT('',(0.0515,-0.00133676663693755,-0.00889718502815984));
#12122=CARTESIAN_POINT('',(0.0495,-0.00133676663693755,-0.00889718502815984));
#12123=CARTESIAN_POINT('',(0.0515,-0.0015396278863875,-0.00869765848418029));
#12124=CARTESIAN_POINT('',(0.0495,-0.0015396278863875,-0.00869765848418029));
#12125=CARTESIAN_POINT('',(0.0495,-0.00123533601221257,-0.0095188297062688));
#12126=CARTESIAN_POINT('',(0.0495,-0.00123533601221257,-0.00899694830014961));
#12127=CARTESIAN_POINT('',(0.0495,-0.0015396278863875,-0.00869765848418029));
#12128=CARTESIAN_POINT('',(0.0515,-0.00123533601221258,-0.0095188297062688));
#12129=CARTESIAN_POINT('',(0.0515,-0.00123533601221258,-0.00899694830014961));
#12130=CARTESIAN_POINT('',(0.0515,-0.0015396278863875,-0.00869765848418029));
#12131=CARTESIAN_POINT('',(0.0515,-6.64362182288989E-19,-0.0089));
#12132=CARTESIAN_POINT('',(0.0495,0.,-0.0019));
#12133=CARTESIAN_POINT('',(0.0515,0.00342824958815604,-0.00627582863629491));
#12134=CARTESIAN_POINT('',(0.0495,0.00342824958815605,-0.00627582863629491));
#12135=CARTESIAN_POINT('',(0.0515,0.00314368805468105,-0.00627582863629491));
#12136=CARTESIAN_POINT('',(0.0495,0.00314368805468105,-0.00627582863629491));
#12137=CARTESIAN_POINT('',(0.0515,0.00291803965118329,-0.00619913041047548));
#12138=CARTESIAN_POINT('',(0.0495,0.00291803965118329,-0.00619913041047548));
#12139=CARTESIAN_POINT('',(0.0515,0.00275130437766278,-0.00604573395883661));
#12140=CARTESIAN_POINT('',(0.0495,0.00275130437766278,-0.00604573395883661));
#12141=CARTESIAN_POINT('',(0.0515,0.00342824958815604,-0.00627582863629491));
#12142=CARTESIAN_POINT('',(0.0515,0.00342824958815604,-0.00627582863629491));
#12143=CARTESIAN_POINT('',(0.0515,0.00342824958815604,-0.00627582863629491));
#12144=CARTESIAN_POINT('',(0.0515,0.00300140728794355,-0.00627582863629491));
#12145=CARTESIAN_POINT('',(0.0515,0.00275130437766278,-0.00604573395883661));
#12146=CARTESIAN_POINT('',(0.0515,0.00275130437766278,-0.00604573395883661));
#12147=CARTESIAN_POINT('',(0.0515,0.00275130437766278,-0.00604573395883661));
#12148=CARTESIAN_POINT('',(0.0515,0.00432528535969638,-0.00593402132557787));
#12149=CARTESIAN_POINT('',(0.0495,0.00432528535969638,-0.00593402132557787));
#12150=CARTESIAN_POINT('',(0.0515,0.00407629401790575,-0.0061618928660559));
#12151=CARTESIAN_POINT('',(0.0495,0.00407629401790575,-0.0061618928660559));
#12152=CARTESIAN_POINT('',(0.0515,0.00377728209405897,-0.00627582863629491));
#12153=CARTESIAN_POINT('',(0.0495,0.00377728209405897,-0.00627582863629491));
#12154=CARTESIAN_POINT('',(0.0515,0.00342824958815604,-0.00627582863629491));
#12155=CARTESIAN_POINT('',(0.0495,0.00342824958815605,-0.00627582863629491));
#12156=CARTESIAN_POINT('',(0.0515,0.00432528535969638,-0.00593402132557787));
#12157=CARTESIAN_POINT('',(0.0515,0.00432528535969638,-0.00593402132557787));
#12158=CARTESIAN_POINT('',(0.0515,0.00432528535969638,-0.00593402132557787));
#12159=CARTESIAN_POINT('',(0.0515,0.00395179834701044,-0.00627582863629491));
#12160=CARTESIAN_POINT('',(0.0515,0.00342824958815604,-0.00627582863629491));
#12161=CARTESIAN_POINT('',(0.0515,0.00469877237238232,-0.00512202054353299));
#12162=CARTESIAN_POINT('',(0.0495,0.00469877237238232,-0.00512202054353299));
#12163=CARTESIAN_POINT('',(0.0515,0.00469877237238232,-0.00543548285775154));
#12164=CARTESIAN_POINT('',(0.0495,0.00469877237238232,-0.00543548285775154));
#12165=CARTESIAN_POINT('',(0.0515,0.00457427670148701,-0.00570614978509984));
#12166=CARTESIAN_POINT('',(0.0495,0.00457427670148701,-0.00570614978509984));
#12167=CARTESIAN_POINT('',(0.0515,0.00432528535969638,-0.00593402132557787));
#12168=CARTESIAN_POINT('',(0.0495,0.00432528535969638,-0.00593402132557787));
#12169=CARTESIAN_POINT('',(0.0515,0.00469877237238232,-0.00512202054353299));
#12170=CARTESIAN_POINT('',(0.0515,0.00469877237238232,-0.00512202054353299));
#12171=CARTESIAN_POINT('',(0.0515,0.00469877237238232,-0.00512202054353299));
#12172=CARTESIAN_POINT('',(0.0515,0.00469877237238232,-0.00559221401486082));
#12173=CARTESIAN_POINT('',(0.0515,0.00432528535969638,-0.00593402132557787));
#12174=CARTESIAN_POINT('',(0.0515,0.00445367152030717,-0.00453094399890279));
#12175=CARTESIAN_POINT('',(0.0495,0.00445367152030717,-0.00453094399890279));
#12176=CARTESIAN_POINT('',(0.0515,0.00461707208835727,-0.00468378466629659));
#12177=CARTESIAN_POINT('',(0.0495,0.00461707208835727,-0.00468378466629659));
#12178=CARTESIAN_POINT('',(0.0515,0.00469877237238232,-0.00488081018117332));
#12179=CARTESIAN_POINT('',(0.0495,0.00469877237238232,-0.00488081018117332));
#12180=CARTESIAN_POINT('',(0.0515,0.00469877237238232,-0.00512202054353299));
#12181=CARTESIAN_POINT('',(0.0495,0.00469877237238232,-0.00512202054353299));
#12182=CARTESIAN_POINT('',(0.0515,0.00445367152030717,-0.00453094399890279));
#12183=CARTESIAN_POINT('',(0.0515,0.00445367152030717,-0.00453094399890279));
#12184=CARTESIAN_POINT('',(0.0515,0.00445367152030717,-0.00453094399890279));
#12185=CARTESIAN_POINT('',(0.0515,0.00469877237238232,-0.00476020499999349));
#12186=CARTESIAN_POINT('',(0.0515,0.00469877237238232,-0.00512202054353299));
#12187=CARTESIAN_POINT('',(0.0515,0.00378172836801952,-0.00430168299781209));
#12188=CARTESIAN_POINT('',(0.0495,0.00378172836801952,-0.00430168299781209));
#12189=CARTESIAN_POINT('',(0.0515,0.00406628990149452,-0.00430168299781209));
#12190=CARTESIAN_POINT('',(0.0495,0.00406628990149452,-0.00430168299781209));
#12191=CARTESIAN_POINT('',(0.0515,0.00429027095225707,-0.00437810333150899));
#12192=CARTESIAN_POINT('',(0.0495,0.00429027095225707,-0.00437810333150899));
#12193=CARTESIAN_POINT('',(0.0515,0.00445367152030717,-0.00453094399890279));
#12194=CARTESIAN_POINT('',(0.0495,0.00445367152030717,-0.00453094399890279));
#12195=CARTESIAN_POINT('',(0.0515,0.00378172836801952,-0.00430168299781209));
#12196=CARTESIAN_POINT('',(0.0515,0.00378172836801952,-0.00430168299781209));
#12197=CARTESIAN_POINT('',(0.0515,0.00378172836801952,-0.00430168299781209));
#12198=CARTESIAN_POINT('',(0.0515,0.00420857066823203,-0.00430168299781209));
#12199=CARTESIAN_POINT('',(0.0515,0.00445367152030717,-0.00453094399890279));
#12200=CARTESIAN_POINT('',(0.0515,0.00287468848006796,-0.00464265663216153));
#12201=CARTESIAN_POINT('',(0.0495,0.00287468848006796,-0.00464265663216153));
#12202=CARTESIAN_POINT('',(0.0515,0.00312367982185858,-0.00441534087592857));
#12203=CARTESIAN_POINT('',(0.0495,0.00312367982185858,-0.00441534087592857));
#12204=CARTESIAN_POINT('',(0.0515,0.00342602645117577,-0.00430168299781209));
#12205=CARTESIAN_POINT('',(0.0495,0.00342602645117577,-0.00430168299781209));
#12206=CARTESIAN_POINT('',(0.0515,0.00378172836801952,-0.00430168299781209));
#12207=CARTESIAN_POINT('',(0.0495,0.00378172836801952,-0.00430168299781209));
#12208=CARTESIAN_POINT('',(0.0515,0.00287468848006796,-0.00464265663216153));
#12209=CARTESIAN_POINT('',(0.0515,0.00287468848006796,-0.00464265663216153));
#12210=CARTESIAN_POINT('',(0.0515,0.00287468848006796,-0.00464265663216153));
#12211=CARTESIAN_POINT('',(0.0515,0.0032481754927539,-0.00430168299781209));
#12212=CARTESIAN_POINT('',(0.0515,0.00378172836801952,-0.00430168299781209));
#12213=CARTESIAN_POINT('',(0.0515,0.00250120146738202,-0.00546382785425003));
#12214=CARTESIAN_POINT('',(0.0495,0.00250120146738202,-0.00546382785425003));
#12215=CARTESIAN_POINT('',(0.0515,0.00250120146738202,-0.00514369612909066));
#12216=CARTESIAN_POINT('',(0.0495,0.00250120146738202,-0.00514369612909066));
#12217=CARTESIAN_POINT('',(0.0515,0.00262569713827733,-0.00486997238839449));
#12218=CARTESIAN_POINT('',(0.0495,0.00262569713827733,-0.00486997238839449));
#12219=CARTESIAN_POINT('',(0.0515,0.00287468848006796,-0.00464265663216153));
#12220=CARTESIAN_POINT('',(0.0495,0.00287468848006796,-0.00464265663216153));
#12221=CARTESIAN_POINT('',(0.0515,0.00250120146738202,-0.00546382785425003));
#12222=CARTESIAN_POINT('',(0.0515,0.00250120146738202,-0.00546382785425003));
#12223=CARTESIAN_POINT('',(0.0515,0.00250120146738202,-0.00546382785425003));
#12224=CARTESIAN_POINT('',(0.0515,0.00250120146738202,-0.00498363026651097));
#12225=CARTESIAN_POINT('',(0.0515,0.00287468848006796,-0.00464265663216153));
#12226=CARTESIAN_POINT('',(0.0515,0.00325626700678194,-0.00548520790491504));
#12227=CARTESIAN_POINT('',(0.0515,0.00325626700678194,-0.00548520790491504));
#12228=CARTESIAN_POINT('',(0.0515,-6.64362182288989E-19,-0.0089));
#12229=CARTESIAN_POINT('',(0.0515,0.00369585970215647,-0.00987147480976467));
#12230=CARTESIAN_POINT('',(0.0515,0.00421857478464325,-0.00689441650105599));
#12231=CARTESIAN_POINT('',(0.0515,0.00421857478464325,-0.00689441650105599));
#12232=CARTESIAN_POINT('',(0.0515,0.00369585970215647,-0.00987147480976467));
#12233=CARTESIAN_POINT('',(0.0515,0.00317314461966967,-0.0128485331184733));
#12234=CARTESIAN_POINT('',(0.0515,0.00317314461966967,-0.0128485331184733));
#12235=CARTESIAN_POINT('',(0.0515,0.00330653283848608,-0.00689441650105599));
#12236=CARTESIAN_POINT('',(0.0515,0.00239449089232889,-0.00689441650105599));
#12237=CARTESIAN_POINT('',(0.0515,0.00239449089232889,-0.00689441650105599));
#12238=CARTESIAN_POINT('',(0.0515,0.00330653283848608,-0.00689441650105599));
#12239=CARTESIAN_POINT('',(0.0515,0.0018709421334745,-0.00987147480976467));
#12240=CARTESIAN_POINT('',(0.0515,0.0013473933746201,-0.0128485331184733));
#12241=CARTESIAN_POINT('',(0.0515,0.0013473933746201,-0.0128485331184733));
#12242=CARTESIAN_POINT('',(0.0515,0.0018709421334745,-0.00987147480976467));
#12243=CARTESIAN_POINT('',(0.0515,0.00226026899714489,-0.0128485331184733));
#12244=CARTESIAN_POINT('',(0.0515,0.00226026899714489,-0.0128485331184733));
#12245=CARTESIAN_POINT('',(0.0515,-6.64362182288989E-19,-0.0089));
#12246=CARTESIAN_POINT('',(0.0515,0.00775505571119519,-0.0109229254428192));
#12247=CARTESIAN_POINT('',(0.0515,0.00697137415046685,-0.0107993566069063));
#12248=CARTESIAN_POINT('',(0.05149999975,0.00697125090394555,-0.0107993371737208));
#12249=CARTESIAN_POINT('',(0.0515,0.00775505571119519,-0.0109229254428192));
#12250=CARTESIAN_POINT('',(0.0515,0.00696137003405562,-0.0109377468839283));
#12251=CARTESIAN_POINT('',(0.0515,0.00696137003405562,-0.0109377468839283));
#12252=CARTESIAN_POINT('',(0.0515,0.0071847953005731,-0.00960469837213186));
#12253=CARTESIAN_POINT('',(0.0515,0.00739821645067935,-0.00841004013735741));
#12254=CARTESIAN_POINT('',(0.0515,0.00739821645067935,-0.00841004013735741));
#12255=CARTESIAN_POINT('',(0.0515,0.0071847953005731,-0.00960469837213186));
#12256=CARTESIAN_POINT('',(0.0515,0.00799596240625037,-0.00841004013735741));
#12257=CARTESIAN_POINT('',(0.0515,0.00859370836182139,-0.00841004013735741));
#12258=CARTESIAN_POINT('',(0.0515,0.00859370836182139,-0.00841004013735741));
#12259=CARTESIAN_POINT('',(0.0515,0.00799596240625037,-0.00841004013735741));
#12260=CARTESIAN_POINT('',(0.0515,0.0087270965806378,-0.0076522283192067));
#12261=CARTESIAN_POINT('',(0.0515,0.00886048479945421,-0.00689441650105599));
#12262=CARTESIAN_POINT('',(0.0515,0.00886048479945421,-0.00689441650105599));
#12263=CARTESIAN_POINT('',(0.0515,0.0087270965806378,-0.0076522283192067));
#12264=CARTESIAN_POINT('',(0.0515,0.00826273884388319,-0.00689441650105599));
#12265=CARTESIAN_POINT('',(0.0515,0.00766499288831216,-0.00689441650105599));
#12266=CARTESIAN_POINT('',(0.0515,0.00766499288831216,-0.00689441650105599));
#12267=CARTESIAN_POINT('',(0.0515,0.00826273884388319,-0.00689441650105599));
#12268=CARTESIAN_POINT('',(0.0515,0.00779337904892296,-0.00616828438487418));
#12269=CARTESIAN_POINT('',(0.0515,0.00792176520953375,-0.00544215226869237));
#12270=CARTESIAN_POINT('',(0.0515,0.00792176520953375,-0.00544215226869237));
#12271=CARTESIAN_POINT('',(0.0515,0.00779337904892296,-0.00616828438487418));
#12272=CARTESIAN_POINT('',(0.0515,0.00700888958700896,-0.00544215226869237));
#12273=CARTESIAN_POINT('',(0.0515,0.00609601396448418,-0.00544215226869237));
#12274=CARTESIAN_POINT('',(0.0515,0.00609601396448418,-0.00544215226869237));
#12275=CARTESIAN_POINT('',(0.0515,0.00700888958700896,-0.00544215226869237));
#12276=CARTESIAN_POINT('',(0.0515,0.00596846148024099,-0.00616828438487418));
#12277=CARTESIAN_POINT('',(0.0515,0.0058409089959978,-0.00689441650105599));
#12278=CARTESIAN_POINT('',(0.0515,0.0058409089959978,-0.00689441650105599));
#12279=CARTESIAN_POINT('',(0.0515,0.00596846148024099,-0.00616828438487418));
#12280=CARTESIAN_POINT('',(0.0515,0.0054782597760907,-0.00689441650105599));
#12281=CARTESIAN_POINT('',(0.0515,0.00511561055618359,-0.00689441650105599));
#12282=CARTESIAN_POINT('',(0.0515,0.00511561055618359,-0.00689441650105599));
#12283=CARTESIAN_POINT('',(0.0515,0.0054782597760907,-0.00689441650105599));
#12284=CARTESIAN_POINT('',(0.0515,0.00498222233736718,-0.0076522283192067));
#12285=CARTESIAN_POINT('',(0.0515,0.00484883411855078,-0.00841004013735741));
#12286=CARTESIAN_POINT('',(0.0515,0.00484883411855078,-0.00841004013735741));
#12287=CARTESIAN_POINT('',(0.0515,0.00498222233736718,-0.0076522283192067));
#12288=CARTESIAN_POINT('',(0.0515,0.00521148333845788,-0.00841004013735741));
#12289=CARTESIAN_POINT('',(0.0515,0.00557413255836499,-0.00841004013735741));
#12290=CARTESIAN_POINT('',(0.0515,0.00557413255836499,-0.00841004013735741));
#12291=CARTESIAN_POINT('',(0.0515,0.00521148333845788,-0.00841004013735741));
#12292=CARTESIAN_POINT('',(0.0515,0.00536071140825874,-0.00959386057935302));
#12293=CARTESIAN_POINT('',(0.0515,0.00514729025815249,-0.0107776810213486));
#12294=CARTESIAN_POINT('',(0.0515,0.00514763329416251,-0.0107777398845685));
#12295=CARTESIAN_POINT('',(0.0515,0.00536071140825874,-0.00959386057935302));
#12296=CARTESIAN_POINT('',(0.0515000000000002,0.00897210253825148,-0.0114339991911278));
#12297=CARTESIAN_POINT('',(0.0515,0.00509393497062593,-0.0113445809513184));
#12298=CARTESIAN_POINT('',(0.0515,0.00509393497062593,-0.0113445809513184));
#12299=CARTESIAN_POINT('',(0.0515,0.00897210253825148,-0.0114339991911278));
#12300=CARTESIAN_POINT('',(0.0515,0.00688633916097139,-0.0128485331184733));
#12301=CARTESIAN_POINT('',(0.0495,0.00688633916097139,-0.0128485331184733));
#12302=CARTESIAN_POINT('',(0.0515,0.00569140303407442,-0.0128485331184733));
#12303=CARTESIAN_POINT('',(0.0495,0.00569140303407442,-0.0128485331184733));
#12304=CARTESIAN_POINT('',(0.0515,0.00509393497062593,-0.0123472157294217));
#12305=CARTESIAN_POINT('',(0.0495,0.00509393497062593,-0.0123472157294217));
#12306=CARTESIAN_POINT('',(0.0515,0.00509393497062593,-0.0113445809513184));
#12307=CARTESIAN_POINT('',(0.0495,0.00509393497062593,-0.0113445809513184));
#12308=CARTESIAN_POINT('',(0.0515,0.00688633916097139,-0.0128485331184733));
#12309=CARTESIAN_POINT('',(0.0515,0.00688633916097139,-0.0128485331184733));
#12310=CARTESIAN_POINT('',(0.0515,0.00688633916097139,-0.0128485331184733));
#12311=CARTESIAN_POINT('',(0.0515,0.00509393497062593,-0.0128485331184733));
#12312=CARTESIAN_POINT('',(0.0515,0.00509393497062593,-0.0113445809513184));
#12313=CARTESIAN_POINT('',(0.0515,0.00735069689772601,-0.0128485331184733));
#12314=CARTESIAN_POINT('',(0.0515,0.00781505463448062,-0.0128485331184733));
#12315=CARTESIAN_POINT('',(0.0515,0.00781505463448062,-0.0128485331184733));
#12316=CARTESIAN_POINT('',(0.0515,0.00735069689772601,-0.0128485331184733));
#12317=CARTESIAN_POINT('',(0.0515,0.00795344491150265,-0.0120748814493382));
#12318=CARTESIAN_POINT('',(0.0515,0.00809183518852467,-0.011301229780203));
#12319=CARTESIAN_POINT('',(0.0515,0.00809183518852467,-0.011301229780203));
#12320=CARTESIAN_POINT('',(0.0515,0.00795344491150265,-0.0120748814493382));
#12321=CARTESIAN_POINT('',(0.0515,0.00776670140515967,-0.011301229780203));
#12322=CARTESIAN_POINT('',(0.0515,0.00744156762179468,-0.011301229780203));
#12323=CARTESIAN_POINT('',(0.0515,0.00744156762179468,-0.011301229780203));
#12324=CARTESIAN_POINT('',(0.0515,0.00776670140515967,-0.011301229780203));
#12325=CARTESIAN_POINT('',(0.0515,0.00707308266731436,-0.0112161947907076));
#12326=CARTESIAN_POINT('',(0.0495,0.00707308266731436,-0.0112161947907076));
#12327=CARTESIAN_POINT('',(0.0515,0.00714755775615352,-0.0112728847837045));
#12328=CARTESIAN_POINT('',(0.0495,0.00714755775615352,-0.0112728847837045));
#12329=CARTESIAN_POINT('',(0.0515,0.00727038607431363,-0.011301229780203));
#12330=CARTESIAN_POINT('',(0.0495,0.00727038607431363,-0.011301229780203));
#12331=CARTESIAN_POINT('',(0.0515,0.00744156762179468,-0.011301229780203));
#12332=CARTESIAN_POINT('',(0.0495,0.00744156762179468,-0.011301229780203));
#12333=CARTESIAN_POINT('',(0.0515,0.00707308266731436,-0.0112161947907076));
#12334=CARTESIAN_POINT('',(0.0515,0.00707308266731436,-0.0112161947907076));
#12335=CARTESIAN_POINT('',(0.0515,0.00707308266731436,-0.0112161947907076));
#12336=CARTESIAN_POINT('',(0.0515,0.0071847953005731,-0.011301229780203));
#12337=CARTESIAN_POINT('',(0.0515,0.00744156762179468,-0.011301229780203));
#12338=CARTESIAN_POINT('',(0.0515,0.00696137003405562,-0.0109377468839283));
#12339=CARTESIAN_POINT('',(0.0495,0.00696137003405562,-0.0109377468839283));
#12340=CARTESIAN_POINT('',(0.0515,0.00696137003405562,-0.0110666888287842));
#12341=CARTESIAN_POINT('',(0.0495,0.00696137003405562,-0.0110666888287842));
#12342=CARTESIAN_POINT('',(0.0515,0.0069986075784752,-0.0111595047977106));
#12343=CARTESIAN_POINT('',(0.0495,0.0069986075784752,-0.0111595047977106));
#12344=CARTESIAN_POINT('',(0.0515,0.00707308266731436,-0.0112161947907076));
#12345=CARTESIAN_POINT('',(0.0495,0.00707308266731436,-0.0112161947907076));
#12346=CARTESIAN_POINT('',(0.0515,0.00696137003405562,-0.0109377468839283));
#12347=CARTESIAN_POINT('',(0.0515,0.00696137003405562,-0.0111311598012121));
#12348=CARTESIAN_POINT('',(0.0515,0.00707308266731436,-0.0112161947907076));
#12349=CARTESIAN_POINT('',(0.0515,-6.64362182288989E-19,-0.0089));
#12350=CARTESIAN_POINT('',(0.0515,0.0135440786326453,-0.00682938974438299));
#12351=CARTESIAN_POINT('',(0.0495,0.0135440786326453,-0.00682938974438299));
#12352=CARTESIAN_POINT('',(0.0515,0.0141276520899671,-0.00682938974438299));
#12353=CARTESIAN_POINT('',(0.0495,0.0141276520899671,-0.00682938974438299));
#12354=CARTESIAN_POINT('',(0.0515,0.0145883972291287,-0.00699668080214857));
#12355=CARTESIAN_POINT('',(0.0495,0.0145883972291287,-0.00699668080214857));
#12356=CARTESIAN_POINT('',(0.0515,0.0149263140501303,-0.00733126291767972));
#12357=CARTESIAN_POINT('',(0.0495,0.0149263140501303,-0.00733126291767972));
#12358=CARTESIAN_POINT('',(0.0515,0.0135440786326453,-0.00682938974438299));
#12359=CARTESIAN_POINT('',(0.0515,0.0135440786326453,-0.00682938974438299));
#12360=CARTESIAN_POINT('',(0.0515,0.0135440786326453,-0.00682938974438299));
#12361=CARTESIAN_POINT('',(0.0515,0.014419438818628,-0.00682938974438299));
#12362=CARTESIAN_POINT('',(0.0515,0.0149263140501303,-0.00733126291767972));
#12363=CARTESIAN_POINT('',(0.0515,0.0149263140501303,-0.00733126291767972));
#12364=CARTESIAN_POINT('',(0.0515,0.0149263140501303,-0.00733126291767972));
#12365=CARTESIAN_POINT('',(0.0515,0.0135177302415506,-0.0095078497947245));
#12366=CARTESIAN_POINT('',(0.0515,0.0124344553873663,-0.0070594844218413));
#12367=CARTESIAN_POINT('',(0.0515,0.0124344903082803,-0.00705956755355184));
#12368=CARTESIAN_POINT('',(0.0515,0.0135177302415506,-0.0095078497947245));
#12369=CARTESIAN_POINT('',(0.0515,0.0134489112089066,-0.00938201358484034));
#12370=CARTESIAN_POINT('',(0.0515,0.0115701045635875,-0.00768209850082036));
#12371=CARTESIAN_POINT('',(0.0515,0.011570104567059,-0.00768209850251766));
#12372=CARTESIAN_POINT('',(0.0515,0.0134489112089066,-0.00938201358484034));
#12373=CARTESIAN_POINT('',(0.0515,0.011810031788032,-0.00631751245467504));
#12374=CARTESIAN_POINT('',(0.0515,0.0120501305819015,-0.00495195056454207));
#12375=CARTESIAN_POINT('',(0.0515,0.0120501305819015,-0.00495195056454207));
#12376=CARTESIAN_POINT('',(0.0515,0.011810031788032,-0.00631751245467504));
#12377=CARTESIAN_POINT('',(0.0515,0.0111380886357443,-0.00495195056454207));
#12378=CARTESIAN_POINT('',(0.0515,0.0102260466895872,-0.00495195056454207));
#12379=CARTESIAN_POINT('',(0.0515,0.0102260466895872,-0.00495195056454207));
#12380=CARTESIAN_POINT('',(0.0515,0.0111380886357443,-0.00495195056454207));
#12381=CARTESIAN_POINT('',(0.0515,0.00952659221716864,-0.00890024184150771));
#12382=CARTESIAN_POINT('',(0.0515,0.00882713774475011,-0.0128485331184733));
#12383=CARTESIAN_POINT('',(0.0515,0.00882713774475011,-0.0128485331184733));
#12384=CARTESIAN_POINT('',(0.0515,0.00952659221716864,-0.00890024184150771));
#12385=CARTESIAN_POINT('',(0.0515,0.00974001336727489,-0.0128485331184733));
#12386=CARTESIAN_POINT('',(0.0515,0.0106528889897997,-0.0128485331184733));
#12387=CARTESIAN_POINT('',(0.0515,0.0106528889897997,-0.0128485331184733));
#12388=CARTESIAN_POINT('',(0.0515,0.00974001336727489,-0.0128485331184733));
#12389=CARTESIAN_POINT('',(0.0515,0.0109405073366225,-0.0112211968489132));
#12390=CARTESIAN_POINT('',(0.0515,0.0112281256834454,-0.00959386057935302));
#12391=CARTESIAN_POINT('',(0.0515,0.0112281256834454,-0.00959386057935302));
#12392=CARTESIAN_POINT('',(0.0515,0.0109405073366225,-0.0112211968489132));
#12393=CARTESIAN_POINT('',(0.0515,0.0112281256834454,-0.00960469837213186));
#12394=CARTESIAN_POINT('',(0.0515,0.0112281256834454,-0.00961553616491069));
#12395=CARTESIAN_POINT('',(0.0515,0.0112281256834454,-0.00961553616491069));
#12396=CARTESIAN_POINT('',(0.0515,0.0112281256834454,-0.00960469837213186));
#12397=CARTESIAN_POINT('',(0.0515,0.0116983191547733,-0.00868682069140146));
#12398=CARTESIAN_POINT('',(0.0495,0.0116983191547733,-0.00868682069140146));
#12399=CARTESIAN_POINT('',(0.0515,0.0114559972239234,-0.00890691125244853));
#12400=CARTESIAN_POINT('',(0.0495,0.0114559972239234,-0.00890691125244853));
#12401=CARTESIAN_POINT('',(0.0515,0.0112992660668142,-0.0092164830769516));
#12402=CARTESIAN_POINT('',(0.0495,0.0112992660668142,-0.0092164830769516));
#12403=CARTESIAN_POINT('',(0.0515,0.0112281256834454,-0.00961553616491069));
#12404=CARTESIAN_POINT('',(0.0495,0.0112281256834454,-0.00961553616491069));
#12405=CARTESIAN_POINT('',(0.0515,0.0116983191547733,-0.00868682069140146));
#12406=CARTESIAN_POINT('',(0.0515,0.0116983191547733,-0.00868682069140146));
#12407=CARTESIAN_POINT('',(0.0515,0.0116983191547733,-0.00868682069140146));
#12408=CARTESIAN_POINT('',(0.0515,0.0113348362584985,-0.00901695653297206));
#12409=CARTESIAN_POINT('',(0.0515,0.0112281256834454,-0.00961553616491069));
#12410=CARTESIAN_POINT('',(0.0515,0.0125953549263136,-0.00835668484983085));
#12411=CARTESIAN_POINT('',(0.0495,0.0125953549263136,-0.00835668484983085));
#12412=CARTESIAN_POINT('',(0.0515,0.0122396530094698,-0.00835668484983085));
#12413=CARTESIAN_POINT('',(0.0495,0.0122396530094698,-0.00835668484983085));
#12414=CARTESIAN_POINT('',(0.0515,0.0119406410856231,-0.00846673013035439));
#12415=CARTESIAN_POINT('',(0.0495,0.0119406410856231,-0.00846673013035439));
#12416=CARTESIAN_POINT('',(0.0515,0.0116983191547733,-0.00868682069140146));
#12417=CARTESIAN_POINT('',(0.0495,0.0116983191547733,-0.00868682069140146));
#12418=CARTESIAN_POINT('',(0.0515,0.0125953549263136,-0.00835668484983085));
#12419=CARTESIAN_POINT('',(0.0515,0.0125953549263136,-0.00835668484983085));
#12420=CARTESIAN_POINT('',(0.0515,0.0125953549263136,-0.00835668484983085));
#12421=CARTESIAN_POINT('',(0.0515,0.012061802051048,-0.00835668484983085));
#12422=CARTESIAN_POINT('',(0.0515,0.0116983191547733,-0.00868682069140146));
#12423=CARTESIAN_POINT('',(0.0515,0.0132931420459969,-0.008601785701906));
#12424=CARTESIAN_POINT('',(0.0495,0.0132931420459969,-0.008601785701906));
#12425=CARTESIAN_POINT('',(0.0515,0.0131258509882313,-0.0084383851338559));
#12426=CARTESIAN_POINT('',(0.0495,0.0131258509882313,-0.0084383851338559));
#12427=CARTESIAN_POINT('',(0.0515,0.0128932552816702,-0.00835668484983085));
#12428=CARTESIAN_POINT('',(0.0495,0.0128932552816702,-0.00835668484983085));
#12429=CARTESIAN_POINT('',(0.0515,0.0125953549263136,-0.00835668484983085));
#12430=CARTESIAN_POINT('',(0.0495,0.0125953549263136,-0.00835668484983085));
#12431=CARTESIAN_POINT('',(0.0515,0.0132931420459969,-0.008601785701906));
#12432=CARTESIAN_POINT('',(0.0515,0.0132931420459969,-0.008601785701906));
#12433=CARTESIAN_POINT('',(0.0515,0.0132931420459969,-0.008601785701906));
#12434=CARTESIAN_POINT('',(0.0515,0.0130422054593486,-0.00835668484983085));
#12435=CARTESIAN_POINT('',(0.0515,0.0125953549263136,-0.00835668484983085));
#12436=CARTESIAN_POINT('',(0.0515,0.0135440786326453,-0.00929540443975131));
#12437=CARTESIAN_POINT('',(0.0495,0.0135440786326453,-0.00929540443975131));
#12438=CARTESIAN_POINT('',(0.0515,0.0135440786326453,-0.00899639251590454));
#12439=CARTESIAN_POINT('',(0.0495,0.0135440786326453,-0.00899639251590454));
#12440=CARTESIAN_POINT('',(0.0515,0.0134604331037625,-0.0087651862699561));
#12441=CARTESIAN_POINT('',(0.0495,0.0134604331037625,-0.0087651862699561));
#12442=CARTESIAN_POINT('',(0.0515,0.0132931420459969,-0.008601785701906));
#12443=CARTESIAN_POINT('',(0.0495,0.0132931420459969,-0.008601785701906));
#12444=CARTESIAN_POINT('',(0.0515,0.0135440786326453,-0.00929540443975131));
#12445=CARTESIAN_POINT('',(0.0515,0.0135440786326453,-0.00929540443975131));
#12446=CARTESIAN_POINT('',(0.0515,0.0135440786326453,-0.00929540443975131));
#12447=CARTESIAN_POINT('',(0.0515,0.0135440786326453,-0.00884688655398115));
#12448=CARTESIAN_POINT('',(0.0515,0.0132931420459969,-0.008601785701906));
#12449=CARTESIAN_POINT('',(0.0515,0.011635901711058,-0.00926425766692518));
#12450=CARTESIAN_POINT('',(0.0515,0.0135123989306764,-0.00961553616491069));
#12451=CARTESIAN_POINT('',(0.05149999975,0.0135122444580998,-0.00961550724779101));
#12452=CARTESIAN_POINT('',(0.0515,0.011635901711058,-0.00926425766692518));
#12453=CARTESIAN_POINT('',(0.0515,0.0132239469074859,-0.011232034641692));
#12454=CARTESIAN_POINT('',(0.0515,0.0129354948842954,-0.0128485331184733));
#12455=CARTESIAN_POINT('',(0.0515,0.0129354948842954,-0.0128485331184733));
#12456=CARTESIAN_POINT('',(0.0515,0.0132239469074859,-0.011232034641692));
#12457=CARTESIAN_POINT('',(0.0515,0.013842534772247,-0.0128485331184733));
#12458=CARTESIAN_POINT('',(0.0515,0.0147495746601986,-0.0128485331184733));
#12459=CARTESIAN_POINT('',(0.0515,0.0147495746601986,-0.0128485331184733));
#12460=CARTESIAN_POINT('',(0.0515,0.013842534772247,-0.0128485331184733));
#12461=CARTESIAN_POINT('',(0.0515,0.0150597022689467,-0.0111094842156544));
#12462=CARTESIAN_POINT('',(0.0515,0.0153698298776949,-0.00937043531283554));
#12463=CARTESIAN_POINT('',(0.0515,0.015369645840291,-0.00937039972180237));
#12464=CARTESIAN_POINT('',(0.0515,0.0150597022689467,-0.0111094842156544));
#12465=CARTESIAN_POINT('',(0.0515000000000001,0.0119019781611829,-0.00869978672261863));
#12466=CARTESIAN_POINT('',(0.0515,0.0154331892816327,-0.00873017186251679));
#12467=CARTESIAN_POINT('',(0.0515,0.0154331892816327,-0.00873017186251679));
#12468=CARTESIAN_POINT('',(0.0515,0.0119019781611829,-0.00869978672261863));
#12469=CARTESIAN_POINT('',(0.0515,0.0149263140501303,-0.00733126291767972));
#12470=CARTESIAN_POINT('',(0.0495,0.0149263140501303,-0.00733126291767972));
#12471=CARTESIAN_POINT('',(0.0515,0.0152642308711319,-0.00766584503321087));
#12472=CARTESIAN_POINT('',(0.0495,0.0152642308711319,-0.00766584503321087));
#12473=CARTESIAN_POINT('',(0.0515,0.0154331892816327,-0.00813214801482323));
#12474=CARTESIAN_POINT('',(0.0495,0.0154331892816327,-0.00813214801482323));
#12475=CARTESIAN_POINT('',(0.0515,0.0154331892816327,-0.00873017186251679));
#12476=CARTESIAN_POINT('',(0.0495,0.0154331892816327,-0.00873017186251679));
#12477=CARTESIAN_POINT('',(0.0515,0.0149263140501303,-0.00733126291767972));
#12478=CARTESIAN_POINT('',(0.0515,0.0154331892816327,-0.00783313609097645));
#12479=CARTESIAN_POINT('',(0.0515,0.0154331892816327,-0.00873017186251679));
#12480=CARTESIAN_POINT('',(0.0515,-6.64362182288989E-19,-0.0089));
#12481=MECHANICAL_DESIGN_GEOMETRIC_PRESENTATION_REPRESENTATION('',(#6189,
#189,#190,#191,#192,#193,#194,#195,#196,#197,#198,#199,#200,#201,#202,#203,
#204,#205,#206,#207,#208,#209,#210,#211,#212,#213,#214,#215,#216,#217,#218,
#219,#220,#221,#222,#223,#224,#225,#226,#227,#228,#229,#230,#231,#232,#233,
#234,#235,#236,#237,#238,#239,#240,#241,#242,#243,#244,#245,#246,#247,#248,
#249,#250,#251,#252,#253,#254,#255,#256,#257,#258,#259,#260,#261,#262,#263,
#264,#265,#266,#267,#268,#269,#270,#271,#272,#273,#274,#275,#276,#277,#278,
#279,#280,#281,#282,#283,#284,#285,#286,#287,#288,#289,#290,#291,#292,#293,
#294,#295,#296,#297,#298,#299,#300,#301,#302,#303,#304,#305,#306,#307,#308,
#309,#310,#311,#312,#313,#314,#315,#316,#317,#318,#319,#320,#321,#322,#323,
#324,#325,#326,#327,#328,#329,#330,#331,#332,#333,#334,#335,#336,#337,#338,
#339,#340,#341,#342,#343,#344,#345,#346,#347,#348,#349,#350,#351,#352,#353,
#354,#355,#356,#357,#358,#359,#360,#361,#362,#363,#364,#365,#366,#367,#368,
#369,#370,#371,#372,#373,#374,#375,#376,#377,#378,#379,#380,#381,#382,#383,
#384,#385,#386,#387,#388,#389,#390,#391,#392,#393,#394,#395,#396,#397,#398,
#399,#400,#401,#402,#403,#404,#405,#406,#407,#408,#409,#410,#411,#412,#413,
#414,#415,#416,#417,#418,#419,#420,#421,#422,#423,#424,#425,#426,#427,#428,
#429,#430,#431,#432,#433,#434,#435,#436,#437,#438,#439,#440,#441,#442,#443,
#444,#445,#446,#447,#448,#449,#450,#451,#452,#453,#454,#455,#456,#457,#458,
#459,#460,#461,#462,#463,#464,#465,#466,#467,#468,#469,#470,#471,#472,#473),
#12482);
#12482=(
GEOMETRIC_REPRESENTATION_CONTEXT(3)
GLOBAL_UNCERTAINTY_ASSIGNED_CONTEXT((#12483))
GLOBAL_UNIT_ASSIGNED_CONTEXT((#12486,#12485,#12484))
REPRESENTATION_CONTEXT('Part 1','TOP_LEVEL_ASSEMBLY_PART')
);
#12483=UNCERTAINTY_MEASURE_WITH_UNIT(LENGTH_MEASURE(2.5271965667744E-5),
#12486,'DISTANCE_ACCURACY_VALUE','Maximum Tolerance applied to model');
#12484=(
NAMED_UNIT(*)
SI_UNIT($,.STERADIAN.)
SOLID_ANGLE_UNIT()
);
#12485=(
NAMED_UNIT(*)
PLANE_ANGLE_UNIT()
SI_UNIT($,.RADIAN.)
);
#12486=(
LENGTH_UNIT()
NAMED_UNIT(*)
SI_UNIT($,.METRE.)
);
#12487=PRODUCT_DEFINITION_SHAPE('','',#12488);
#12488=PRODUCT_DEFINITION('','',#12490,#12489);
#12489=PRODUCT_DEFINITION_CONTEXT('',#12496,'design');
#12490=PRODUCT_DEFINITION_FORMATION_WITH_SPECIFIED_SOURCE('','',#12492,
 .NOT_KNOWN.);
#12491=PRODUCT_RELATED_PRODUCT_CATEGORY('','',(#12492));
#12492=PRODUCT('Part 1','Part 1','Part 1',(#12494));
#12493=PRODUCT_CATEGORY('','');
#12494=PRODUCT_CONTEXT('',#12496,'mechanical');
#12495=APPLICATION_PROTOCOL_DEFINITION('international standard',
'ap242_managed_model_based_3d_engineering',2020,#12496);
#12496=APPLICATION_CONTEXT('managed model based 3d engineering');
ENDSEC;
END-ISO-10303-21;
