ISO-10303-21;
HEADER;
/* Generated by software containing ST-Developer
 * from STEP Tools, Inc. (www.steptools.com) 
 */
/* OPTION: using custom renumber hook */

FILE_DESCRIPTION(
/* description */ ('STEP AP242 Edition 2',
'CAx-IF Rec.Pracs.---Representation and Presentation of Product Manufa
cturing Information (PMI)---4.0---2014-10-13',
'CAx-IF Rec.Pracs.---3D Tessellated Geometry---0.4---2014-09-14','2;1',
'CAx-IF Rec.Pracs.---User Defined Attributes---1.5---2016-08-15'),
/* implementation_level */ '2;1');

FILE_NAME(
/* name */ 'Part Studio 1',
/* time_stamp */ '2026-09-29T11:23:58Z',
/* author */ (''),
/* organization */ (''),
/* preprocessor_version */ 'ST-DEVELOPER v20',
/* originating_system */ 'ONSHAPE BY PTC INC, 1.221',
/* authorisation */ '  ');

FILE_SCHEMA (('AP242_MANAGED_MODEL_BASED_3D_ENGINEERING_MIM_LF { 1 0 10303 442 3 1 4 }'));
ENDSEC;

DATA;
#10=B_SPLINE_SURFACE_WITH_KNOTS('',3,1,((#11012,#11013),(#11014,#11015),
(#11016,#11017),(#11018,#11019)),.SURF_OF_LINEAR_EXTRUSION.,.F.,.F.,.F.,
(4,4),(2,2),(0.,1.),(0.,1.),.PIECEWISE_BEZIER_KNOTS.);
#11=B_SPLINE_SURFACE_WITH_KNOTS('',3,1,((#11035,#11036),(#11037,#11038),
(#11039,#11040),(#11041,#11042)),.SURF_OF_LINEAR_EXTRUSION.,.F.,.F.,.F.,
(4,4),(2,2),(0.,1.),(0.,1.),.PIECEWISE_BEZIER_KNOTS.);
#12=B_SPLINE_SURFACE_WITH_KNOTS('',3,1,((#11052,#11053),(#11054,#11055),
(#11056,#11057),(#11058,#11059)),.SURF_OF_LINEAR_EXTRUSION.,.F.,.F.,.F.,
(4,4),(2,2),(0.,1.),(0.,1.),.PIECEWISE_BEZIER_KNOTS.);
#13=B_SPLINE_SURFACE_WITH_KNOTS('',3,1,((#11067,#11068),(#11069,#11070),
(#11071,#11072),(#11073,#11074)),.SURF_OF_LINEAR_EXTRUSION.,.F.,.F.,.F.,
(4,4),(2,2),(0.,1.),(0.,1.),.PIECEWISE_BEZIER_KNOTS.);
#14=B_SPLINE_SURFACE_WITH_KNOTS('',3,1,((#11084,#11085),(#11086,#11087),
(#11088,#11089),(#11090,#11091)),.SURF_OF_LINEAR_EXTRUSION.,.F.,.F.,.F.,
(4,4),(2,2),(0.,1.),(0.,1.),.PIECEWISE_BEZIER_KNOTS.);
#15=B_SPLINE_SURFACE_WITH_KNOTS('',3,1,((#11101,#11102),(#11103,#11104),
(#11105,#11106),(#11107,#11108)),.SURF_OF_LINEAR_EXTRUSION.,.F.,.F.,.F.,
(4,4),(2,2),(0.,1.),(0.,1.),.PIECEWISE_BEZIER_KNOTS.);
#16=B_SPLINE_SURFACE_WITH_KNOTS('',3,1,((#11114,#11115),(#11116,#11117),
(#11118,#11119),(#11120,#11121)),.SURF_OF_LINEAR_EXTRUSION.,.F.,.F.,.F.,
(4,4),(2,2),(0.,1.),(0.,1.),.PIECEWISE_BEZIER_KNOTS.);
#17=B_SPLINE_SURFACE_WITH_KNOTS('',3,1,((#11127,#11128),(#11129,#11130),
(#11131,#11132),(#11133,#11134)),.SURF_OF_LINEAR_EXTRUSION.,.F.,.F.,.F.,
(4,4),(2,2),(0.,1.),(0.,1.),.PIECEWISE_BEZIER_KNOTS.);
#18=B_SPLINE_SURFACE_WITH_KNOTS('',3,1,((#11140,#11141),(#11142,#11143),
(#11144,#11145),(#11146,#11147)),.SURF_OF_LINEAR_EXTRUSION.,.F.,.F.,.F.,
(4,4),(2,2),(0.,1.),(0.,1.),.PIECEWISE_BEZIER_KNOTS.);
#19=B_SPLINE_SURFACE_WITH_KNOTS('',3,1,((#11157,#11158),(#11159,#11160),
(#11161,#11162),(#11163,#11164)),.SURF_OF_LINEAR_EXTRUSION.,.F.,.F.,.F.,
(4,4),(2,2),(0.,1.),(0.,1.),.PIECEWISE_BEZIER_KNOTS.);
#20=B_SPLINE_SURFACE_WITH_KNOTS('',3,1,((#11170,#11171),(#11172,#11173),
(#11174,#11175),(#11176,#11177)),.SURF_OF_LINEAR_EXTRUSION.,.F.,.F.,.F.,
(4,4),(2,2),(0.,1.),(0.,1.),.PIECEWISE_BEZIER_KNOTS.);
#21=B_SPLINE_SURFACE_WITH_KNOTS('',3,1,((#11183,#11184),(#11185,#11186),
(#11187,#11188),(#11189,#11190)),.SURF_OF_LINEAR_EXTRUSION.,.F.,.F.,.F.,
(4,4),(2,2),(0.,1.),(0.,1.),.PIECEWISE_BEZIER_KNOTS.);
#22=B_SPLINE_SURFACE_WITH_KNOTS('',3,1,((#11212,#11213),(#11214,#11215),
(#11216,#11217),(#11218,#11219)),.SURF_OF_LINEAR_EXTRUSION.,.F.,.F.,.F.,
(4,4),(2,2),(0.,1.),(0.,1.),.PIECEWISE_BEZIER_KNOTS.);
#23=B_SPLINE_SURFACE_WITH_KNOTS('',3,1,((#11223,#11224),(#11225,#11226),
(#11227,#11228),(#11229,#11230)),.SURF_OF_LINEAR_EXTRUSION.,.F.,.F.,.F.,
(4,4),(2,2),(0.,1.),(0.,1.),.PIECEWISE_BEZIER_KNOTS.);
#24=B_SPLINE_SURFACE_WITH_KNOTS('',3,1,((#11272,#11273),(#11274,#11275),
(#11276,#11277),(#11278,#11279)),.SURF_OF_LINEAR_EXTRUSION.,.F.,.F.,.F.,
(4,4),(2,2),(0.,1.),(0.,1.),.PIECEWISE_BEZIER_KNOTS.);
#25=B_SPLINE_SURFACE_WITH_KNOTS('',3,1,((#11287,#11288),(#11289,#11290),
(#11291,#11292),(#11293,#11294)),.SURF_OF_LINEAR_EXTRUSION.,.F.,.F.,.F.,
(4,4),(2,2),(0.,1.),(0.,1.),.PIECEWISE_BEZIER_KNOTS.);
#26=B_SPLINE_SURFACE_WITH_KNOTS('',3,1,((#11300,#11301),(#11302,#11303),
(#11304,#11305),(#11306,#11307)),.SURF_OF_LINEAR_EXTRUSION.,.F.,.F.,.F.,
(4,4),(2,2),(0.,1.),(0.,1.),.PIECEWISE_BEZIER_KNOTS.);
#27=B_SPLINE_SURFACE_WITH_KNOTS('',3,1,((#11313,#11314),(#11315,#11316),
(#11317,#11318),(#11319,#11320)),.SURF_OF_LINEAR_EXTRUSION.,.F.,.F.,.F.,
(4,4),(2,2),(0.,1.),(0.,1.),.PIECEWISE_BEZIER_KNOTS.);
#28=B_SPLINE_SURFACE_WITH_KNOTS('',3,1,((#11326,#11327),(#11328,#11329),
(#11330,#11331),(#11332,#11333)),.SURF_OF_LINEAR_EXTRUSION.,.F.,.F.,.F.,
(4,4),(2,2),(0.,1.),(0.,1.),.PIECEWISE_BEZIER_KNOTS.);
#29=B_SPLINE_SURFACE_WITH_KNOTS('',3,1,((#11343,#11344),(#11345,#11346),
(#11347,#11348),(#11349,#11350)),.SURF_OF_LINEAR_EXTRUSION.,.F.,.F.,.F.,
(4,4),(2,2),(0.,1.),(0.,1.),.PIECEWISE_BEZIER_KNOTS.);
#30=B_SPLINE_SURFACE_WITH_KNOTS('',3,1,((#11356,#11357),(#11358,#11359),
(#11360,#11361),(#11362,#11363)),.SURF_OF_LINEAR_EXTRUSION.,.F.,.F.,.F.,
(4,4),(2,2),(0.,1.),(0.,1.),.PIECEWISE_BEZIER_KNOTS.);
#31=B_SPLINE_SURFACE_WITH_KNOTS('',3,1,((#11369,#11370),(#11371,#11372),
(#11373,#11374),(#11375,#11376)),.SURF_OF_LINEAR_EXTRUSION.,.F.,.F.,.F.,
(4,4),(2,2),(0.,1.),(0.,1.),.PIECEWISE_BEZIER_KNOTS.);
#32=B_SPLINE_SURFACE_WITH_KNOTS('',3,1,((#11382,#11383),(#11384,#11385),
(#11386,#11387),(#11388,#11389)),.SURF_OF_LINEAR_EXTRUSION.,.F.,.F.,.F.,
(4,4),(2,2),(0.,1.),(0.,1.),.PIECEWISE_BEZIER_KNOTS.);
#33=B_SPLINE_SURFACE_WITH_KNOTS('',3,1,((#11395,#11396),(#11397,#11398),
(#11399,#11400),(#11401,#11402)),.SURF_OF_LINEAR_EXTRUSION.,.F.,.F.,.F.,
(4,4),(2,2),(0.,1.),(0.,1.),.PIECEWISE_BEZIER_KNOTS.);
#34=B_SPLINE_SURFACE_WITH_KNOTS('',3,1,((#11408,#11409),(#11410,#11411),
(#11412,#11413),(#11414,#11415)),.SURF_OF_LINEAR_EXTRUSION.,.F.,.F.,.F.,
(4,4),(2,2),(0.,1.),(0.,1.),.PIECEWISE_BEZIER_KNOTS.);
#35=B_SPLINE_SURFACE_WITH_KNOTS('',3,1,((#11421,#11422),(#11423,#11424),
(#11425,#11426),(#11427,#11428)),.SURF_OF_LINEAR_EXTRUSION.,.F.,.F.,.F.,
(4,4),(2,2),(0.,1.),(0.,1.),.PIECEWISE_BEZIER_KNOTS.);
#36=B_SPLINE_SURFACE_WITH_KNOTS('',3,1,((#11446,#11447),(#11448,#11449),
(#11450,#11451),(#11452,#11453)),.SURF_OF_LINEAR_EXTRUSION.,.F.,.F.,.F.,
(4,4),(2,2),(0.,1.),(0.,1.),.PIECEWISE_BEZIER_KNOTS.);
#37=B_SPLINE_SURFACE_WITH_KNOTS('',3,1,((#11459,#11460),(#11461,#11462),
(#11463,#11464),(#11465,#11466)),.SURF_OF_LINEAR_EXTRUSION.,.F.,.F.,.F.,
(4,4),(2,2),(0.,1.),(0.,1.),.PIECEWISE_BEZIER_KNOTS.);
#38=B_SPLINE_SURFACE_WITH_KNOTS('',3,1,((#11472,#11473),(#11474,#11475),
(#11476,#11477),(#11478,#11479)),.SURF_OF_LINEAR_EXTRUSION.,.F.,.F.,.F.,
(4,4),(2,2),(0.,1.),(0.,1.),.PIECEWISE_BEZIER_KNOTS.);
#39=B_SPLINE_SURFACE_WITH_KNOTS('',3,1,((#11485,#11486),(#11487,#11488),
(#11489,#11490),(#11491,#11492)),.SURF_OF_LINEAR_EXTRUSION.,.F.,.F.,.F.,
(4,4),(2,2),(0.,1.),(0.,1.),.PIECEWISE_BEZIER_KNOTS.);
#40=B_SPLINE_SURFACE_WITH_KNOTS('',3,1,((#11498,#11499),(#11500,#11501),
(#11502,#11503),(#11504,#11505)),.SURF_OF_LINEAR_EXTRUSION.,.F.,.F.,.F.,
(4,4),(2,2),(0.,1.),(0.,1.),.PIECEWISE_BEZIER_KNOTS.);
#41=B_SPLINE_SURFACE_WITH_KNOTS('',3,1,((#11511,#11512),(#11513,#11514),
(#11515,#11516),(#11517,#11518)),.SURF_OF_LINEAR_EXTRUSION.,.F.,.F.,.F.,
(4,4),(2,2),(0.,1.),(0.,1.),.PIECEWISE_BEZIER_KNOTS.);
#42=B_SPLINE_SURFACE_WITH_KNOTS('',3,1,((#11524,#11525),(#11526,#11527),
(#11528,#11529),(#11530,#11531)),.SURF_OF_LINEAR_EXTRUSION.,.F.,.F.,.F.,
(4,4),(2,2),(0.,1.),(0.,1.),.PIECEWISE_BEZIER_KNOTS.);
#43=B_SPLINE_SURFACE_WITH_KNOTS('',3,1,((#11541,#11542),(#11543,#11544),
(#11545,#11546),(#11547,#11548)),.SURF_OF_LINEAR_EXTRUSION.,.F.,.F.,.F.,
(4,4),(2,2),(0.,1.),(0.,1.),.PIECEWISE_BEZIER_KNOTS.);
#44=B_SPLINE_SURFACE_WITH_KNOTS('',3,1,((#11554,#11555),(#11556,#11557),
(#11558,#11559),(#11560,#11561)),.SURF_OF_LINEAR_EXTRUSION.,.F.,.F.,.F.,
(4,4),(2,2),(0.,1.),(0.,1.),.PIECEWISE_BEZIER_KNOTS.);
#45=B_SPLINE_SURFACE_WITH_KNOTS('',3,1,((#11567,#11568),(#11569,#11570),
(#11571,#11572),(#11573,#11574)),.SURF_OF_LINEAR_EXTRUSION.,.F.,.F.,.F.,
(4,4),(2,2),(0.,1.),(0.,1.),.PIECEWISE_BEZIER_KNOTS.);
#46=B_SPLINE_SURFACE_WITH_KNOTS('',3,1,((#11580,#11581),(#11582,#11583),
(#11584,#11585),(#11586,#11587)),.SURF_OF_LINEAR_EXTRUSION.,.F.,.F.,.F.,
(4,4),(2,2),(0.,1.),(0.,1.),.PIECEWISE_BEZIER_KNOTS.);
#47=B_SPLINE_SURFACE_WITH_KNOTS('',3,1,((#11593,#11594),(#11595,#11596),
(#11597,#11598),(#11599,#11600)),.SURF_OF_LINEAR_EXTRUSION.,.F.,.F.,.F.,
(4,4),(2,2),(0.,1.),(0.,1.),.PIECEWISE_BEZIER_KNOTS.);
#48=B_SPLINE_SURFACE_WITH_KNOTS('',3,1,((#11606,#11607),(#11608,#11609),
(#11610,#11611),(#11612,#11613)),.SURF_OF_LINEAR_EXTRUSION.,.F.,.F.,.F.,
(4,4),(2,2),(0.,1.),(0.,1.),.PIECEWISE_BEZIER_KNOTS.);
#49=B_SPLINE_SURFACE_WITH_KNOTS('',3,1,((#11619,#11620),(#11621,#11622),
(#11623,#11624),(#11625,#11626)),.SURF_OF_LINEAR_EXTRUSION.,.F.,.F.,.F.,
(4,4),(2,2),(0.,1.),(0.,1.),.PIECEWISE_BEZIER_KNOTS.);
#50=B_SPLINE_SURFACE_WITH_KNOTS('',3,1,((#11640,#11641),(#11642,#11643),
(#11644,#11645),(#11646,#11647)),.SURF_OF_LINEAR_EXTRUSION.,.F.,.F.,.F.,
(4,4),(2,2),(0.,1.),(0.,1.),.PIECEWISE_BEZIER_KNOTS.);
#51=B_SPLINE_SURFACE_WITH_KNOTS('',3,1,((#11678,#11679),(#11680,#11681),
(#11682,#11683),(#11684,#11685)),.SURF_OF_LINEAR_EXTRUSION.,.F.,.F.,.F.,
(4,4),(2,2),(0.,1.),(0.,1.),.PIECEWISE_BEZIER_KNOTS.);
#52=B_SPLINE_SURFACE_WITH_KNOTS('',3,1,((#11695,#11696),(#11697,#11698),
(#11699,#11700),(#11701,#11702)),.SURF_OF_LINEAR_EXTRUSION.,.F.,.F.,.F.,
(4,4),(2,2),(0.,1.),(0.,1.),.PIECEWISE_BEZIER_KNOTS.);
#53=B_SPLINE_SURFACE_WITH_KNOTS('',3,1,((#11712,#11713),(#11714,#11715),
(#11716,#11717),(#11718,#11719)),.SURF_OF_LINEAR_EXTRUSION.,.F.,.F.,.F.,
(4,4),(2,2),(0.,1.),(0.,1.),.PIECEWISE_BEZIER_KNOTS.);
#54=B_SPLINE_SURFACE_WITH_KNOTS('',3,1,((#11729,#11730),(#11731,#11732),
(#11733,#11734),(#11735,#11736)),.SURF_OF_LINEAR_EXTRUSION.,.F.,.F.,.F.,
(4,4),(2,2),(0.,1.),(0.,1.),.PIECEWISE_BEZIER_KNOTS.);
#55=B_SPLINE_SURFACE_WITH_KNOTS('',3,1,((#11752,#11753),(#11754,#11755),
(#11756,#11757),(#11758,#11759)),.SURF_OF_LINEAR_EXTRUSION.,.F.,.F.,.F.,
(4,4),(2,2),(0.,1.),(0.,1.),.PIECEWISE_BEZIER_KNOTS.);
#56=B_SPLINE_SURFACE_WITH_KNOTS('',3,1,((#11769,#11770),(#11771,#11772),
(#11773,#11774),(#11775,#11776)),.SURF_OF_LINEAR_EXTRUSION.,.F.,.F.,.F.,
(4,4),(2,2),(0.,1.),(0.,1.),.PIECEWISE_BEZIER_KNOTS.);
#57=B_SPLINE_SURFACE_WITH_KNOTS('',3,1,((#11786,#11787),(#11788,#11789),
(#11790,#11791),(#11792,#11793)),.SURF_OF_LINEAR_EXTRUSION.,.F.,.F.,.F.,
(4,4),(2,2),(0.,1.),(0.,1.),.PIECEWISE_BEZIER_KNOTS.);
#58=B_SPLINE_SURFACE_WITH_KNOTS('',3,1,((#11803,#11804),(#11805,#11806),
(#11807,#11808),(#11809,#11810)),.SURF_OF_LINEAR_EXTRUSION.,.F.,.F.,.F.,
(4,4),(2,2),(0.,1.),(0.,1.),.PIECEWISE_BEZIER_KNOTS.);
#59=B_SPLINE_SURFACE_WITH_KNOTS('',3,1,((#11822,#11823),(#11824,#11825),
(#11826,#11827),(#11828,#11829)),.SURF_OF_LINEAR_EXTRUSION.,.F.,.F.,.F.,
(4,4),(2,2),(0.,1.),(0.,1.),.PIECEWISE_BEZIER_KNOTS.);
#60=B_SPLINE_SURFACE_WITH_KNOTS('',3,1,((#11835,#11836),(#11837,#11838),
(#11839,#11840),(#11841,#11842)),.SURF_OF_LINEAR_EXTRUSION.,.F.,.F.,.F.,
(4,4),(2,2),(0.,1.),(0.,1.),.PIECEWISE_BEZIER_KNOTS.);
#61=B_SPLINE_SURFACE_WITH_KNOTS('',3,1,((#11848,#11849),(#11850,#11851),
(#11852,#11853),(#11854,#11855)),.SURF_OF_LINEAR_EXTRUSION.,.F.,.F.,.F.,
(4,4),(2,2),(0.,1.),(0.,1.),.PIECEWISE_BEZIER_KNOTS.);
#62=B_SPLINE_SURFACE_WITH_KNOTS('',3,1,((#11861,#11862),(#11863,#11864),
(#11865,#11866),(#11867,#11868)),.SURF_OF_LINEAR_EXTRUSION.,.F.,.F.,.F.,
(4,4),(2,2),(0.,1.),(0.,1.),.PIECEWISE_BEZIER_KNOTS.);
#63=B_SPLINE_SURFACE_WITH_KNOTS('',3,1,((#11874,#11875),(#11876,#11877),
(#11878,#11879),(#11880,#11881)),.SURF_OF_LINEAR_EXTRUSION.,.F.,.F.,.F.,
(4,4),(2,2),(0.,1.),(0.,1.),.PIECEWISE_BEZIER_KNOTS.);
#64=B_SPLINE_SURFACE_WITH_KNOTS('',3,1,((#11907,#11908),(#11909,#11910),
(#11911,#11912),(#11913,#11914)),.SURF_OF_LINEAR_EXTRUSION.,.F.,.F.,.F.,
(4,4),(2,2),(0.,1.),(0.,1.),.PIECEWISE_BEZIER_KNOTS.);
#65=B_SPLINE_SURFACE_WITH_KNOTS('',3,1,((#11920,#11921),(#11922,#11923),
(#11924,#11925),(#11926,#11927)),.SURF_OF_LINEAR_EXTRUSION.,.F.,.F.,.F.,
(4,4),(2,2),(0.,1.),(0.,1.),.PIECEWISE_BEZIER_KNOTS.);
#66=B_SPLINE_SURFACE_WITH_KNOTS('',3,1,((#11937,#11938),(#11939,#11940),
(#11941,#11942),(#11943,#11944)),.SURF_OF_LINEAR_EXTRUSION.,.F.,.F.,.F.,
(4,4),(2,2),(0.,1.),(0.,1.),.PIECEWISE_BEZIER_KNOTS.);
#67=B_SPLINE_SURFACE_WITH_KNOTS('',3,1,((#11948,#11949),(#11950,#11951),
(#11952,#11953),(#11954,#11955)),.SURF_OF_LINEAR_EXTRUSION.,.F.,.F.,.F.,
(4,4),(2,2),(0.,1.),(0.,1.),.PIECEWISE_BEZIER_KNOTS.);
#68=B_SPLINE_SURFACE_WITH_KNOTS('',3,1,((#11964,#11965),(#11966,#11967),
(#11968,#11969),(#11970,#11971)),.SURF_OF_LINEAR_EXTRUSION.,.F.,.F.,.F.,
(4,4),(2,2),(0.,1.),(0.,1.),.PIECEWISE_BEZIER_KNOTS.);
#69=B_SPLINE_SURFACE_WITH_KNOTS('',3,1,((#11979,#11980),(#11981,#11982),
(#11983,#11984),(#11985,#11986)),.SURF_OF_LINEAR_EXTRUSION.,.F.,.F.,.F.,
(4,4),(2,2),(0.,1.),(0.,1.),.PIECEWISE_BEZIER_KNOTS.);
#70=B_SPLINE_SURFACE_WITH_KNOTS('',3,1,((#11992,#11993),(#11994,#11995),
(#11996,#11997),(#11998,#11999)),.SURF_OF_LINEAR_EXTRUSION.,.F.,.F.,.F.,
(4,4),(2,2),(0.,1.),(0.,1.),.PIECEWISE_BEZIER_KNOTS.);
#71=B_SPLINE_SURFACE_WITH_KNOTS('',3,1,((#12005,#12006),(#12007,#12008),
(#12009,#12010),(#12011,#12012)),.SURF_OF_LINEAR_EXTRUSION.,.F.,.F.,.F.,
(4,4),(2,2),(0.,1.),(0.,1.),.PIECEWISE_BEZIER_KNOTS.);
#72=B_SPLINE_SURFACE_WITH_KNOTS('',3,1,((#12018,#12019),(#12020,#12021),
(#12022,#12023),(#12024,#12025)),.SURF_OF_LINEAR_EXTRUSION.,.F.,.F.,.F.,
(4,4),(2,2),(0.,1.),(0.,1.),.PIECEWISE_BEZIER_KNOTS.);
#73=B_SPLINE_SURFACE_WITH_KNOTS('',3,1,((#12035,#12036),(#12037,#12038),
(#12039,#12040),(#12041,#12042)),.SURF_OF_LINEAR_EXTRUSION.,.F.,.F.,.F.,
(4,4),(2,2),(0.,1.),(0.,1.),.PIECEWISE_BEZIER_KNOTS.);
#74=B_SPLINE_SURFACE_WITH_KNOTS('',3,1,((#12048,#12049),(#12050,#12051),
(#12052,#12053),(#12054,#12055)),.SURF_OF_LINEAR_EXTRUSION.,.F.,.F.,.F.,
(4,4),(2,2),(0.,1.),(0.,1.),.PIECEWISE_BEZIER_KNOTS.);
#75=B_SPLINE_SURFACE_WITH_KNOTS('',3,1,((#12061,#12062),(#12063,#12064),
(#12065,#12066),(#12067,#12068)),.SURF_OF_LINEAR_EXTRUSION.,.F.,.F.,.F.,
(4,4),(2,2),(0.,1.),(0.,1.),.PIECEWISE_BEZIER_KNOTS.);
#76=B_SPLINE_SURFACE_WITH_KNOTS('',3,1,((#12074,#12075),(#12076,#12077),
(#12078,#12079),(#12080,#12081)),.SURF_OF_LINEAR_EXTRUSION.,.F.,.F.,.F.,
(4,4),(2,2),(0.,1.),(0.,1.),.PIECEWISE_BEZIER_KNOTS.);
#77=B_SPLINE_SURFACE_WITH_KNOTS('',3,1,((#12087,#12088),(#12089,#12090),
(#12091,#12092),(#12093,#12094)),.SURF_OF_LINEAR_EXTRUSION.,.F.,.F.,.F.,
(4,4),(2,2),(0.,1.),(0.,1.),.PIECEWISE_BEZIER_KNOTS.);
#78=B_SPLINE_SURFACE_WITH_KNOTS('',3,1,((#12100,#12101),(#12102,#12103),
(#12104,#12105),(#12106,#12107)),.SURF_OF_LINEAR_EXTRUSION.,.F.,.F.,.F.,
(4,4),(2,2),(0.,1.),(0.,1.),.PIECEWISE_BEZIER_KNOTS.);
#79=B_SPLINE_SURFACE_WITH_KNOTS('',3,1,((#12113,#12114),(#12115,#12116),
(#12117,#12118),(#12119,#12120)),.SURF_OF_LINEAR_EXTRUSION.,.F.,.F.,.F.,
(4,4),(2,2),(0.,1.),(0.,1.),.PIECEWISE_BEZIER_KNOTS.);
#80=B_SPLINE_SURFACE_WITH_KNOTS('',3,1,((#12138,#12139),(#12140,#12141),
(#12142,#12143),(#12144,#12145)),.SURF_OF_LINEAR_EXTRUSION.,.F.,.F.,.F.,
(4,4),(2,2),(0.,1.),(0.,1.),.PIECEWISE_BEZIER_KNOTS.);
#81=B_SPLINE_SURFACE_WITH_KNOTS('',3,1,((#12151,#12152),(#12153,#12154),
(#12155,#12156),(#12157,#12158)),.SURF_OF_LINEAR_EXTRUSION.,.F.,.F.,.F.,
(4,4),(2,2),(0.,1.),(0.,1.),.PIECEWISE_BEZIER_KNOTS.);
#82=B_SPLINE_SURFACE_WITH_KNOTS('',3,1,((#12164,#12165),(#12166,#12167),
(#12168,#12169),(#12170,#12171)),.SURF_OF_LINEAR_EXTRUSION.,.F.,.F.,.F.,
(4,4),(2,2),(0.,1.),(0.,1.),.PIECEWISE_BEZIER_KNOTS.);
#83=B_SPLINE_SURFACE_WITH_KNOTS('',3,1,((#12177,#12178),(#12179,#12180),
(#12181,#12182),(#12183,#12184)),.SURF_OF_LINEAR_EXTRUSION.,.F.,.F.,.F.,
(4,4),(2,2),(0.,1.),(0.,1.),.PIECEWISE_BEZIER_KNOTS.);
#84=B_SPLINE_SURFACE_WITH_KNOTS('',3,1,((#12194,#12195),(#12196,#12197),
(#12198,#12199),(#12200,#12201)),.SURF_OF_LINEAR_EXTRUSION.,.F.,.F.,.F.,
(4,4),(2,2),(0.,1.),(0.,1.),.PIECEWISE_BEZIER_KNOTS.);
#85=B_SPLINE_SURFACE_WITH_KNOTS('',3,1,((#12211,#12212),(#12213,#12214),
(#12215,#12216),(#12217,#12218)),.SURF_OF_LINEAR_EXTRUSION.,.F.,.F.,.F.,
(4,4),(2,2),(0.,1.),(0.,1.),.PIECEWISE_BEZIER_KNOTS.);
#86=B_SPLINE_SURFACE_WITH_KNOTS('',3,1,((#12224,#12225),(#12226,#12227),
(#12228,#12229),(#12230,#12231)),.SURF_OF_LINEAR_EXTRUSION.,.F.,.F.,.F.,
(4,4),(2,2),(0.,1.),(0.,1.),.PIECEWISE_BEZIER_KNOTS.);
#87=B_SPLINE_SURFACE_WITH_KNOTS('',3,1,((#12237,#12238),(#12239,#12240),
(#12241,#12242),(#12243,#12244)),.SURF_OF_LINEAR_EXTRUSION.,.F.,.F.,.F.,
(4,4),(2,2),(0.,1.),(0.,1.),.PIECEWISE_BEZIER_KNOTS.);
#88=B_SPLINE_SURFACE_WITH_KNOTS('',3,1,((#12250,#12251),(#12252,#12253),
(#12254,#12255),(#12256,#12257)),.SURF_OF_LINEAR_EXTRUSION.,.F.,.F.,.F.,
(4,4),(2,2),(0.,1.),(0.,1.),.PIECEWISE_BEZIER_KNOTS.);
#89=B_SPLINE_SURFACE_WITH_KNOTS('',3,1,((#12263,#12264),(#12265,#12266),
(#12267,#12268),(#12269,#12270)),.SURF_OF_LINEAR_EXTRUSION.,.F.,.F.,.F.,
(4,4),(2,2),(0.,1.),(0.,1.),.PIECEWISE_BEZIER_KNOTS.);
#90=B_SPLINE_SURFACE_WITH_KNOTS('',3,1,((#12276,#12277),(#12278,#12279),
(#12280,#12281),(#12282,#12283)),.SURF_OF_LINEAR_EXTRUSION.,.F.,.F.,.F.,
(4,4),(2,2),(0.,1.),(0.,1.),.PIECEWISE_BEZIER_KNOTS.);
#91=B_SPLINE_SURFACE_WITH_KNOTS('',3,1,((#12289,#12290),(#12291,#12292),
(#12293,#12294),(#12295,#12296)),.SURF_OF_LINEAR_EXTRUSION.,.F.,.F.,.F.,
(4,4),(2,2),(0.,1.),(0.,1.),.PIECEWISE_BEZIER_KNOTS.);
#92=B_SPLINE_SURFACE_WITH_KNOTS('',3,1,((#12314,#12315),(#12316,#12317),
(#12318,#12319),(#12320,#12321)),.SURF_OF_LINEAR_EXTRUSION.,.F.,.F.,.F.,
(4,4),(2,2),(0.,1.),(0.,1.),.PIECEWISE_BEZIER_KNOTS.);
#93=B_SPLINE_SURFACE_WITH_KNOTS('',3,1,((#12326,#12327),(#12328,#12329),
(#12330,#12331),(#12332,#12333)),.SURF_OF_LINEAR_EXTRUSION.,.F.,.F.,.F.,
(4,4),(2,2),(0.,1.),(0.,1.),.PIECEWISE_BEZIER_KNOTS.);
#94=B_SPLINE_SURFACE_WITH_KNOTS('',3,1,((#12345,#12346),(#12347,#12348),
(#12349,#12350),(#12351,#12352)),.SURF_OF_LINEAR_EXTRUSION.,.F.,.F.,.F.,
(4,4),(2,2),(0.,1.),(0.,1.),.PIECEWISE_BEZIER_KNOTS.);
#95=B_SPLINE_SURFACE_WITH_KNOTS('',3,1,((#12382,#12383),(#12384,#12385),
(#12386,#12387),(#12388,#12389)),.SURF_OF_LINEAR_EXTRUSION.,.F.,.F.,.F.,
(4,4),(2,2),(0.,1.),(0.,1.),.PIECEWISE_BEZIER_KNOTS.);
#96=B_SPLINE_SURFACE_WITH_KNOTS('',3,1,((#12395,#12396),(#12397,#12398),
(#12399,#12400),(#12401,#12402)),.SURF_OF_LINEAR_EXTRUSION.,.F.,.F.,.F.,
(4,4),(2,2),(0.,1.),(0.,1.),.PIECEWISE_BEZIER_KNOTS.);
#97=B_SPLINE_SURFACE_WITH_KNOTS('',3,1,((#12408,#12409),(#12410,#12411),
(#12412,#12413),(#12414,#12415)),.SURF_OF_LINEAR_EXTRUSION.,.F.,.F.,.F.,
(4,4),(2,2),(0.,1.),(0.,1.),.PIECEWISE_BEZIER_KNOTS.);
#98=B_SPLINE_SURFACE_WITH_KNOTS('',3,1,((#12421,#12422),(#12423,#12424),
(#12425,#12426),(#12427,#12428)),.SURF_OF_LINEAR_EXTRUSION.,.F.,.F.,.F.,
(4,4),(2,2),(0.,1.),(0.,1.),.PIECEWISE_BEZIER_KNOTS.);
#99=B_SPLINE_SURFACE_WITH_KNOTS('',3,1,((#12454,#12455),(#12456,#12457),
(#12458,#12459),(#12460,#12461)),.SURF_OF_LINEAR_EXTRUSION.,.F.,.F.,.F.,
(4,4),(2,2),(0.,1.),(0.,1.),.PIECEWISE_BEZIER_KNOTS.);
#100=B_SPLINE_SURFACE_WITH_KNOTS('',3,1,((#12475,#12476),(#12477,#12478),
(#12479,#12480),(#12481,#12482)),.SURF_OF_LINEAR_EXTRUSION.,.F.,.F.,.F.,
(4,4),(2,2),(0.,1.),(0.,1.),.PIECEWISE_BEZIER_KNOTS.);
#101=B_SPLINE_SURFACE_WITH_KNOTS('',3,1,((#12492,#12493),(#12494,#12495),
(#12496,#12497),(#12498,#12499)),.SURF_OF_LINEAR_EXTRUSION.,.F.,.F.,.F.,
(4,4),(2,2),(0.,1.),(0.,1.),.PIECEWISE_BEZIER_KNOTS.);
#102=B_SPLINE_SURFACE_WITH_KNOTS('',3,1,((#12527,#12528),(#12529,#12530),
(#12531,#12532),(#12533,#12534)),.SURF_OF_LINEAR_EXTRUSION.,.F.,.F.,.F.,
(4,4),(2,2),(0.,1.),(0.,1.),.PIECEWISE_BEZIER_KNOTS.);
#103=B_SPLINE_SURFACE_WITH_KNOTS('',3,1,((#12544,#12545),(#12546,#12547),
(#12548,#12549),(#12550,#12551)),.SURF_OF_LINEAR_EXTRUSION.,.F.,.F.,.F.,
(4,4),(2,2),(0.,1.),(0.,1.),.PIECEWISE_BEZIER_KNOTS.);
#104=B_SPLINE_SURFACE_WITH_KNOTS('',3,1,((#12591,#12592),(#12593,#12594),
(#12595,#12596),(#12597,#12598)),.SURF_OF_LINEAR_EXTRUSION.,.F.,.F.,.F.,
(4,4),(2,2),(0.,1.),(0.,1.),.PIECEWISE_BEZIER_KNOTS.);
#105=B_SPLINE_SURFACE_WITH_KNOTS('',3,1,((#12604,#12605),(#12606,#12607),
(#12608,#12609),(#12610,#12611)),.SURF_OF_LINEAR_EXTRUSION.,.F.,.F.,.F.,
(4,4),(2,2),(0.,1.),(0.,1.),.PIECEWISE_BEZIER_KNOTS.);
#106=B_SPLINE_SURFACE_WITH_KNOTS('',3,1,((#12621,#12622),(#12623,#12624),
(#12625,#12626),(#12627,#12628)),.SURF_OF_LINEAR_EXTRUSION.,.F.,.F.,.F.,
(4,4),(2,2),(0.,1.),(0.,1.),.PIECEWISE_BEZIER_KNOTS.);
#107=B_SPLINE_SURFACE_WITH_KNOTS('',3,1,((#12632,#12633),(#12634,#12635),
(#12636,#12637),(#12638,#12639)),.SURF_OF_LINEAR_EXTRUSION.,.F.,.F.,.F.,
(4,4),(2,2),(0.,1.),(0.,1.),.PIECEWISE_BEZIER_KNOTS.);
#108=B_SPLINE_SURFACE_WITH_KNOTS('',3,1,((#12648,#12649),(#12650,#12651),
(#12652,#12653),(#12654,#12655)),.SURF_OF_LINEAR_EXTRUSION.,.F.,.F.,.F.,
(4,4),(2,2),(0.,1.),(0.,1.),.PIECEWISE_BEZIER_KNOTS.);
#109=B_SPLINE_SURFACE_WITH_KNOTS('',3,1,((#12663,#12664),(#12665,#12666),
(#12667,#12668),(#12669,#12670)),.SURF_OF_LINEAR_EXTRUSION.,.F.,.F.,.F.,
(4,4),(2,2),(0.,1.),(0.,1.),.PIECEWISE_BEZIER_KNOTS.);
#110=B_SPLINE_SURFACE_WITH_KNOTS('',3,1,((#12676,#12677),(#12678,#12679),
(#12680,#12681),(#12682,#12683)),.SURF_OF_LINEAR_EXTRUSION.,.F.,.F.,.F.,
(4,4),(2,2),(0.,1.),(0.,1.),.PIECEWISE_BEZIER_KNOTS.);
#111=B_SPLINE_SURFACE_WITH_KNOTS('',3,1,((#12689,#12690),(#12691,#12692),
(#12693,#12694),(#12695,#12696)),.SURF_OF_LINEAR_EXTRUSION.,.F.,.F.,.F.,
(4,4),(2,2),(0.,1.),(0.,1.),.PIECEWISE_BEZIER_KNOTS.);
#112=B_SPLINE_SURFACE_WITH_KNOTS('',3,1,((#12702,#12703),(#12704,#12705),
(#12706,#12707),(#12708,#12709)),.SURF_OF_LINEAR_EXTRUSION.,.F.,.F.,.F.,
(4,4),(2,2),(0.,1.),(0.,1.),.PIECEWISE_BEZIER_KNOTS.);
#113=B_SPLINE_SURFACE_WITH_KNOTS('',3,1,((#12715,#12716),(#12717,#12718),
(#12719,#12720),(#12721,#12722)),.SURF_OF_LINEAR_EXTRUSION.,.F.,.F.,.F.,
(4,4),(2,2),(0.,1.),(0.,1.),.PIECEWISE_BEZIER_KNOTS.);
#114=B_SPLINE_SURFACE_WITH_KNOTS('',3,1,((#12728,#12729),(#12730,#12731),
(#12732,#12733),(#12734,#12735)),.SURF_OF_LINEAR_EXTRUSION.,.F.,.F.,.F.,
(4,4),(2,2),(0.,1.),(0.,1.),.PIECEWISE_BEZIER_KNOTS.);
#115=B_SPLINE_SURFACE_WITH_KNOTS('',3,1,((#12770,#12771),(#12772,#12773),
(#12774,#12775),(#12776,#12777)),.SURF_OF_LINEAR_EXTRUSION.,.F.,.F.,.F.,
(4,4),(2,2),(0.,1.),(0.,1.),.PIECEWISE_BEZIER_KNOTS.);
#116=B_SPLINE_SURFACE_WITH_KNOTS('',3,1,((#12787,#12788),(#12789,#12790),
(#12791,#12792),(#12793,#12794)),.SURF_OF_LINEAR_EXTRUSION.,.F.,.F.,.F.,
(4,4),(2,2),(0.,1.),(0.,1.),.PIECEWISE_BEZIER_KNOTS.);
#117=B_SPLINE_SURFACE_WITH_KNOTS('',3,1,((#12804,#12805),(#12806,#12807),
(#12808,#12809),(#12810,#12811)),.SURF_OF_LINEAR_EXTRUSION.,.F.,.F.,.F.,
(4,4),(2,2),(0.,1.),(0.,1.),.PIECEWISE_BEZIER_KNOTS.);
#118=B_SPLINE_SURFACE_WITH_KNOTS('',3,1,((#12821,#12822),(#12823,#12824),
(#12825,#12826),(#12827,#12828)),.SURF_OF_LINEAR_EXTRUSION.,.F.,.F.,.F.,
(4,4),(2,2),(0.,1.),(0.,1.),.PIECEWISE_BEZIER_KNOTS.);
#119=B_SPLINE_SURFACE_WITH_KNOTS('',3,1,((#12844,#12845),(#12846,#12847),
(#12848,#12849),(#12850,#12851)),.SURF_OF_LINEAR_EXTRUSION.,.F.,.F.,.F.,
(4,4),(2,2),(0.,1.),(0.,1.),.PIECEWISE_BEZIER_KNOTS.);
#120=B_SPLINE_SURFACE_WITH_KNOTS('',3,1,((#12861,#12862),(#12863,#12864),
(#12865,#12866),(#12867,#12868)),.SURF_OF_LINEAR_EXTRUSION.,.F.,.F.,.F.,
(4,4),(2,2),(0.,1.),(0.,1.),.PIECEWISE_BEZIER_KNOTS.);
#121=B_SPLINE_SURFACE_WITH_KNOTS('',3,1,((#12878,#12879),(#12880,#12881),
(#12882,#12883),(#12884,#12885)),.SURF_OF_LINEAR_EXTRUSION.,.F.,.F.,.F.,
(4,4),(2,2),(0.,1.),(0.,1.),.PIECEWISE_BEZIER_KNOTS.);
#122=B_SPLINE_SURFACE_WITH_KNOTS('',3,1,((#12895,#12896),(#12897,#12898),
(#12899,#12900),(#12901,#12902)),.SURF_OF_LINEAR_EXTRUSION.,.F.,.F.,.F.,
(4,4),(2,2),(0.,1.),(0.,1.),.PIECEWISE_BEZIER_KNOTS.);
#123=B_SPLINE_SURFACE_WITH_KNOTS('',3,1,((#12914,#12915),(#12916,#12917),
(#12918,#12919),(#12920,#12921)),.SURF_OF_LINEAR_EXTRUSION.,.F.,.F.,.F.,
(4,4),(2,2),(0.,1.),(0.,1.),.PIECEWISE_BEZIER_KNOTS.);
#124=B_SPLINE_SURFACE_WITH_KNOTS('',3,1,((#12927,#12928),(#12929,#12930),
(#12931,#12932),(#12933,#12934)),.SURF_OF_LINEAR_EXTRUSION.,.F.,.F.,.F.,
(4,4),(2,2),(0.,1.),(0.,1.),.PIECEWISE_BEZIER_KNOTS.);
#125=B_SPLINE_SURFACE_WITH_KNOTS('',3,1,((#12940,#12941),(#12942,#12943),
(#12944,#12945),(#12946,#12947)),.SURF_OF_LINEAR_EXTRUSION.,.F.,.F.,.F.,
(4,4),(2,2),(0.,1.),(0.,1.),.PIECEWISE_BEZIER_KNOTS.);
#126=B_SPLINE_SURFACE_WITH_KNOTS('',3,1,((#12953,#12954),(#12955,#12956),
(#12957,#12958),(#12959,#12960)),.SURF_OF_LINEAR_EXTRUSION.,.F.,.F.,.F.,
(4,4),(2,2),(0.,1.),(0.,1.),.PIECEWISE_BEZIER_KNOTS.);
#127=B_SPLINE_SURFACE_WITH_KNOTS('',3,1,((#12990,#12991),(#12992,#12993),
(#12994,#12995),(#12996,#12997)),.SURF_OF_LINEAR_EXTRUSION.,.F.,.F.,.F.,
(4,4),(2,2),(0.,1.),(0.,1.),.PIECEWISE_BEZIER_KNOTS.);
#128=B_SPLINE_SURFACE_WITH_KNOTS('',3,1,((#13003,#13004),(#13005,#13006),
(#13007,#13008),(#13009,#13010)),.SURF_OF_LINEAR_EXTRUSION.,.F.,.F.,.F.,
(4,4),(2,2),(0.,1.),(0.,1.),.PIECEWISE_BEZIER_KNOTS.);
#129=B_SPLINE_SURFACE_WITH_KNOTS('',3,1,((#13020,#13021),(#13022,#13023),
(#13024,#13025),(#13026,#13027)),.SURF_OF_LINEAR_EXTRUSION.,.F.,.F.,.F.,
(4,4),(2,2),(0.,1.),(0.,1.),.PIECEWISE_BEZIER_KNOTS.);
#130=B_SPLINE_SURFACE_WITH_KNOTS('',3,1,((#13031,#13032),(#13033,#13034),
(#13035,#13036),(#13037,#13038)),.SURF_OF_LINEAR_EXTRUSION.,.F.,.F.,.F.,
(4,4),(2,2),(0.,1.),(0.,1.),.PIECEWISE_BEZIER_KNOTS.);
#131=B_SPLINE_SURFACE_WITH_KNOTS('',3,1,((#13047,#13048),(#13049,#13050),
(#13051,#13052),(#13053,#13054)),.SURF_OF_LINEAR_EXTRUSION.,.F.,.F.,.F.,
(4,4),(2,2),(0.,1.),(0.,1.),.PIECEWISE_BEZIER_KNOTS.);
#132=B_SPLINE_SURFACE_WITH_KNOTS('',3,1,((#13062,#13063),(#13064,#13065),
(#13066,#13067),(#13068,#13069)),.SURF_OF_LINEAR_EXTRUSION.,.F.,.F.,.F.,
(4,4),(2,2),(0.,1.),(0.,1.),.PIECEWISE_BEZIER_KNOTS.);
#133=B_SPLINE_SURFACE_WITH_KNOTS('',3,1,((#13075,#13076),(#13077,#13078),
(#13079,#13080),(#13081,#13082)),.SURF_OF_LINEAR_EXTRUSION.,.F.,.F.,.F.,
(4,4),(2,2),(0.,1.),(0.,1.),.PIECEWISE_BEZIER_KNOTS.);
#134=B_SPLINE_SURFACE_WITH_KNOTS('',3,1,((#13088,#13089),(#13090,#13091),
(#13092,#13093),(#13094,#13095)),.SURF_OF_LINEAR_EXTRUSION.,.F.,.F.,.F.,
(4,4),(2,2),(0.,1.),(0.,1.),.PIECEWISE_BEZIER_KNOTS.);
#135=B_SPLINE_SURFACE_WITH_KNOTS('',3,1,((#13101,#13102),(#13103,#13104),
(#13105,#13106),(#13107,#13108)),.SURF_OF_LINEAR_EXTRUSION.,.F.,.F.,.F.,
(4,4),(2,2),(0.,1.),(0.,1.),.PIECEWISE_BEZIER_KNOTS.);
#136=B_SPLINE_SURFACE_WITH_KNOTS('',3,1,((#13114,#13115),(#13116,#13117),
(#13118,#13119),(#13120,#13121)),.SURF_OF_LINEAR_EXTRUSION.,.F.,.F.,.F.,
(4,4),(2,2),(0.,1.),(0.,1.),.PIECEWISE_BEZIER_KNOTS.);
#137=B_SPLINE_SURFACE_WITH_KNOTS('',3,1,((#13127,#13128),(#13129,#13130),
(#13131,#13132),(#13133,#13134)),.SURF_OF_LINEAR_EXTRUSION.,.F.,.F.,.F.,
(4,4),(2,2),(0.,1.),(0.,1.),.PIECEWISE_BEZIER_KNOTS.);
#138=B_SPLINE_SURFACE_WITH_KNOTS('',3,1,((#13214,#13215),(#13216,#13217),
(#13218,#13219),(#13220,#13221)),.SURF_OF_LINEAR_EXTRUSION.,.F.,.F.,.F.,
(4,4),(2,2),(0.,1.),(0.,1.),.PIECEWISE_BEZIER_KNOTS.);
#139=B_SPLINE_SURFACE_WITH_KNOTS('',3,1,((#13239,#13240),(#13241,#13242),
(#13243,#13244),(#13245,#13246)),.SURF_OF_LINEAR_EXTRUSION.,.F.,.F.,.F.,
(4,4),(2,2),(0.,1.),(0.,1.),.PIECEWISE_BEZIER_KNOTS.);
#140=B_SPLINE_SURFACE_WITH_KNOTS('',3,1,((#13252,#13253),(#13254,#13255),
(#13256,#13257),(#13258,#13259)),.SURF_OF_LINEAR_EXTRUSION.,.F.,.F.,.F.,
(4,4),(2,2),(0.,1.),(0.,1.),.PIECEWISE_BEZIER_KNOTS.);
#141=B_SPLINE_SURFACE_WITH_KNOTS('',3,1,((#13264,#13265),(#13266,#13267),
(#13268,#13269),(#13270,#13271)),.SURF_OF_LINEAR_EXTRUSION.,.F.,.F.,.F.,
(4,4),(2,2),(0.,1.),(0.,1.),.PIECEWISE_BEZIER_KNOTS.);
#142=B_SPLINE_SURFACE_WITH_KNOTS('',3,1,((#13311,#13312),(#13313,#13314),
(#13315,#13316),(#13317,#13318)),.SURF_OF_LINEAR_EXTRUSION.,.F.,.F.,.F.,
(4,4),(2,2),(0.,1.),(0.,1.),.PIECEWISE_BEZIER_KNOTS.);
#143=B_SPLINE_SURFACE_WITH_KNOTS('',3,1,((#13324,#13325),(#13326,#13327),
(#13328,#13329),(#13330,#13331)),.SURF_OF_LINEAR_EXTRUSION.,.F.,.F.,.F.,
(4,4),(2,2),(0.,1.),(0.,1.),.PIECEWISE_BEZIER_KNOTS.);
#144=B_SPLINE_SURFACE_WITH_KNOTS('',3,1,((#13337,#13338),(#13339,#13340),
(#13341,#13342),(#13343,#13344)),.SURF_OF_LINEAR_EXTRUSION.,.F.,.F.,.F.,
(4,4),(2,2),(0.,1.),(0.,1.),.PIECEWISE_BEZIER_KNOTS.);
#145=B_SPLINE_SURFACE_WITH_KNOTS('',3,1,((#13350,#13351),(#13352,#13353),
(#13354,#13355),(#13356,#13357)),.SURF_OF_LINEAR_EXTRUSION.,.F.,.F.,.F.,
(4,4),(2,2),(0.,1.),(0.,1.),.PIECEWISE_BEZIER_KNOTS.);
#146=B_SPLINE_SURFACE_WITH_KNOTS('',3,1,((#13383,#13384),(#13385,#13386),
(#13387,#13388),(#13389,#13390)),.SURF_OF_LINEAR_EXTRUSION.,.F.,.F.,.F.,
(4,4),(2,2),(0.,1.),(0.,1.),.PIECEWISE_BEZIER_KNOTS.);
#147=OVER_RIDING_STYLED_ITEM('',(#6768),#6473,#6765);
#148=OVER_RIDING_STYLED_ITEM('',(#6769),#6474,#6765);
#149=OVER_RIDING_STYLED_ITEM('',(#6770),#6475,#6765);
#150=OVER_RIDING_STYLED_ITEM('',(#6771),#6476,#6765);
#151=OVER_RIDING_STYLED_ITEM('',(#6772),#6477,#6765);
#152=OVER_RIDING_STYLED_ITEM('',(#6773),#6478,#6765);
#153=OVER_RIDING_STYLED_ITEM('',(#6774),#6479,#6765);
#154=OVER_RIDING_STYLED_ITEM('',(#6775),#6480,#6765);
#155=OVER_RIDING_STYLED_ITEM('',(#6776),#6481,#6765);
#156=OVER_RIDING_STYLED_ITEM('',(#6777),#6482,#6765);
#157=OVER_RIDING_STYLED_ITEM('',(#6778),#6483,#6765);
#158=OVER_RIDING_STYLED_ITEM('',(#6779),#6484,#6765);
#159=OVER_RIDING_STYLED_ITEM('',(#6780),#6485,#6765);
#160=OVER_RIDING_STYLED_ITEM('',(#6781),#6486,#6765);
#161=OVER_RIDING_STYLED_ITEM('',(#6782),#6487,#6765);
#162=OVER_RIDING_STYLED_ITEM('',(#6783),#6488,#6765);
#163=OVER_RIDING_STYLED_ITEM('',(#6784),#6489,#6765);
#164=OVER_RIDING_STYLED_ITEM('',(#6785),#6490,#6765);
#165=OVER_RIDING_STYLED_ITEM('',(#6786),#6491,#6765);
#166=OVER_RIDING_STYLED_ITEM('',(#6787),#6492,#6765);
#167=OVER_RIDING_STYLED_ITEM('',(#6788),#6493,#6765);
#168=OVER_RIDING_STYLED_ITEM('',(#6789),#6494,#6765);
#169=OVER_RIDING_STYLED_ITEM('',(#6790),#6495,#6765);
#170=OVER_RIDING_STYLED_ITEM('',(#6791),#6496,#6765);
#171=OVER_RIDING_STYLED_ITEM('',(#6792),#6497,#6765);
#172=OVER_RIDING_STYLED_ITEM('',(#6793),#6498,#6765);
#173=OVER_RIDING_STYLED_ITEM('',(#6794),#6499,#6765);
#174=OVER_RIDING_STYLED_ITEM('',(#6795),#6500,#6765);
#175=OVER_RIDING_STYLED_ITEM('',(#6796),#6501,#6765);
#176=OVER_RIDING_STYLED_ITEM('',(#6797),#6502,#6765);
#177=OVER_RIDING_STYLED_ITEM('',(#6798),#6503,#6765);
#178=OVER_RIDING_STYLED_ITEM('',(#6799),#6504,#6765);
#179=OVER_RIDING_STYLED_ITEM('',(#6800),#6505,#6765);
#180=OVER_RIDING_STYLED_ITEM('',(#6801),#6506,#6765);
#181=OVER_RIDING_STYLED_ITEM('',(#6802),#6507,#6765);
#182=OVER_RIDING_STYLED_ITEM('',(#6803),#6508,#6765);
#183=OVER_RIDING_STYLED_ITEM('',(#6804),#6509,#6765);
#184=OVER_RIDING_STYLED_ITEM('',(#6805),#6511,#6765);
#185=OVER_RIDING_STYLED_ITEM('',(#6806),#6512,#6765);
#186=OVER_RIDING_STYLED_ITEM('',(#6807),#6513,#6765);
#187=OVER_RIDING_STYLED_ITEM('',(#6808),#6514,#6765);
#188=OVER_RIDING_STYLED_ITEM('',(#6809),#6515,#6765);
#189=OVER_RIDING_STYLED_ITEM('',(#6810),#6516,#6765);
#190=OVER_RIDING_STYLED_ITEM('',(#6811),#6517,#6765);
#191=OVER_RIDING_STYLED_ITEM('',(#6812),#6518,#6765);
#192=OVER_RIDING_STYLED_ITEM('',(#6813),#6519,#6765);
#193=OVER_RIDING_STYLED_ITEM('',(#6814),#6520,#6765);
#194=OVER_RIDING_STYLED_ITEM('',(#6815),#6521,#6765);
#195=OVER_RIDING_STYLED_ITEM('',(#6816),#6522,#6765);
#196=OVER_RIDING_STYLED_ITEM('',(#6817),#6523,#6765);
#197=OVER_RIDING_STYLED_ITEM('',(#6818),#6524,#6765);
#198=OVER_RIDING_STYLED_ITEM('',(#6819),#6525,#6765);
#199=OVER_RIDING_STYLED_ITEM('',(#6820),#6526,#6765);
#200=OVER_RIDING_STYLED_ITEM('',(#6821),#6527,#6765);
#201=OVER_RIDING_STYLED_ITEM('',(#6822),#6528,#6765);
#202=OVER_RIDING_STYLED_ITEM('',(#6823),#6529,#6765);
#203=OVER_RIDING_STYLED_ITEM('',(#6824),#6530,#6765);
#204=OVER_RIDING_STYLED_ITEM('',(#6825),#6531,#6765);
#205=OVER_RIDING_STYLED_ITEM('',(#6826),#6532,#6765);
#206=OVER_RIDING_STYLED_ITEM('',(#6827),#6533,#6765);
#207=OVER_RIDING_STYLED_ITEM('',(#6828),#6534,#6765);
#208=OVER_RIDING_STYLED_ITEM('',(#6829),#6535,#6765);
#209=OVER_RIDING_STYLED_ITEM('',(#6830),#6536,#6765);
#210=OVER_RIDING_STYLED_ITEM('',(#6831),#6537,#6765);
#211=OVER_RIDING_STYLED_ITEM('',(#6832),#6538,#6765);
#212=OVER_RIDING_STYLED_ITEM('',(#6833),#6539,#6765);
#213=OVER_RIDING_STYLED_ITEM('',(#6834),#6540,#6765);
#214=OVER_RIDING_STYLED_ITEM('',(#6835),#6541,#6765);
#215=OVER_RIDING_STYLED_ITEM('',(#6836),#6542,#6765);
#216=OVER_RIDING_STYLED_ITEM('',(#6837),#6543,#6765);
#217=OVER_RIDING_STYLED_ITEM('',(#6838),#6544,#6765);
#218=OVER_RIDING_STYLED_ITEM('',(#6839),#6545,#6765);
#219=OVER_RIDING_STYLED_ITEM('',(#6840),#6546,#6765);
#220=OVER_RIDING_STYLED_ITEM('',(#6841),#6547,#6765);
#221=OVER_RIDING_STYLED_ITEM('',(#6842),#6548,#6765);
#222=OVER_RIDING_STYLED_ITEM('',(#6843),#6549,#6765);
#223=OVER_RIDING_STYLED_ITEM('',(#6844),#6550,#6765);
#224=OVER_RIDING_STYLED_ITEM('',(#6845),#6551,#6765);
#225=OVER_RIDING_STYLED_ITEM('',(#6846),#6552,#6765);
#226=OVER_RIDING_STYLED_ITEM('',(#6847),#6553,#6765);
#227=OVER_RIDING_STYLED_ITEM('',(#6848),#6554,#6765);
#228=OVER_RIDING_STYLED_ITEM('',(#6849),#6555,#6765);
#229=OVER_RIDING_STYLED_ITEM('',(#6850),#6556,#6765);
#230=OVER_RIDING_STYLED_ITEM('',(#6851),#6557,#6765);
#231=OVER_RIDING_STYLED_ITEM('',(#6852),#6558,#6765);
#232=OVER_RIDING_STYLED_ITEM('',(#6853),#6559,#6765);
#233=OVER_RIDING_STYLED_ITEM('',(#6854),#6560,#6765);
#234=OVER_RIDING_STYLED_ITEM('',(#6855),#6561,#6765);
#235=OVER_RIDING_STYLED_ITEM('',(#6856),#6562,#6765);
#236=OVER_RIDING_STYLED_ITEM('',(#6857),#6563,#6765);
#237=OVER_RIDING_STYLED_ITEM('',(#6858),#6564,#6765);
#238=OVER_RIDING_STYLED_ITEM('',(#6859),#6565,#6765);
#239=OVER_RIDING_STYLED_ITEM('',(#6860),#6566,#6765);
#240=OVER_RIDING_STYLED_ITEM('',(#6861),#6567,#6765);
#241=OVER_RIDING_STYLED_ITEM('',(#6862),#6568,#6765);
#242=OVER_RIDING_STYLED_ITEM('',(#6863),#6569,#6765);
#243=OVER_RIDING_STYLED_ITEM('',(#6864),#6570,#6765);
#244=OVER_RIDING_STYLED_ITEM('',(#6865),#6571,#6765);
#245=OVER_RIDING_STYLED_ITEM('',(#6866),#6572,#6765);
#246=OVER_RIDING_STYLED_ITEM('',(#6867),#6573,#6765);
#247=OVER_RIDING_STYLED_ITEM('',(#6868),#6574,#6765);
#248=OVER_RIDING_STYLED_ITEM('',(#6869),#6575,#6765);
#249=OVER_RIDING_STYLED_ITEM('',(#6870),#6576,#6765);
#250=OVER_RIDING_STYLED_ITEM('',(#6871),#6577,#6765);
#251=OVER_RIDING_STYLED_ITEM('',(#6872),#6578,#6765);
#252=OVER_RIDING_STYLED_ITEM('',(#6873),#6579,#6765);
#253=OVER_RIDING_STYLED_ITEM('',(#6874),#6580,#6765);
#254=OVER_RIDING_STYLED_ITEM('',(#6875),#6581,#6765);
#255=OVER_RIDING_STYLED_ITEM('',(#6876),#6582,#6765);
#256=OVER_RIDING_STYLED_ITEM('',(#6877),#6583,#6765);
#257=OVER_RIDING_STYLED_ITEM('',(#6878),#6584,#6765);
#258=OVER_RIDING_STYLED_ITEM('',(#6879),#6585,#6765);
#259=OVER_RIDING_STYLED_ITEM('',(#6880),#6586,#6765);
#260=OVER_RIDING_STYLED_ITEM('',(#6881),#6588,#6765);
#261=OVER_RIDING_STYLED_ITEM('',(#6882),#6589,#6765);
#262=OVER_RIDING_STYLED_ITEM('',(#6883),#6590,#6765);
#263=OVER_RIDING_STYLED_ITEM('',(#6884),#6591,#6765);
#264=OVER_RIDING_STYLED_ITEM('',(#6885),#6592,#6765);
#265=OVER_RIDING_STYLED_ITEM('',(#6886),#6593,#6765);
#266=OVER_RIDING_STYLED_ITEM('',(#6887),#6594,#6765);
#267=OVER_RIDING_STYLED_ITEM('',(#6888),#6595,#6765);
#268=OVER_RIDING_STYLED_ITEM('',(#6889),#6596,#6765);
#269=OVER_RIDING_STYLED_ITEM('',(#6890),#6597,#6765);
#270=OVER_RIDING_STYLED_ITEM('',(#6891),#6598,#6765);
#271=OVER_RIDING_STYLED_ITEM('',(#6892),#6599,#6765);
#272=OVER_RIDING_STYLED_ITEM('',(#6893),#6600,#6765);
#273=OVER_RIDING_STYLED_ITEM('',(#6894),#6601,#6765);
#274=OVER_RIDING_STYLED_ITEM('',(#6895),#6602,#6765);
#275=OVER_RIDING_STYLED_ITEM('',(#6896),#6603,#6765);
#276=OVER_RIDING_STYLED_ITEM('',(#6897),#6604,#6765);
#277=OVER_RIDING_STYLED_ITEM('',(#6898),#6605,#6765);
#278=OVER_RIDING_STYLED_ITEM('',(#6899),#6606,#6765);
#279=OVER_RIDING_STYLED_ITEM('',(#6900),#6607,#6765);
#280=OVER_RIDING_STYLED_ITEM('',(#6901),#6608,#6765);
#281=OVER_RIDING_STYLED_ITEM('',(#6902),#6609,#6765);
#282=OVER_RIDING_STYLED_ITEM('',(#6903),#6610,#6765);
#283=OVER_RIDING_STYLED_ITEM('',(#6904),#6611,#6765);
#284=OVER_RIDING_STYLED_ITEM('',(#6905),#6612,#6765);
#285=OVER_RIDING_STYLED_ITEM('',(#6906),#6613,#6765);
#286=OVER_RIDING_STYLED_ITEM('',(#6907),#6614,#6765);
#287=OVER_RIDING_STYLED_ITEM('',(#6908),#6615,#6765);
#288=OVER_RIDING_STYLED_ITEM('',(#6909),#6616,#6765);
#289=OVER_RIDING_STYLED_ITEM('',(#6910),#6617,#6765);
#290=OVER_RIDING_STYLED_ITEM('',(#6911),#6618,#6765);
#291=OVER_RIDING_STYLED_ITEM('',(#6912),#6619,#6765);
#292=OVER_RIDING_STYLED_ITEM('',(#6913),#6620,#6765);
#293=OVER_RIDING_STYLED_ITEM('',(#6914),#6621,#6765);
#294=OVER_RIDING_STYLED_ITEM('',(#6915),#6622,#6765);
#295=OVER_RIDING_STYLED_ITEM('',(#6916),#6623,#6765);
#296=OVER_RIDING_STYLED_ITEM('',(#6917),#6624,#6765);
#297=OVER_RIDING_STYLED_ITEM('',(#6918),#6625,#6765);
#298=OVER_RIDING_STYLED_ITEM('',(#6919),#6626,#6765);
#299=OVER_RIDING_STYLED_ITEM('',(#6920),#6627,#6765);
#300=OVER_RIDING_STYLED_ITEM('',(#6921),#6628,#6765);
#301=OVER_RIDING_STYLED_ITEM('',(#6922),#6629,#6765);
#302=OVER_RIDING_STYLED_ITEM('',(#6923),#6630,#6765);
#303=OVER_RIDING_STYLED_ITEM('',(#6924),#6631,#6765);
#304=OVER_RIDING_STYLED_ITEM('',(#6925),#6632,#6765);
#305=OVER_RIDING_STYLED_ITEM('',(#6926),#6633,#6765);
#306=OVER_RIDING_STYLED_ITEM('',(#6927),#6634,#6765);
#307=OVER_RIDING_STYLED_ITEM('',(#6928),#6635,#6765);
#308=OVER_RIDING_STYLED_ITEM('',(#6929),#6636,#6765);
#309=OVER_RIDING_STYLED_ITEM('',(#6930),#6637,#6765);
#310=OVER_RIDING_STYLED_ITEM('',(#6931),#6638,#6765);
#311=OVER_RIDING_STYLED_ITEM('',(#6932),#6639,#6765);
#312=OVER_RIDING_STYLED_ITEM('',(#6933),#6640,#6765);
#313=OVER_RIDING_STYLED_ITEM('',(#6934),#6641,#6765);
#314=OVER_RIDING_STYLED_ITEM('',(#6935),#6642,#6765);
#315=OVER_RIDING_STYLED_ITEM('',(#6936),#6643,#6765);
#316=OVER_RIDING_STYLED_ITEM('',(#6937),#6644,#6765);
#317=OVER_RIDING_STYLED_ITEM('',(#6938),#6645,#6765);
#318=OVER_RIDING_STYLED_ITEM('',(#6939),#6646,#6765);
#319=OVER_RIDING_STYLED_ITEM('',(#6940),#6647,#6765);
#320=OVER_RIDING_STYLED_ITEM('',(#6941),#6648,#6765);
#321=OVER_RIDING_STYLED_ITEM('',(#6942),#6649,#6765);
#322=OVER_RIDING_STYLED_ITEM('',(#6943),#6650,#6765);
#323=OVER_RIDING_STYLED_ITEM('',(#6944),#6651,#6765);
#324=OVER_RIDING_STYLED_ITEM('',(#6945),#6652,#6765);
#325=OVER_RIDING_STYLED_ITEM('',(#6946),#6653,#6765);
#326=OVER_RIDING_STYLED_ITEM('',(#6947),#6654,#6765);
#327=OVER_RIDING_STYLED_ITEM('',(#6948),#6655,#6765);
#328=OVER_RIDING_STYLED_ITEM('',(#6949),#6656,#6765);
#329=OVER_RIDING_STYLED_ITEM('',(#6950),#6657,#6765);
#330=OVER_RIDING_STYLED_ITEM('',(#6951),#6658,#6765);
#331=OVER_RIDING_STYLED_ITEM('',(#6952),#6659,#6765);
#332=OVER_RIDING_STYLED_ITEM('',(#6953),#6660,#6765);
#333=OVER_RIDING_STYLED_ITEM('',(#6954),#6661,#6765);
#334=OVER_RIDING_STYLED_ITEM('',(#6955),#6662,#6765);
#335=OVER_RIDING_STYLED_ITEM('',(#6956),#6663,#6765);
#336=OVER_RIDING_STYLED_ITEM('',(#6957),#6664,#6765);
#337=OVER_RIDING_STYLED_ITEM('',(#6958),#6666,#6765);
#338=OVER_RIDING_STYLED_ITEM('',(#6959),#6667,#6765);
#339=OVER_RIDING_STYLED_ITEM('',(#6960),#6668,#6765);
#340=OVER_RIDING_STYLED_ITEM('',(#6961),#6669,#6765);
#341=OVER_RIDING_STYLED_ITEM('',(#6962),#6670,#6765);
#342=OVER_RIDING_STYLED_ITEM('',(#6963),#6671,#6765);
#343=OVER_RIDING_STYLED_ITEM('',(#6964),#6672,#6765);
#344=OVER_RIDING_STYLED_ITEM('',(#6965),#6673,#6765);
#345=OVER_RIDING_STYLED_ITEM('',(#6966),#6674,#6765);
#346=OVER_RIDING_STYLED_ITEM('',(#6967),#6675,#6765);
#347=OVER_RIDING_STYLED_ITEM('',(#6968),#6676,#6765);
#348=OVER_RIDING_STYLED_ITEM('',(#6969),#6677,#6765);
#349=OVER_RIDING_STYLED_ITEM('',(#6970),#6678,#6765);
#350=OVER_RIDING_STYLED_ITEM('',(#6971),#6679,#6765);
#351=OVER_RIDING_STYLED_ITEM('',(#6972),#6680,#6765);
#352=OVER_RIDING_STYLED_ITEM('',(#6973),#6681,#6765);
#353=OVER_RIDING_STYLED_ITEM('',(#6974),#6682,#6765);
#354=OVER_RIDING_STYLED_ITEM('',(#6975),#6683,#6765);
#355=OVER_RIDING_STYLED_ITEM('',(#6976),#6684,#6765);
#356=OVER_RIDING_STYLED_ITEM('',(#6977),#6685,#6765);
#357=OVER_RIDING_STYLED_ITEM('',(#6978),#6686,#6765);
#358=OVER_RIDING_STYLED_ITEM('',(#6979),#6687,#6765);
#359=OVER_RIDING_STYLED_ITEM('',(#6980),#6688,#6765);
#360=OVER_RIDING_STYLED_ITEM('',(#6981),#6689,#6765);
#361=OVER_RIDING_STYLED_ITEM('',(#6982),#6690,#6765);
#362=OVER_RIDING_STYLED_ITEM('',(#6983),#6691,#6765);
#363=OVER_RIDING_STYLED_ITEM('',(#6984),#6692,#6765);
#364=OVER_RIDING_STYLED_ITEM('',(#6985),#6693,#6765);
#365=OVER_RIDING_STYLED_ITEM('',(#6986),#6694,#6765);
#366=OVER_RIDING_STYLED_ITEM('',(#6987),#6695,#6765);
#367=OVER_RIDING_STYLED_ITEM('',(#6988),#6696,#6765);
#368=OVER_RIDING_STYLED_ITEM('',(#6989),#6697,#6765);
#369=OVER_RIDING_STYLED_ITEM('',(#6990),#6698,#6765);
#370=OVER_RIDING_STYLED_ITEM('',(#6991),#6699,#6765);
#371=OVER_RIDING_STYLED_ITEM('',(#6992),#6700,#6765);
#372=OVER_RIDING_STYLED_ITEM('',(#6993),#6701,#6765);
#373=OVER_RIDING_STYLED_ITEM('',(#6994),#6702,#6765);
#374=OVER_RIDING_STYLED_ITEM('',(#6995),#6703,#6765);
#375=OVER_RIDING_STYLED_ITEM('',(#6996),#6704,#6765);
#376=OVER_RIDING_STYLED_ITEM('',(#6997),#6705,#6765);
#377=OVER_RIDING_STYLED_ITEM('',(#6998),#6706,#6765);
#378=OVER_RIDING_STYLED_ITEM('',(#6999),#6708,#6765);
#379=OVER_RIDING_STYLED_ITEM('',(#7000),#6709,#6765);
#380=OVER_RIDING_STYLED_ITEM('',(#7001),#6710,#6765);
#381=OVER_RIDING_STYLED_ITEM('',(#7002),#6711,#6765);
#382=OVER_RIDING_STYLED_ITEM('',(#7003),#6712,#6765);
#383=OVER_RIDING_STYLED_ITEM('',(#7004),#6713,#6765);
#384=OVER_RIDING_STYLED_ITEM('',(#7005),#6714,#6765);
#385=OVER_RIDING_STYLED_ITEM('',(#7006),#6715,#6765);
#386=OVER_RIDING_STYLED_ITEM('',(#7007),#6716,#6765);
#387=OVER_RIDING_STYLED_ITEM('',(#7008),#6717,#6765);
#388=OVER_RIDING_STYLED_ITEM('',(#7009),#6718,#6765);
#389=OVER_RIDING_STYLED_ITEM('',(#7010),#6719,#6765);
#390=OVER_RIDING_STYLED_ITEM('',(#7011),#6720,#6765);
#391=OVER_RIDING_STYLED_ITEM('',(#7012),#6721,#6765);
#392=OVER_RIDING_STYLED_ITEM('',(#7013),#6722,#6765);
#393=OVER_RIDING_STYLED_ITEM('',(#7014),#6723,#6765);
#394=OVER_RIDING_STYLED_ITEM('',(#7015),#6724,#6765);
#395=OVER_RIDING_STYLED_ITEM('',(#7016),#6725,#6765);
#396=OVER_RIDING_STYLED_ITEM('',(#7017),#6726,#6765);
#397=OVER_RIDING_STYLED_ITEM('',(#7018),#6727,#6765);
#398=OVER_RIDING_STYLED_ITEM('',(#7019),#6728,#6765);
#399=OVER_RIDING_STYLED_ITEM('',(#7020),#6729,#6765);
#400=OVER_RIDING_STYLED_ITEM('',(#7021),#6730,#6765);
#401=OVER_RIDING_STYLED_ITEM('',(#7022),#6731,#6765);
#402=OVER_RIDING_STYLED_ITEM('',(#7023),#6732,#6765);
#403=OVER_RIDING_STYLED_ITEM('',(#7024),#6733,#6765);
#404=OVER_RIDING_STYLED_ITEM('',(#7025),#6734,#6765);
#405=OVER_RIDING_STYLED_ITEM('',(#7026),#6735,#6765);
#406=OVER_RIDING_STYLED_ITEM('',(#7027),#6736,#6765);
#407=OVER_RIDING_STYLED_ITEM('',(#7028),#6737,#6765);
#408=OVER_RIDING_STYLED_ITEM('',(#7029),#6738,#6765);
#409=OVER_RIDING_STYLED_ITEM('',(#7030),#6739,#6765);
#410=OVER_RIDING_STYLED_ITEM('',(#7031),#6740,#6765);
#411=OVER_RIDING_STYLED_ITEM('',(#7032),#6741,#6765);
#412=OVER_RIDING_STYLED_ITEM('',(#7033),#6742,#6765);
#413=OVER_RIDING_STYLED_ITEM('',(#7034),#6743,#6765);
#414=OVER_RIDING_STYLED_ITEM('',(#7035),#6744,#6765);
#415=OVER_RIDING_STYLED_ITEM('',(#7036),#6745,#6765);
#416=OVER_RIDING_STYLED_ITEM('',(#7037),#6746,#6765);
#417=OVER_RIDING_STYLED_ITEM('',(#7038),#6747,#6765);
#418=OVER_RIDING_STYLED_ITEM('',(#7039),#6748,#6765);
#419=OVER_RIDING_STYLED_ITEM('',(#7040),#6749,#6765);
#420=OVER_RIDING_STYLED_ITEM('',(#7041),#6750,#6765);
#421=OVER_RIDING_STYLED_ITEM('',(#7042),#6751,#6765);
#422=OVER_RIDING_STYLED_ITEM('',(#7043),#6752,#6765);
#423=OVER_RIDING_STYLED_ITEM('',(#7044),#6753,#6765);
#424=OVER_RIDING_STYLED_ITEM('',(#7045),#6754,#6765);
#425=OVER_RIDING_STYLED_ITEM('',(#7046),#6755,#6765);
#426=OVER_RIDING_STYLED_ITEM('',(#7047),#6756,#6765);
#427=OVER_RIDING_STYLED_ITEM('',(#7048),#6757,#6765);
#428=OVER_RIDING_STYLED_ITEM('',(#7049),#6758,#6765);
#429=OVER_RIDING_STYLED_ITEM('',(#7050),#6759,#6765);
#430=OVER_RIDING_STYLED_ITEM('',(#7051),#6760,#6765);
#431=OVER_RIDING_STYLED_ITEM('',(#7052),#6761,#6765);
#432=B_SPLINE_CURVE_WITH_KNOTS('',2,(#10120,#10121,#10122),
 .UNSPECIFIED.,.F.,.F.,(3,3),(0.,1.),.PIECEWISE_BEZIER_KNOTS.);
#433=B_SPLINE_CURVE_WITH_KNOTS('',2,(#10125,#10126,#10127),
 .UNSPECIFIED.,.F.,.F.,(3,3),(0.,1.),.PIECEWISE_BEZIER_KNOTS.);
#434=B_SPLINE_CURVE_WITH_KNOTS('',2,(#10139,#10140,#10141),
 .UNSPECIFIED.,.F.,.F.,(3,3),(0.,1.),.PIECEWISE_BEZIER_KNOTS.);
#435=B_SPLINE_CURVE_WITH_KNOTS('',2,(#10143,#10144,#10145),
 .UNSPECIFIED.,.F.,.F.,(3,3),(0.,1.),.PIECEWISE_BEZIER_KNOTS.);
#436=B_SPLINE_CURVE_WITH_KNOTS('',2,(#10147,#10148,#10149),
 .UNSPECIFIED.,.F.,.F.,(3,3),(0.,1.),.PIECEWISE_BEZIER_KNOTS.);
#437=B_SPLINE_CURVE_WITH_KNOTS('',2,(#10151,#10152,#10153),
 .UNSPECIFIED.,.F.,.F.,(3,3),(0.,1.),.PIECEWISE_BEZIER_KNOTS.);
#438=B_SPLINE_CURVE_WITH_KNOTS('',2,(#10173,#10174,#10175),
 .UNSPECIFIED.,.F.,.F.,(3,3),(0.,1.),.PIECEWISE_BEZIER_KNOTS.);
#439=B_SPLINE_CURVE_WITH_KNOTS('',2,(#10177,#10178,#10179),
 .UNSPECIFIED.,.F.,.F.,(3,3),(0.,1.),.PIECEWISE_BEZIER_KNOTS.);
#440=B_SPLINE_CURVE_WITH_KNOTS('',2,(#10187,#10188,#10189),
 .UNSPECIFIED.,.F.,.F.,(3,3),(0.,1.),.PIECEWISE_BEZIER_KNOTS.);
#441=B_SPLINE_CURVE_WITH_KNOTS('',2,(#10222,#10223,#10224),
 .UNSPECIFIED.,.F.,.F.,(3,3),(0.,1.),.PIECEWISE_BEZIER_KNOTS.);
#442=B_SPLINE_CURVE_WITH_KNOTS('',2,(#10229,#10230,#10231),
 .UNSPECIFIED.,.F.,.F.,(3,3),(0.,1.),.PIECEWISE_BEZIER_KNOTS.);
#443=B_SPLINE_CURVE_WITH_KNOTS('',2,(#10233,#10234,#10235),
 .UNSPECIFIED.,.F.,.F.,(3,3),(0.,1.),.PIECEWISE_BEZIER_KNOTS.);
#444=B_SPLINE_CURVE_WITH_KNOTS('',2,(#10237,#10238,#10239),
 .UNSPECIFIED.,.F.,.F.,(3,3),(0.,1.),.PIECEWISE_BEZIER_KNOTS.);
#445=B_SPLINE_CURVE_WITH_KNOTS('',2,(#10241,#10242,#10243),
 .UNSPECIFIED.,.F.,.F.,(3,3),(0.,1.),.PIECEWISE_BEZIER_KNOTS.);
#446=B_SPLINE_CURVE_WITH_KNOTS('',2,(#10245,#10246,#10247),
 .UNSPECIFIED.,.F.,.F.,(3,3),(0.,1.),.PIECEWISE_BEZIER_KNOTS.);
#447=B_SPLINE_CURVE_WITH_KNOTS('',2,(#10249,#10250,#10251),
 .UNSPECIFIED.,.F.,.F.,(3,3),(0.,1.),.PIECEWISE_BEZIER_KNOTS.);
#448=B_SPLINE_CURVE_WITH_KNOTS('',2,(#10252,#10253,#10254),
 .UNSPECIFIED.,.F.,.F.,(3,3),(0.,1.),.PIECEWISE_BEZIER_KNOTS.);
#449=B_SPLINE_CURVE_WITH_KNOTS('',2,(#10257,#10258,#10259),
 .UNSPECIFIED.,.F.,.F.,(3,3),(0.,1.),.PIECEWISE_BEZIER_KNOTS.);
#450=B_SPLINE_CURVE_WITH_KNOTS('',2,(#10263,#10264,#10265),
 .UNSPECIFIED.,.F.,.F.,(3,3),(0.,1.),.PIECEWISE_BEZIER_KNOTS.);
#451=B_SPLINE_CURVE_WITH_KNOTS('',2,(#10267,#10268,#10269),
 .UNSPECIFIED.,.F.,.F.,(3,3),(0.,1.),.PIECEWISE_BEZIER_KNOTS.);
#452=B_SPLINE_CURVE_WITH_KNOTS('',2,(#10283,#10284,#10285),
 .UNSPECIFIED.,.F.,.F.,(3,3),(0.,1.),.PIECEWISE_BEZIER_KNOTS.);
#453=B_SPLINE_CURVE_WITH_KNOTS('',2,(#10287,#10288,#10289),
 .UNSPECIFIED.,.F.,.F.,(3,3),(0.,1.),.PIECEWISE_BEZIER_KNOTS.);
#454=B_SPLINE_CURVE_WITH_KNOTS('',2,(#10291,#10292,#10293),
 .UNSPECIFIED.,.F.,.F.,(3,3),(0.,1.),.PIECEWISE_BEZIER_KNOTS.);
#455=B_SPLINE_CURVE_WITH_KNOTS('',2,(#10295,#10296,#10297),
 .UNSPECIFIED.,.F.,.F.,(3,3),(0.,1.),.PIECEWISE_BEZIER_KNOTS.);
#456=B_SPLINE_CURVE_WITH_KNOTS('',2,(#10308,#10309,#10310),
 .UNSPECIFIED.,.F.,.F.,(3,3),(0.,1.),.PIECEWISE_BEZIER_KNOTS.);
#457=B_SPLINE_CURVE_WITH_KNOTS('',2,(#10315,#10316,#10317),
 .UNSPECIFIED.,.F.,.F.,(3,3),(0.,1.),.PIECEWISE_BEZIER_KNOTS.);
#458=B_SPLINE_CURVE_WITH_KNOTS('',2,(#10319,#10320,#10321),
 .UNSPECIFIED.,.F.,.F.,(3,3),(0.,1.),.PIECEWISE_BEZIER_KNOTS.);
#459=B_SPLINE_CURVE_WITH_KNOTS('',2,(#10323,#10324,#10325),
 .UNSPECIFIED.,.F.,.F.,(3,3),(0.,1.),.PIECEWISE_BEZIER_KNOTS.);
#460=B_SPLINE_CURVE_WITH_KNOTS('',2,(#10327,#10328,#10329),
 .UNSPECIFIED.,.F.,.F.,(3,3),(0.,1.),.PIECEWISE_BEZIER_KNOTS.);
#461=B_SPLINE_CURVE_WITH_KNOTS('',2,(#10331,#10332,#10333),
 .UNSPECIFIED.,.F.,.F.,(3,3),(0.,1.),.PIECEWISE_BEZIER_KNOTS.);
#462=B_SPLINE_CURVE_WITH_KNOTS('',2,(#10335,#10336,#10337),
 .UNSPECIFIED.,.F.,.F.,(3,3),(0.,1.),.PIECEWISE_BEZIER_KNOTS.);
#463=B_SPLINE_CURVE_WITH_KNOTS('',2,(#10349,#10350,#10351),
 .UNSPECIFIED.,.F.,.F.,(3,3),(0.,1.),.PIECEWISE_BEZIER_KNOTS.);
#464=B_SPLINE_CURVE_WITH_KNOTS('',2,(#10353,#10354,#10355),
 .UNSPECIFIED.,.F.,.F.,(3,3),(0.,1.),.PIECEWISE_BEZIER_KNOTS.);
#465=B_SPLINE_CURVE_WITH_KNOTS('',2,(#10359,#10360,#10361),
 .UNSPECIFIED.,.F.,.F.,(3,3),(0.,1.),.PIECEWISE_BEZIER_KNOTS.);
#466=B_SPLINE_CURVE_WITH_KNOTS('',2,(#10363,#10364,#10365),
 .UNSPECIFIED.,.F.,.F.,(3,3),(0.,1.),.PIECEWISE_BEZIER_KNOTS.);
#467=B_SPLINE_CURVE_WITH_KNOTS('',2,(#10384,#10385,#10386),
 .UNSPECIFIED.,.F.,.F.,(3,3),(0.,1.),.PIECEWISE_BEZIER_KNOTS.);
#468=B_SPLINE_CURVE_WITH_KNOTS('',2,(#10388,#10389,#10390),
 .UNSPECIFIED.,.F.,.F.,(3,3),(0.,1.),.PIECEWISE_BEZIER_KNOTS.);
#469=B_SPLINE_CURVE_WITH_KNOTS('',2,(#10402,#10403,#10404),
 .UNSPECIFIED.,.F.,.F.,(3,3),(0.,1.),.PIECEWISE_BEZIER_KNOTS.);
#470=B_SPLINE_CURVE_WITH_KNOTS('',2,(#10406,#10407,#10408),
 .UNSPECIFIED.,.F.,.F.,(3,3),(0.,1.),.PIECEWISE_BEZIER_KNOTS.);
#471=B_SPLINE_CURVE_WITH_KNOTS('',2,(#10410,#10411,#10412),
 .UNSPECIFIED.,.F.,.F.,(3,3),(0.,1.),.PIECEWISE_BEZIER_KNOTS.);
#472=B_SPLINE_CURVE_WITH_KNOTS('',2,(#10414,#10415,#10416),
 .UNSPECIFIED.,.F.,.F.,(3,3),(0.,1.),.PIECEWISE_BEZIER_KNOTS.);
#473=B_SPLINE_CURVE_WITH_KNOTS('',2,(#10430,#10431,#10432),
 .UNSPECIFIED.,.F.,.F.,(3,3),(0.,1.),.PIECEWISE_BEZIER_KNOTS.);
#474=B_SPLINE_CURVE_WITH_KNOTS('',2,(#10433,#10434,#10435),
 .UNSPECIFIED.,.F.,.F.,(3,3),(0.,1.),.PIECEWISE_BEZIER_KNOTS.);
#475=B_SPLINE_CURVE_WITH_KNOTS('',2,(#10438,#10439,#10440),
 .UNSPECIFIED.,.F.,.F.,(3,3),(0.,1.),.PIECEWISE_BEZIER_KNOTS.);
#476=B_SPLINE_CURVE_WITH_KNOTS('',2,(#10442,#10443,#10444),
 .UNSPECIFIED.,.F.,.F.,(3,3),(0.,1.),.PIECEWISE_BEZIER_KNOTS.);
#477=B_SPLINE_CURVE_WITH_KNOTS('',2,(#10452,#10453,#10454),
 .UNSPECIFIED.,.F.,.F.,(3,3),(0.,1.),.PIECEWISE_BEZIER_KNOTS.);
#478=B_SPLINE_CURVE_WITH_KNOTS('',2,(#10456,#10457,#10458),
 .UNSPECIFIED.,.F.,.F.,(3,3),(0.,1.),.PIECEWISE_BEZIER_KNOTS.);
#479=B_SPLINE_CURVE_WITH_KNOTS('',2,(#10460,#10461,#10462),
 .UNSPECIFIED.,.F.,.F.,(3,3),(0.,1.),.PIECEWISE_BEZIER_KNOTS.);
#480=B_SPLINE_CURVE_WITH_KNOTS('',2,(#10464,#10465,#10466),
 .UNSPECIFIED.,.F.,.F.,(3,3),(0.,1.),.PIECEWISE_BEZIER_KNOTS.);
#481=B_SPLINE_CURVE_WITH_KNOTS('',2,(#10468,#10469,#10470),
 .UNSPECIFIED.,.F.,.F.,(3,3),(0.,1.),.PIECEWISE_BEZIER_KNOTS.);
#482=B_SPLINE_CURVE_WITH_KNOTS('',2,(#10472,#10473,#10474),
 .UNSPECIFIED.,.F.,.F.,(3,3),(0.,1.),.PIECEWISE_BEZIER_KNOTS.);
#483=B_SPLINE_CURVE_WITH_KNOTS('',2,(#10476,#10477,#10478),
 .UNSPECIFIED.,.F.,.F.,(3,3),(0.,1.),.PIECEWISE_BEZIER_KNOTS.);
#484=B_SPLINE_CURVE_WITH_KNOTS('',2,(#10482,#10483,#10484),
 .UNSPECIFIED.,.F.,.F.,(3,3),(0.,1.),.PIECEWISE_BEZIER_KNOTS.);
#485=B_SPLINE_CURVE_WITH_KNOTS('',2,(#10488,#10489,#10490),
 .UNSPECIFIED.,.F.,.F.,(3,3),(0.,1.),.PIECEWISE_BEZIER_KNOTS.);
#486=B_SPLINE_CURVE_WITH_KNOTS('',2,(#10492,#10493,#10494),
 .UNSPECIFIED.,.F.,.F.,(3,3),(0.,1.),.PIECEWISE_BEZIER_KNOTS.);
#487=B_SPLINE_CURVE_WITH_KNOTS('',2,(#10496,#10497,#10498),
 .UNSPECIFIED.,.F.,.F.,(3,3),(0.,1.),.PIECEWISE_BEZIER_KNOTS.);
#488=B_SPLINE_CURVE_WITH_KNOTS('',2,(#10500,#10501,#10502),
 .UNSPECIFIED.,.F.,.F.,(3,3),(0.,1.),.PIECEWISE_BEZIER_KNOTS.);
#489=B_SPLINE_CURVE_WITH_KNOTS('',2,(#10510,#10511,#10512),
 .UNSPECIFIED.,.F.,.F.,(3,3),(0.,1.),.PIECEWISE_BEZIER_KNOTS.);
#490=B_SPLINE_CURVE_WITH_KNOTS('',2,(#10514,#10515,#10516),
 .UNSPECIFIED.,.F.,.F.,(3,3),(0.,1.),.PIECEWISE_BEZIER_KNOTS.);
#491=B_SPLINE_CURVE_WITH_KNOTS('',2,(#10518,#10519,#10520),
 .UNSPECIFIED.,.F.,.F.,(3,3),(0.,1.),.PIECEWISE_BEZIER_KNOTS.);
#492=B_SPLINE_CURVE_WITH_KNOTS('',2,(#10522,#10523,#10524),
 .UNSPECIFIED.,.F.,.F.,(3,3),(0.,1.),.PIECEWISE_BEZIER_KNOTS.);
#493=B_SPLINE_CURVE_WITH_KNOTS('',2,(#10526,#10527,#10528),
 .UNSPECIFIED.,.F.,.F.,(3,3),(0.,1.),.PIECEWISE_BEZIER_KNOTS.);
#494=B_SPLINE_CURVE_WITH_KNOTS('',2,(#10530,#10531,#10532),
 .UNSPECIFIED.,.F.,.F.,(3,3),(0.,1.),.PIECEWISE_BEZIER_KNOTS.);
#495=B_SPLINE_CURVE_WITH_KNOTS('',2,(#10534,#10535,#10536),
 .UNSPECIFIED.,.F.,.F.,(3,3),(0.,1.),.PIECEWISE_BEZIER_KNOTS.);
#496=B_SPLINE_CURVE_WITH_KNOTS('',2,(#10540,#10541,#10542),
 .UNSPECIFIED.,.F.,.F.,(3,3),(0.,1.),.PIECEWISE_BEZIER_KNOTS.);
#497=B_SPLINE_CURVE_WITH_KNOTS('',2,(#10544,#10545,#10546),
 .UNSPECIFIED.,.F.,.F.,(3,3),(0.,1.),.PIECEWISE_BEZIER_KNOTS.);
#498=B_SPLINE_CURVE_WITH_KNOTS('',2,(#10548,#10549,#10550),
 .UNSPECIFIED.,.F.,.F.,(3,3),(0.,1.),.PIECEWISE_BEZIER_KNOTS.);
#499=B_SPLINE_CURVE_WITH_KNOTS('',2,(#10554,#10555,#10556),
 .UNSPECIFIED.,.F.,.F.,(3,3),(0.,1.),.PIECEWISE_BEZIER_KNOTS.);
#500=B_SPLINE_CURVE_WITH_KNOTS('',2,(#10558,#10559,#10560),
 .UNSPECIFIED.,.F.,.F.,(3,3),(0.,1.),.PIECEWISE_BEZIER_KNOTS.);
#501=B_SPLINE_CURVE_WITH_KNOTS('',2,(#10564,#10565,#10566),
 .UNSPECIFIED.,.F.,.F.,(3,3),(0.,1.),.PIECEWISE_BEZIER_KNOTS.);
#502=B_SPLINE_CURVE_WITH_KNOTS('',2,(#10568,#10569,#10570),
 .UNSPECIFIED.,.F.,.F.,(3,3),(0.,1.),.PIECEWISE_BEZIER_KNOTS.);
#503=B_SPLINE_CURVE_WITH_KNOTS('',2,(#10582,#10583,#10584),
 .UNSPECIFIED.,.F.,.F.,(3,3),(0.,1.),.PIECEWISE_BEZIER_KNOTS.);
#504=B_SPLINE_CURVE_WITH_KNOTS('',2,(#10586,#10587,#10588),
 .UNSPECIFIED.,.F.,.F.,(3,3),(0.,1.),.PIECEWISE_BEZIER_KNOTS.);
#505=B_SPLINE_CURVE_WITH_KNOTS('',2,(#10590,#10591,#10592),
 .UNSPECIFIED.,.F.,.F.,(3,3),(0.,1.),.PIECEWISE_BEZIER_KNOTS.);
#506=B_SPLINE_CURVE_WITH_KNOTS('',2,(#10594,#10595,#10596),
 .UNSPECIFIED.,.F.,.F.,(3,3),(0.,1.),.PIECEWISE_BEZIER_KNOTS.);
#507=B_SPLINE_CURVE_WITH_KNOTS('',2,(#10598,#10599,#10600),
 .UNSPECIFIED.,.F.,.F.,(3,3),(0.,1.),.PIECEWISE_BEZIER_KNOTS.);
#508=B_SPLINE_CURVE_WITH_KNOTS('',2,(#10628,#10629,#10630),
 .UNSPECIFIED.,.F.,.F.,(3,3),(0.,1.),.PIECEWISE_BEZIER_KNOTS.);
#509=B_SPLINE_CURVE_WITH_KNOTS('',2,(#10633,#10634,#10635),
 .UNSPECIFIED.,.F.,.F.,(3,3),(0.,1.),.PIECEWISE_BEZIER_KNOTS.);
#510=B_SPLINE_CURVE_WITH_KNOTS('',2,(#10637,#10638,#10639),
 .UNSPECIFIED.,.F.,.F.,(3,3),(0.,1.),.PIECEWISE_BEZIER_KNOTS.);
#511=B_SPLINE_CURVE_WITH_KNOTS('',2,(#10649,#10650,#10651),
 .UNSPECIFIED.,.F.,.F.,(3,3),(0.,1.),.PIECEWISE_BEZIER_KNOTS.);
#512=B_SPLINE_CURVE_WITH_KNOTS('',2,(#10653,#10654,#10655),
 .UNSPECIFIED.,.F.,.F.,(3,3),(0.,1.),.PIECEWISE_BEZIER_KNOTS.);
#513=B_SPLINE_CURVE_WITH_KNOTS('',2,(#10657,#10658,#10659),
 .UNSPECIFIED.,.F.,.F.,(3,3),(0.,1.),.PIECEWISE_BEZIER_KNOTS.);
#514=B_SPLINE_CURVE_WITH_KNOTS('',2,(#10663,#10664,#10665),
 .UNSPECIFIED.,.F.,.F.,(3,3),(0.,1.),.PIECEWISE_BEZIER_KNOTS.);
#515=B_SPLINE_CURVE_WITH_KNOTS('',2,(#10667,#10668,#10669),
 .UNSPECIFIED.,.F.,.F.,(3,3),(0.,1.),.PIECEWISE_BEZIER_KNOTS.);
#516=B_SPLINE_CURVE_WITH_KNOTS('',2,(#10671,#10672,#10673),
 .UNSPECIFIED.,.F.,.F.,(3,3),(0.,1.),.PIECEWISE_BEZIER_KNOTS.);
#517=B_SPLINE_CURVE_WITH_KNOTS('',2,(#10675,#10676,#10677),
 .UNSPECIFIED.,.F.,.F.,(3,3),(0.,1.),.PIECEWISE_BEZIER_KNOTS.);
#518=B_SPLINE_CURVE_WITH_KNOTS('',2,(#10681,#10682,#10683),
 .UNSPECIFIED.,.F.,.F.,(3,3),(0.,1.),.PIECEWISE_BEZIER_KNOTS.);
#519=B_SPLINE_CURVE_WITH_KNOTS('',2,(#10702,#10703,#10704),
 .UNSPECIFIED.,.F.,.F.,(3,3),(0.,1.),.PIECEWISE_BEZIER_KNOTS.);
#520=B_SPLINE_CURVE_WITH_KNOTS('',2,(#10707,#10708,#10709),
 .UNSPECIFIED.,.F.,.F.,(3,3),(0.,1.),.PIECEWISE_BEZIER_KNOTS.);
#521=B_SPLINE_CURVE_WITH_KNOTS('',2,(#10711,#10712,#10713),
 .UNSPECIFIED.,.F.,.F.,(3,3),(0.,1.),.PIECEWISE_BEZIER_KNOTS.);
#522=B_SPLINE_CURVE_WITH_KNOTS('',2,(#10719,#10720,#10721),
 .UNSPECIFIED.,.F.,.F.,(3,3),(0.,1.),.PIECEWISE_BEZIER_KNOTS.);
#523=B_SPLINE_CURVE_WITH_KNOTS('',2,(#10723,#10724,#10725),
 .UNSPECIFIED.,.F.,.F.,(3,3),(0.,1.),.PIECEWISE_BEZIER_KNOTS.);
#524=B_SPLINE_CURVE_WITH_KNOTS('',2,(#10727,#10728,#10729),
 .UNSPECIFIED.,.F.,.F.,(3,3),(0.,1.),.PIECEWISE_BEZIER_KNOTS.);
#525=B_SPLINE_CURVE_WITH_KNOTS('',2,(#10731,#10732,#10733),
 .UNSPECIFIED.,.F.,.F.,(3,3),(0.,1.),.PIECEWISE_BEZIER_KNOTS.);
#526=B_SPLINE_CURVE_WITH_KNOTS('',2,(#10735,#10736,#10737),
 .UNSPECIFIED.,.F.,.F.,(3,3),(0.,1.),.PIECEWISE_BEZIER_KNOTS.);
#527=B_SPLINE_CURVE_WITH_KNOTS('',2,(#10739,#10740,#10741),
 .UNSPECIFIED.,.F.,.F.,(3,3),(0.,1.),.PIECEWISE_BEZIER_KNOTS.);
#528=B_SPLINE_CURVE_WITH_KNOTS('',2,(#10743,#10744,#10745),
 .UNSPECIFIED.,.F.,.F.,(3,3),(0.,1.),.PIECEWISE_BEZIER_KNOTS.);
#529=B_SPLINE_CURVE_WITH_KNOTS('',2,(#10749,#10750,#10751),
 .UNSPECIFIED.,.F.,.F.,(3,3),(0.,1.),.PIECEWISE_BEZIER_KNOTS.);
#530=B_SPLINE_CURVE_WITH_KNOTS('',2,(#10753,#10754,#10755),
 .UNSPECIFIED.,.F.,.F.,(3,3),(0.,1.),.PIECEWISE_BEZIER_KNOTS.);
#531=B_SPLINE_CURVE_WITH_KNOTS('',2,(#10757,#10758,#10759),
 .UNSPECIFIED.,.F.,.F.,(3,3),(0.,1.),.PIECEWISE_BEZIER_KNOTS.);
#532=B_SPLINE_CURVE_WITH_KNOTS('',2,(#10761,#10762,#10763),
 .UNSPECIFIED.,.F.,.F.,(3,3),(0.,1.),.PIECEWISE_BEZIER_KNOTS.);
#533=B_SPLINE_CURVE_WITH_KNOTS('',2,(#10765,#10766,#10767),
 .UNSPECIFIED.,.F.,.F.,(3,3),(0.,1.),.PIECEWISE_BEZIER_KNOTS.);
#534=B_SPLINE_CURVE_WITH_KNOTS('',2,(#10769,#10770,#10771),
 .UNSPECIFIED.,.F.,.F.,(3,3),(0.,1.),.PIECEWISE_BEZIER_KNOTS.);
#535=B_SPLINE_CURVE_WITH_KNOTS('',2,(#10773,#10774,#10775),
 .UNSPECIFIED.,.F.,.F.,(3,3),(0.,1.),.PIECEWISE_BEZIER_KNOTS.);
#536=B_SPLINE_CURVE_WITH_KNOTS('',2,(#10783,#10784,#10785),
 .UNSPECIFIED.,.F.,.F.,(3,3),(0.,1.),.PIECEWISE_BEZIER_KNOTS.);
#537=B_SPLINE_CURVE_WITH_KNOTS('',2,(#10787,#10788,#10789),
 .UNSPECIFIED.,.F.,.F.,(3,3),(0.,1.),.PIECEWISE_BEZIER_KNOTS.);
#538=B_SPLINE_CURVE_WITH_KNOTS('',2,(#10791,#10792,#10793),
 .UNSPECIFIED.,.F.,.F.,(3,3),(0.,1.),.PIECEWISE_BEZIER_KNOTS.);
#539=B_SPLINE_CURVE_WITH_KNOTS('',2,(#10795,#10796,#10797),
 .UNSPECIFIED.,.F.,.F.,(3,3),(0.,1.),.PIECEWISE_BEZIER_KNOTS.);
#540=B_SPLINE_CURVE_WITH_KNOTS('',2,(#10799,#10800,#10801),
 .UNSPECIFIED.,.F.,.F.,(3,3),(0.,1.),.PIECEWISE_BEZIER_KNOTS.);
#541=B_SPLINE_CURVE_WITH_KNOTS('',2,(#10803,#10804,#10805),
 .UNSPECIFIED.,.F.,.F.,(3,3),(0.,1.),.PIECEWISE_BEZIER_KNOTS.);
#542=B_SPLINE_CURVE_WITH_KNOTS('',2,(#10807,#10808,#10809),
 .UNSPECIFIED.,.F.,.F.,(3,3),(0.,1.),.PIECEWISE_BEZIER_KNOTS.);
#543=B_SPLINE_CURVE_WITH_KNOTS('',2,(#10813,#10814,#10815),
 .UNSPECIFIED.,.F.,.F.,(3,3),(0.,1.),.PIECEWISE_BEZIER_KNOTS.);
#544=B_SPLINE_CURVE_WITH_KNOTS('',2,(#10817,#10818,#10819),
 .UNSPECIFIED.,.F.,.F.,(3,3),(0.,1.),.PIECEWISE_BEZIER_KNOTS.);
#545=B_SPLINE_CURVE_WITH_KNOTS('',2,(#10821,#10822,#10823),
 .UNSPECIFIED.,.F.,.F.,(3,3),(0.,1.),.PIECEWISE_BEZIER_KNOTS.);
#546=B_SPLINE_CURVE_WITH_KNOTS('',2,(#11020,#11021,#11022),
 .UNSPECIFIED.,.F.,.F.,(3,3),(0.,1.),.PIECEWISE_BEZIER_KNOTS.);
#547=B_SPLINE_CURVE_WITH_KNOTS('',2,(#11026,#11027,#11028),
 .UNSPECIFIED.,.F.,.F.,(3,3),(0.,1.),.PIECEWISE_BEZIER_KNOTS.);
#548=B_SPLINE_CURVE_WITH_KNOTS('',2,(#11043,#11044,#11045),
 .UNSPECIFIED.,.F.,.F.,(3,3),(0.,1.),.PIECEWISE_BEZIER_KNOTS.);
#549=B_SPLINE_CURVE_WITH_KNOTS('',2,(#11049,#11050,#11051),
 .UNSPECIFIED.,.F.,.F.,(3,3),(0.,1.),.PIECEWISE_BEZIER_KNOTS.);
#550=B_SPLINE_CURVE_WITH_KNOTS('',2,(#11062,#11063,#11064),
 .UNSPECIFIED.,.F.,.F.,(3,3),(0.,1.),.PIECEWISE_BEZIER_KNOTS.);
#551=B_SPLINE_CURVE_WITH_KNOTS('',2,(#11077,#11078,#11079),
 .UNSPECIFIED.,.F.,.F.,(3,3),(0.,1.),.PIECEWISE_BEZIER_KNOTS.);
#552=B_SPLINE_CURVE_WITH_KNOTS('',2,(#11094,#11095,#11096),
 .UNSPECIFIED.,.F.,.F.,(3,3),(0.,1.),.PIECEWISE_BEZIER_KNOTS.);
#553=B_SPLINE_CURVE_WITH_KNOTS('',2,(#11111,#11112,#11113),
 .UNSPECIFIED.,.F.,.F.,(3,3),(0.,1.),.PIECEWISE_BEZIER_KNOTS.);
#554=B_SPLINE_CURVE_WITH_KNOTS('',2,(#11124,#11125,#11126),
 .UNSPECIFIED.,.F.,.F.,(3,3),(0.,1.),.PIECEWISE_BEZIER_KNOTS.);
#555=B_SPLINE_CURVE_WITH_KNOTS('',2,(#11137,#11138,#11139),
 .UNSPECIFIED.,.F.,.F.,(3,3),(0.,1.),.PIECEWISE_BEZIER_KNOTS.);
#556=B_SPLINE_CURVE_WITH_KNOTS('',2,(#11150,#11151,#11152),
 .UNSPECIFIED.,.F.,.F.,(3,3),(0.,1.),.PIECEWISE_BEZIER_KNOTS.);
#557=B_SPLINE_CURVE_WITH_KNOTS('',2,(#11167,#11168,#11169),
 .UNSPECIFIED.,.F.,.F.,(3,3),(0.,1.),.PIECEWISE_BEZIER_KNOTS.);
#558=B_SPLINE_CURVE_WITH_KNOTS('',2,(#11180,#11181,#11182),
 .UNSPECIFIED.,.F.,.F.,(3,3),(0.,1.),.PIECEWISE_BEZIER_KNOTS.);
#559=B_SPLINE_CURVE_WITH_KNOTS('',2,(#11193,#11194,#11195),
 .UNSPECIFIED.,.F.,.F.,(3,3),(0.,1.),.PIECEWISE_BEZIER_KNOTS.);
#560=B_SPLINE_CURVE_WITH_KNOTS('',2,(#11220,#11221,#11222),
 .UNSPECIFIED.,.F.,.F.,(3,3),(0.,1.),.PIECEWISE_BEZIER_KNOTS.);
#561=B_SPLINE_CURVE_WITH_KNOTS('',2,(#11231,#11232,#11233),
 .UNSPECIFIED.,.F.,.F.,(3,3),(0.,1.),.PIECEWISE_BEZIER_KNOTS.);
#562=B_SPLINE_CURVE_WITH_KNOTS('',2,(#11234,#11235,#11236),
 .UNSPECIFIED.,.F.,.F.,(3,3),(0.,1.),.PIECEWISE_BEZIER_KNOTS.);
#563=B_SPLINE_CURVE_WITH_KNOTS('',2,(#11282,#11283,#11284),
 .UNSPECIFIED.,.F.,.F.,(3,3),(0.,1.),.PIECEWISE_BEZIER_KNOTS.);
#564=B_SPLINE_CURVE_WITH_KNOTS('',2,(#11297,#11298,#11299),
 .UNSPECIFIED.,.F.,.F.,(3,3),(0.,1.),.PIECEWISE_BEZIER_KNOTS.);
#565=B_SPLINE_CURVE_WITH_KNOTS('',2,(#11310,#11311,#11312),
 .UNSPECIFIED.,.F.,.F.,(3,3),(0.,1.),.PIECEWISE_BEZIER_KNOTS.);
#566=B_SPLINE_CURVE_WITH_KNOTS('',2,(#11323,#11324,#11325),
 .UNSPECIFIED.,.F.,.F.,(3,3),(0.,1.),.PIECEWISE_BEZIER_KNOTS.);
#567=B_SPLINE_CURVE_WITH_KNOTS('',2,(#11336,#11337,#11338),
 .UNSPECIFIED.,.F.,.F.,(3,3),(0.,1.),.PIECEWISE_BEZIER_KNOTS.);
#568=B_SPLINE_CURVE_WITH_KNOTS('',2,(#11353,#11354,#11355),
 .UNSPECIFIED.,.F.,.F.,(3,3),(0.,1.),.PIECEWISE_BEZIER_KNOTS.);
#569=B_SPLINE_CURVE_WITH_KNOTS('',2,(#11366,#11367,#11368),
 .UNSPECIFIED.,.F.,.F.,(3,3),(0.,1.),.PIECEWISE_BEZIER_KNOTS.);
#570=B_SPLINE_CURVE_WITH_KNOTS('',2,(#11379,#11380,#11381),
 .UNSPECIFIED.,.F.,.F.,(3,3),(0.,1.),.PIECEWISE_BEZIER_KNOTS.);
#571=B_SPLINE_CURVE_WITH_KNOTS('',2,(#11392,#11393,#11394),
 .UNSPECIFIED.,.F.,.F.,(3,3),(0.,1.),.PIECEWISE_BEZIER_KNOTS.);
#572=B_SPLINE_CURVE_WITH_KNOTS('',2,(#11405,#11406,#11407),
 .UNSPECIFIED.,.F.,.F.,(3,3),(0.,1.),.PIECEWISE_BEZIER_KNOTS.);
#573=B_SPLINE_CURVE_WITH_KNOTS('',2,(#11418,#11419,#11420),
 .UNSPECIFIED.,.F.,.F.,(3,3),(0.,1.),.PIECEWISE_BEZIER_KNOTS.);
#574=B_SPLINE_CURVE_WITH_KNOTS('',2,(#11431,#11432,#11433),
 .UNSPECIFIED.,.F.,.F.,(3,3),(0.,1.),.PIECEWISE_BEZIER_KNOTS.);
#575=B_SPLINE_CURVE_WITH_KNOTS('',2,(#11456,#11457,#11458),
 .UNSPECIFIED.,.F.,.F.,(3,3),(0.,1.),.PIECEWISE_BEZIER_KNOTS.);
#576=B_SPLINE_CURVE_WITH_KNOTS('',2,(#11469,#11470,#11471),
 .UNSPECIFIED.,.F.,.F.,(3,3),(0.,1.),.PIECEWISE_BEZIER_KNOTS.);
#577=B_SPLINE_CURVE_WITH_KNOTS('',2,(#11482,#11483,#11484),
 .UNSPECIFIED.,.F.,.F.,(3,3),(0.,1.),.PIECEWISE_BEZIER_KNOTS.);
#578=B_SPLINE_CURVE_WITH_KNOTS('',2,(#11495,#11496,#11497),
 .UNSPECIFIED.,.F.,.F.,(3,3),(0.,1.),.PIECEWISE_BEZIER_KNOTS.);
#579=B_SPLINE_CURVE_WITH_KNOTS('',2,(#11508,#11509,#11510),
 .UNSPECIFIED.,.F.,.F.,(3,3),(0.,1.),.PIECEWISE_BEZIER_KNOTS.);
#580=B_SPLINE_CURVE_WITH_KNOTS('',2,(#11521,#11522,#11523),
 .UNSPECIFIED.,.F.,.F.,(3,3),(0.,1.),.PIECEWISE_BEZIER_KNOTS.);
#581=B_SPLINE_CURVE_WITH_KNOTS('',2,(#11534,#11535,#11536),
 .UNSPECIFIED.,.F.,.F.,(3,3),(0.,1.),.PIECEWISE_BEZIER_KNOTS.);
#582=B_SPLINE_CURVE_WITH_KNOTS('',2,(#11551,#11552,#11553),
 .UNSPECIFIED.,.F.,.F.,(3,3),(0.,1.),.PIECEWISE_BEZIER_KNOTS.);
#583=B_SPLINE_CURVE_WITH_KNOTS('',2,(#11564,#11565,#11566),
 .UNSPECIFIED.,.F.,.F.,(3,3),(0.,1.),.PIECEWISE_BEZIER_KNOTS.);
#584=B_SPLINE_CURVE_WITH_KNOTS('',2,(#11577,#11578,#11579),
 .UNSPECIFIED.,.F.,.F.,(3,3),(0.,1.),.PIECEWISE_BEZIER_KNOTS.);
#585=B_SPLINE_CURVE_WITH_KNOTS('',2,(#11590,#11591,#11592),
 .UNSPECIFIED.,.F.,.F.,(3,3),(0.,1.),.PIECEWISE_BEZIER_KNOTS.);
#586=B_SPLINE_CURVE_WITH_KNOTS('',2,(#11603,#11604,#11605),
 .UNSPECIFIED.,.F.,.F.,(3,3),(0.,1.),.PIECEWISE_BEZIER_KNOTS.);
#587=B_SPLINE_CURVE_WITH_KNOTS('',2,(#11616,#11617,#11618),
 .UNSPECIFIED.,.F.,.F.,(3,3),(0.,1.),.PIECEWISE_BEZIER_KNOTS.);
#588=B_SPLINE_CURVE_WITH_KNOTS('',2,(#11629,#11630,#11631),
 .UNSPECIFIED.,.F.,.F.,(3,3),(0.,1.),.PIECEWISE_BEZIER_KNOTS.);
#589=B_SPLINE_CURVE_WITH_KNOTS('',2,(#11648,#11649,#11650),
 .UNSPECIFIED.,.F.,.F.,(3,3),(0.,1.),.PIECEWISE_BEZIER_KNOTS.);
#590=B_SPLINE_CURVE_WITH_KNOTS('',2,(#11686,#11687,#11688),
 .UNSPECIFIED.,.F.,.F.,(3,3),(0.,1.),.PIECEWISE_BEZIER_KNOTS.);
#591=B_SPLINE_CURVE_WITH_KNOTS('',2,(#11692,#11693,#11694),
 .UNSPECIFIED.,.F.,.F.,(3,3),(0.,1.),.PIECEWISE_BEZIER_KNOTS.);
#592=B_SPLINE_CURVE_WITH_KNOTS('',2,(#11703,#11704,#11705),
 .UNSPECIFIED.,.F.,.F.,(3,3),(0.,1.),.PIECEWISE_BEZIER_KNOTS.);
#593=B_SPLINE_CURVE_WITH_KNOTS('',2,(#11709,#11710,#11711),
 .UNSPECIFIED.,.F.,.F.,(3,3),(0.,1.),.PIECEWISE_BEZIER_KNOTS.);
#594=B_SPLINE_CURVE_WITH_KNOTS('',2,(#11720,#11721,#11722),
 .UNSPECIFIED.,.F.,.F.,(3,3),(0.,1.),.PIECEWISE_BEZIER_KNOTS.);
#595=B_SPLINE_CURVE_WITH_KNOTS('',2,(#11726,#11727,#11728),
 .UNSPECIFIED.,.F.,.F.,(3,3),(0.,1.),.PIECEWISE_BEZIER_KNOTS.);
#596=B_SPLINE_CURVE_WITH_KNOTS('',2,(#11737,#11738,#11739),
 .UNSPECIFIED.,.F.,.F.,(3,3),(0.,1.),.PIECEWISE_BEZIER_KNOTS.);
#597=B_SPLINE_CURVE_WITH_KNOTS('',2,(#11743,#11744,#11745),
 .UNSPECIFIED.,.F.,.F.,(3,3),(0.,1.),.PIECEWISE_BEZIER_KNOTS.);
#598=B_SPLINE_CURVE_WITH_KNOTS('',2,(#11760,#11761,#11762),
 .UNSPECIFIED.,.F.,.F.,(3,3),(0.,1.),.PIECEWISE_BEZIER_KNOTS.);
#599=B_SPLINE_CURVE_WITH_KNOTS('',2,(#11766,#11767,#11768),
 .UNSPECIFIED.,.F.,.F.,(3,3),(0.,1.),.PIECEWISE_BEZIER_KNOTS.);
#600=B_SPLINE_CURVE_WITH_KNOTS('',2,(#11777,#11778,#11779),
 .UNSPECIFIED.,.F.,.F.,(3,3),(0.,1.),.PIECEWISE_BEZIER_KNOTS.);
#601=B_SPLINE_CURVE_WITH_KNOTS('',2,(#11783,#11784,#11785),
 .UNSPECIFIED.,.F.,.F.,(3,3),(0.,1.),.PIECEWISE_BEZIER_KNOTS.);
#602=B_SPLINE_CURVE_WITH_KNOTS('',2,(#11794,#11795,#11796),
 .UNSPECIFIED.,.F.,.F.,(3,3),(0.,1.),.PIECEWISE_BEZIER_KNOTS.);
#603=B_SPLINE_CURVE_WITH_KNOTS('',2,(#11800,#11801,#11802),
 .UNSPECIFIED.,.F.,.F.,(3,3),(0.,1.),.PIECEWISE_BEZIER_KNOTS.);
#604=B_SPLINE_CURVE_WITH_KNOTS('',2,(#11813,#11814,#11815),
 .UNSPECIFIED.,.F.,.F.,(3,3),(0.,1.),.PIECEWISE_BEZIER_KNOTS.);
#605=B_SPLINE_CURVE_WITH_KNOTS('',2,(#11832,#11833,#11834),
 .UNSPECIFIED.,.F.,.F.,(3,3),(0.,1.),.PIECEWISE_BEZIER_KNOTS.);
#606=B_SPLINE_CURVE_WITH_KNOTS('',2,(#11845,#11846,#11847),
 .UNSPECIFIED.,.F.,.F.,(3,3),(0.,1.),.PIECEWISE_BEZIER_KNOTS.);
#607=B_SPLINE_CURVE_WITH_KNOTS('',2,(#11858,#11859,#11860),
 .UNSPECIFIED.,.F.,.F.,(3,3),(0.,1.),.PIECEWISE_BEZIER_KNOTS.);
#608=B_SPLINE_CURVE_WITH_KNOTS('',2,(#11871,#11872,#11873),
 .UNSPECIFIED.,.F.,.F.,(3,3),(0.,1.),.PIECEWISE_BEZIER_KNOTS.);
#609=B_SPLINE_CURVE_WITH_KNOTS('',2,(#11884,#11885,#11886),
 .UNSPECIFIED.,.F.,.F.,(3,3),(0.,1.),.PIECEWISE_BEZIER_KNOTS.);
#610=B_SPLINE_CURVE_WITH_KNOTS('',2,(#11917,#11918,#11919),
 .UNSPECIFIED.,.F.,.F.,(3,3),(0.,1.),.PIECEWISE_BEZIER_KNOTS.);
#611=B_SPLINE_CURVE_WITH_KNOTS('',2,(#11930,#11931,#11932),
 .UNSPECIFIED.,.F.,.F.,(3,3),(0.,1.),.PIECEWISE_BEZIER_KNOTS.);
#612=B_SPLINE_CURVE_WITH_KNOTS('',2,(#11945,#11946,#11947),
 .UNSPECIFIED.,.F.,.F.,(3,3),(0.,1.),.PIECEWISE_BEZIER_KNOTS.);
#613=B_SPLINE_CURVE_WITH_KNOTS('',2,(#11956,#11957,#11958),
 .UNSPECIFIED.,.F.,.F.,(3,3),(0.,1.),.PIECEWISE_BEZIER_KNOTS.);
#614=B_SPLINE_CURVE_WITH_KNOTS('',2,(#11959,#11960,#11961),
 .UNSPECIFIED.,.F.,.F.,(3,3),(0.,1.),.PIECEWISE_BEZIER_KNOTS.);
#615=B_SPLINE_CURVE_WITH_KNOTS('',2,(#11974,#11975,#11976),
 .UNSPECIFIED.,.F.,.F.,(3,3),(0.,1.),.PIECEWISE_BEZIER_KNOTS.);
#616=B_SPLINE_CURVE_WITH_KNOTS('',2,(#11989,#11990,#11991),
 .UNSPECIFIED.,.F.,.F.,(3,3),(0.,1.),.PIECEWISE_BEZIER_KNOTS.);
#617=B_SPLINE_CURVE_WITH_KNOTS('',2,(#12002,#12003,#12004),
 .UNSPECIFIED.,.F.,.F.,(3,3),(0.,1.),.PIECEWISE_BEZIER_KNOTS.);
#618=B_SPLINE_CURVE_WITH_KNOTS('',2,(#12015,#12016,#12017),
 .UNSPECIFIED.,.F.,.F.,(3,3),(0.,1.),.PIECEWISE_BEZIER_KNOTS.);
#619=B_SPLINE_CURVE_WITH_KNOTS('',2,(#12028,#12029,#12030),
 .UNSPECIFIED.,.F.,.F.,(3,3),(0.,1.),.PIECEWISE_BEZIER_KNOTS.);
#620=B_SPLINE_CURVE_WITH_KNOTS('',2,(#12045,#12046,#12047),
 .UNSPECIFIED.,.F.,.F.,(3,3),(0.,1.),.PIECEWISE_BEZIER_KNOTS.);
#621=B_SPLINE_CURVE_WITH_KNOTS('',2,(#12058,#12059,#12060),
 .UNSPECIFIED.,.F.,.F.,(3,3),(0.,1.),.PIECEWISE_BEZIER_KNOTS.);
#622=B_SPLINE_CURVE_WITH_KNOTS('',2,(#12071,#12072,#12073),
 .UNSPECIFIED.,.F.,.F.,(3,3),(0.,1.),.PIECEWISE_BEZIER_KNOTS.);
#623=B_SPLINE_CURVE_WITH_KNOTS('',2,(#12084,#12085,#12086),
 .UNSPECIFIED.,.F.,.F.,(3,3),(0.,1.),.PIECEWISE_BEZIER_KNOTS.);
#624=B_SPLINE_CURVE_WITH_KNOTS('',2,(#12097,#12098,#12099),
 .UNSPECIFIED.,.F.,.F.,(3,3),(0.,1.),.PIECEWISE_BEZIER_KNOTS.);
#625=B_SPLINE_CURVE_WITH_KNOTS('',2,(#12110,#12111,#12112),
 .UNSPECIFIED.,.F.,.F.,(3,3),(0.,1.),.PIECEWISE_BEZIER_KNOTS.);
#626=B_SPLINE_CURVE_WITH_KNOTS('',2,(#12123,#12124,#12125),
 .UNSPECIFIED.,.F.,.F.,(3,3),(0.,1.),.PIECEWISE_BEZIER_KNOTS.);
#627=B_SPLINE_CURVE_WITH_KNOTS('',2,(#12148,#12149,#12150),
 .UNSPECIFIED.,.F.,.F.,(3,3),(0.,1.),.PIECEWISE_BEZIER_KNOTS.);
#628=B_SPLINE_CURVE_WITH_KNOTS('',2,(#12161,#12162,#12163),
 .UNSPECIFIED.,.F.,.F.,(3,3),(0.,1.),.PIECEWISE_BEZIER_KNOTS.);
#629=B_SPLINE_CURVE_WITH_KNOTS('',2,(#12174,#12175,#12176),
 .UNSPECIFIED.,.F.,.F.,(3,3),(0.,1.),.PIECEWISE_BEZIER_KNOTS.);
#630=B_SPLINE_CURVE_WITH_KNOTS('',2,(#12187,#12188,#12189),
 .UNSPECIFIED.,.F.,.F.,(3,3),(0.,1.),.PIECEWISE_BEZIER_KNOTS.);
#631=B_SPLINE_CURVE_WITH_KNOTS('',2,(#12204,#12205,#12206),
 .UNSPECIFIED.,.F.,.F.,(3,3),(0.,1.),.PIECEWISE_BEZIER_KNOTS.);
#632=B_SPLINE_CURVE_WITH_KNOTS('',2,(#12221,#12222,#12223),
 .UNSPECIFIED.,.F.,.F.,(3,3),(0.,1.),.PIECEWISE_BEZIER_KNOTS.);
#633=B_SPLINE_CURVE_WITH_KNOTS('',2,(#12234,#12235,#12236),
 .UNSPECIFIED.,.F.,.F.,(3,3),(0.,1.),.PIECEWISE_BEZIER_KNOTS.);
#634=B_SPLINE_CURVE_WITH_KNOTS('',2,(#12247,#12248,#12249),
 .UNSPECIFIED.,.F.,.F.,(3,3),(0.,1.),.PIECEWISE_BEZIER_KNOTS.);
#635=B_SPLINE_CURVE_WITH_KNOTS('',2,(#12260,#12261,#12262),
 .UNSPECIFIED.,.F.,.F.,(3,3),(0.,1.),.PIECEWISE_BEZIER_KNOTS.);
#636=B_SPLINE_CURVE_WITH_KNOTS('',2,(#12273,#12274,#12275),
 .UNSPECIFIED.,.F.,.F.,(3,3),(0.,1.),.PIECEWISE_BEZIER_KNOTS.);
#637=B_SPLINE_CURVE_WITH_KNOTS('',2,(#12286,#12287,#12288),
 .UNSPECIFIED.,.F.,.F.,(3,3),(0.,1.),.PIECEWISE_BEZIER_KNOTS.);
#638=B_SPLINE_CURVE_WITH_KNOTS('',2,(#12299,#12300,#12301),
 .UNSPECIFIED.,.F.,.F.,(3,3),(0.,1.),.PIECEWISE_BEZIER_KNOTS.);
#639=B_SPLINE_CURVE_WITH_KNOTS('',2,(#12322,#12323,#12324),
 .UNSPECIFIED.,.F.,.F.,(3,3),(0.,1.),.PIECEWISE_BEZIER_KNOTS.);
#640=B_SPLINE_CURVE_WITH_KNOTS('',2,(#12336,#12337,#12338),
 .UNSPECIFIED.,.F.,.F.,(3,3),(0.,1.),.PIECEWISE_BEZIER_KNOTS.);
#641=B_SPLINE_CURVE_WITH_KNOTS('',2,(#12355,#12356,#12357),
 .UNSPECIFIED.,.F.,.F.,(3,3),(0.,1.),.PIECEWISE_BEZIER_KNOTS.);
#642=B_SPLINE_CURVE_WITH_KNOTS('',2,(#12392,#12393,#12394),
 .UNSPECIFIED.,.F.,.F.,(3,3),(0.,1.),.PIECEWISE_BEZIER_KNOTS.);
#643=B_SPLINE_CURVE_WITH_KNOTS('',2,(#12405,#12406,#12407),
 .UNSPECIFIED.,.F.,.F.,(3,3),(0.,1.),.PIECEWISE_BEZIER_KNOTS.);
#644=B_SPLINE_CURVE_WITH_KNOTS('',2,(#12418,#12419,#12420),
 .UNSPECIFIED.,.F.,.F.,(3,3),(0.,1.),.PIECEWISE_BEZIER_KNOTS.);
#645=B_SPLINE_CURVE_WITH_KNOTS('',2,(#12431,#12432,#12433),
 .UNSPECIFIED.,.F.,.F.,(3,3),(0.,1.),.PIECEWISE_BEZIER_KNOTS.);
#646=B_SPLINE_CURVE_WITH_KNOTS('',2,(#12462,#12463,#12464),
 .UNSPECIFIED.,.F.,.F.,(3,3),(0.,1.),.PIECEWISE_BEZIER_KNOTS.);
#647=B_SPLINE_CURVE_WITH_KNOTS('',2,(#12483,#12484,#12485),
 .UNSPECIFIED.,.F.,.F.,(3,3),(0.,1.),.PIECEWISE_BEZIER_KNOTS.);
#648=B_SPLINE_CURVE_WITH_KNOTS('',2,(#12489,#12490,#12491),
 .UNSPECIFIED.,.F.,.F.,(3,3),(0.,1.),.PIECEWISE_BEZIER_KNOTS.);
#649=B_SPLINE_CURVE_WITH_KNOTS('',2,(#12500,#12501,#12502),
 .UNSPECIFIED.,.F.,.F.,(3,3),(0.,1.),.PIECEWISE_BEZIER_KNOTS.);
#650=B_SPLINE_CURVE_WITH_KNOTS('',2,(#12506,#12507,#12508),
 .UNSPECIFIED.,.F.,.F.,(3,3),(0.,1.),.PIECEWISE_BEZIER_KNOTS.);
#651=B_SPLINE_CURVE_WITH_KNOTS('',2,(#12535,#12536,#12537),
 .UNSPECIFIED.,.F.,.F.,(3,3),(0.,1.),.PIECEWISE_BEZIER_KNOTS.);
#652=B_SPLINE_CURVE_WITH_KNOTS('',2,(#12541,#12542,#12543),
 .UNSPECIFIED.,.F.,.F.,(3,3),(0.,1.),.PIECEWISE_BEZIER_KNOTS.);
#653=B_SPLINE_CURVE_WITH_KNOTS('',2,(#12554,#12555,#12556),
 .UNSPECIFIED.,.F.,.F.,(3,3),(0.,1.),.PIECEWISE_BEZIER_KNOTS.);
#654=B_SPLINE_CURVE_WITH_KNOTS('',2,(#12601,#12602,#12603),
 .UNSPECIFIED.,.F.,.F.,(3,3),(0.,1.),.PIECEWISE_BEZIER_KNOTS.);
#655=B_SPLINE_CURVE_WITH_KNOTS('',2,(#12614,#12615,#12616),
 .UNSPECIFIED.,.F.,.F.,(3,3),(0.,1.),.PIECEWISE_BEZIER_KNOTS.);
#656=B_SPLINE_CURVE_WITH_KNOTS('',2,(#12629,#12630,#12631),
 .UNSPECIFIED.,.F.,.F.,(3,3),(0.,1.),.PIECEWISE_BEZIER_KNOTS.);
#657=B_SPLINE_CURVE_WITH_KNOTS('',2,(#12640,#12641,#12642),
 .UNSPECIFIED.,.F.,.F.,(3,3),(0.,1.),.PIECEWISE_BEZIER_KNOTS.);
#658=B_SPLINE_CURVE_WITH_KNOTS('',2,(#12643,#12644,#12645),
 .UNSPECIFIED.,.F.,.F.,(3,3),(0.,1.),.PIECEWISE_BEZIER_KNOTS.);
#659=B_SPLINE_CURVE_WITH_KNOTS('',2,(#12658,#12659,#12660),
 .UNSPECIFIED.,.F.,.F.,(3,3),(0.,1.),.PIECEWISE_BEZIER_KNOTS.);
#660=B_SPLINE_CURVE_WITH_KNOTS('',2,(#12673,#12674,#12675),
 .UNSPECIFIED.,.F.,.F.,(3,3),(0.,1.),.PIECEWISE_BEZIER_KNOTS.);
#661=B_SPLINE_CURVE_WITH_KNOTS('',2,(#12686,#12687,#12688),
 .UNSPECIFIED.,.F.,.F.,(3,3),(0.,1.),.PIECEWISE_BEZIER_KNOTS.);
#662=B_SPLINE_CURVE_WITH_KNOTS('',2,(#12699,#12700,#12701),
 .UNSPECIFIED.,.F.,.F.,(3,3),(0.,1.),.PIECEWISE_BEZIER_KNOTS.);
#663=B_SPLINE_CURVE_WITH_KNOTS('',2,(#12712,#12713,#12714),
 .UNSPECIFIED.,.F.,.F.,(3,3),(0.,1.),.PIECEWISE_BEZIER_KNOTS.);
#664=B_SPLINE_CURVE_WITH_KNOTS('',2,(#12725,#12726,#12727),
 .UNSPECIFIED.,.F.,.F.,(3,3),(0.,1.),.PIECEWISE_BEZIER_KNOTS.);
#665=B_SPLINE_CURVE_WITH_KNOTS('',2,(#12738,#12739,#12740),
 .UNSPECIFIED.,.F.,.F.,(3,3),(0.,1.),.PIECEWISE_BEZIER_KNOTS.);
#666=B_SPLINE_CURVE_WITH_KNOTS('',2,(#12778,#12779,#12780),
 .UNSPECIFIED.,.F.,.F.,(3,3),(0.,1.),.PIECEWISE_BEZIER_KNOTS.);
#667=B_SPLINE_CURVE_WITH_KNOTS('',2,(#12784,#12785,#12786),
 .UNSPECIFIED.,.F.,.F.,(3,3),(0.,1.),.PIECEWISE_BEZIER_KNOTS.);
#668=B_SPLINE_CURVE_WITH_KNOTS('',2,(#12795,#12796,#12797),
 .UNSPECIFIED.,.F.,.F.,(3,3),(0.,1.),.PIECEWISE_BEZIER_KNOTS.);
#669=B_SPLINE_CURVE_WITH_KNOTS('',2,(#12801,#12802,#12803),
 .UNSPECIFIED.,.F.,.F.,(3,3),(0.,1.),.PIECEWISE_BEZIER_KNOTS.);
#670=B_SPLINE_CURVE_WITH_KNOTS('',2,(#12812,#12813,#12814),
 .UNSPECIFIED.,.F.,.F.,(3,3),(0.,1.),.PIECEWISE_BEZIER_KNOTS.);
#671=B_SPLINE_CURVE_WITH_KNOTS('',2,(#12818,#12819,#12820),
 .UNSPECIFIED.,.F.,.F.,(3,3),(0.,1.),.PIECEWISE_BEZIER_KNOTS.);
#672=B_SPLINE_CURVE_WITH_KNOTS('',2,(#12829,#12830,#12831),
 .UNSPECIFIED.,.F.,.F.,(3,3),(0.,1.),.PIECEWISE_BEZIER_KNOTS.);
#673=B_SPLINE_CURVE_WITH_KNOTS('',2,(#12835,#12836,#12837),
 .UNSPECIFIED.,.F.,.F.,(3,3),(0.,1.),.PIECEWISE_BEZIER_KNOTS.);
#674=B_SPLINE_CURVE_WITH_KNOTS('',2,(#12852,#12853,#12854),
 .UNSPECIFIED.,.F.,.F.,(3,3),(0.,1.),.PIECEWISE_BEZIER_KNOTS.);
#675=B_SPLINE_CURVE_WITH_KNOTS('',2,(#12858,#12859,#12860),
 .UNSPECIFIED.,.F.,.F.,(3,3),(0.,1.),.PIECEWISE_BEZIER_KNOTS.);
#676=B_SPLINE_CURVE_WITH_KNOTS('',2,(#12869,#12870,#12871),
 .UNSPECIFIED.,.F.,.F.,(3,3),(0.,1.),.PIECEWISE_BEZIER_KNOTS.);
#677=B_SPLINE_CURVE_WITH_KNOTS('',2,(#12875,#12876,#12877),
 .UNSPECIFIED.,.F.,.F.,(3,3),(0.,1.),.PIECEWISE_BEZIER_KNOTS.);
#678=B_SPLINE_CURVE_WITH_KNOTS('',2,(#12886,#12887,#12888),
 .UNSPECIFIED.,.F.,.F.,(3,3),(0.,1.),.PIECEWISE_BEZIER_KNOTS.);
#679=B_SPLINE_CURVE_WITH_KNOTS('',2,(#12892,#12893,#12894),
 .UNSPECIFIED.,.F.,.F.,(3,3),(0.,1.),.PIECEWISE_BEZIER_KNOTS.);
#680=B_SPLINE_CURVE_WITH_KNOTS('',2,(#12905,#12906,#12907),
 .UNSPECIFIED.,.F.,.F.,(3,3),(0.,1.),.PIECEWISE_BEZIER_KNOTS.);
#681=B_SPLINE_CURVE_WITH_KNOTS('',2,(#12924,#12925,#12926),
 .UNSPECIFIED.,.F.,.F.,(3,3),(0.,1.),.PIECEWISE_BEZIER_KNOTS.);
#682=B_SPLINE_CURVE_WITH_KNOTS('',2,(#12937,#12938,#12939),
 .UNSPECIFIED.,.F.,.F.,(3,3),(0.,1.),.PIECEWISE_BEZIER_KNOTS.);
#683=B_SPLINE_CURVE_WITH_KNOTS('',2,(#12950,#12951,#12952),
 .UNSPECIFIED.,.F.,.F.,(3,3),(0.,1.),.PIECEWISE_BEZIER_KNOTS.);
#684=B_SPLINE_CURVE_WITH_KNOTS('',2,(#12963,#12964,#12965),
 .UNSPECIFIED.,.F.,.F.,(3,3),(0.,1.),.PIECEWISE_BEZIER_KNOTS.);
#685=B_SPLINE_CURVE_WITH_KNOTS('',2,(#13000,#13001,#13002),
 .UNSPECIFIED.,.F.,.F.,(3,3),(0.,1.),.PIECEWISE_BEZIER_KNOTS.);
#686=B_SPLINE_CURVE_WITH_KNOTS('',2,(#13013,#13014,#13015),
 .UNSPECIFIED.,.F.,.F.,(3,3),(0.,1.),.PIECEWISE_BEZIER_KNOTS.);
#687=B_SPLINE_CURVE_WITH_KNOTS('',2,(#13028,#13029,#13030),
 .UNSPECIFIED.,.F.,.F.,(3,3),(0.,1.),.PIECEWISE_BEZIER_KNOTS.);
#688=B_SPLINE_CURVE_WITH_KNOTS('',2,(#13039,#13040,#13041),
 .UNSPECIFIED.,.F.,.F.,(3,3),(0.,1.),.PIECEWISE_BEZIER_KNOTS.);
#689=B_SPLINE_CURVE_WITH_KNOTS('',2,(#13042,#13043,#13044),
 .UNSPECIFIED.,.F.,.F.,(3,3),(0.,1.),.PIECEWISE_BEZIER_KNOTS.);
#690=B_SPLINE_CURVE_WITH_KNOTS('',2,(#13057,#13058,#13059),
 .UNSPECIFIED.,.F.,.F.,(3,3),(0.,1.),.PIECEWISE_BEZIER_KNOTS.);
#691=B_SPLINE_CURVE_WITH_KNOTS('',2,(#13072,#13073,#13074),
 .UNSPECIFIED.,.F.,.F.,(3,3),(0.,1.),.PIECEWISE_BEZIER_KNOTS.);
#692=B_SPLINE_CURVE_WITH_KNOTS('',2,(#13085,#13086,#13087),
 .UNSPECIFIED.,.F.,.F.,(3,3),(0.,1.),.PIECEWISE_BEZIER_KNOTS.);
#693=B_SPLINE_CURVE_WITH_KNOTS('',2,(#13098,#13099,#13100),
 .UNSPECIFIED.,.F.,.F.,(3,3),(0.,1.),.PIECEWISE_BEZIER_KNOTS.);
#694=B_SPLINE_CURVE_WITH_KNOTS('',2,(#13111,#13112,#13113),
 .UNSPECIFIED.,.F.,.F.,(3,3),(0.,1.),.PIECEWISE_BEZIER_KNOTS.);
#695=B_SPLINE_CURVE_WITH_KNOTS('',2,(#13124,#13125,#13126),
 .UNSPECIFIED.,.F.,.F.,(3,3),(0.,1.),.PIECEWISE_BEZIER_KNOTS.);
#696=B_SPLINE_CURVE_WITH_KNOTS('',2,(#13137,#13138,#13139),
 .UNSPECIFIED.,.F.,.F.,(3,3),(0.,1.),.PIECEWISE_BEZIER_KNOTS.);
#697=B_SPLINE_CURVE_WITH_KNOTS('',2,(#13224,#13225,#13226),
 .UNSPECIFIED.,.F.,.F.,(3,3),(0.,1.),.PIECEWISE_BEZIER_KNOTS.);
#698=B_SPLINE_CURVE_WITH_KNOTS('',2,(#13249,#13250,#13251),
 .UNSPECIFIED.,.F.,.F.,(3,3),(0.,1.),.PIECEWISE_BEZIER_KNOTS.);
#699=B_SPLINE_CURVE_WITH_KNOTS('',2,(#13260,#13261,#13262),
 .UNSPECIFIED.,.F.,.F.,(3,3),(0.,1.),.PIECEWISE_BEZIER_KNOTS.);
#700=B_SPLINE_CURVE_WITH_KNOTS('',2,(#13274,#13275,#13276),
 .UNSPECIFIED.,.F.,.F.,(3,3),(0.,1.),.PIECEWISE_BEZIER_KNOTS.);
#701=B_SPLINE_CURVE_WITH_KNOTS('',2,(#13321,#13322,#13323),
 .UNSPECIFIED.,.F.,.F.,(3,3),(0.,1.),.PIECEWISE_BEZIER_KNOTS.);
#702=B_SPLINE_CURVE_WITH_KNOTS('',2,(#13334,#13335,#13336),
 .UNSPECIFIED.,.F.,.F.,(3,3),(0.,1.),.PIECEWISE_BEZIER_KNOTS.);
#703=B_SPLINE_CURVE_WITH_KNOTS('',2,(#13347,#13348,#13349),
 .UNSPECIFIED.,.F.,.F.,(3,3),(0.,1.),.PIECEWISE_BEZIER_KNOTS.);
#704=B_SPLINE_CURVE_WITH_KNOTS('',2,(#13360,#13361,#13362),
 .UNSPECIFIED.,.F.,.F.,(3,3),(0.,1.),.PIECEWISE_BEZIER_KNOTS.);
#705=B_SPLINE_CURVE_WITH_KNOTS('',2,(#13391,#13392,#13393),
 .UNSPECIFIED.,.F.,.F.,(3,3),(0.,1.),.PIECEWISE_BEZIER_KNOTS.);
#706=SHAPE_REPRESENTATION_RELATIONSHIP('','',#8495,#708);
#707=SHAPE_REPRESENTATION_RELATIONSHIP('','',#8496,#709);
#708=ADVANCED_BREP_SHAPE_REPRESENTATION('',(#8491),#13397);
#709=ADVANCED_BREP_SHAPE_REPRESENTATION('',(#8492),#13398);
#710=CYLINDRICAL_SURFACE('',#8524,0.0036);
#711=CYLINDRICAL_SURFACE('',#8529,0.01);
#712=CYLINDRICAL_SURFACE('',#8601,0.00211502198154804);
#713=CYLINDRICAL_SURFACE('',#8605,0.00144841649539106);
#714=CYLINDRICAL_SURFACE('',#8608,0.00380075720504537);
#715=CYLINDRICAL_SURFACE('',#8610,0.00423581258899328);
#716=CYLINDRICAL_SURFACE('',#8613,0.00173572033691495);
#717=CYLINDRICAL_SURFACE('',#8616,0.00489354003556733);
#718=CYLINDRICAL_SURFACE('',#8618,0.00376366425369402);
#719=CYLINDRICAL_SURFACE('',#8631,0.002602596852523);
#720=CYLINDRICAL_SURFACE('',#8633,0.000608015013610733);
#721=CYLINDRICAL_SURFACE('',#8636,0.0023371026768657);
#722=CYLINDRICAL_SURFACE('',#8638,0.0025155885238261);
#723=CYLINDRICAL_SURFACE('',#8641,0.00330470495867827);
#724=CYLINDRICAL_SURFACE('',#8649,0.00244322790074955);
#725=CYLINDRICAL_SURFACE('',#8652,0.00244322790074791);
#726=CYLINDRICAL_SURFACE('',#8655,0.00487946472363052);
#727=CYLINDRICAL_SURFACE('',#8662,0.00313649705716112);
#728=CYLINDRICAL_SURFACE('',#8666,0.00215085901387457);
#729=CYLINDRICAL_SURFACE('',#8670,0.00183128432904628);
#730=CYLINDRICAL_SURFACE('',#8672,0.00174275747545171);
#731=CYLINDRICAL_SURFACE('',#8674,0.00208482558050866);
#732=CYLINDRICAL_SURFACE('',#8677,0.00342889685573572);
#733=CYLINDRICAL_SURFACE('',#8679,0.00160419925036733);
#734=CYLINDRICAL_SURFACE('',#8682,0.00300107066119824);
#735=CYLINDRICAL_SURFACE('',#8690,0.00213917583145717);
#736=CYLINDRICAL_SURFACE('',#8695,0.00395802254471524);
#737=CYLINDRICAL_SURFACE('',#8698,0.00258019706539199);
#738=CYLINDRICAL_SURFACE('',#8712,0.0023149889824797);
#739=CYLINDRICAL_SURFACE('',#8716,0.000754391552753584);
#740=CYLINDRICAL_SURFACE('',#8724,0.00218008391858673);
#741=CYLINDRICAL_SURFACE('',#8727,0.00218008391858668);
#742=CYLINDRICAL_SURFACE('',#8730,0.00430526414969754);
#743=CYLINDRICAL_SURFACE('',#8732,0.0025188290831135);
#744=CYLINDRICAL_SURFACE('',#8739,0.00279868562114631);
#745=CYLINDRICAL_SURFACE('',#8743,0.000754391552753598);
#746=CYLINDRICAL_SURFACE('',#8751,0.000793613292197782);
#747=CYLINDRICAL_SURFACE('',#8764,0.00388001807691087);
#748=CYLINDRICAL_SURFACE('',#8770,0.00267784511016084);
#749=CYLINDRICAL_SURFACE('',#8772,0.00253369802181394);
#750=CYLINDRICAL_SURFACE('',#8780,0.00190877929470197);
#751=CYLINDRICAL_SURFACE('',#8785,0.00353173001032191);
#752=LINE('',#9967,#1343);
#753=LINE('',#9970,#1344);
#754=LINE('',#9972,#1345);
#755=LINE('',#9974,#1346);
#756=LINE('',#9975,#1347);
#757=LINE('',#9978,#1348);
#758=LINE('',#9980,#1349);
#759=LINE('',#9982,#1350);
#760=LINE('',#9983,#1351);
#761=LINE('',#9986,#1352);
#762=LINE('',#9988,#1353);
#763=LINE('',#9990,#1354);
#764=LINE('',#9991,#1355);
#765=LINE('',#9994,#1356);
#766=LINE('',#9996,#1357);
#767=LINE('',#9998,#1358);
#768=LINE('',#9999,#1359);
#769=LINE('',#10002,#1360);
#770=LINE('',#10004,#1361);
#771=LINE('',#10006,#1362);
#772=LINE('',#10007,#1363);
#773=LINE('',#10010,#1364);
#774=LINE('',#10012,#1365);
#775=LINE('',#10014,#1366);
#776=LINE('',#10018,#1367);
#777=LINE('',#10021,#1368);
#778=LINE('',#10023,#1369);
#779=LINE('',#10025,#1370);
#780=LINE('',#10026,#1371);
#781=LINE('',#10029,#1372);
#782=LINE('',#10031,#1373);
#783=LINE('',#10033,#1374);
#784=LINE('',#10034,#1375);
#785=LINE('',#10037,#1376);
#786=LINE('',#10039,#1377);
#787=LINE('',#10041,#1378);
#788=LINE('',#10042,#1379);
#789=LINE('',#10045,#1380);
#790=LINE('',#10047,#1381);
#791=LINE('',#10049,#1382);
#792=LINE('',#10050,#1383);
#793=LINE('',#10053,#1384);
#794=LINE('',#10055,#1385);
#795=LINE('',#10057,#1386);
#796=LINE('',#10060,#1387);
#797=LINE('',#10063,#1388);
#798=LINE('',#10065,#1389);
#799=LINE('',#10067,#1390);
#800=LINE('',#10069,#1391);
#801=LINE('',#10070,#1392);
#802=LINE('',#10072,#1393);
#803=LINE('',#10074,#1394);
#804=LINE('',#10077,#1395);
#805=LINE('',#10078,#1396);
#806=LINE('',#10080,#1397);
#807=LINE('',#10082,#1398);
#808=LINE('',#10085,#1399);
#809=LINE('',#10086,#1400);
#810=LINE('',#10088,#1401);
#811=LINE('',#10090,#1402);
#812=LINE('',#10093,#1403);
#813=LINE('',#10094,#1404);
#814=LINE('',#10096,#1405);
#815=LINE('',#10098,#1406);
#816=LINE('',#10101,#1407);
#817=LINE('',#10102,#1408);
#818=LINE('',#10104,#1409);
#819=LINE('',#10106,#1410);
#820=LINE('',#10110,#1411);
#821=LINE('',#10111,#1412);
#822=LINE('',#10113,#1413);
#823=LINE('',#10115,#1414);
#824=LINE('',#10131,#1415);
#825=LINE('',#10133,#1416);
#826=LINE('',#10135,#1417);
#827=LINE('',#10155,#1418);
#828=LINE('',#10157,#1419);
#829=LINE('',#10159,#1420);
#830=LINE('',#10161,#1421);
#831=LINE('',#10163,#1422);
#832=LINE('',#10165,#1423);
#833=LINE('',#10181,#1424);
#834=LINE('',#10183,#1425);
#835=LINE('',#10185,#1426);
#836=LINE('',#10193,#1427);
#837=LINE('',#10195,#1428);
#838=LINE('',#10197,#1429);
#839=LINE('',#10199,#1430);
#840=LINE('',#10201,#1431);
#841=LINE('',#10203,#1432);
#842=LINE('',#10205,#1433);
#843=LINE('',#10207,#1434);
#844=LINE('',#10209,#1435);
#845=LINE('',#10211,#1436);
#846=LINE('',#10213,#1437);
#847=LINE('',#10214,#1438);
#848=LINE('',#10217,#1439);
#849=LINE('',#10219,#1440);
#850=LINE('',#10221,#1441);
#851=LINE('',#10271,#1442);
#852=LINE('',#10273,#1443);
#853=LINE('',#10275,#1444);
#854=LINE('',#10277,#1445);
#855=LINE('',#10279,#1446);
#856=LINE('',#10300,#1447);
#857=LINE('',#10303,#1448);
#858=LINE('',#10305,#1449);
#859=LINE('',#10307,#1450);
#860=LINE('',#10338,#1451);
#861=LINE('',#10341,#1452);
#862=LINE('',#10343,#1453);
#863=LINE('',#10345,#1454);
#864=LINE('',#10346,#1455);
#865=LINE('',#10367,#1456);
#866=LINE('',#10369,#1457);
#867=LINE('',#10371,#1458);
#868=LINE('',#10373,#1459);
#869=LINE('',#10375,#1460);
#870=LINE('',#10377,#1461);
#871=LINE('',#10379,#1462);
#872=LINE('',#10394,#1463);
#873=LINE('',#10396,#1464);
#874=LINE('',#10398,#1465);
#875=LINE('',#10418,#1466);
#876=LINE('',#10420,#1467);
#877=LINE('',#10422,#1468);
#878=LINE('',#10424,#1469);
#879=LINE('',#10426,#1470);
#880=LINE('',#10428,#1471);
#881=LINE('',#10450,#1472);
#882=LINE('',#10506,#1473);
#883=LINE('',#10508,#1474);
#884=LINE('',#10572,#1475);
#885=LINE('',#10574,#1476);
#886=LINE('',#10576,#1477);
#887=LINE('',#10578,#1478);
#888=LINE('',#10580,#1479);
#889=LINE('',#10601,#1480);
#890=LINE('',#10604,#1481);
#891=LINE('',#10606,#1482);
#892=LINE('',#10608,#1483);
#893=LINE('',#10610,#1484);
#894=LINE('',#10612,#1485);
#895=LINE('',#10614,#1486);
#896=LINE('',#10616,#1487);
#897=LINE('',#10618,#1488);
#898=LINE('',#10620,#1489);
#899=LINE('',#10622,#1490);
#900=LINE('',#10623,#1491);
#901=LINE('',#10625,#1492);
#902=LINE('',#10627,#1493);
#903=LINE('',#10645,#1494);
#904=LINE('',#10661,#1495);
#905=LINE('',#10686,#1496);
#906=LINE('',#10689,#1497);
#907=LINE('',#10691,#1498);
#908=LINE('',#10693,#1499);
#909=LINE('',#10695,#1500);
#910=LINE('',#10697,#1501);
#911=LINE('',#10699,#1502);
#912=LINE('',#10701,#1503);
#913=LINE('',#10717,#1504);
#914=LINE('',#10779,#1505);
#915=LINE('',#10824,#1506);
#916=LINE('',#10827,#1507);
#917=LINE('',#10829,#1508);
#918=LINE('',#10831,#1509);
#919=LINE('',#10833,#1510);
#920=LINE('',#10836,#1511);
#921=LINE('',#10838,#1512);
#922=LINE('',#10840,#1513);
#923=LINE('',#10842,#1514);
#924=LINE('',#10844,#1515);
#925=LINE('',#10846,#1516);
#926=LINE('',#10848,#1517);
#927=LINE('',#10850,#1518);
#928=LINE('',#10852,#1519);
#929=LINE('',#10854,#1520);
#930=LINE('',#10856,#1521);
#931=LINE('',#10858,#1522);
#932=LINE('',#10860,#1523);
#933=LINE('',#10862,#1524);
#934=LINE('',#10864,#1525);
#935=LINE('',#10866,#1526);
#936=LINE('',#10868,#1527);
#937=LINE('',#10870,#1528);
#938=LINE('',#10871,#1529);
#939=LINE('',#10873,#1530);
#940=LINE('',#10875,#1531);
#941=LINE('',#10876,#1532);
#942=LINE('',#10878,#1533);
#943=LINE('',#10880,#1534);
#944=LINE('',#10882,#1535);
#945=LINE('',#10885,#1536);
#946=LINE('',#10887,#1537);
#947=LINE('',#10888,#1538);
#948=LINE('',#10890,#1539);
#949=LINE('',#10892,#1540);
#950=LINE('',#10893,#1541);
#951=LINE('',#10895,#1542);
#952=LINE('',#10897,#1543);
#953=LINE('',#10899,#1544);
#954=LINE('',#10901,#1545);
#955=LINE('',#10903,#1546);
#956=LINE('',#10904,#1547);
#957=LINE('',#10906,#1548);
#958=LINE('',#10908,#1549);
#959=LINE('',#10910,#1550);
#960=LINE('',#10912,#1551);
#961=LINE('',#10914,#1552);
#962=LINE('',#10917,#1553);
#963=LINE('',#10919,#1554);
#964=LINE('',#10921,#1555);
#965=LINE('',#10924,#1556);
#966=LINE('',#10926,#1557);
#967=LINE('',#10928,#1558);
#968=LINE('',#10930,#1559);
#969=LINE('',#10932,#1560);
#970=LINE('',#10935,#1561);
#971=LINE('',#10937,#1562);
#972=LINE('',#10939,#1563);
#973=LINE('',#10942,#1564);
#974=LINE('',#10944,#1565);
#975=LINE('',#10946,#1566);
#976=LINE('',#10948,#1567);
#977=LINE('',#10950,#1568);
#978=LINE('',#10953,#1569);
#979=LINE('',#10955,#1570);
#980=LINE('',#10957,#1571);
#981=LINE('',#10959,#1572);
#982=LINE('',#10961,#1573);
#983=LINE('',#10963,#1574);
#984=LINE('',#10965,#1575);
#985=LINE('',#10967,#1576);
#986=LINE('',#10969,#1577);
#987=LINE('',#10971,#1578);
#988=LINE('',#10973,#1579);
#989=LINE('',#10975,#1580);
#990=LINE('',#10977,#1581);
#991=LINE('',#10979,#1582);
#992=LINE('',#10981,#1583);
#993=LINE('',#10983,#1584);
#994=LINE('',#10985,#1585);
#995=LINE('',#10987,#1586);
#996=LINE('',#10989,#1587);
#997=LINE('',#10991,#1588);
#998=LINE('',#10993,#1589);
#999=LINE('',#10995,#1590);
#1000=LINE('',#11001,#1591);
#1001=LINE('',#11005,#1592);
#1002=LINE('',#11007,#1593);
#1003=LINE('',#11009,#1594);
#1004=LINE('',#11011,#1595);
#1005=LINE('',#11024,#1596);
#1006=LINE('',#11032,#1597);
#1007=LINE('',#11047,#1598);
#1008=LINE('',#11060,#1599);
#1009=LINE('',#11066,#1600);
#1010=LINE('',#11075,#1601);
#1011=LINE('',#11081,#1602);
#1012=LINE('',#11092,#1603);
#1013=LINE('',#11098,#1604);
#1014=LINE('',#11109,#1605);
#1015=LINE('',#11122,#1606);
#1016=LINE('',#11135,#1607);
#1017=LINE('',#11148,#1608);
#1018=LINE('',#11154,#1609);
#1019=LINE('',#11156,#1610);
#1020=LINE('',#11165,#1611);
#1021=LINE('',#11178,#1612);
#1022=LINE('',#11191,#1613);
#1023=LINE('',#11197,#1614);
#1024=LINE('',#11201,#1615);
#1025=LINE('',#11203,#1616);
#1026=LINE('',#11205,#1617);
#1027=LINE('',#11209,#1618);
#1028=LINE('',#11240,#1619);
#1029=LINE('',#11242,#1620);
#1030=LINE('',#11244,#1621);
#1031=LINE('',#11246,#1622);
#1032=LINE('',#11248,#1623);
#1033=LINE('',#11250,#1624);
#1034=LINE('',#11252,#1625);
#1035=LINE('',#11254,#1626);
#1036=LINE('',#11256,#1627);
#1037=LINE('',#11258,#1628);
#1038=LINE('',#11260,#1629);
#1039=LINE('',#11262,#1630);
#1040=LINE('',#11264,#1631);
#1041=LINE('',#11266,#1632);
#1042=LINE('',#11268,#1633);
#1043=LINE('',#11270,#1634);
#1044=LINE('',#11280,#1635);
#1045=LINE('',#11286,#1636);
#1046=LINE('',#11295,#1637);
#1047=LINE('',#11308,#1638);
#1048=LINE('',#11321,#1639);
#1049=LINE('',#11334,#1640);
#1050=LINE('',#11340,#1641);
#1051=LINE('',#11351,#1642);
#1052=LINE('',#11364,#1643);
#1053=LINE('',#11377,#1644);
#1054=LINE('',#11390,#1645);
#1055=LINE('',#11403,#1646);
#1056=LINE('',#11416,#1647);
#1057=LINE('',#11429,#1648);
#1058=LINE('',#11435,#1649);
#1059=LINE('',#11439,#1650);
#1060=LINE('',#11441,#1651);
#1061=LINE('',#11443,#1652);
#1062=LINE('',#11454,#1653);
#1063=LINE('',#11467,#1654);
#1064=LINE('',#11480,#1655);
#1065=LINE('',#11493,#1656);
#1066=LINE('',#11506,#1657);
#1067=LINE('',#11519,#1658);
#1068=LINE('',#11532,#1659);
#1069=LINE('',#11538,#1660);
#1070=LINE('',#11549,#1661);
#1071=LINE('',#11562,#1662);
#1072=LINE('',#11575,#1663);
#1073=LINE('',#11588,#1664);
#1074=LINE('',#11601,#1665);
#1075=LINE('',#11614,#1666);
#1076=LINE('',#11627,#1667);
#1077=LINE('',#11633,#1668);
#1078=LINE('',#11635,#1669);
#1079=LINE('',#11637,#1670);
#1080=LINE('',#11653,#1671);
#1081=LINE('',#11655,#1672);
#1082=LINE('',#11657,#1673);
#1083=LINE('',#11659,#1674);
#1084=LINE('',#11661,#1675);
#1085=LINE('',#11663,#1676);
#1086=LINE('',#11665,#1677);
#1087=LINE('',#11667,#1678);
#1088=LINE('',#11673,#1679);
#1089=LINE('',#11677,#1680);
#1090=LINE('',#11690,#1681);
#1091=LINE('',#11707,#1682);
#1092=LINE('',#11724,#1683);
#1093=LINE('',#11741,#1684);
#1094=LINE('',#11749,#1685);
#1095=LINE('',#11764,#1686);
#1096=LINE('',#11781,#1687);
#1097=LINE('',#11798,#1688);
#1098=LINE('',#11811,#1689);
#1099=LINE('',#11817,#1690);
#1100=LINE('',#11819,#1691);
#1101=LINE('',#11830,#1692);
#1102=LINE('',#11843,#1693);
#1103=LINE('',#11856,#1694);
#1104=LINE('',#11869,#1695);
#1105=LINE('',#11882,#1696);
#1106=LINE('',#11888,#1697);
#1107=LINE('',#11890,#1698);
#1108=LINE('',#11892,#1699);
#1109=LINE('',#11894,#1700);
#1110=LINE('',#11896,#1701);
#1111=LINE('',#11898,#1702);
#1112=LINE('',#11900,#1703);
#1113=LINE('',#11902,#1704);
#1114=LINE('',#11904,#1705);
#1115=LINE('',#11906,#1706);
#1116=LINE('',#11915,#1707);
#1117=LINE('',#11928,#1708);
#1118=LINE('',#11934,#1709);
#1119=LINE('',#11972,#1710);
#1120=LINE('',#11978,#1711);
#1121=LINE('',#11987,#1712);
#1122=LINE('',#12000,#1713);
#1123=LINE('',#12013,#1714);
#1124=LINE('',#12026,#1715);
#1125=LINE('',#12032,#1716);
#1126=LINE('',#12043,#1717);
#1127=LINE('',#12056,#1718);
#1128=LINE('',#12069,#1719);
#1129=LINE('',#12082,#1720);
#1130=LINE('',#12095,#1721);
#1131=LINE('',#12108,#1722);
#1132=LINE('',#12121,#1723);
#1133=LINE('',#12127,#1724);
#1134=LINE('',#12129,#1725);
#1135=LINE('',#12131,#1726);
#1136=LINE('',#12133,#1727);
#1137=LINE('',#12135,#1728);
#1138=LINE('',#12146,#1729);
#1139=LINE('',#12159,#1730);
#1140=LINE('',#12172,#1731);
#1141=LINE('',#12185,#1732);
#1142=LINE('',#12191,#1733);
#1143=LINE('',#12202,#1734);
#1144=LINE('',#12208,#1735);
#1145=LINE('',#12219,#1736);
#1146=LINE('',#12232,#1737);
#1147=LINE('',#12245,#1738);
#1148=LINE('',#12258,#1739);
#1149=LINE('',#12271,#1740);
#1150=LINE('',#12284,#1741);
#1151=LINE('',#12297,#1742);
#1152=LINE('',#12303,#1743);
#1153=LINE('',#12305,#1744);
#1154=LINE('',#12307,#1745);
#1155=LINE('',#12311,#1746);
#1156=LINE('',#12334,#1747);
#1157=LINE('',#12340,#1748);
#1158=LINE('',#12342,#1749);
#1159=LINE('',#12353,#1750);
#1160=LINE('',#12359,#1751);
#1161=LINE('',#12361,#1752);
#1162=LINE('',#12363,#1753);
#1163=LINE('',#12365,#1754);
#1164=LINE('',#12367,#1755);
#1165=LINE('',#12369,#1756);
#1166=LINE('',#12371,#1757);
#1167=LINE('',#12373,#1758);
#1168=LINE('',#12375,#1759);
#1169=LINE('',#12377,#1760);
#1170=LINE('',#12379,#1761);
#1171=LINE('',#12381,#1762);
#1172=LINE('',#12390,#1763);
#1173=LINE('',#12403,#1764);
#1174=LINE('',#12416,#1765);
#1175=LINE('',#12429,#1766);
#1176=LINE('',#12435,#1767);
#1177=LINE('',#12439,#1768);
#1178=LINE('',#12441,#1769);
#1179=LINE('',#12443,#1770);
#1180=LINE('',#12445,#1771);
#1181=LINE('',#12447,#1772);
#1182=LINE('',#12449,#1773);
#1183=LINE('',#12451,#1774);
#1184=LINE('',#12470,#1775);
#1185=LINE('',#12474,#1776);
#1186=LINE('',#12487,#1777);
#1187=LINE('',#12504,#1778);
#1188=LINE('',#12510,#1779);
#1189=LINE('',#12512,#1780);
#1190=LINE('',#12514,#1781);
#1191=LINE('',#12516,#1782);
#1192=LINE('',#12518,#1783);
#1193=LINE('',#12520,#1784);
#1194=LINE('',#12522,#1785);
#1195=LINE('',#12524,#1786);
#1196=LINE('',#12526,#1787);
#1197=LINE('',#12539,#1788);
#1198=LINE('',#12552,#1789);
#1199=LINE('',#12558,#1790);
#1200=LINE('',#12560,#1791);
#1201=LINE('',#12562,#1792);
#1202=LINE('',#12564,#1793);
#1203=LINE('',#12566,#1794);
#1204=LINE('',#12568,#1795);
#1205=LINE('',#12570,#1796);
#1206=LINE('',#12572,#1797);
#1207=LINE('',#12574,#1798);
#1208=LINE('',#12576,#1799);
#1209=LINE('',#12578,#1800);
#1210=LINE('',#12580,#1801);
#1211=LINE('',#12582,#1802);
#1212=LINE('',#12584,#1803);
#1213=LINE('',#12586,#1804);
#1214=LINE('',#12588,#1805);
#1215=LINE('',#12590,#1806);
#1216=LINE('',#12599,#1807);
#1217=LINE('',#12612,#1808);
#1218=LINE('',#12618,#1809);
#1219=LINE('',#12656,#1810);
#1220=LINE('',#12662,#1811);
#1221=LINE('',#12671,#1812);
#1222=LINE('',#12684,#1813);
#1223=LINE('',#12697,#1814);
#1224=LINE('',#12710,#1815);
#1225=LINE('',#12723,#1816);
#1226=LINE('',#12736,#1817);
#1227=LINE('',#12745,#1818);
#1228=LINE('',#12747,#1819);
#1229=LINE('',#12749,#1820);
#1230=LINE('',#12751,#1821);
#1231=LINE('',#12753,#1822);
#1232=LINE('',#12755,#1823);
#1233=LINE('',#12757,#1824);
#1234=LINE('',#12759,#1825);
#1235=LINE('',#12765,#1826);
#1236=LINE('',#12769,#1827);
#1237=LINE('',#12782,#1828);
#1238=LINE('',#12799,#1829);
#1239=LINE('',#12816,#1830);
#1240=LINE('',#12833,#1831);
#1241=LINE('',#12841,#1832);
#1242=LINE('',#12856,#1833);
#1243=LINE('',#12873,#1834);
#1244=LINE('',#12890,#1835);
#1245=LINE('',#12903,#1836);
#1246=LINE('',#12909,#1837);
#1247=LINE('',#12911,#1838);
#1248=LINE('',#12922,#1839);
#1249=LINE('',#12935,#1840);
#1250=LINE('',#12948,#1841);
#1251=LINE('',#12961,#1842);
#1252=LINE('',#12967,#1843);
#1253=LINE('',#12971,#1844);
#1254=LINE('',#12973,#1845);
#1255=LINE('',#12975,#1846);
#1256=LINE('',#12977,#1847);
#1257=LINE('',#12979,#1848);
#1258=LINE('',#12981,#1849);
#1259=LINE('',#12983,#1850);
#1260=LINE('',#12985,#1851);
#1261=LINE('',#12987,#1852);
#1262=LINE('',#12989,#1853);
#1263=LINE('',#12998,#1854);
#1264=LINE('',#13011,#1855);
#1265=LINE('',#13017,#1856);
#1266=LINE('',#13055,#1857);
#1267=LINE('',#13061,#1858);
#1268=LINE('',#13070,#1859);
#1269=LINE('',#13083,#1860);
#1270=LINE('',#13096,#1861);
#1271=LINE('',#13109,#1862);
#1272=LINE('',#13122,#1863);
#1273=LINE('',#13135,#1864);
#1274=LINE('',#13144,#1865);
#1275=LINE('',#13146,#1866);
#1276=LINE('',#13148,#1867);
#1277=LINE('',#13150,#1868);
#1278=LINE('',#13152,#1869);
#1279=LINE('',#13154,#1870);
#1280=LINE('',#13156,#1871);
#1281=LINE('',#13158,#1872);
#1282=LINE('',#13161,#1873);
#1283=LINE('',#13165,#1874);
#1284=LINE('',#13167,#1875);
#1285=LINE('',#13169,#1876);
#1286=LINE('',#13171,#1877);
#1287=LINE('',#13173,#1878);
#1288=LINE('',#13175,#1879);
#1289=LINE('',#13177,#1880);
#1290=LINE('',#13179,#1881);
#1291=LINE('',#13181,#1882);
#1292=LINE('',#13183,#1883);
#1293=LINE('',#13185,#1884);
#1294=LINE('',#13187,#1885);
#1295=LINE('',#13189,#1886);
#1296=LINE('',#13191,#1887);
#1297=LINE('',#13193,#1888);
#1298=LINE('',#13195,#1889);
#1299=LINE('',#13197,#1890);
#1300=LINE('',#13199,#1891);
#1301=LINE('',#13201,#1892);
#1302=LINE('',#13203,#1893);
#1303=LINE('',#13205,#1894);
#1304=LINE('',#13207,#1895);
#1305=LINE('',#13209,#1896);
#1306=LINE('',#13211,#1897);
#1307=LINE('',#13222,#1898);
#1308=LINE('',#13228,#1899);
#1309=LINE('',#13230,#1900);
#1310=LINE('',#13232,#1901);
#1311=LINE('',#13234,#1902);
#1312=LINE('',#13236,#1903);
#1313=LINE('',#13238,#1904);
#1314=LINE('',#13247,#1905);
#1315=LINE('',#13272,#1906);
#1316=LINE('',#13278,#1907);
#1317=LINE('',#13280,#1908);
#1318=LINE('',#13284,#1909);
#1319=LINE('',#13288,#1910);
#1320=LINE('',#13290,#1911);
#1321=LINE('',#13292,#1912);
#1322=LINE('',#13294,#1913);
#1323=LINE('',#13296,#1914);
#1324=LINE('',#13298,#1915);
#1325=LINE('',#13300,#1916);
#1326=LINE('',#13302,#1917);
#1327=LINE('',#13304,#1918);
#1328=LINE('',#13306,#1919);
#1329=LINE('',#13308,#1920);
#1330=LINE('',#13310,#1921);
#1331=LINE('',#13319,#1922);
#1332=LINE('',#13332,#1923);
#1333=LINE('',#13345,#1924);
#1334=LINE('',#13358,#1925);
#1335=LINE('',#13364,#1926);
#1336=LINE('',#13368,#1927);
#1337=LINE('',#13370,#1928);
#1338=LINE('',#13372,#1929);
#1339=LINE('',#13374,#1930);
#1340=LINE('',#13376,#1931);
#1341=LINE('',#13378,#1932);
#1342=LINE('',#13380,#1933);
#1343=VECTOR('',#8796,1.);
#1344=VECTOR('',#8797,1.);
#1345=VECTOR('',#8798,1.);
#1346=VECTOR('',#8799,1.);
#1347=VECTOR('',#8800,1.);
#1348=VECTOR('',#8801,1.);
#1349=VECTOR('',#8802,1.);
#1350=VECTOR('',#8803,1.);
#1351=VECTOR('',#8804,1.);
#1352=VECTOR('',#8805,1.);
#1353=VECTOR('',#8806,1.);
#1354=VECTOR('',#8807,1.);
#1355=VECTOR('',#8808,1.);
#1356=VECTOR('',#8809,1.);
#1357=VECTOR('',#8810,1.);
#1358=VECTOR('',#8811,1.);
#1359=VECTOR('',#8812,1.);
#1360=VECTOR('',#8813,1.);
#1361=VECTOR('',#8814,1.);
#1362=VECTOR('',#8815,1.);
#1363=VECTOR('',#8816,1.);
#1364=VECTOR('',#8817,1.);
#1365=VECTOR('',#8818,1.);
#1366=VECTOR('',#8819,1.);
#1367=VECTOR('',#8824,1.);
#1368=VECTOR('',#8825,1.);
#1369=VECTOR('',#8826,1.);
#1370=VECTOR('',#8827,1.);
#1371=VECTOR('',#8828,1.);
#1372=VECTOR('',#8829,1.);
#1373=VECTOR('',#8830,1.);
#1374=VECTOR('',#8831,1.);
#1375=VECTOR('',#8832,1.);
#1376=VECTOR('',#8833,1.);
#1377=VECTOR('',#8834,1.);
#1378=VECTOR('',#8835,1.);
#1379=VECTOR('',#8836,1.);
#1380=VECTOR('',#8837,1.);
#1381=VECTOR('',#8838,1.);
#1382=VECTOR('',#8839,1.);
#1383=VECTOR('',#8840,1.);
#1384=VECTOR('',#8841,1.);
#1385=VECTOR('',#8842,1.);
#1386=VECTOR('',#8843,1.);
#1387=VECTOR('',#8846,1.);
#1388=VECTOR('',#8847,1.);
#1389=VECTOR('',#8848,1.);
#1390=VECTOR('',#8849,1.);
#1391=VECTOR('',#8852,1.);
#1392=VECTOR('',#8853,1.);
#1393=VECTOR('',#8856,1.);
#1394=VECTOR('',#8859,1.);
#1395=VECTOR('',#8864,1.);
#1396=VECTOR('',#8865,1.);
#1397=VECTOR('',#8868,1.);
#1398=VECTOR('',#8871,1.);
#1399=VECTOR('',#8876,1.);
#1400=VECTOR('',#8877,1.);
#1401=VECTOR('',#8880,1.);
#1402=VECTOR('',#8883,1.);
#1403=VECTOR('',#8888,1.);
#1404=VECTOR('',#8889,1.);
#1405=VECTOR('',#8892,1.);
#1406=VECTOR('',#8895,1.);
#1407=VECTOR('',#8900,1.);
#1408=VECTOR('',#8901,1.);
#1409=VECTOR('',#8904,1.);
#1410=VECTOR('',#8907,1.);
#1411=VECTOR('',#8914,1.);
#1412=VECTOR('',#8915,1.);
#1413=VECTOR('',#8918,1.);
#1414=VECTOR('',#8921,1.);
#1415=VECTOR('',#8932,1.);
#1416=VECTOR('',#8933,1.);
#1417=VECTOR('',#8934,1.);
#1418=VECTOR('',#8937,1.);
#1419=VECTOR('',#8938,1.);
#1420=VECTOR('',#8939,1.);
#1421=VECTOR('',#8940,1.);
#1422=VECTOR('',#8941,1.);
#1423=VECTOR('',#8942,1.);
#1424=VECTOR('',#8949,1.);
#1425=VECTOR('',#8950,1.);
#1426=VECTOR('',#8951,1.);
#1427=VECTOR('',#8954,1.);
#1428=VECTOR('',#8955,1.);
#1429=VECTOR('',#8956,1.);
#1430=VECTOR('',#8957,1.);
#1431=VECTOR('',#8958,1.);
#1432=VECTOR('',#8959,1.);
#1433=VECTOR('',#8960,1.);
#1434=VECTOR('',#8961,1.);
#1435=VECTOR('',#8962,1.);
#1436=VECTOR('',#8963,1.);
#1437=VECTOR('',#8964,1.);
#1438=VECTOR('',#8965,1.);
#1439=VECTOR('',#8966,1.);
#1440=VECTOR('',#8967,1.);
#1441=VECTOR('',#8968,1.);
#1442=VECTOR('',#8973,1.);
#1443=VECTOR('',#8974,1.);
#1444=VECTOR('',#8975,1.);
#1445=VECTOR('',#8976,1.);
#1446=VECTOR('',#8977,1.);
#1447=VECTOR('',#8982,1.);
#1448=VECTOR('',#8983,1.);
#1449=VECTOR('',#8984,1.);
#1450=VECTOR('',#8985,1.);
#1451=VECTOR('',#8988,1.);
#1452=VECTOR('',#8989,1.);
#1453=VECTOR('',#8990,1.);
#1454=VECTOR('',#8991,1.);
#1455=VECTOR('',#8992,1.);
#1456=VECTOR('',#8995,1.);
#1457=VECTOR('',#8996,1.);
#1458=VECTOR('',#8997,1.);
#1459=VECTOR('',#8998,1.);
#1460=VECTOR('',#8999,1.);
#1461=VECTOR('',#9000,1.);
#1462=VECTOR('',#9001,1.);
#1463=VECTOR('',#9008,1.);
#1464=VECTOR('',#9009,1.);
#1465=VECTOR('',#9010,1.);
#1466=VECTOR('',#9013,1.);
#1467=VECTOR('',#9014,1.);
#1468=VECTOR('',#9015,1.);
#1469=VECTOR('',#9016,1.);
#1470=VECTOR('',#9017,1.);
#1471=VECTOR('',#9018,1.);
#1472=VECTOR('',#9023,1.);
#1473=VECTOR('',#9030,1.);
#1474=VECTOR('',#9031,1.);
#1475=VECTOR('',#9038,1.);
#1476=VECTOR('',#9039,1.);
#1477=VECTOR('',#9040,1.);
#1478=VECTOR('',#9041,1.);
#1479=VECTOR('',#9042,1.);
#1480=VECTOR('',#9043,1.);
#1481=VECTOR('',#9044,1.);
#1482=VECTOR('',#9045,1.);
#1483=VECTOR('',#9046,1.);
#1484=VECTOR('',#9047,1.);
#1485=VECTOR('',#9048,1.);
#1486=VECTOR('',#9049,1.);
#1487=VECTOR('',#9050,1.);
#1488=VECTOR('',#9051,1.);
#1489=VECTOR('',#9052,1.);
#1490=VECTOR('',#9053,1.);
#1491=VECTOR('',#9054,1.);
#1492=VECTOR('',#9055,1.);
#1493=VECTOR('',#9056,1.);
#1494=VECTOR('',#9061,1.);
#1495=VECTOR('',#9064,1.);
#1496=VECTOR('',#9069,1.);
#1497=VECTOR('',#9070,1.);
#1498=VECTOR('',#9071,1.);
#1499=VECTOR('',#9072,1.);
#1500=VECTOR('',#9073,1.);
#1501=VECTOR('',#9074,1.);
#1502=VECTOR('',#9075,1.);
#1503=VECTOR('',#9076,1.);
#1504=VECTOR('',#9079,1.);
#1505=VECTOR('',#9084,1.);
#1506=VECTOR('',#9089,1.);
#1507=VECTOR('',#9090,1.);
#1508=VECTOR('',#9091,1.);
#1509=VECTOR('',#9092,1.);
#1510=VECTOR('',#9095,1.);
#1511=VECTOR('',#9096,1.);
#1512=VECTOR('',#9097,1.);
#1513=VECTOR('',#9098,1.);
#1514=VECTOR('',#9099,1.);
#1515=VECTOR('',#9100,1.);
#1516=VECTOR('',#9101,1.);
#1517=VECTOR('',#9102,1.);
#1518=VECTOR('',#9103,1.);
#1519=VECTOR('',#9104,1.);
#1520=VECTOR('',#9105,1.);
#1521=VECTOR('',#9106,1.);
#1522=VECTOR('',#9107,1.);
#1523=VECTOR('',#9108,1.);
#1524=VECTOR('',#9109,1.);
#1525=VECTOR('',#9110,1.);
#1526=VECTOR('',#9113,1.);
#1527=VECTOR('',#9114,1.);
#1528=VECTOR('',#9115,1.);
#1529=VECTOR('',#9116,1.);
#1530=VECTOR('',#9117,1.);
#1531=VECTOR('',#9118,1.);
#1532=VECTOR('',#9119,1.);
#1533=VECTOR('',#9120,1.);
#1534=VECTOR('',#9121,1.);
#1535=VECTOR('',#9124,1.);
#1536=VECTOR('',#9125,1.);
#1537=VECTOR('',#9126,1.);
#1538=VECTOR('',#9127,1.);
#1539=VECTOR('',#9130,1.);
#1540=VECTOR('',#9131,1.);
#1541=VECTOR('',#9132,1.);
#1542=VECTOR('',#9133,1.);
#1543=VECTOR('',#9134,1.);
#1544=VECTOR('',#9135,1.);
#1545=VECTOR('',#9138,1.);
#1546=VECTOR('',#9139,1.);
#1547=VECTOR('',#9140,1.);
#1548=VECTOR('',#9143,1.);
#1549=VECTOR('',#9144,1.);
#1550=VECTOR('',#9147,1.);
#1551=VECTOR('',#9148,1.);
#1552=VECTOR('',#9151,1.);
#1553=VECTOR('',#9156,1.);
#1554=VECTOR('',#9157,1.);
#1555=VECTOR('',#9160,1.);
#1556=VECTOR('',#9165,1.);
#1557=VECTOR('',#9166,1.);
#1558=VECTOR('',#9169,1.);
#1559=VECTOR('',#9170,1.);
#1560=VECTOR('',#9173,1.);
#1561=VECTOR('',#9178,1.);
#1562=VECTOR('',#9179,1.);
#1563=VECTOR('',#9182,1.);
#1564=VECTOR('',#9187,1.);
#1565=VECTOR('',#9188,1.);
#1566=VECTOR('',#9191,1.);
#1567=VECTOR('',#9192,1.);
#1568=VECTOR('',#9195,1.);
#1569=VECTOR('',#9200,1.);
#1570=VECTOR('',#9201,1.);
#1571=VECTOR('',#9202,1.);
#1572=VECTOR('',#9205,1.);
#1573=VECTOR('',#9206,1.);
#1574=VECTOR('',#9209,1.);
#1575=VECTOR('',#9210,1.);
#1576=VECTOR('',#9213,1.);
#1577=VECTOR('',#9214,1.);
#1578=VECTOR('',#9217,1.);
#1579=VECTOR('',#9218,1.);
#1580=VECTOR('',#9221,1.);
#1581=VECTOR('',#9222,1.);
#1582=VECTOR('',#9225,1.);
#1583=VECTOR('',#9226,1.);
#1584=VECTOR('',#9229,1.);
#1585=VECTOR('',#9230,1.);
#1586=VECTOR('',#9233,1.);
#1587=VECTOR('',#9234,1.);
#1588=VECTOR('',#9237,1.);
#1589=VECTOR('',#9238,1.);
#1590=VECTOR('',#9241,1.);
#1591=VECTOR('',#9248,1.);
#1592=VECTOR('',#9251,1.);
#1593=VECTOR('',#9254,1.);
#1594=VECTOR('',#9255,1.);
#1595=VECTOR('',#9256,1.);
#1596=VECTOR('',#9257,1.);
#1597=VECTOR('',#9262,1.);
#1598=VECTOR('',#9265,1.);
#1599=VECTOR('',#9266,1.);
#1600=VECTOR('',#9267,1.);
#1601=VECTOR('',#9268,1.);
#1602=VECTOR('',#9271,1.);
#1603=VECTOR('',#9274,1.);
#1604=VECTOR('',#9277,1.);
#1605=VECTOR('',#9280,1.);
#1606=VECTOR('',#9281,1.);
#1607=VECTOR('',#9282,1.);
#1608=VECTOR('',#9283,1.);
#1609=VECTOR('',#9286,1.);
#1610=VECTOR('',#9287,1.);
#1611=VECTOR('',#9288,1.);
#1612=VECTOR('',#9289,1.);
#1613=VECTOR('',#9290,1.);
#1614=VECTOR('',#9293,1.);
#1615=VECTOR('',#9298,1.);
#1616=VECTOR('',#9299,1.);
#1617=VECTOR('',#9302,1.);
#1618=VECTOR('',#9307,1.);
#1619=VECTOR('',#9316,1.);
#1620=VECTOR('',#9317,1.);
#1621=VECTOR('',#9318,1.);
#1622=VECTOR('',#9321,1.);
#1623=VECTOR('',#9322,1.);
#1624=VECTOR('',#9325,1.);
#1625=VECTOR('',#9326,1.);
#1626=VECTOR('',#9329,1.);
#1627=VECTOR('',#9330,1.);
#1628=VECTOR('',#9333,1.);
#1629=VECTOR('',#9334,1.);
#1630=VECTOR('',#9337,1.);
#1631=VECTOR('',#9338,1.);
#1632=VECTOR('',#9341,1.);
#1633=VECTOR('',#9342,1.);
#1634=VECTOR('',#9345,1.);
#1635=VECTOR('',#9348,1.);
#1636=VECTOR('',#9349,1.);
#1637=VECTOR('',#9350,1.);
#1638=VECTOR('',#9351,1.);
#1639=VECTOR('',#9352,1.);
#1640=VECTOR('',#9353,1.);
#1641=VECTOR('',#9356,1.);
#1642=VECTOR('',#9359,1.);
#1643=VECTOR('',#9360,1.);
#1644=VECTOR('',#9361,1.);
#1645=VECTOR('',#9362,1.);
#1646=VECTOR('',#9363,1.);
#1647=VECTOR('',#9364,1.);
#1648=VECTOR('',#9365,1.);
#1649=VECTOR('',#9368,1.);
#1650=VECTOR('',#9373,1.);
#1651=VECTOR('',#9374,1.);
#1652=VECTOR('',#9377,1.);
#1653=VECTOR('',#9380,1.);
#1654=VECTOR('',#9381,1.);
#1655=VECTOR('',#9382,1.);
#1656=VECTOR('',#9383,1.);
#1657=VECTOR('',#9384,1.);
#1658=VECTOR('',#9385,1.);
#1659=VECTOR('',#9386,1.);
#1660=VECTOR('',#9389,1.);
#1661=VECTOR('',#9392,1.);
#1662=VECTOR('',#9393,1.);
#1663=VECTOR('',#9394,1.);
#1664=VECTOR('',#9395,1.);
#1665=VECTOR('',#9396,1.);
#1666=VECTOR('',#9397,1.);
#1667=VECTOR('',#9398,1.);
#1668=VECTOR('',#9401,1.);
#1669=VECTOR('',#9402,1.);
#1670=VECTOR('',#9405,1.);
#1671=VECTOR('',#9412,1.);
#1672=VECTOR('',#9413,1.);
#1673=VECTOR('',#9414,1.);
#1674=VECTOR('',#9417,1.);
#1675=VECTOR('',#9418,1.);
#1676=VECTOR('',#9421,1.);
#1677=VECTOR('',#9422,1.);
#1678=VECTOR('',#9425,1.);
#1679=VECTOR('',#9432,1.);
#1680=VECTOR('',#9435,1.);
#1681=VECTOR('',#9436,1.);
#1682=VECTOR('',#9437,1.);
#1683=VECTOR('',#9438,1.);
#1684=VECTOR('',#9439,1.);
#1685=VECTOR('',#9444,1.);
#1686=VECTOR('',#9447,1.);
#1687=VECTOR('',#9448,1.);
#1688=VECTOR('',#9449,1.);
#1689=VECTOR('',#9450,1.);
#1690=VECTOR('',#9451,1.);
#1691=VECTOR('',#9454,1.);
#1692=VECTOR('',#9457,1.);
#1693=VECTOR('',#9458,1.);
#1694=VECTOR('',#9459,1.);
#1695=VECTOR('',#9460,1.);
#1696=VECTOR('',#9461,1.);
#1697=VECTOR('',#9464,1.);
#1698=VECTOR('',#9465,1.);
#1699=VECTOR('',#9468,1.);
#1700=VECTOR('',#9469,1.);
#1701=VECTOR('',#9472,1.);
#1702=VECTOR('',#9473,1.);
#1703=VECTOR('',#9476,1.);
#1704=VECTOR('',#9477,1.);
#1705=VECTOR('',#9480,1.);
#1706=VECTOR('',#9481,1.);
#1707=VECTOR('',#9482,1.);
#1708=VECTOR('',#9483,1.);
#1709=VECTOR('',#9486,1.);
#1710=VECTOR('',#9493,1.);
#1711=VECTOR('',#9494,1.);
#1712=VECTOR('',#9495,1.);
#1713=VECTOR('',#9496,1.);
#1714=VECTOR('',#9497,1.);
#1715=VECTOR('',#9498,1.);
#1716=VECTOR('',#9501,1.);
#1717=VECTOR('',#9504,1.);
#1718=VECTOR('',#9505,1.);
#1719=VECTOR('',#9506,1.);
#1720=VECTOR('',#9507,1.);
#1721=VECTOR('',#9508,1.);
#1722=VECTOR('',#9509,1.);
#1723=VECTOR('',#9510,1.);
#1724=VECTOR('',#9513,1.);
#1725=VECTOR('',#9514,1.);
#1726=VECTOR('',#9517,1.);
#1727=VECTOR('',#9518,1.);
#1728=VECTOR('',#9521,1.);
#1729=VECTOR('',#9524,1.);
#1730=VECTOR('',#9525,1.);
#1731=VECTOR('',#9526,1.);
#1732=VECTOR('',#9527,1.);
#1733=VECTOR('',#9530,1.);
#1734=VECTOR('',#9533,1.);
#1735=VECTOR('',#9536,1.);
#1736=VECTOR('',#9539,1.);
#1737=VECTOR('',#9540,1.);
#1738=VECTOR('',#9541,1.);
#1739=VECTOR('',#9542,1.);
#1740=VECTOR('',#9543,1.);
#1741=VECTOR('',#9544,1.);
#1742=VECTOR('',#9545,1.);
#1743=VECTOR('',#9548,1.);
#1744=VECTOR('',#9549,1.);
#1745=VECTOR('',#9552,1.);
#1746=VECTOR('',#9557,1.);
#1747=VECTOR('',#9562,1.);
#1748=VECTOR('',#9563,1.);
#1749=VECTOR('',#9566,1.);
#1750=VECTOR('',#9569,1.);
#1751=VECTOR('',#9572,1.);
#1752=VECTOR('',#9573,1.);
#1753=VECTOR('',#9576,1.);
#1754=VECTOR('',#9577,1.);
#1755=VECTOR('',#9580,1.);
#1756=VECTOR('',#9581,1.);
#1757=VECTOR('',#9584,1.);
#1758=VECTOR('',#9585,1.);
#1759=VECTOR('',#9588,1.);
#1760=VECTOR('',#9589,1.);
#1761=VECTOR('',#9592,1.);
#1762=VECTOR('',#9593,1.);
#1763=VECTOR('',#9594,1.);
#1764=VECTOR('',#9595,1.);
#1765=VECTOR('',#9596,1.);
#1766=VECTOR('',#9597,1.);
#1767=VECTOR('',#9600,1.);
#1768=VECTOR('',#9605,1.);
#1769=VECTOR('',#9606,1.);
#1770=VECTOR('',#9609,1.);
#1771=VECTOR('',#9610,1.);
#1772=VECTOR('',#9613,1.);
#1773=VECTOR('',#9614,1.);
#1774=VECTOR('',#9617,1.);
#1775=VECTOR('',#9626,1.);
#1776=VECTOR('',#9629,1.);
#1777=VECTOR('',#9630,1.);
#1778=VECTOR('',#9631,1.);
#1779=VECTOR('',#9634,1.);
#1780=VECTOR('',#9635,1.);
#1781=VECTOR('',#9636,1.);
#1782=VECTOR('',#9639,1.);
#1783=VECTOR('',#9640,1.);
#1784=VECTOR('',#9641,1.);
#1785=VECTOR('',#9644,1.);
#1786=VECTOR('',#9645,1.);
#1787=VECTOR('',#9646,1.);
#1788=VECTOR('',#9647,1.);
#1789=VECTOR('',#9648,1.);
#1790=VECTOR('',#9649,1.);
#1791=VECTOR('',#9652,1.);
#1792=VECTOR('',#9653,1.);
#1793=VECTOR('',#9656,1.);
#1794=VECTOR('',#9657,1.);
#1795=VECTOR('',#9660,1.);
#1796=VECTOR('',#9661,1.);
#1797=VECTOR('',#9664,1.);
#1798=VECTOR('',#9665,1.);
#1799=VECTOR('',#9668,1.);
#1800=VECTOR('',#9669,1.);
#1801=VECTOR('',#9672,1.);
#1802=VECTOR('',#9673,1.);
#1803=VECTOR('',#9676,1.);
#1804=VECTOR('',#9677,1.);
#1805=VECTOR('',#9680,1.);
#1806=VECTOR('',#9681,1.);
#1807=VECTOR('',#9682,1.);
#1808=VECTOR('',#9683,1.);
#1809=VECTOR('',#9686,1.);
#1810=VECTOR('',#9693,1.);
#1811=VECTOR('',#9694,1.);
#1812=VECTOR('',#9695,1.);
#1813=VECTOR('',#9696,1.);
#1814=VECTOR('',#9697,1.);
#1815=VECTOR('',#9698,1.);
#1816=VECTOR('',#9699,1.);
#1817=VECTOR('',#9700,1.);
#1818=VECTOR('',#9709,1.);
#1819=VECTOR('',#9710,1.);
#1820=VECTOR('',#9711,1.);
#1821=VECTOR('',#9714,1.);
#1822=VECTOR('',#9715,1.);
#1823=VECTOR('',#9718,1.);
#1824=VECTOR('',#9719,1.);
#1825=VECTOR('',#9722,1.);
#1826=VECTOR('',#9729,1.);
#1827=VECTOR('',#9732,1.);
#1828=VECTOR('',#9733,1.);
#1829=VECTOR('',#9734,1.);
#1830=VECTOR('',#9735,1.);
#1831=VECTOR('',#9736,1.);
#1832=VECTOR('',#9741,1.);
#1833=VECTOR('',#9744,1.);
#1834=VECTOR('',#9745,1.);
#1835=VECTOR('',#9746,1.);
#1836=VECTOR('',#9747,1.);
#1837=VECTOR('',#9748,1.);
#1838=VECTOR('',#9751,1.);
#1839=VECTOR('',#9754,1.);
#1840=VECTOR('',#9755,1.);
#1841=VECTOR('',#9756,1.);
#1842=VECTOR('',#9757,1.);
#1843=VECTOR('',#9760,1.);
#1844=VECTOR('',#9765,1.);
#1845=VECTOR('',#9766,1.);
#1846=VECTOR('',#9769,1.);
#1847=VECTOR('',#9770,1.);
#1848=VECTOR('',#9773,1.);
#1849=VECTOR('',#9774,1.);
#1850=VECTOR('',#9777,1.);
#1851=VECTOR('',#9778,1.);
#1852=VECTOR('',#9781,1.);
#1853=VECTOR('',#9782,1.);
#1854=VECTOR('',#9783,1.);
#1855=VECTOR('',#9784,1.);
#1856=VECTOR('',#9787,1.);
#1857=VECTOR('',#9794,1.);
#1858=VECTOR('',#9795,1.);
#1859=VECTOR('',#9796,1.);
#1860=VECTOR('',#9797,1.);
#1861=VECTOR('',#9798,1.);
#1862=VECTOR('',#9799,1.);
#1863=VECTOR('',#9800,1.);
#1864=VECTOR('',#9801,1.);
#1865=VECTOR('',#9810,1.);
#1866=VECTOR('',#9811,1.);
#1867=VECTOR('',#9812,1.);
#1868=VECTOR('',#9815,1.);
#1869=VECTOR('',#9816,1.);
#1870=VECTOR('',#9819,1.);
#1871=VECTOR('',#9820,1.);
#1872=VECTOR('',#9823,1.);
#1873=VECTOR('',#9828,1.);
#1874=VECTOR('',#9831,1.);
#1875=VECTOR('',#9834,1.);
#1876=VECTOR('',#9835,1.);
#1877=VECTOR('',#9838,1.);
#1878=VECTOR('',#9839,1.);
#1879=VECTOR('',#9842,1.);
#1880=VECTOR('',#9843,1.);
#1881=VECTOR('',#9846,1.);
#1882=VECTOR('',#9847,1.);
#1883=VECTOR('',#9850,1.);
#1884=VECTOR('',#9851,1.);
#1885=VECTOR('',#9854,1.);
#1886=VECTOR('',#9855,1.);
#1887=VECTOR('',#9858,1.);
#1888=VECTOR('',#9859,1.);
#1889=VECTOR('',#9862,1.);
#1890=VECTOR('',#9863,1.);
#1891=VECTOR('',#9866,1.);
#1892=VECTOR('',#9867,1.);
#1893=VECTOR('',#9870,1.);
#1894=VECTOR('',#9871,1.);
#1895=VECTOR('',#9874,1.);
#1896=VECTOR('',#9875,1.);
#1897=VECTOR('',#9878,1.);
#1898=VECTOR('',#9881,1.);
#1899=VECTOR('',#9884,1.);
#1900=VECTOR('',#9885,1.);
#1901=VECTOR('',#9888,1.);
#1902=VECTOR('',#9889,1.);
#1903=VECTOR('',#9892,1.);
#1904=VECTOR('',#9893,1.);
#1905=VECTOR('',#9894,1.);
#1906=VECTOR('',#9897,1.);
#1907=VECTOR('',#9898,1.);
#1908=VECTOR('',#9901,1.);
#1909=VECTOR('',#9906,1.);
#1910=VECTOR('',#9911,1.);
#1911=VECTOR('',#9912,1.);
#1912=VECTOR('',#9915,1.);
#1913=VECTOR('',#9916,1.);
#1914=VECTOR('',#9919,1.);
#1915=VECTOR('',#9920,1.);
#1916=VECTOR('',#9923,1.);
#1917=VECTOR('',#9924,1.);
#1918=VECTOR('',#9927,1.);
#1919=VECTOR('',#9928,1.);
#1920=VECTOR('',#9931,1.);
#1921=VECTOR('',#9932,1.);
#1922=VECTOR('',#9933,1.);
#1923=VECTOR('',#9934,1.);
#1924=VECTOR('',#9935,1.);
#1925=VECTOR('',#9936,1.);
#1926=VECTOR('',#9939,1.);
#1927=VECTOR('',#9944,1.);
#1928=VECTOR('',#9945,1.);
#1929=VECTOR('',#9948,1.);
#1930=VECTOR('',#9949,1.);
#1931=VECTOR('',#9952,1.);
#1932=VECTOR('',#9953,1.);
#1933=VECTOR('',#9956,1.);
#1934=ORIENTED_EDGE('',*,*,#3832,.F.);
#1935=ORIENTED_EDGE('',*,*,#3833,.F.);
#1936=ORIENTED_EDGE('',*,*,#3834,.F.);
#1937=ORIENTED_EDGE('',*,*,#3835,.T.);
#1938=ORIENTED_EDGE('',*,*,#3836,.T.);
#1939=ORIENTED_EDGE('',*,*,#3837,.F.);
#1940=ORIENTED_EDGE('',*,*,#3838,.F.);
#1941=ORIENTED_EDGE('',*,*,#3839,.T.);
#1942=ORIENTED_EDGE('',*,*,#3840,.T.);
#1943=ORIENTED_EDGE('',*,*,#3841,.F.);
#1944=ORIENTED_EDGE('',*,*,#3842,.F.);
#1945=ORIENTED_EDGE('',*,*,#3843,.T.);
#1946=ORIENTED_EDGE('',*,*,#3844,.T.);
#1947=ORIENTED_EDGE('',*,*,#3845,.F.);
#1948=ORIENTED_EDGE('',*,*,#3846,.F.);
#1949=ORIENTED_EDGE('',*,*,#3847,.T.);
#1950=ORIENTED_EDGE('',*,*,#3848,.T.);
#1951=ORIENTED_EDGE('',*,*,#3849,.F.);
#1952=ORIENTED_EDGE('',*,*,#3850,.F.);
#1953=ORIENTED_EDGE('',*,*,#3851,.T.);
#1954=ORIENTED_EDGE('',*,*,#3852,.T.);
#1955=ORIENTED_EDGE('',*,*,#3853,.F.);
#1956=ORIENTED_EDGE('',*,*,#3854,.F.);
#1957=ORIENTED_EDGE('',*,*,#3855,.T.);
#1958=ORIENTED_EDGE('',*,*,#3856,.T.);
#1959=ORIENTED_EDGE('',*,*,#3857,.F.);
#1960=ORIENTED_EDGE('',*,*,#3858,.T.);
#1961=ORIENTED_EDGE('',*,*,#3859,.F.);
#1962=ORIENTED_EDGE('',*,*,#3860,.T.);
#1963=ORIENTED_EDGE('',*,*,#3861,.T.);
#1964=ORIENTED_EDGE('',*,*,#3862,.F.);
#1965=ORIENTED_EDGE('',*,*,#3863,.F.);
#1966=ORIENTED_EDGE('',*,*,#3864,.T.);
#1967=ORIENTED_EDGE('',*,*,#3865,.T.);
#1968=ORIENTED_EDGE('',*,*,#3866,.F.);
#1969=ORIENTED_EDGE('',*,*,#3867,.T.);
#1970=ORIENTED_EDGE('',*,*,#3868,.T.);
#1971=ORIENTED_EDGE('',*,*,#3869,.F.);
#1972=ORIENTED_EDGE('',*,*,#3870,.F.);
#1973=ORIENTED_EDGE('',*,*,#3871,.F.);
#1974=ORIENTED_EDGE('',*,*,#3872,.T.);
#1975=ORIENTED_EDGE('',*,*,#3873,.T.);
#1976=ORIENTED_EDGE('',*,*,#3874,.F.);
#1977=ORIENTED_EDGE('',*,*,#3875,.F.);
#1978=ORIENTED_EDGE('',*,*,#3876,.T.);
#1979=ORIENTED_EDGE('',*,*,#3877,.T.);
#1980=ORIENTED_EDGE('',*,*,#3878,.F.);
#1981=ORIENTED_EDGE('',*,*,#3879,.T.);
#1982=ORIENTED_EDGE('',*,*,#3880,.F.);
#1983=ORIENTED_EDGE('',*,*,#3881,.T.);
#1984=ORIENTED_EDGE('',*,*,#3882,.T.);
#1985=ORIENTED_EDGE('',*,*,#3883,.F.);
#1986=ORIENTED_EDGE('',*,*,#3867,.F.);
#1987=ORIENTED_EDGE('',*,*,#3884,.F.);
#1988=ORIENTED_EDGE('',*,*,#3834,.T.);
#1989=ORIENTED_EDGE('',*,*,#3885,.T.);
#1990=ORIENTED_EDGE('',*,*,#3870,.T.);
#1991=ORIENTED_EDGE('',*,*,#3886,.F.);
#1992=ORIENTED_EDGE('',*,*,#3835,.F.);
#1993=ORIENTED_EDGE('',*,*,#3884,.T.);
#1994=ORIENTED_EDGE('',*,*,#3869,.T.);
#1995=ORIENTED_EDGE('',*,*,#3887,.F.);
#1996=ORIENTED_EDGE('',*,*,#3836,.F.);
#1997=ORIENTED_EDGE('',*,*,#3886,.T.);
#1998=ORIENTED_EDGE('',*,*,#3868,.F.);
#1999=ORIENTED_EDGE('',*,*,#3885,.F.);
#2000=ORIENTED_EDGE('',*,*,#3837,.T.);
#2001=ORIENTED_EDGE('',*,*,#3887,.T.);
#2002=ORIENTED_EDGE('',*,*,#3839,.F.);
#2003=ORIENTED_EDGE('',*,*,#3888,.F.);
#2004=ORIENTED_EDGE('',*,*,#3871,.T.);
#2005=ORIENTED_EDGE('',*,*,#3889,.T.);
#2006=ORIENTED_EDGE('',*,*,#3838,.T.);
#2007=ORIENTED_EDGE('',*,*,#3890,.F.);
#2008=ORIENTED_EDGE('',*,*,#3872,.F.);
#2009=ORIENTED_EDGE('',*,*,#3888,.T.);
#2010=ORIENTED_EDGE('',*,*,#3841,.T.);
#2011=ORIENTED_EDGE('',*,*,#3891,.F.);
#2012=ORIENTED_EDGE('',*,*,#3873,.F.);
#2013=ORIENTED_EDGE('',*,*,#3890,.T.);
#2014=ORIENTED_EDGE('',*,*,#3840,.F.);
#2015=ORIENTED_EDGE('',*,*,#3889,.F.);
#2016=ORIENTED_EDGE('',*,*,#3874,.T.);
#2017=ORIENTED_EDGE('',*,*,#3891,.T.);
#2018=ORIENTED_EDGE('',*,*,#3843,.F.);
#2019=ORIENTED_EDGE('',*,*,#3892,.F.);
#2020=ORIENTED_EDGE('',*,*,#3863,.T.);
#2021=ORIENTED_EDGE('',*,*,#3893,.T.);
#2022=ORIENTED_EDGE('',*,*,#3842,.T.);
#2023=ORIENTED_EDGE('',*,*,#3894,.F.);
#2024=ORIENTED_EDGE('',*,*,#3864,.F.);
#2025=ORIENTED_EDGE('',*,*,#3892,.T.);
#2026=ORIENTED_EDGE('',*,*,#3845,.T.);
#2027=ORIENTED_EDGE('',*,*,#3895,.F.);
#2028=ORIENTED_EDGE('',*,*,#3865,.F.);
#2029=ORIENTED_EDGE('',*,*,#3894,.T.);
#2030=ORIENTED_EDGE('',*,*,#3844,.F.);
#2031=ORIENTED_EDGE('',*,*,#3893,.F.);
#2032=ORIENTED_EDGE('',*,*,#3866,.T.);
#2033=ORIENTED_EDGE('',*,*,#3895,.T.);
#2034=ORIENTED_EDGE('',*,*,#3847,.F.);
#2035=ORIENTED_EDGE('',*,*,#3896,.F.);
#2036=ORIENTED_EDGE('',*,*,#3875,.T.);
#2037=ORIENTED_EDGE('',*,*,#3897,.T.);
#2038=ORIENTED_EDGE('',*,*,#3846,.T.);
#2039=ORIENTED_EDGE('',*,*,#3898,.F.);
#2040=ORIENTED_EDGE('',*,*,#3876,.F.);
#2041=ORIENTED_EDGE('',*,*,#3896,.T.);
#2042=ORIENTED_EDGE('',*,*,#3849,.T.);
#2043=ORIENTED_EDGE('',*,*,#3899,.F.);
#2044=ORIENTED_EDGE('',*,*,#3877,.F.);
#2045=ORIENTED_EDGE('',*,*,#3898,.T.);
#2046=ORIENTED_EDGE('',*,*,#3848,.F.);
#2047=ORIENTED_EDGE('',*,*,#3897,.F.);
#2048=ORIENTED_EDGE('',*,*,#3878,.T.);
#2049=ORIENTED_EDGE('',*,*,#3899,.T.);
#2050=ORIENTED_EDGE('',*,*,#3851,.F.);
#2051=ORIENTED_EDGE('',*,*,#3900,.F.);
#2052=ORIENTED_EDGE('',*,*,#3859,.T.);
#2053=ORIENTED_EDGE('',*,*,#3901,.T.);
#2054=ORIENTED_EDGE('',*,*,#3850,.T.);
#2055=ORIENTED_EDGE('',*,*,#3902,.F.);
#2056=ORIENTED_EDGE('',*,*,#3860,.F.);
#2057=ORIENTED_EDGE('',*,*,#3900,.T.);
#2058=ORIENTED_EDGE('',*,*,#3853,.T.);
#2059=ORIENTED_EDGE('',*,*,#3903,.F.);
#2060=ORIENTED_EDGE('',*,*,#3861,.F.);
#2061=ORIENTED_EDGE('',*,*,#3902,.T.);
#2062=ORIENTED_EDGE('',*,*,#3852,.F.);
#2063=ORIENTED_EDGE('',*,*,#3901,.F.);
#2064=ORIENTED_EDGE('',*,*,#3862,.T.);
#2065=ORIENTED_EDGE('',*,*,#3903,.T.);
#2066=ORIENTED_EDGE('',*,*,#3879,.F.);
#2067=ORIENTED_EDGE('',*,*,#3833,.T.);
#2068=ORIENTED_EDGE('',*,*,#3855,.F.);
#2069=ORIENTED_EDGE('',*,*,#3904,.F.);
#2070=ORIENTED_EDGE('',*,*,#3880,.T.);
#2071=ORIENTED_EDGE('',*,*,#3905,.T.);
#2072=ORIENTED_EDGE('',*,*,#3854,.T.);
#2073=ORIENTED_EDGE('',*,*,#3906,.F.);
#2074=ORIENTED_EDGE('',*,*,#3881,.F.);
#2075=ORIENTED_EDGE('',*,*,#3904,.T.);
#2076=ORIENTED_EDGE('',*,*,#3857,.T.);
#2077=ORIENTED_EDGE('',*,*,#3907,.F.);
#2078=ORIENTED_EDGE('',*,*,#3882,.F.);
#2079=ORIENTED_EDGE('',*,*,#3906,.T.);
#2080=ORIENTED_EDGE('',*,*,#3856,.F.);
#2081=ORIENTED_EDGE('',*,*,#3905,.F.);
#2082=ORIENTED_EDGE('',*,*,#3883,.T.);
#2083=ORIENTED_EDGE('',*,*,#3907,.T.);
#2084=ORIENTED_EDGE('',*,*,#3858,.F.);
#2085=ORIENTED_EDGE('',*,*,#3832,.T.);
#2086=ORIENTED_EDGE('',*,*,#3908,.T.);
#2087=ORIENTED_EDGE('',*,*,#3909,.T.);
#2088=ORIENTED_EDGE('',*,*,#3910,.T.);
#2089=ORIENTED_EDGE('',*,*,#3911,.T.);
#2090=ORIENTED_EDGE('',*,*,#3912,.T.);
#2091=ORIENTED_EDGE('',*,*,#3913,.T.);
#2092=ORIENTED_EDGE('',*,*,#3914,.T.);
#2093=ORIENTED_EDGE('',*,*,#3915,.T.);
#2094=ORIENTED_EDGE('',*,*,#3916,.T.);
#2095=ORIENTED_EDGE('',*,*,#3917,.T.);
#2096=ORIENTED_EDGE('',*,*,#3918,.T.);
#2097=ORIENTED_EDGE('',*,*,#3919,.T.);
#2098=ORIENTED_EDGE('',*,*,#3920,.T.);
#2099=ORIENTED_EDGE('',*,*,#3921,.T.);
#2100=ORIENTED_EDGE('',*,*,#3922,.T.);
#2101=ORIENTED_EDGE('',*,*,#3923,.T.);
#2102=ORIENTED_EDGE('',*,*,#3924,.T.);
#2103=ORIENTED_EDGE('',*,*,#3925,.T.);
#2104=ORIENTED_EDGE('',*,*,#3926,.T.);
#2105=ORIENTED_EDGE('',*,*,#3927,.T.);
#2106=ORIENTED_EDGE('',*,*,#3928,.T.);
#2107=ORIENTED_EDGE('',*,*,#3929,.T.);
#2108=ORIENTED_EDGE('',*,*,#3930,.T.);
#2109=ORIENTED_EDGE('',*,*,#3931,.T.);
#2110=ORIENTED_EDGE('',*,*,#3932,.T.);
#2111=ORIENTED_EDGE('',*,*,#3933,.T.);
#2112=ORIENTED_EDGE('',*,*,#3934,.T.);
#2113=ORIENTED_EDGE('',*,*,#3935,.T.);
#2114=ORIENTED_EDGE('',*,*,#3936,.T.);
#2115=ORIENTED_EDGE('',*,*,#3937,.T.);
#2116=ORIENTED_EDGE('',*,*,#3938,.T.);
#2117=ORIENTED_EDGE('',*,*,#3939,.T.);
#2118=ORIENTED_EDGE('',*,*,#3940,.T.);
#2119=ORIENTED_EDGE('',*,*,#3941,.T.);
#2120=ORIENTED_EDGE('',*,*,#3942,.T.);
#2121=ORIENTED_EDGE('',*,*,#3943,.T.);
#2122=ORIENTED_EDGE('',*,*,#3944,.T.);
#2123=ORIENTED_EDGE('',*,*,#3945,.T.);
#2124=ORIENTED_EDGE('',*,*,#3946,.T.);
#2125=ORIENTED_EDGE('',*,*,#3947,.T.);
#2126=ORIENTED_EDGE('',*,*,#3948,.T.);
#2127=ORIENTED_EDGE('',*,*,#3949,.T.);
#2128=ORIENTED_EDGE('',*,*,#3950,.T.);
#2129=ORIENTED_EDGE('',*,*,#3951,.T.);
#2130=ORIENTED_EDGE('',*,*,#3952,.T.);
#2131=ORIENTED_EDGE('',*,*,#3953,.T.);
#2132=ORIENTED_EDGE('',*,*,#3954,.T.);
#2133=ORIENTED_EDGE('',*,*,#3955,.T.);
#2134=ORIENTED_EDGE('',*,*,#3956,.T.);
#2135=ORIENTED_EDGE('',*,*,#3957,.T.);
#2136=ORIENTED_EDGE('',*,*,#3958,.T.);
#2137=ORIENTED_EDGE('',*,*,#3959,.T.);
#2138=ORIENTED_EDGE('',*,*,#3960,.T.);
#2139=ORIENTED_EDGE('',*,*,#3961,.T.);
#2140=ORIENTED_EDGE('',*,*,#3962,.T.);
#2141=ORIENTED_EDGE('',*,*,#3963,.T.);
#2142=ORIENTED_EDGE('',*,*,#3964,.T.);
#2143=ORIENTED_EDGE('',*,*,#3965,.T.);
#2144=ORIENTED_EDGE('',*,*,#3966,.T.);
#2145=ORIENTED_EDGE('',*,*,#3967,.T.);
#2146=ORIENTED_EDGE('',*,*,#3968,.T.);
#2147=ORIENTED_EDGE('',*,*,#3969,.T.);
#2148=ORIENTED_EDGE('',*,*,#3970,.T.);
#2149=ORIENTED_EDGE('',*,*,#3971,.T.);
#2150=ORIENTED_EDGE('',*,*,#3972,.T.);
#2151=ORIENTED_EDGE('',*,*,#3973,.T.);
#2152=ORIENTED_EDGE('',*,*,#3974,.T.);
#2153=ORIENTED_EDGE('',*,*,#3975,.T.);
#2154=ORIENTED_EDGE('',*,*,#3976,.T.);
#2155=ORIENTED_EDGE('',*,*,#3977,.T.);
#2156=ORIENTED_EDGE('',*,*,#3978,.T.);
#2157=ORIENTED_EDGE('',*,*,#3979,.T.);
#2158=ORIENTED_EDGE('',*,*,#3980,.T.);
#2159=ORIENTED_EDGE('',*,*,#3981,.T.);
#2160=ORIENTED_EDGE('',*,*,#3982,.T.);
#2161=ORIENTED_EDGE('',*,*,#3983,.T.);
#2162=ORIENTED_EDGE('',*,*,#3984,.T.);
#2163=ORIENTED_EDGE('',*,*,#3985,.T.);
#2164=ORIENTED_EDGE('',*,*,#3986,.F.);
#2165=ORIENTED_EDGE('',*,*,#3987,.F.);
#2166=ORIENTED_EDGE('',*,*,#3988,.T.);
#2167=ORIENTED_EDGE('',*,*,#3989,.T.);
#2168=ORIENTED_EDGE('',*,*,#3990,.T.);
#2169=ORIENTED_EDGE('',*,*,#3991,.T.);
#2170=ORIENTED_EDGE('',*,*,#3992,.T.);
#2171=ORIENTED_EDGE('',*,*,#3993,.T.);
#2172=ORIENTED_EDGE('',*,*,#3994,.T.);
#2173=ORIENTED_EDGE('',*,*,#3995,.T.);
#2174=ORIENTED_EDGE('',*,*,#3996,.T.);
#2175=ORIENTED_EDGE('',*,*,#3997,.T.);
#2176=ORIENTED_EDGE('',*,*,#3998,.T.);
#2177=ORIENTED_EDGE('',*,*,#3999,.T.);
#2178=ORIENTED_EDGE('',*,*,#4000,.T.);
#2179=ORIENTED_EDGE('',*,*,#4001,.T.);
#2180=ORIENTED_EDGE('',*,*,#4002,.T.);
#2181=ORIENTED_EDGE('',*,*,#4003,.T.);
#2182=ORIENTED_EDGE('',*,*,#4004,.T.);
#2183=ORIENTED_EDGE('',*,*,#4005,.T.);
#2184=ORIENTED_EDGE('',*,*,#4006,.T.);
#2185=ORIENTED_EDGE('',*,*,#4007,.T.);
#2186=ORIENTED_EDGE('',*,*,#4008,.T.);
#2187=ORIENTED_EDGE('',*,*,#4009,.T.);
#2188=ORIENTED_EDGE('',*,*,#4010,.T.);
#2189=ORIENTED_EDGE('',*,*,#4011,.T.);
#2190=ORIENTED_EDGE('',*,*,#4012,.T.);
#2191=ORIENTED_EDGE('',*,*,#4013,.T.);
#2192=ORIENTED_EDGE('',*,*,#4014,.T.);
#2193=ORIENTED_EDGE('',*,*,#4015,.T.);
#2194=ORIENTED_EDGE('',*,*,#4016,.T.);
#2195=ORIENTED_EDGE('',*,*,#4017,.T.);
#2196=ORIENTED_EDGE('',*,*,#4018,.T.);
#2197=ORIENTED_EDGE('',*,*,#4019,.T.);
#2198=ORIENTED_EDGE('',*,*,#4020,.T.);
#2199=ORIENTED_EDGE('',*,*,#4021,.T.);
#2200=ORIENTED_EDGE('',*,*,#4022,.T.);
#2201=ORIENTED_EDGE('',*,*,#4023,.T.);
#2202=ORIENTED_EDGE('',*,*,#4024,.T.);
#2203=ORIENTED_EDGE('',*,*,#4025,.T.);
#2204=ORIENTED_EDGE('',*,*,#4026,.T.);
#2205=ORIENTED_EDGE('',*,*,#4027,.T.);
#2206=ORIENTED_EDGE('',*,*,#4028,.T.);
#2207=ORIENTED_EDGE('',*,*,#4029,.T.);
#2208=ORIENTED_EDGE('',*,*,#4030,.T.);
#2209=ORIENTED_EDGE('',*,*,#4031,.T.);
#2210=ORIENTED_EDGE('',*,*,#4032,.T.);
#2211=ORIENTED_EDGE('',*,*,#4033,.T.);
#2212=ORIENTED_EDGE('',*,*,#4034,.T.);
#2213=ORIENTED_EDGE('',*,*,#4035,.T.);
#2214=ORIENTED_EDGE('',*,*,#4036,.T.);
#2215=ORIENTED_EDGE('',*,*,#4037,.T.);
#2216=ORIENTED_EDGE('',*,*,#4038,.T.);
#2217=ORIENTED_EDGE('',*,*,#4039,.T.);
#2218=ORIENTED_EDGE('',*,*,#4040,.T.);
#2219=ORIENTED_EDGE('',*,*,#4041,.T.);
#2220=ORIENTED_EDGE('',*,*,#4042,.T.);
#2221=ORIENTED_EDGE('',*,*,#4043,.T.);
#2222=ORIENTED_EDGE('',*,*,#4044,.T.);
#2223=ORIENTED_EDGE('',*,*,#4045,.T.);
#2224=ORIENTED_EDGE('',*,*,#4046,.T.);
#2225=ORIENTED_EDGE('',*,*,#4047,.T.);
#2226=ORIENTED_EDGE('',*,*,#4048,.T.);
#2227=ORIENTED_EDGE('',*,*,#4049,.T.);
#2228=ORIENTED_EDGE('',*,*,#4050,.T.);
#2229=ORIENTED_EDGE('',*,*,#4051,.T.);
#2230=ORIENTED_EDGE('',*,*,#4052,.T.);
#2231=ORIENTED_EDGE('',*,*,#4053,.T.);
#2232=ORIENTED_EDGE('',*,*,#4054,.T.);
#2233=ORIENTED_EDGE('',*,*,#4055,.T.);
#2234=ORIENTED_EDGE('',*,*,#4056,.T.);
#2235=ORIENTED_EDGE('',*,*,#4057,.T.);
#2236=ORIENTED_EDGE('',*,*,#4058,.T.);
#2237=ORIENTED_EDGE('',*,*,#4059,.T.);
#2238=ORIENTED_EDGE('',*,*,#4060,.T.);
#2239=ORIENTED_EDGE('',*,*,#4061,.T.);
#2240=ORIENTED_EDGE('',*,*,#4062,.T.);
#2241=ORIENTED_EDGE('',*,*,#4063,.T.);
#2242=ORIENTED_EDGE('',*,*,#4064,.T.);
#2243=ORIENTED_EDGE('',*,*,#4065,.T.);
#2244=ORIENTED_EDGE('',*,*,#4066,.T.);
#2245=ORIENTED_EDGE('',*,*,#4067,.T.);
#2246=ORIENTED_EDGE('',*,*,#4068,.T.);
#2247=ORIENTED_EDGE('',*,*,#4069,.T.);
#2248=ORIENTED_EDGE('',*,*,#4070,.T.);
#2249=ORIENTED_EDGE('',*,*,#4071,.T.);
#2250=ORIENTED_EDGE('',*,*,#4072,.T.);
#2251=ORIENTED_EDGE('',*,*,#4073,.T.);
#2252=ORIENTED_EDGE('',*,*,#4074,.T.);
#2253=ORIENTED_EDGE('',*,*,#4075,.T.);
#2254=ORIENTED_EDGE('',*,*,#4076,.T.);
#2255=ORIENTED_EDGE('',*,*,#4077,.T.);
#2256=ORIENTED_EDGE('',*,*,#4078,.T.);
#2257=ORIENTED_EDGE('',*,*,#4079,.T.);
#2258=ORIENTED_EDGE('',*,*,#4080,.T.);
#2259=ORIENTED_EDGE('',*,*,#4081,.T.);
#2260=ORIENTED_EDGE('',*,*,#4082,.T.);
#2261=ORIENTED_EDGE('',*,*,#4083,.T.);
#2262=ORIENTED_EDGE('',*,*,#3989,.F.);
#2263=ORIENTED_EDGE('',*,*,#4084,.F.);
#2264=ORIENTED_EDGE('',*,*,#4085,.T.);
#2265=ORIENTED_EDGE('',*,*,#4086,.T.);
#2266=ORIENTED_EDGE('',*,*,#4087,.T.);
#2267=ORIENTED_EDGE('',*,*,#4088,.T.);
#2268=ORIENTED_EDGE('',*,*,#4089,.T.);
#2269=ORIENTED_EDGE('',*,*,#4090,.T.);
#2270=ORIENTED_EDGE('',*,*,#4091,.T.);
#2271=ORIENTED_EDGE('',*,*,#4092,.T.);
#2272=ORIENTED_EDGE('',*,*,#4093,.T.);
#2273=ORIENTED_EDGE('',*,*,#4094,.T.);
#2274=ORIENTED_EDGE('',*,*,#4095,.T.);
#2275=ORIENTED_EDGE('',*,*,#4096,.T.);
#2276=ORIENTED_EDGE('',*,*,#4097,.T.);
#2277=ORIENTED_EDGE('',*,*,#4098,.T.);
#2278=ORIENTED_EDGE('',*,*,#4099,.T.);
#2279=ORIENTED_EDGE('',*,*,#4100,.T.);
#2280=ORIENTED_EDGE('',*,*,#4101,.T.);
#2281=ORIENTED_EDGE('',*,*,#4102,.T.);
#2282=ORIENTED_EDGE('',*,*,#4103,.T.);
#2283=ORIENTED_EDGE('',*,*,#4104,.T.);
#2284=ORIENTED_EDGE('',*,*,#4105,.T.);
#2285=ORIENTED_EDGE('',*,*,#4106,.T.);
#2286=ORIENTED_EDGE('',*,*,#4107,.T.);
#2287=ORIENTED_EDGE('',*,*,#4108,.T.);
#2288=ORIENTED_EDGE('',*,*,#4109,.T.);
#2289=ORIENTED_EDGE('',*,*,#4110,.T.);
#2290=ORIENTED_EDGE('',*,*,#4111,.T.);
#2291=ORIENTED_EDGE('',*,*,#4112,.T.);
#2292=ORIENTED_EDGE('',*,*,#4113,.T.);
#2293=ORIENTED_EDGE('',*,*,#4114,.T.);
#2294=ORIENTED_EDGE('',*,*,#4115,.T.);
#2295=ORIENTED_EDGE('',*,*,#4116,.T.);
#2296=ORIENTED_EDGE('',*,*,#4117,.T.);
#2297=ORIENTED_EDGE('',*,*,#4118,.T.);
#2298=ORIENTED_EDGE('',*,*,#4119,.T.);
#2299=ORIENTED_EDGE('',*,*,#4120,.T.);
#2300=ORIENTED_EDGE('',*,*,#4121,.T.);
#2301=ORIENTED_EDGE('',*,*,#4122,.T.);
#2302=ORIENTED_EDGE('',*,*,#4123,.T.);
#2303=ORIENTED_EDGE('',*,*,#4124,.T.);
#2304=ORIENTED_EDGE('',*,*,#4125,.T.);
#2305=ORIENTED_EDGE('',*,*,#4126,.T.);
#2306=ORIENTED_EDGE('',*,*,#4127,.T.);
#2307=ORIENTED_EDGE('',*,*,#4128,.T.);
#2308=ORIENTED_EDGE('',*,*,#4129,.T.);
#2309=ORIENTED_EDGE('',*,*,#4130,.T.);
#2310=ORIENTED_EDGE('',*,*,#4131,.T.);
#2311=ORIENTED_EDGE('',*,*,#4132,.T.);
#2312=ORIENTED_EDGE('',*,*,#4133,.T.);
#2313=ORIENTED_EDGE('',*,*,#4134,.T.);
#2314=ORIENTED_EDGE('',*,*,#4135,.T.);
#2315=ORIENTED_EDGE('',*,*,#4136,.T.);
#2316=ORIENTED_EDGE('',*,*,#4137,.T.);
#2317=ORIENTED_EDGE('',*,*,#4138,.T.);
#2318=ORIENTED_EDGE('',*,*,#4139,.T.);
#2319=ORIENTED_EDGE('',*,*,#4140,.T.);
#2320=ORIENTED_EDGE('',*,*,#4141,.T.);
#2321=ORIENTED_EDGE('',*,*,#4142,.T.);
#2322=ORIENTED_EDGE('',*,*,#4143,.T.);
#2323=ORIENTED_EDGE('',*,*,#4144,.T.);
#2324=ORIENTED_EDGE('',*,*,#4145,.T.);
#2325=ORIENTED_EDGE('',*,*,#4146,.T.);
#2326=ORIENTED_EDGE('',*,*,#4147,.T.);
#2327=ORIENTED_EDGE('',*,*,#4148,.T.);
#2328=ORIENTED_EDGE('',*,*,#4149,.T.);
#2329=ORIENTED_EDGE('',*,*,#4150,.T.);
#2330=ORIENTED_EDGE('',*,*,#4151,.T.);
#2331=ORIENTED_EDGE('',*,*,#4152,.T.);
#2332=ORIENTED_EDGE('',*,*,#4153,.F.);
#2333=ORIENTED_EDGE('',*,*,#4154,.T.);
#2334=ORIENTED_EDGE('',*,*,#4155,.F.);
#2335=ORIENTED_EDGE('',*,*,#4156,.T.);
#2336=ORIENTED_EDGE('',*,*,#4157,.T.);
#2337=ORIENTED_EDGE('',*,*,#4158,.F.);
#2338=ORIENTED_EDGE('',*,*,#4159,.T.);
#2339=ORIENTED_EDGE('',*,*,#4160,.F.);
#2340=ORIENTED_EDGE('',*,*,#4161,.T.);
#2341=ORIENTED_EDGE('',*,*,#4162,.T.);
#2342=ORIENTED_EDGE('',*,*,#4163,.T.);
#2343=ORIENTED_EDGE('',*,*,#4164,.F.);
#2344=ORIENTED_EDGE('',*,*,#4165,.F.);
#2345=ORIENTED_EDGE('',*,*,#4166,.F.);
#2346=ORIENTED_EDGE('',*,*,#4167,.F.);
#2347=ORIENTED_EDGE('',*,*,#4168,.T.);
#2348=ORIENTED_EDGE('',*,*,#4150,.F.);
#2349=ORIENTED_EDGE('',*,*,#4169,.F.);
#2350=ORIENTED_EDGE('',*,*,#4170,.F.);
#2351=ORIENTED_EDGE('',*,*,#4171,.T.);
#2352=ORIENTED_EDGE('',*,*,#4162,.F.);
#2353=ORIENTED_EDGE('',*,*,#4172,.T.);
#2354=ORIENTED_EDGE('',*,*,#4173,.T.);
#2355=ORIENTED_EDGE('',*,*,#4174,.F.);
#2356=ORIENTED_EDGE('',*,*,#4154,.F.);
#2357=ORIENTED_EDGE('',*,*,#4175,.F.);
#2358=ORIENTED_EDGE('',*,*,#4176,.T.);
#2359=ORIENTED_EDGE('',*,*,#4177,.T.);
#2360=ORIENTED_EDGE('',*,*,#4155,.T.);
#2361=ORIENTED_EDGE('',*,*,#4174,.T.);
#2362=ORIENTED_EDGE('',*,*,#4178,.F.);
#2363=ORIENTED_EDGE('',*,*,#4179,.F.);
#2364=ORIENTED_EDGE('',*,*,#4180,.F.);
#2365=ORIENTED_EDGE('',*,*,#4175,.T.);
#2366=ORIENTED_EDGE('',*,*,#4181,.F.);
#2367=ORIENTED_EDGE('',*,*,#4182,.F.);
#2368=ORIENTED_EDGE('',*,*,#4183,.T.);
#2369=ORIENTED_EDGE('',*,*,#4184,.T.);
#2370=ORIENTED_EDGE('',*,*,#4158,.T.);
#2371=ORIENTED_EDGE('',*,*,#4185,.F.);
#2372=ORIENTED_EDGE('',*,*,#4186,.F.);
#2373=ORIENTED_EDGE('',*,*,#4182,.T.);
#2374=ORIENTED_EDGE('',*,*,#4187,.T.);
#2375=ORIENTED_EDGE('',*,*,#4172,.F.);
#2376=ORIENTED_EDGE('',*,*,#4161,.F.);
#2377=ORIENTED_EDGE('',*,*,#4188,.F.);
#2378=ORIENTED_EDGE('',*,*,#4189,.T.);
#2379=ORIENTED_EDGE('',*,*,#4084,.T.);
#2380=ORIENTED_EDGE('',*,*,#3988,.F.);
#2381=ORIENTED_EDGE('',*,*,#4187,.F.);
#2382=ORIENTED_EDGE('',*,*,#4181,.T.);
#2383=ORIENTED_EDGE('',*,*,#4178,.T.);
#2384=ORIENTED_EDGE('',*,*,#4173,.F.);
#2385=ORIENTED_EDGE('',*,*,#4190,.F.);
#2386=ORIENTED_EDGE('',*,*,#4191,.F.);
#2387=ORIENTED_EDGE('',*,*,#4188,.T.);
#2388=ORIENTED_EDGE('',*,*,#3987,.T.);
#2389=ORIENTED_EDGE('',*,*,#4192,.T.);
#2390=ORIENTED_EDGE('',*,*,#4085,.F.);
#2391=ORIENTED_EDGE('',*,*,#4189,.F.);
#2392=ORIENTED_EDGE('',*,*,#4191,.T.);
#2393=ORIENTED_EDGE('',*,*,#4190,.T.);
#2394=ORIENTED_EDGE('',*,*,#3986,.T.);
#2395=ORIENTED_EDGE('',*,*,#4083,.F.);
#2396=ORIENTED_EDGE('',*,*,#4192,.F.);
#2397=ORIENTED_EDGE('',*,*,#4160,.T.);
#2398=ORIENTED_EDGE('',*,*,#4193,.F.);
#2399=ORIENTED_EDGE('',*,*,#4194,.F.);
#2400=ORIENTED_EDGE('',*,*,#4185,.T.);
#2401=ORIENTED_EDGE('',*,*,#4159,.F.);
#2402=ORIENTED_EDGE('',*,*,#4184,.F.);
#2403=ORIENTED_EDGE('',*,*,#4195,.T.);
#2404=ORIENTED_EDGE('',*,*,#4193,.T.);
#2405=ORIENTED_EDGE('',*,*,#4186,.T.);
#2406=ORIENTED_EDGE('',*,*,#4194,.T.);
#2407=ORIENTED_EDGE('',*,*,#4195,.F.);
#2408=ORIENTED_EDGE('',*,*,#4183,.F.);
#2409=ORIENTED_EDGE('',*,*,#4165,.T.);
#2410=ORIENTED_EDGE('',*,*,#4196,.F.);
#2411=ORIENTED_EDGE('',*,*,#4197,.F.);
#2412=ORIENTED_EDGE('',*,*,#4169,.T.);
#2413=ORIENTED_EDGE('',*,*,#4164,.T.);
#2414=ORIENTED_EDGE('',*,*,#4198,.F.);
#2415=ORIENTED_EDGE('',*,*,#4199,.F.);
#2416=ORIENTED_EDGE('',*,*,#4196,.T.);
#2417=ORIENTED_EDGE('',*,*,#4163,.F.);
#2418=ORIENTED_EDGE('',*,*,#4171,.F.);
#2419=ORIENTED_EDGE('',*,*,#4200,.T.);
#2420=ORIENTED_EDGE('',*,*,#4198,.T.);
#2421=ORIENTED_EDGE('',*,*,#4170,.T.);
#2422=ORIENTED_EDGE('',*,*,#4197,.T.);
#2423=ORIENTED_EDGE('',*,*,#4199,.T.);
#2424=ORIENTED_EDGE('',*,*,#4200,.F.);
#2425=ORIENTED_EDGE('',*,*,#4156,.F.);
#2426=ORIENTED_EDGE('',*,*,#4177,.F.);
#2427=ORIENTED_EDGE('',*,*,#4201,.T.);
#2428=ORIENTED_EDGE('',*,*,#4202,.T.);
#2429=ORIENTED_EDGE('',*,*,#4157,.F.);
#2430=ORIENTED_EDGE('',*,*,#4202,.F.);
#2431=ORIENTED_EDGE('',*,*,#4203,.T.);
#2432=ORIENTED_EDGE('',*,*,#4179,.T.);
#2433=ORIENTED_EDGE('',*,*,#4201,.F.);
#2434=ORIENTED_EDGE('',*,*,#4176,.F.);
#2435=ORIENTED_EDGE('',*,*,#4180,.T.);
#2436=ORIENTED_EDGE('',*,*,#4203,.F.);
#2437=ORIENTED_EDGE('',*,*,#4151,.F.);
#2438=ORIENTED_EDGE('',*,*,#4168,.F.);
#2439=ORIENTED_EDGE('',*,*,#4204,.T.);
#2440=ORIENTED_EDGE('',*,*,#4205,.T.);
#2441=ORIENTED_EDGE('',*,*,#4153,.T.);
#2442=ORIENTED_EDGE('',*,*,#4206,.F.);
#2443=ORIENTED_EDGE('',*,*,#4207,.F.);
#2444=ORIENTED_EDGE('',*,*,#4166,.T.);
#2445=ORIENTED_EDGE('',*,*,#4152,.F.);
#2446=ORIENTED_EDGE('',*,*,#4205,.F.);
#2447=ORIENTED_EDGE('',*,*,#4208,.T.);
#2448=ORIENTED_EDGE('',*,*,#4206,.T.);
#2449=ORIENTED_EDGE('',*,*,#4204,.F.);
#2450=ORIENTED_EDGE('',*,*,#4167,.T.);
#2451=ORIENTED_EDGE('',*,*,#4207,.T.);
#2452=ORIENTED_EDGE('',*,*,#4208,.F.);
#2453=ORIENTED_EDGE('',*,*,#4073,.F.);
#2454=ORIENTED_EDGE('',*,*,#4209,.F.);
#2455=ORIENTED_EDGE('',*,*,#4210,.T.);
#2456=ORIENTED_EDGE('',*,*,#4211,.T.);
#2457=ORIENTED_EDGE('',*,*,#4072,.F.);
#2458=ORIENTED_EDGE('',*,*,#4212,.F.);
#2459=ORIENTED_EDGE('',*,*,#4213,.T.);
#2460=ORIENTED_EDGE('',*,*,#4209,.T.);
#2461=ORIENTED_EDGE('',*,*,#4082,.F.);
#2462=ORIENTED_EDGE('',*,*,#4214,.F.);
#2463=ORIENTED_EDGE('',*,*,#4215,.T.);
#2464=ORIENTED_EDGE('',*,*,#4212,.T.);
#2465=ORIENTED_EDGE('',*,*,#4081,.F.);
#2466=ORIENTED_EDGE('',*,*,#4216,.F.);
#2467=ORIENTED_EDGE('',*,*,#4217,.T.);
#2468=ORIENTED_EDGE('',*,*,#4214,.T.);
#2469=ORIENTED_EDGE('',*,*,#4080,.F.);
#2470=ORIENTED_EDGE('',*,*,#4218,.F.);
#2471=ORIENTED_EDGE('',*,*,#4219,.T.);
#2472=ORIENTED_EDGE('',*,*,#4216,.T.);
#2473=ORIENTED_EDGE('',*,*,#4079,.F.);
#2474=ORIENTED_EDGE('',*,*,#4220,.F.);
#2475=ORIENTED_EDGE('',*,*,#4221,.T.);
#2476=ORIENTED_EDGE('',*,*,#4218,.T.);
#2477=ORIENTED_EDGE('',*,*,#4078,.F.);
#2478=ORIENTED_EDGE('',*,*,#4222,.F.);
#2479=ORIENTED_EDGE('',*,*,#4223,.T.);
#2480=ORIENTED_EDGE('',*,*,#4220,.T.);
#2481=ORIENTED_EDGE('',*,*,#4077,.F.);
#2482=ORIENTED_EDGE('',*,*,#4224,.F.);
#2483=ORIENTED_EDGE('',*,*,#4225,.T.);
#2484=ORIENTED_EDGE('',*,*,#4222,.T.);
#2485=ORIENTED_EDGE('',*,*,#4076,.F.);
#2486=ORIENTED_EDGE('',*,*,#4226,.F.);
#2487=ORIENTED_EDGE('',*,*,#4227,.T.);
#2488=ORIENTED_EDGE('',*,*,#4224,.T.);
#2489=ORIENTED_EDGE('',*,*,#4075,.F.);
#2490=ORIENTED_EDGE('',*,*,#4228,.F.);
#2491=ORIENTED_EDGE('',*,*,#4229,.T.);
#2492=ORIENTED_EDGE('',*,*,#4226,.T.);
#2493=ORIENTED_EDGE('',*,*,#4074,.F.);
#2494=ORIENTED_EDGE('',*,*,#4211,.F.);
#2495=ORIENTED_EDGE('',*,*,#4230,.T.);
#2496=ORIENTED_EDGE('',*,*,#4228,.T.);
#2497=ORIENTED_EDGE('',*,*,#4210,.F.);
#2498=ORIENTED_EDGE('',*,*,#4213,.F.);
#2499=ORIENTED_EDGE('',*,*,#4215,.F.);
#2500=ORIENTED_EDGE('',*,*,#4217,.F.);
#2501=ORIENTED_EDGE('',*,*,#4219,.F.);
#2502=ORIENTED_EDGE('',*,*,#4221,.F.);
#2503=ORIENTED_EDGE('',*,*,#4223,.F.);
#2504=ORIENTED_EDGE('',*,*,#4225,.F.);
#2505=ORIENTED_EDGE('',*,*,#4227,.F.);
#2506=ORIENTED_EDGE('',*,*,#4229,.F.);
#2507=ORIENTED_EDGE('',*,*,#4230,.F.);
#2508=ORIENTED_EDGE('',*,*,#4231,.F.);
#2509=ORIENTED_EDGE('',*,*,#4232,.F.);
#2510=ORIENTED_EDGE('',*,*,#4233,.T.);
#2511=ORIENTED_EDGE('',*,*,#4234,.T.);
#2512=ORIENTED_EDGE('',*,*,#4235,.F.);
#2513=ORIENTED_EDGE('',*,*,#4236,.F.);
#2514=ORIENTED_EDGE('',*,*,#4237,.T.);
#2515=ORIENTED_EDGE('',*,*,#4232,.T.);
#2516=ORIENTED_EDGE('',*,*,#4238,.F.);
#2517=ORIENTED_EDGE('',*,*,#4239,.F.);
#2518=ORIENTED_EDGE('',*,*,#4240,.T.);
#2519=ORIENTED_EDGE('',*,*,#4236,.T.);
#2520=ORIENTED_EDGE('',*,*,#4241,.F.);
#2521=ORIENTED_EDGE('',*,*,#4242,.F.);
#2522=ORIENTED_EDGE('',*,*,#4243,.T.);
#2523=ORIENTED_EDGE('',*,*,#4239,.T.);
#2524=ORIENTED_EDGE('',*,*,#4244,.F.);
#2525=ORIENTED_EDGE('',*,*,#4245,.F.);
#2526=ORIENTED_EDGE('',*,*,#4246,.T.);
#2527=ORIENTED_EDGE('',*,*,#4242,.T.);
#2528=ORIENTED_EDGE('',*,*,#4087,.F.);
#2529=ORIENTED_EDGE('',*,*,#4247,.F.);
#2530=ORIENTED_EDGE('',*,*,#4248,.T.);
#2531=ORIENTED_EDGE('',*,*,#4249,.T.);
#2532=ORIENTED_EDGE('',*,*,#4086,.F.);
#2533=ORIENTED_EDGE('',*,*,#4250,.F.);
#2534=ORIENTED_EDGE('',*,*,#4251,.T.);
#2535=ORIENTED_EDGE('',*,*,#4247,.T.);
#2536=ORIENTED_EDGE('',*,*,#4103,.F.);
#2537=ORIENTED_EDGE('',*,*,#4252,.F.);
#2538=ORIENTED_EDGE('',*,*,#4253,.T.);
#2539=ORIENTED_EDGE('',*,*,#4250,.T.);
#2540=ORIENTED_EDGE('',*,*,#4102,.F.);
#2541=ORIENTED_EDGE('',*,*,#4254,.F.);
#2542=ORIENTED_EDGE('',*,*,#4255,.T.);
#2543=ORIENTED_EDGE('',*,*,#4252,.T.);
#2544=ORIENTED_EDGE('',*,*,#4101,.F.);
#2545=ORIENTED_EDGE('',*,*,#4256,.F.);
#2546=ORIENTED_EDGE('',*,*,#4257,.T.);
#2547=ORIENTED_EDGE('',*,*,#4254,.T.);
#2548=ORIENTED_EDGE('',*,*,#4100,.F.);
#2549=ORIENTED_EDGE('',*,*,#4258,.F.);
#2550=ORIENTED_EDGE('',*,*,#4259,.T.);
#2551=ORIENTED_EDGE('',*,*,#4256,.T.);
#2552=ORIENTED_EDGE('',*,*,#4099,.F.);
#2553=ORIENTED_EDGE('',*,*,#4260,.F.);
#2554=ORIENTED_EDGE('',*,*,#4261,.T.);
#2555=ORIENTED_EDGE('',*,*,#4258,.T.);
#2556=ORIENTED_EDGE('',*,*,#4098,.F.);
#2557=ORIENTED_EDGE('',*,*,#4262,.F.);
#2558=ORIENTED_EDGE('',*,*,#4263,.T.);
#2559=ORIENTED_EDGE('',*,*,#4260,.T.);
#2560=ORIENTED_EDGE('',*,*,#4097,.F.);
#2561=ORIENTED_EDGE('',*,*,#4264,.F.);
#2562=ORIENTED_EDGE('',*,*,#4265,.T.);
#2563=ORIENTED_EDGE('',*,*,#4262,.T.);
#2564=ORIENTED_EDGE('',*,*,#4096,.F.);
#2565=ORIENTED_EDGE('',*,*,#4266,.F.);
#2566=ORIENTED_EDGE('',*,*,#4267,.T.);
#2567=ORIENTED_EDGE('',*,*,#4264,.T.);
#2568=ORIENTED_EDGE('',*,*,#4095,.F.);
#2569=ORIENTED_EDGE('',*,*,#4268,.F.);
#2570=ORIENTED_EDGE('',*,*,#4269,.T.);
#2571=ORIENTED_EDGE('',*,*,#4266,.T.);
#2572=ORIENTED_EDGE('',*,*,#4094,.F.);
#2573=ORIENTED_EDGE('',*,*,#4270,.F.);
#2574=ORIENTED_EDGE('',*,*,#4271,.T.);
#2575=ORIENTED_EDGE('',*,*,#4268,.T.);
#2576=ORIENTED_EDGE('',*,*,#4093,.F.);
#2577=ORIENTED_EDGE('',*,*,#4272,.F.);
#2578=ORIENTED_EDGE('',*,*,#4273,.T.);
#2579=ORIENTED_EDGE('',*,*,#4270,.T.);
#2580=ORIENTED_EDGE('',*,*,#4092,.F.);
#2581=ORIENTED_EDGE('',*,*,#4274,.F.);
#2582=ORIENTED_EDGE('',*,*,#4275,.T.);
#2583=ORIENTED_EDGE('',*,*,#4272,.T.);
#2584=ORIENTED_EDGE('',*,*,#4091,.F.);
#2585=ORIENTED_EDGE('',*,*,#4276,.F.);
#2586=ORIENTED_EDGE('',*,*,#4277,.T.);
#2587=ORIENTED_EDGE('',*,*,#4274,.T.);
#2588=ORIENTED_EDGE('',*,*,#4090,.F.);
#2589=ORIENTED_EDGE('',*,*,#4278,.F.);
#2590=ORIENTED_EDGE('',*,*,#4279,.T.);
#2591=ORIENTED_EDGE('',*,*,#4276,.T.);
#2592=ORIENTED_EDGE('',*,*,#4089,.F.);
#2593=ORIENTED_EDGE('',*,*,#4280,.F.);
#2594=ORIENTED_EDGE('',*,*,#4281,.T.);
#2595=ORIENTED_EDGE('',*,*,#4278,.T.);
#2596=ORIENTED_EDGE('',*,*,#4088,.F.);
#2597=ORIENTED_EDGE('',*,*,#4249,.F.);
#2598=ORIENTED_EDGE('',*,*,#4282,.T.);
#2599=ORIENTED_EDGE('',*,*,#4280,.T.);
#2600=ORIENTED_EDGE('',*,*,#4283,.F.);
#2601=ORIENTED_EDGE('',*,*,#4234,.F.);
#2602=ORIENTED_EDGE('',*,*,#4284,.T.);
#2603=ORIENTED_EDGE('',*,*,#4245,.T.);
#2604=ORIENTED_EDGE('',*,*,#4248,.F.);
#2605=ORIENTED_EDGE('',*,*,#4251,.F.);
#2606=ORIENTED_EDGE('',*,*,#4253,.F.);
#2607=ORIENTED_EDGE('',*,*,#4255,.F.);
#2608=ORIENTED_EDGE('',*,*,#4257,.F.);
#2609=ORIENTED_EDGE('',*,*,#4259,.F.);
#2610=ORIENTED_EDGE('',*,*,#4261,.F.);
#2611=ORIENTED_EDGE('',*,*,#4263,.F.);
#2612=ORIENTED_EDGE('',*,*,#4265,.F.);
#2613=ORIENTED_EDGE('',*,*,#4267,.F.);
#2614=ORIENTED_EDGE('',*,*,#4269,.F.);
#2615=ORIENTED_EDGE('',*,*,#4271,.F.);
#2616=ORIENTED_EDGE('',*,*,#4273,.F.);
#2617=ORIENTED_EDGE('',*,*,#4275,.F.);
#2618=ORIENTED_EDGE('',*,*,#4277,.F.);
#2619=ORIENTED_EDGE('',*,*,#4279,.F.);
#2620=ORIENTED_EDGE('',*,*,#4281,.F.);
#2621=ORIENTED_EDGE('',*,*,#4282,.F.);
#2622=ORIENTED_EDGE('',*,*,#4233,.F.);
#2623=ORIENTED_EDGE('',*,*,#4237,.F.);
#2624=ORIENTED_EDGE('',*,*,#4240,.F.);
#2625=ORIENTED_EDGE('',*,*,#4243,.F.);
#2626=ORIENTED_EDGE('',*,*,#4246,.F.);
#2627=ORIENTED_EDGE('',*,*,#4284,.F.);
#2628=ORIENTED_EDGE('',*,*,#4235,.T.);
#2629=ORIENTED_EDGE('',*,*,#4231,.T.);
#2630=ORIENTED_EDGE('',*,*,#4283,.T.);
#2631=ORIENTED_EDGE('',*,*,#4244,.T.);
#2632=ORIENTED_EDGE('',*,*,#4241,.T.);
#2633=ORIENTED_EDGE('',*,*,#4238,.T.);
#2634=ORIENTED_EDGE('',*,*,#4105,.F.);
#2635=ORIENTED_EDGE('',*,*,#4285,.F.);
#2636=ORIENTED_EDGE('',*,*,#4286,.T.);
#2637=ORIENTED_EDGE('',*,*,#4287,.T.);
#2638=ORIENTED_EDGE('',*,*,#4104,.F.);
#2639=ORIENTED_EDGE('',*,*,#4288,.F.);
#2640=ORIENTED_EDGE('',*,*,#4289,.T.);
#2641=ORIENTED_EDGE('',*,*,#4285,.T.);
#2642=ORIENTED_EDGE('',*,*,#4111,.F.);
#2643=ORIENTED_EDGE('',*,*,#4290,.F.);
#2644=ORIENTED_EDGE('',*,*,#4291,.T.);
#2645=ORIENTED_EDGE('',*,*,#4288,.T.);
#2646=ORIENTED_EDGE('',*,*,#4110,.F.);
#2647=ORIENTED_EDGE('',*,*,#4292,.F.);
#2648=ORIENTED_EDGE('',*,*,#4293,.T.);
#2649=ORIENTED_EDGE('',*,*,#4290,.T.);
#2650=ORIENTED_EDGE('',*,*,#4109,.F.);
#2651=ORIENTED_EDGE('',*,*,#4294,.F.);
#2652=ORIENTED_EDGE('',*,*,#4295,.T.);
#2653=ORIENTED_EDGE('',*,*,#4292,.T.);
#2654=ORIENTED_EDGE('',*,*,#4108,.F.);
#2655=ORIENTED_EDGE('',*,*,#4296,.F.);
#2656=ORIENTED_EDGE('',*,*,#4297,.T.);
#2657=ORIENTED_EDGE('',*,*,#4294,.T.);
#2658=ORIENTED_EDGE('',*,*,#4107,.F.);
#2659=ORIENTED_EDGE('',*,*,#4298,.F.);
#2660=ORIENTED_EDGE('',*,*,#4299,.T.);
#2661=ORIENTED_EDGE('',*,*,#4296,.T.);
#2662=ORIENTED_EDGE('',*,*,#4106,.F.);
#2663=ORIENTED_EDGE('',*,*,#4287,.F.);
#2664=ORIENTED_EDGE('',*,*,#4300,.T.);
#2665=ORIENTED_EDGE('',*,*,#4298,.T.);
#2666=ORIENTED_EDGE('',*,*,#4286,.F.);
#2667=ORIENTED_EDGE('',*,*,#4289,.F.);
#2668=ORIENTED_EDGE('',*,*,#4291,.F.);
#2669=ORIENTED_EDGE('',*,*,#4293,.F.);
#2670=ORIENTED_EDGE('',*,*,#4295,.F.);
#2671=ORIENTED_EDGE('',*,*,#4297,.F.);
#2672=ORIENTED_EDGE('',*,*,#4299,.F.);
#2673=ORIENTED_EDGE('',*,*,#4300,.F.);
#2674=ORIENTED_EDGE('',*,*,#4113,.F.);
#2675=ORIENTED_EDGE('',*,*,#4301,.F.);
#2676=ORIENTED_EDGE('',*,*,#4302,.T.);
#2677=ORIENTED_EDGE('',*,*,#4303,.T.);
#2678=ORIENTED_EDGE('',*,*,#4112,.F.);
#2679=ORIENTED_EDGE('',*,*,#4304,.F.);
#2680=ORIENTED_EDGE('',*,*,#4305,.T.);
#2681=ORIENTED_EDGE('',*,*,#4301,.T.);
#2682=ORIENTED_EDGE('',*,*,#4145,.F.);
#2683=ORIENTED_EDGE('',*,*,#4306,.F.);
#2684=ORIENTED_EDGE('',*,*,#4307,.T.);
#2685=ORIENTED_EDGE('',*,*,#4304,.T.);
#2686=ORIENTED_EDGE('',*,*,#4144,.F.);
#2687=ORIENTED_EDGE('',*,*,#4308,.F.);
#2688=ORIENTED_EDGE('',*,*,#4309,.T.);
#2689=ORIENTED_EDGE('',*,*,#4306,.T.);
#2690=ORIENTED_EDGE('',*,*,#4143,.F.);
#2691=ORIENTED_EDGE('',*,*,#4310,.F.);
#2692=ORIENTED_EDGE('',*,*,#4311,.T.);
#2693=ORIENTED_EDGE('',*,*,#4308,.T.);
#2694=ORIENTED_EDGE('',*,*,#4142,.F.);
#2695=ORIENTED_EDGE('',*,*,#4312,.F.);
#2696=ORIENTED_EDGE('',*,*,#4313,.T.);
#2697=ORIENTED_EDGE('',*,*,#4310,.T.);
#2698=ORIENTED_EDGE('',*,*,#4141,.F.);
#2699=ORIENTED_EDGE('',*,*,#4314,.F.);
#2700=ORIENTED_EDGE('',*,*,#4315,.T.);
#2701=ORIENTED_EDGE('',*,*,#4312,.T.);
#2702=ORIENTED_EDGE('',*,*,#4140,.F.);
#2703=ORIENTED_EDGE('',*,*,#4316,.F.);
#2704=ORIENTED_EDGE('',*,*,#4317,.T.);
#2705=ORIENTED_EDGE('',*,*,#4314,.T.);
#2706=ORIENTED_EDGE('',*,*,#4139,.F.);
#2707=ORIENTED_EDGE('',*,*,#4318,.F.);
#2708=ORIENTED_EDGE('',*,*,#4319,.T.);
#2709=ORIENTED_EDGE('',*,*,#4316,.T.);
#2710=ORIENTED_EDGE('',*,*,#4138,.F.);
#2711=ORIENTED_EDGE('',*,*,#4320,.F.);
#2712=ORIENTED_EDGE('',*,*,#4321,.T.);
#2713=ORIENTED_EDGE('',*,*,#4318,.T.);
#2714=ORIENTED_EDGE('',*,*,#4137,.F.);
#2715=ORIENTED_EDGE('',*,*,#4322,.F.);
#2716=ORIENTED_EDGE('',*,*,#4323,.T.);
#2717=ORIENTED_EDGE('',*,*,#4320,.T.);
#2718=ORIENTED_EDGE('',*,*,#4136,.F.);
#2719=ORIENTED_EDGE('',*,*,#4324,.F.);
#2720=ORIENTED_EDGE('',*,*,#4325,.T.);
#2721=ORIENTED_EDGE('',*,*,#4322,.T.);
#2722=ORIENTED_EDGE('',*,*,#4135,.F.);
#2723=ORIENTED_EDGE('',*,*,#4326,.F.);
#2724=ORIENTED_EDGE('',*,*,#4327,.T.);
#2725=ORIENTED_EDGE('',*,*,#4324,.T.);
#2726=ORIENTED_EDGE('',*,*,#4134,.F.);
#2727=ORIENTED_EDGE('',*,*,#4328,.F.);
#2728=ORIENTED_EDGE('',*,*,#4329,.T.);
#2729=ORIENTED_EDGE('',*,*,#4326,.T.);
#2730=ORIENTED_EDGE('',*,*,#4133,.F.);
#2731=ORIENTED_EDGE('',*,*,#4330,.F.);
#2732=ORIENTED_EDGE('',*,*,#4331,.T.);
#2733=ORIENTED_EDGE('',*,*,#4328,.T.);
#2734=ORIENTED_EDGE('',*,*,#4132,.F.);
#2735=ORIENTED_EDGE('',*,*,#4332,.F.);
#2736=ORIENTED_EDGE('',*,*,#4333,.T.);
#2737=ORIENTED_EDGE('',*,*,#4330,.T.);
#2738=ORIENTED_EDGE('',*,*,#4131,.F.);
#2739=ORIENTED_EDGE('',*,*,#4334,.F.);
#2740=ORIENTED_EDGE('',*,*,#4335,.T.);
#2741=ORIENTED_EDGE('',*,*,#4332,.T.);
#2742=ORIENTED_EDGE('',*,*,#4130,.F.);
#2743=ORIENTED_EDGE('',*,*,#4336,.F.);
#2744=ORIENTED_EDGE('',*,*,#4337,.T.);
#2745=ORIENTED_EDGE('',*,*,#4334,.T.);
#2746=ORIENTED_EDGE('',*,*,#4129,.F.);
#2747=ORIENTED_EDGE('',*,*,#4338,.F.);
#2748=ORIENTED_EDGE('',*,*,#4339,.T.);
#2749=ORIENTED_EDGE('',*,*,#4336,.T.);
#2750=ORIENTED_EDGE('',*,*,#4128,.F.);
#2751=ORIENTED_EDGE('',*,*,#4340,.F.);
#2752=ORIENTED_EDGE('',*,*,#4341,.T.);
#2753=ORIENTED_EDGE('',*,*,#4338,.T.);
#2754=ORIENTED_EDGE('',*,*,#4127,.F.);
#2755=ORIENTED_EDGE('',*,*,#4342,.F.);
#2756=ORIENTED_EDGE('',*,*,#4343,.T.);
#2757=ORIENTED_EDGE('',*,*,#4340,.T.);
#2758=ORIENTED_EDGE('',*,*,#4126,.F.);
#2759=ORIENTED_EDGE('',*,*,#4344,.F.);
#2760=ORIENTED_EDGE('',*,*,#4345,.T.);
#2761=ORIENTED_EDGE('',*,*,#4342,.T.);
#2762=ORIENTED_EDGE('',*,*,#4125,.F.);
#2763=ORIENTED_EDGE('',*,*,#4346,.F.);
#2764=ORIENTED_EDGE('',*,*,#4347,.T.);
#2765=ORIENTED_EDGE('',*,*,#4344,.T.);
#2766=ORIENTED_EDGE('',*,*,#4124,.F.);
#2767=ORIENTED_EDGE('',*,*,#4348,.F.);
#2768=ORIENTED_EDGE('',*,*,#4349,.T.);
#2769=ORIENTED_EDGE('',*,*,#4346,.T.);
#2770=ORIENTED_EDGE('',*,*,#4123,.F.);
#2771=ORIENTED_EDGE('',*,*,#4350,.F.);
#2772=ORIENTED_EDGE('',*,*,#4351,.T.);
#2773=ORIENTED_EDGE('',*,*,#4348,.T.);
#2774=ORIENTED_EDGE('',*,*,#4122,.F.);
#2775=ORIENTED_EDGE('',*,*,#4352,.F.);
#2776=ORIENTED_EDGE('',*,*,#4353,.T.);
#2777=ORIENTED_EDGE('',*,*,#4350,.T.);
#2778=ORIENTED_EDGE('',*,*,#4121,.F.);
#2779=ORIENTED_EDGE('',*,*,#4354,.F.);
#2780=ORIENTED_EDGE('',*,*,#4355,.T.);
#2781=ORIENTED_EDGE('',*,*,#4352,.T.);
#2782=ORIENTED_EDGE('',*,*,#4120,.F.);
#2783=ORIENTED_EDGE('',*,*,#4356,.F.);
#2784=ORIENTED_EDGE('',*,*,#4357,.T.);
#2785=ORIENTED_EDGE('',*,*,#4354,.T.);
#2786=ORIENTED_EDGE('',*,*,#4119,.F.);
#2787=ORIENTED_EDGE('',*,*,#4358,.F.);
#2788=ORIENTED_EDGE('',*,*,#4359,.T.);
#2789=ORIENTED_EDGE('',*,*,#4356,.T.);
#2790=ORIENTED_EDGE('',*,*,#4118,.F.);
#2791=ORIENTED_EDGE('',*,*,#4360,.F.);
#2792=ORIENTED_EDGE('',*,*,#4361,.T.);
#2793=ORIENTED_EDGE('',*,*,#4358,.T.);
#2794=ORIENTED_EDGE('',*,*,#4117,.F.);
#2795=ORIENTED_EDGE('',*,*,#4362,.F.);
#2796=ORIENTED_EDGE('',*,*,#4363,.T.);
#2797=ORIENTED_EDGE('',*,*,#4360,.T.);
#2798=ORIENTED_EDGE('',*,*,#4116,.F.);
#2799=ORIENTED_EDGE('',*,*,#4364,.F.);
#2800=ORIENTED_EDGE('',*,*,#4365,.T.);
#2801=ORIENTED_EDGE('',*,*,#4362,.T.);
#2802=ORIENTED_EDGE('',*,*,#4115,.F.);
#2803=ORIENTED_EDGE('',*,*,#4366,.F.);
#2804=ORIENTED_EDGE('',*,*,#4367,.T.);
#2805=ORIENTED_EDGE('',*,*,#4364,.T.);
#2806=ORIENTED_EDGE('',*,*,#4114,.F.);
#2807=ORIENTED_EDGE('',*,*,#4303,.F.);
#2808=ORIENTED_EDGE('',*,*,#4368,.T.);
#2809=ORIENTED_EDGE('',*,*,#4366,.T.);
#2810=ORIENTED_EDGE('',*,*,#4302,.F.);
#2811=ORIENTED_EDGE('',*,*,#4305,.F.);
#2812=ORIENTED_EDGE('',*,*,#4307,.F.);
#2813=ORIENTED_EDGE('',*,*,#4309,.F.);
#2814=ORIENTED_EDGE('',*,*,#4311,.F.);
#2815=ORIENTED_EDGE('',*,*,#4313,.F.);
#2816=ORIENTED_EDGE('',*,*,#4315,.F.);
#2817=ORIENTED_EDGE('',*,*,#4317,.F.);
#2818=ORIENTED_EDGE('',*,*,#4319,.F.);
#2819=ORIENTED_EDGE('',*,*,#4321,.F.);
#2820=ORIENTED_EDGE('',*,*,#4323,.F.);
#2821=ORIENTED_EDGE('',*,*,#4325,.F.);
#2822=ORIENTED_EDGE('',*,*,#4327,.F.);
#2823=ORIENTED_EDGE('',*,*,#4329,.F.);
#2824=ORIENTED_EDGE('',*,*,#4331,.F.);
#2825=ORIENTED_EDGE('',*,*,#4333,.F.);
#2826=ORIENTED_EDGE('',*,*,#4335,.F.);
#2827=ORIENTED_EDGE('',*,*,#4337,.F.);
#2828=ORIENTED_EDGE('',*,*,#4339,.F.);
#2829=ORIENTED_EDGE('',*,*,#4341,.F.);
#2830=ORIENTED_EDGE('',*,*,#4343,.F.);
#2831=ORIENTED_EDGE('',*,*,#4345,.F.);
#2832=ORIENTED_EDGE('',*,*,#4347,.F.);
#2833=ORIENTED_EDGE('',*,*,#4349,.F.);
#2834=ORIENTED_EDGE('',*,*,#4351,.F.);
#2835=ORIENTED_EDGE('',*,*,#4353,.F.);
#2836=ORIENTED_EDGE('',*,*,#4355,.F.);
#2837=ORIENTED_EDGE('',*,*,#4357,.F.);
#2838=ORIENTED_EDGE('',*,*,#4359,.F.);
#2839=ORIENTED_EDGE('',*,*,#4361,.F.);
#2840=ORIENTED_EDGE('',*,*,#4363,.F.);
#2841=ORIENTED_EDGE('',*,*,#4365,.F.);
#2842=ORIENTED_EDGE('',*,*,#4367,.F.);
#2843=ORIENTED_EDGE('',*,*,#4368,.F.);
#2844=ORIENTED_EDGE('',*,*,#4147,.F.);
#2845=ORIENTED_EDGE('',*,*,#4369,.F.);
#2846=ORIENTED_EDGE('',*,*,#4370,.T.);
#2847=ORIENTED_EDGE('',*,*,#4371,.T.);
#2848=ORIENTED_EDGE('',*,*,#4146,.F.);
#2849=ORIENTED_EDGE('',*,*,#4372,.F.);
#2850=ORIENTED_EDGE('',*,*,#4373,.T.);
#2851=ORIENTED_EDGE('',*,*,#4369,.T.);
#2852=ORIENTED_EDGE('',*,*,#4149,.F.);
#2853=ORIENTED_EDGE('',*,*,#4374,.F.);
#2854=ORIENTED_EDGE('',*,*,#4375,.T.);
#2855=ORIENTED_EDGE('',*,*,#4372,.T.);
#2856=ORIENTED_EDGE('',*,*,#4148,.F.);
#2857=ORIENTED_EDGE('',*,*,#4371,.F.);
#2858=ORIENTED_EDGE('',*,*,#4376,.T.);
#2859=ORIENTED_EDGE('',*,*,#4374,.T.);
#2860=ORIENTED_EDGE('',*,*,#4370,.F.);
#2861=ORIENTED_EDGE('',*,*,#4373,.F.);
#2862=ORIENTED_EDGE('',*,*,#4375,.F.);
#2863=ORIENTED_EDGE('',*,*,#4376,.F.);
#2864=ORIENTED_EDGE('',*,*,#4377,.F.);
#2865=ORIENTED_EDGE('',*,*,#4378,.F.);
#2866=ORIENTED_EDGE('',*,*,#4379,.T.);
#2867=ORIENTED_EDGE('',*,*,#4380,.T.);
#2868=ORIENTED_EDGE('',*,*,#4381,.F.);
#2869=ORIENTED_EDGE('',*,*,#4382,.F.);
#2870=ORIENTED_EDGE('',*,*,#4383,.T.);
#2871=ORIENTED_EDGE('',*,*,#4378,.T.);
#2872=ORIENTED_EDGE('',*,*,#4384,.F.);
#2873=ORIENTED_EDGE('',*,*,#4385,.F.);
#2874=ORIENTED_EDGE('',*,*,#4386,.T.);
#2875=ORIENTED_EDGE('',*,*,#4382,.T.);
#2876=ORIENTED_EDGE('',*,*,#4387,.F.);
#2877=ORIENTED_EDGE('',*,*,#4388,.F.);
#2878=ORIENTED_EDGE('',*,*,#4389,.T.);
#2879=ORIENTED_EDGE('',*,*,#4385,.T.);
#2880=ORIENTED_EDGE('',*,*,#4390,.F.);
#2881=ORIENTED_EDGE('',*,*,#4391,.F.);
#2882=ORIENTED_EDGE('',*,*,#4392,.T.);
#2883=ORIENTED_EDGE('',*,*,#4388,.T.);
#2884=ORIENTED_EDGE('',*,*,#4393,.F.);
#2885=ORIENTED_EDGE('',*,*,#4394,.F.);
#2886=ORIENTED_EDGE('',*,*,#4395,.T.);
#2887=ORIENTED_EDGE('',*,*,#4391,.T.);
#2888=ORIENTED_EDGE('',*,*,#4396,.F.);
#2889=ORIENTED_EDGE('',*,*,#4397,.F.);
#2890=ORIENTED_EDGE('',*,*,#4398,.T.);
#2891=ORIENTED_EDGE('',*,*,#4394,.T.);
#2892=ORIENTED_EDGE('',*,*,#4399,.F.);
#2893=ORIENTED_EDGE('',*,*,#4400,.F.);
#2894=ORIENTED_EDGE('',*,*,#4401,.T.);
#2895=ORIENTED_EDGE('',*,*,#4397,.T.);
#2896=ORIENTED_EDGE('',*,*,#4402,.F.);
#2897=ORIENTED_EDGE('',*,*,#4403,.F.);
#2898=ORIENTED_EDGE('',*,*,#4404,.T.);
#2899=ORIENTED_EDGE('',*,*,#4400,.T.);
#2900=ORIENTED_EDGE('',*,*,#4057,.F.);
#2901=ORIENTED_EDGE('',*,*,#4405,.F.);
#2902=ORIENTED_EDGE('',*,*,#4406,.T.);
#2903=ORIENTED_EDGE('',*,*,#4407,.T.);
#2904=ORIENTED_EDGE('',*,*,#4056,.F.);
#2905=ORIENTED_EDGE('',*,*,#4408,.F.);
#2906=ORIENTED_EDGE('',*,*,#4409,.T.);
#2907=ORIENTED_EDGE('',*,*,#4405,.T.);
#2908=ORIENTED_EDGE('',*,*,#4071,.F.);
#2909=ORIENTED_EDGE('',*,*,#4410,.F.);
#2910=ORIENTED_EDGE('',*,*,#4411,.T.);
#2911=ORIENTED_EDGE('',*,*,#4408,.T.);
#2912=ORIENTED_EDGE('',*,*,#4070,.F.);
#2913=ORIENTED_EDGE('',*,*,#4412,.F.);
#2914=ORIENTED_EDGE('',*,*,#4413,.T.);
#2915=ORIENTED_EDGE('',*,*,#4410,.T.);
#2916=ORIENTED_EDGE('',*,*,#4069,.F.);
#2917=ORIENTED_EDGE('',*,*,#4414,.F.);
#2918=ORIENTED_EDGE('',*,*,#4415,.T.);
#2919=ORIENTED_EDGE('',*,*,#4412,.T.);
#2920=ORIENTED_EDGE('',*,*,#4068,.F.);
#2921=ORIENTED_EDGE('',*,*,#4416,.F.);
#2922=ORIENTED_EDGE('',*,*,#4417,.T.);
#2923=ORIENTED_EDGE('',*,*,#4414,.T.);
#2924=ORIENTED_EDGE('',*,*,#4067,.F.);
#2925=ORIENTED_EDGE('',*,*,#4418,.F.);
#2926=ORIENTED_EDGE('',*,*,#4419,.T.);
#2927=ORIENTED_EDGE('',*,*,#4416,.T.);
#2928=ORIENTED_EDGE('',*,*,#4066,.F.);
#2929=ORIENTED_EDGE('',*,*,#4420,.F.);
#2930=ORIENTED_EDGE('',*,*,#4421,.T.);
#2931=ORIENTED_EDGE('',*,*,#4418,.T.);
#2932=ORIENTED_EDGE('',*,*,#4065,.F.);
#2933=ORIENTED_EDGE('',*,*,#4422,.F.);
#2934=ORIENTED_EDGE('',*,*,#4423,.T.);
#2935=ORIENTED_EDGE('',*,*,#4420,.T.);
#2936=ORIENTED_EDGE('',*,*,#4064,.F.);
#2937=ORIENTED_EDGE('',*,*,#4424,.F.);
#2938=ORIENTED_EDGE('',*,*,#4425,.T.);
#2939=ORIENTED_EDGE('',*,*,#4422,.T.);
#2940=ORIENTED_EDGE('',*,*,#4063,.F.);
#2941=ORIENTED_EDGE('',*,*,#4426,.F.);
#2942=ORIENTED_EDGE('',*,*,#4427,.T.);
#2943=ORIENTED_EDGE('',*,*,#4424,.T.);
#2944=ORIENTED_EDGE('',*,*,#4062,.F.);
#2945=ORIENTED_EDGE('',*,*,#4428,.F.);
#2946=ORIENTED_EDGE('',*,*,#4429,.T.);
#2947=ORIENTED_EDGE('',*,*,#4426,.T.);
#2948=ORIENTED_EDGE('',*,*,#4061,.F.);
#2949=ORIENTED_EDGE('',*,*,#4430,.F.);
#2950=ORIENTED_EDGE('',*,*,#4431,.T.);
#2951=ORIENTED_EDGE('',*,*,#4428,.T.);
#2952=ORIENTED_EDGE('',*,*,#4060,.F.);
#2953=ORIENTED_EDGE('',*,*,#4432,.F.);
#2954=ORIENTED_EDGE('',*,*,#4433,.T.);
#2955=ORIENTED_EDGE('',*,*,#4430,.T.);
#2956=ORIENTED_EDGE('',*,*,#4059,.F.);
#2957=ORIENTED_EDGE('',*,*,#4434,.F.);
#2958=ORIENTED_EDGE('',*,*,#4435,.T.);
#2959=ORIENTED_EDGE('',*,*,#4432,.T.);
#2960=ORIENTED_EDGE('',*,*,#4058,.F.);
#2961=ORIENTED_EDGE('',*,*,#4407,.F.);
#2962=ORIENTED_EDGE('',*,*,#4436,.T.);
#2963=ORIENTED_EDGE('',*,*,#4434,.T.);
#2964=ORIENTED_EDGE('',*,*,#4437,.F.);
#2965=ORIENTED_EDGE('',*,*,#4380,.F.);
#2966=ORIENTED_EDGE('',*,*,#4438,.T.);
#2967=ORIENTED_EDGE('',*,*,#4403,.T.);
#2968=ORIENTED_EDGE('',*,*,#4406,.F.);
#2969=ORIENTED_EDGE('',*,*,#4409,.F.);
#2970=ORIENTED_EDGE('',*,*,#4411,.F.);
#2971=ORIENTED_EDGE('',*,*,#4413,.F.);
#2972=ORIENTED_EDGE('',*,*,#4415,.F.);
#2973=ORIENTED_EDGE('',*,*,#4417,.F.);
#2974=ORIENTED_EDGE('',*,*,#4419,.F.);
#2975=ORIENTED_EDGE('',*,*,#4421,.F.);
#2976=ORIENTED_EDGE('',*,*,#4423,.F.);
#2977=ORIENTED_EDGE('',*,*,#4425,.F.);
#2978=ORIENTED_EDGE('',*,*,#4427,.F.);
#2979=ORIENTED_EDGE('',*,*,#4429,.F.);
#2980=ORIENTED_EDGE('',*,*,#4431,.F.);
#2981=ORIENTED_EDGE('',*,*,#4433,.F.);
#2982=ORIENTED_EDGE('',*,*,#4435,.F.);
#2983=ORIENTED_EDGE('',*,*,#4436,.F.);
#2984=ORIENTED_EDGE('',*,*,#4379,.F.);
#2985=ORIENTED_EDGE('',*,*,#4383,.F.);
#2986=ORIENTED_EDGE('',*,*,#4386,.F.);
#2987=ORIENTED_EDGE('',*,*,#4389,.F.);
#2988=ORIENTED_EDGE('',*,*,#4392,.F.);
#2989=ORIENTED_EDGE('',*,*,#4395,.F.);
#2990=ORIENTED_EDGE('',*,*,#4398,.F.);
#2991=ORIENTED_EDGE('',*,*,#4401,.F.);
#2992=ORIENTED_EDGE('',*,*,#4404,.F.);
#2993=ORIENTED_EDGE('',*,*,#4438,.F.);
#2994=ORIENTED_EDGE('',*,*,#4381,.T.);
#2995=ORIENTED_EDGE('',*,*,#4377,.T.);
#2996=ORIENTED_EDGE('',*,*,#4437,.T.);
#2997=ORIENTED_EDGE('',*,*,#4402,.T.);
#2998=ORIENTED_EDGE('',*,*,#4399,.T.);
#2999=ORIENTED_EDGE('',*,*,#4396,.T.);
#3000=ORIENTED_EDGE('',*,*,#4393,.T.);
#3001=ORIENTED_EDGE('',*,*,#4390,.T.);
#3002=ORIENTED_EDGE('',*,*,#4387,.T.);
#3003=ORIENTED_EDGE('',*,*,#4384,.T.);
#3004=ORIENTED_EDGE('',*,*,#4023,.F.);
#3005=ORIENTED_EDGE('',*,*,#4439,.F.);
#3006=ORIENTED_EDGE('',*,*,#4440,.T.);
#3007=ORIENTED_EDGE('',*,*,#4441,.T.);
#3008=ORIENTED_EDGE('',*,*,#4022,.F.);
#3009=ORIENTED_EDGE('',*,*,#4442,.F.);
#3010=ORIENTED_EDGE('',*,*,#4443,.T.);
#3011=ORIENTED_EDGE('',*,*,#4439,.T.);
#3012=ORIENTED_EDGE('',*,*,#4055,.F.);
#3013=ORIENTED_EDGE('',*,*,#4444,.F.);
#3014=ORIENTED_EDGE('',*,*,#4445,.T.);
#3015=ORIENTED_EDGE('',*,*,#4442,.T.);
#3016=ORIENTED_EDGE('',*,*,#4054,.F.);
#3017=ORIENTED_EDGE('',*,*,#4446,.F.);
#3018=ORIENTED_EDGE('',*,*,#4447,.T.);
#3019=ORIENTED_EDGE('',*,*,#4444,.T.);
#3020=ORIENTED_EDGE('',*,*,#4053,.F.);
#3021=ORIENTED_EDGE('',*,*,#4448,.F.);
#3022=ORIENTED_EDGE('',*,*,#4449,.T.);
#3023=ORIENTED_EDGE('',*,*,#4446,.T.);
#3024=ORIENTED_EDGE('',*,*,#4052,.F.);
#3025=ORIENTED_EDGE('',*,*,#4450,.F.);
#3026=ORIENTED_EDGE('',*,*,#4451,.T.);
#3027=ORIENTED_EDGE('',*,*,#4448,.T.);
#3028=ORIENTED_EDGE('',*,*,#4051,.F.);
#3029=ORIENTED_EDGE('',*,*,#4452,.F.);
#3030=ORIENTED_EDGE('',*,*,#4453,.T.);
#3031=ORIENTED_EDGE('',*,*,#4450,.T.);
#3032=ORIENTED_EDGE('',*,*,#4050,.F.);
#3033=ORIENTED_EDGE('',*,*,#4454,.F.);
#3034=ORIENTED_EDGE('',*,*,#4455,.T.);
#3035=ORIENTED_EDGE('',*,*,#4452,.T.);
#3036=ORIENTED_EDGE('',*,*,#4049,.F.);
#3037=ORIENTED_EDGE('',*,*,#4456,.F.);
#3038=ORIENTED_EDGE('',*,*,#4457,.T.);
#3039=ORIENTED_EDGE('',*,*,#4454,.T.);
#3040=ORIENTED_EDGE('',*,*,#4048,.F.);
#3041=ORIENTED_EDGE('',*,*,#4458,.F.);
#3042=ORIENTED_EDGE('',*,*,#4459,.T.);
#3043=ORIENTED_EDGE('',*,*,#4456,.T.);
#3044=ORIENTED_EDGE('',*,*,#4047,.F.);
#3045=ORIENTED_EDGE('',*,*,#4460,.F.);
#3046=ORIENTED_EDGE('',*,*,#4461,.T.);
#3047=ORIENTED_EDGE('',*,*,#4458,.T.);
#3048=ORIENTED_EDGE('',*,*,#4046,.F.);
#3049=ORIENTED_EDGE('',*,*,#4462,.F.);
#3050=ORIENTED_EDGE('',*,*,#4463,.T.);
#3051=ORIENTED_EDGE('',*,*,#4460,.T.);
#3052=ORIENTED_EDGE('',*,*,#4045,.F.);
#3053=ORIENTED_EDGE('',*,*,#4464,.F.);
#3054=ORIENTED_EDGE('',*,*,#4465,.T.);
#3055=ORIENTED_EDGE('',*,*,#4462,.T.);
#3056=ORIENTED_EDGE('',*,*,#4044,.F.);
#3057=ORIENTED_EDGE('',*,*,#4466,.F.);
#3058=ORIENTED_EDGE('',*,*,#4467,.T.);
#3059=ORIENTED_EDGE('',*,*,#4464,.T.);
#3060=ORIENTED_EDGE('',*,*,#4043,.F.);
#3061=ORIENTED_EDGE('',*,*,#4468,.F.);
#3062=ORIENTED_EDGE('',*,*,#4469,.T.);
#3063=ORIENTED_EDGE('',*,*,#4466,.T.);
#3064=ORIENTED_EDGE('',*,*,#4042,.F.);
#3065=ORIENTED_EDGE('',*,*,#4470,.F.);
#3066=ORIENTED_EDGE('',*,*,#4471,.T.);
#3067=ORIENTED_EDGE('',*,*,#4468,.T.);
#3068=ORIENTED_EDGE('',*,*,#4041,.F.);
#3069=ORIENTED_EDGE('',*,*,#4472,.F.);
#3070=ORIENTED_EDGE('',*,*,#4473,.T.);
#3071=ORIENTED_EDGE('',*,*,#4470,.T.);
#3072=ORIENTED_EDGE('',*,*,#4040,.F.);
#3073=ORIENTED_EDGE('',*,*,#4474,.F.);
#3074=ORIENTED_EDGE('',*,*,#4475,.T.);
#3075=ORIENTED_EDGE('',*,*,#4472,.T.);
#3076=ORIENTED_EDGE('',*,*,#4039,.F.);
#3077=ORIENTED_EDGE('',*,*,#4476,.F.);
#3078=ORIENTED_EDGE('',*,*,#4477,.T.);
#3079=ORIENTED_EDGE('',*,*,#4474,.T.);
#3080=ORIENTED_EDGE('',*,*,#4038,.F.);
#3081=ORIENTED_EDGE('',*,*,#4478,.F.);
#3082=ORIENTED_EDGE('',*,*,#4479,.T.);
#3083=ORIENTED_EDGE('',*,*,#4476,.T.);
#3084=ORIENTED_EDGE('',*,*,#4037,.F.);
#3085=ORIENTED_EDGE('',*,*,#4480,.F.);
#3086=ORIENTED_EDGE('',*,*,#4481,.T.);
#3087=ORIENTED_EDGE('',*,*,#4478,.T.);
#3088=ORIENTED_EDGE('',*,*,#4036,.F.);
#3089=ORIENTED_EDGE('',*,*,#4482,.F.);
#3090=ORIENTED_EDGE('',*,*,#4483,.T.);
#3091=ORIENTED_EDGE('',*,*,#4480,.T.);
#3092=ORIENTED_EDGE('',*,*,#4035,.F.);
#3093=ORIENTED_EDGE('',*,*,#4484,.F.);
#3094=ORIENTED_EDGE('',*,*,#4485,.T.);
#3095=ORIENTED_EDGE('',*,*,#4482,.T.);
#3096=ORIENTED_EDGE('',*,*,#4034,.F.);
#3097=ORIENTED_EDGE('',*,*,#4486,.F.);
#3098=ORIENTED_EDGE('',*,*,#4487,.T.);
#3099=ORIENTED_EDGE('',*,*,#4484,.T.);
#3100=ORIENTED_EDGE('',*,*,#4033,.F.);
#3101=ORIENTED_EDGE('',*,*,#4488,.F.);
#3102=ORIENTED_EDGE('',*,*,#4489,.T.);
#3103=ORIENTED_EDGE('',*,*,#4486,.T.);
#3104=ORIENTED_EDGE('',*,*,#4032,.F.);
#3105=ORIENTED_EDGE('',*,*,#4490,.F.);
#3106=ORIENTED_EDGE('',*,*,#4491,.T.);
#3107=ORIENTED_EDGE('',*,*,#4488,.T.);
#3108=ORIENTED_EDGE('',*,*,#4031,.F.);
#3109=ORIENTED_EDGE('',*,*,#4492,.F.);
#3110=ORIENTED_EDGE('',*,*,#4493,.T.);
#3111=ORIENTED_EDGE('',*,*,#4490,.T.);
#3112=ORIENTED_EDGE('',*,*,#4030,.F.);
#3113=ORIENTED_EDGE('',*,*,#4494,.F.);
#3114=ORIENTED_EDGE('',*,*,#4495,.T.);
#3115=ORIENTED_EDGE('',*,*,#4492,.T.);
#3116=ORIENTED_EDGE('',*,*,#4029,.F.);
#3117=ORIENTED_EDGE('',*,*,#4496,.F.);
#3118=ORIENTED_EDGE('',*,*,#4497,.T.);
#3119=ORIENTED_EDGE('',*,*,#4494,.T.);
#3120=ORIENTED_EDGE('',*,*,#4028,.F.);
#3121=ORIENTED_EDGE('',*,*,#4498,.F.);
#3122=ORIENTED_EDGE('',*,*,#4499,.T.);
#3123=ORIENTED_EDGE('',*,*,#4496,.T.);
#3124=ORIENTED_EDGE('',*,*,#4027,.F.);
#3125=ORIENTED_EDGE('',*,*,#4500,.F.);
#3126=ORIENTED_EDGE('',*,*,#4501,.T.);
#3127=ORIENTED_EDGE('',*,*,#4498,.T.);
#3128=ORIENTED_EDGE('',*,*,#4026,.F.);
#3129=ORIENTED_EDGE('',*,*,#4502,.F.);
#3130=ORIENTED_EDGE('',*,*,#4503,.T.);
#3131=ORIENTED_EDGE('',*,*,#4500,.T.);
#3132=ORIENTED_EDGE('',*,*,#4025,.F.);
#3133=ORIENTED_EDGE('',*,*,#4504,.F.);
#3134=ORIENTED_EDGE('',*,*,#4505,.T.);
#3135=ORIENTED_EDGE('',*,*,#4502,.T.);
#3136=ORIENTED_EDGE('',*,*,#4024,.F.);
#3137=ORIENTED_EDGE('',*,*,#4441,.F.);
#3138=ORIENTED_EDGE('',*,*,#4506,.T.);
#3139=ORIENTED_EDGE('',*,*,#4504,.T.);
#3140=ORIENTED_EDGE('',*,*,#4440,.F.);
#3141=ORIENTED_EDGE('',*,*,#4443,.F.);
#3142=ORIENTED_EDGE('',*,*,#4445,.F.);
#3143=ORIENTED_EDGE('',*,*,#4447,.F.);
#3144=ORIENTED_EDGE('',*,*,#4449,.F.);
#3145=ORIENTED_EDGE('',*,*,#4451,.F.);
#3146=ORIENTED_EDGE('',*,*,#4453,.F.);
#3147=ORIENTED_EDGE('',*,*,#4455,.F.);
#3148=ORIENTED_EDGE('',*,*,#4457,.F.);
#3149=ORIENTED_EDGE('',*,*,#4459,.F.);
#3150=ORIENTED_EDGE('',*,*,#4461,.F.);
#3151=ORIENTED_EDGE('',*,*,#4463,.F.);
#3152=ORIENTED_EDGE('',*,*,#4465,.F.);
#3153=ORIENTED_EDGE('',*,*,#4467,.F.);
#3154=ORIENTED_EDGE('',*,*,#4469,.F.);
#3155=ORIENTED_EDGE('',*,*,#4471,.F.);
#3156=ORIENTED_EDGE('',*,*,#4473,.F.);
#3157=ORIENTED_EDGE('',*,*,#4475,.F.);
#3158=ORIENTED_EDGE('',*,*,#4477,.F.);
#3159=ORIENTED_EDGE('',*,*,#4479,.F.);
#3160=ORIENTED_EDGE('',*,*,#4481,.F.);
#3161=ORIENTED_EDGE('',*,*,#4483,.F.);
#3162=ORIENTED_EDGE('',*,*,#4485,.F.);
#3163=ORIENTED_EDGE('',*,*,#4487,.F.);
#3164=ORIENTED_EDGE('',*,*,#4489,.F.);
#3165=ORIENTED_EDGE('',*,*,#4491,.F.);
#3166=ORIENTED_EDGE('',*,*,#4493,.F.);
#3167=ORIENTED_EDGE('',*,*,#4495,.F.);
#3168=ORIENTED_EDGE('',*,*,#4497,.F.);
#3169=ORIENTED_EDGE('',*,*,#4499,.F.);
#3170=ORIENTED_EDGE('',*,*,#4501,.F.);
#3171=ORIENTED_EDGE('',*,*,#4503,.F.);
#3172=ORIENTED_EDGE('',*,*,#4505,.F.);
#3173=ORIENTED_EDGE('',*,*,#4506,.F.);
#3174=ORIENTED_EDGE('',*,*,#4004,.F.);
#3175=ORIENTED_EDGE('',*,*,#4507,.F.);
#3176=ORIENTED_EDGE('',*,*,#4508,.T.);
#3177=ORIENTED_EDGE('',*,*,#4509,.T.);
#3178=ORIENTED_EDGE('',*,*,#4003,.F.);
#3179=ORIENTED_EDGE('',*,*,#4510,.F.);
#3180=ORIENTED_EDGE('',*,*,#4511,.T.);
#3181=ORIENTED_EDGE('',*,*,#4507,.T.);
#3182=ORIENTED_EDGE('',*,*,#4021,.F.);
#3183=ORIENTED_EDGE('',*,*,#4512,.F.);
#3184=ORIENTED_EDGE('',*,*,#4513,.T.);
#3185=ORIENTED_EDGE('',*,*,#4510,.T.);
#3186=ORIENTED_EDGE('',*,*,#4020,.F.);
#3187=ORIENTED_EDGE('',*,*,#4514,.F.);
#3188=ORIENTED_EDGE('',*,*,#4515,.T.);
#3189=ORIENTED_EDGE('',*,*,#4512,.T.);
#3190=ORIENTED_EDGE('',*,*,#4019,.F.);
#3191=ORIENTED_EDGE('',*,*,#4516,.F.);
#3192=ORIENTED_EDGE('',*,*,#4517,.T.);
#3193=ORIENTED_EDGE('',*,*,#4514,.T.);
#3194=ORIENTED_EDGE('',*,*,#4018,.F.);
#3195=ORIENTED_EDGE('',*,*,#4518,.F.);
#3196=ORIENTED_EDGE('',*,*,#4519,.T.);
#3197=ORIENTED_EDGE('',*,*,#4516,.T.);
#3198=ORIENTED_EDGE('',*,*,#4017,.F.);
#3199=ORIENTED_EDGE('',*,*,#4520,.F.);
#3200=ORIENTED_EDGE('',*,*,#4521,.T.);
#3201=ORIENTED_EDGE('',*,*,#4518,.T.);
#3202=ORIENTED_EDGE('',*,*,#4016,.F.);
#3203=ORIENTED_EDGE('',*,*,#4522,.F.);
#3204=ORIENTED_EDGE('',*,*,#4523,.T.);
#3205=ORIENTED_EDGE('',*,*,#4520,.T.);
#3206=ORIENTED_EDGE('',*,*,#4015,.F.);
#3207=ORIENTED_EDGE('',*,*,#4524,.F.);
#3208=ORIENTED_EDGE('',*,*,#4525,.T.);
#3209=ORIENTED_EDGE('',*,*,#4522,.T.);
#3210=ORIENTED_EDGE('',*,*,#4014,.F.);
#3211=ORIENTED_EDGE('',*,*,#4526,.F.);
#3212=ORIENTED_EDGE('',*,*,#4527,.T.);
#3213=ORIENTED_EDGE('',*,*,#4524,.T.);
#3214=ORIENTED_EDGE('',*,*,#4013,.F.);
#3215=ORIENTED_EDGE('',*,*,#4528,.F.);
#3216=ORIENTED_EDGE('',*,*,#4529,.T.);
#3217=ORIENTED_EDGE('',*,*,#4526,.T.);
#3218=ORIENTED_EDGE('',*,*,#4012,.F.);
#3219=ORIENTED_EDGE('',*,*,#4530,.F.);
#3220=ORIENTED_EDGE('',*,*,#4531,.T.);
#3221=ORIENTED_EDGE('',*,*,#4528,.T.);
#3222=ORIENTED_EDGE('',*,*,#4011,.F.);
#3223=ORIENTED_EDGE('',*,*,#4532,.F.);
#3224=ORIENTED_EDGE('',*,*,#4533,.T.);
#3225=ORIENTED_EDGE('',*,*,#4530,.T.);
#3226=ORIENTED_EDGE('',*,*,#4010,.F.);
#3227=ORIENTED_EDGE('',*,*,#4534,.F.);
#3228=ORIENTED_EDGE('',*,*,#4535,.T.);
#3229=ORIENTED_EDGE('',*,*,#4532,.T.);
#3230=ORIENTED_EDGE('',*,*,#4009,.F.);
#3231=ORIENTED_EDGE('',*,*,#4536,.F.);
#3232=ORIENTED_EDGE('',*,*,#4537,.T.);
#3233=ORIENTED_EDGE('',*,*,#4534,.T.);
#3234=ORIENTED_EDGE('',*,*,#4008,.F.);
#3235=ORIENTED_EDGE('',*,*,#4538,.F.);
#3236=ORIENTED_EDGE('',*,*,#4539,.T.);
#3237=ORIENTED_EDGE('',*,*,#4536,.T.);
#3238=ORIENTED_EDGE('',*,*,#4007,.F.);
#3239=ORIENTED_EDGE('',*,*,#4540,.F.);
#3240=ORIENTED_EDGE('',*,*,#4541,.T.);
#3241=ORIENTED_EDGE('',*,*,#4538,.T.);
#3242=ORIENTED_EDGE('',*,*,#4006,.F.);
#3243=ORIENTED_EDGE('',*,*,#4542,.F.);
#3244=ORIENTED_EDGE('',*,*,#4543,.T.);
#3245=ORIENTED_EDGE('',*,*,#4540,.T.);
#3246=ORIENTED_EDGE('',*,*,#4005,.F.);
#3247=ORIENTED_EDGE('',*,*,#4509,.F.);
#3248=ORIENTED_EDGE('',*,*,#4544,.T.);
#3249=ORIENTED_EDGE('',*,*,#4542,.T.);
#3250=ORIENTED_EDGE('',*,*,#4508,.F.);
#3251=ORIENTED_EDGE('',*,*,#4511,.F.);
#3252=ORIENTED_EDGE('',*,*,#4513,.F.);
#3253=ORIENTED_EDGE('',*,*,#4515,.F.);
#3254=ORIENTED_EDGE('',*,*,#4517,.F.);
#3255=ORIENTED_EDGE('',*,*,#4519,.F.);
#3256=ORIENTED_EDGE('',*,*,#4521,.F.);
#3257=ORIENTED_EDGE('',*,*,#4523,.F.);
#3258=ORIENTED_EDGE('',*,*,#4525,.F.);
#3259=ORIENTED_EDGE('',*,*,#4527,.F.);
#3260=ORIENTED_EDGE('',*,*,#4529,.F.);
#3261=ORIENTED_EDGE('',*,*,#4531,.F.);
#3262=ORIENTED_EDGE('',*,*,#4533,.F.);
#3263=ORIENTED_EDGE('',*,*,#4535,.F.);
#3264=ORIENTED_EDGE('',*,*,#4537,.F.);
#3265=ORIENTED_EDGE('',*,*,#4539,.F.);
#3266=ORIENTED_EDGE('',*,*,#4541,.F.);
#3267=ORIENTED_EDGE('',*,*,#4543,.F.);
#3268=ORIENTED_EDGE('',*,*,#4544,.F.);
#3269=ORIENTED_EDGE('',*,*,#4545,.F.);
#3270=ORIENTED_EDGE('',*,*,#4546,.F.);
#3271=ORIENTED_EDGE('',*,*,#4547,.T.);
#3272=ORIENTED_EDGE('',*,*,#4548,.T.);
#3273=ORIENTED_EDGE('',*,*,#4549,.F.);
#3274=ORIENTED_EDGE('',*,*,#4550,.F.);
#3275=ORIENTED_EDGE('',*,*,#4551,.T.);
#3276=ORIENTED_EDGE('',*,*,#4546,.T.);
#3277=ORIENTED_EDGE('',*,*,#4552,.F.);
#3278=ORIENTED_EDGE('',*,*,#4553,.F.);
#3279=ORIENTED_EDGE('',*,*,#4554,.T.);
#3280=ORIENTED_EDGE('',*,*,#4550,.T.);
#3281=ORIENTED_EDGE('',*,*,#4555,.F.);
#3282=ORIENTED_EDGE('',*,*,#4556,.F.);
#3283=ORIENTED_EDGE('',*,*,#4557,.T.);
#3284=ORIENTED_EDGE('',*,*,#4553,.T.);
#3285=ORIENTED_EDGE('',*,*,#4558,.F.);
#3286=ORIENTED_EDGE('',*,*,#4559,.F.);
#3287=ORIENTED_EDGE('',*,*,#4560,.T.);
#3288=ORIENTED_EDGE('',*,*,#4556,.T.);
#3289=ORIENTED_EDGE('',*,*,#4561,.F.);
#3290=ORIENTED_EDGE('',*,*,#4562,.F.);
#3291=ORIENTED_EDGE('',*,*,#4563,.T.);
#3292=ORIENTED_EDGE('',*,*,#4559,.T.);
#3293=ORIENTED_EDGE('',*,*,#4564,.F.);
#3294=ORIENTED_EDGE('',*,*,#4565,.F.);
#3295=ORIENTED_EDGE('',*,*,#4566,.T.);
#3296=ORIENTED_EDGE('',*,*,#4562,.T.);
#3297=ORIENTED_EDGE('',*,*,#3991,.F.);
#3298=ORIENTED_EDGE('',*,*,#4567,.F.);
#3299=ORIENTED_EDGE('',*,*,#4568,.T.);
#3300=ORIENTED_EDGE('',*,*,#4569,.T.);
#3301=ORIENTED_EDGE('',*,*,#3990,.F.);
#3302=ORIENTED_EDGE('',*,*,#4570,.F.);
#3303=ORIENTED_EDGE('',*,*,#4571,.T.);
#3304=ORIENTED_EDGE('',*,*,#4567,.T.);
#3305=ORIENTED_EDGE('',*,*,#4002,.F.);
#3306=ORIENTED_EDGE('',*,*,#4572,.F.);
#3307=ORIENTED_EDGE('',*,*,#4573,.T.);
#3308=ORIENTED_EDGE('',*,*,#4570,.T.);
#3309=ORIENTED_EDGE('',*,*,#4001,.F.);
#3310=ORIENTED_EDGE('',*,*,#4574,.F.);
#3311=ORIENTED_EDGE('',*,*,#4575,.T.);
#3312=ORIENTED_EDGE('',*,*,#4572,.T.);
#3313=ORIENTED_EDGE('',*,*,#4000,.F.);
#3314=ORIENTED_EDGE('',*,*,#4576,.F.);
#3315=ORIENTED_EDGE('',*,*,#4577,.T.);
#3316=ORIENTED_EDGE('',*,*,#4574,.T.);
#3317=ORIENTED_EDGE('',*,*,#3999,.F.);
#3318=ORIENTED_EDGE('',*,*,#4578,.F.);
#3319=ORIENTED_EDGE('',*,*,#4579,.T.);
#3320=ORIENTED_EDGE('',*,*,#4576,.T.);
#3321=ORIENTED_EDGE('',*,*,#3998,.F.);
#3322=ORIENTED_EDGE('',*,*,#4580,.F.);
#3323=ORIENTED_EDGE('',*,*,#4581,.T.);
#3324=ORIENTED_EDGE('',*,*,#4578,.T.);
#3325=ORIENTED_EDGE('',*,*,#3997,.F.);
#3326=ORIENTED_EDGE('',*,*,#4582,.F.);
#3327=ORIENTED_EDGE('',*,*,#4583,.T.);
#3328=ORIENTED_EDGE('',*,*,#4580,.T.);
#3329=ORIENTED_EDGE('',*,*,#3996,.F.);
#3330=ORIENTED_EDGE('',*,*,#4584,.F.);
#3331=ORIENTED_EDGE('',*,*,#4585,.T.);
#3332=ORIENTED_EDGE('',*,*,#4582,.T.);
#3333=ORIENTED_EDGE('',*,*,#3995,.F.);
#3334=ORIENTED_EDGE('',*,*,#4586,.F.);
#3335=ORIENTED_EDGE('',*,*,#4587,.T.);
#3336=ORIENTED_EDGE('',*,*,#4584,.T.);
#3337=ORIENTED_EDGE('',*,*,#3994,.F.);
#3338=ORIENTED_EDGE('',*,*,#4588,.F.);
#3339=ORIENTED_EDGE('',*,*,#4589,.T.);
#3340=ORIENTED_EDGE('',*,*,#4586,.T.);
#3341=ORIENTED_EDGE('',*,*,#3993,.F.);
#3342=ORIENTED_EDGE('',*,*,#4590,.F.);
#3343=ORIENTED_EDGE('',*,*,#4591,.T.);
#3344=ORIENTED_EDGE('',*,*,#4588,.T.);
#3345=ORIENTED_EDGE('',*,*,#3992,.F.);
#3346=ORIENTED_EDGE('',*,*,#4569,.F.);
#3347=ORIENTED_EDGE('',*,*,#4592,.T.);
#3348=ORIENTED_EDGE('',*,*,#4590,.T.);
#3349=ORIENTED_EDGE('',*,*,#4593,.F.);
#3350=ORIENTED_EDGE('',*,*,#4548,.F.);
#3351=ORIENTED_EDGE('',*,*,#4594,.T.);
#3352=ORIENTED_EDGE('',*,*,#4565,.T.);
#3353=ORIENTED_EDGE('',*,*,#4568,.F.);
#3354=ORIENTED_EDGE('',*,*,#4571,.F.);
#3355=ORIENTED_EDGE('',*,*,#4573,.F.);
#3356=ORIENTED_EDGE('',*,*,#4575,.F.);
#3357=ORIENTED_EDGE('',*,*,#4577,.F.);
#3358=ORIENTED_EDGE('',*,*,#4579,.F.);
#3359=ORIENTED_EDGE('',*,*,#4581,.F.);
#3360=ORIENTED_EDGE('',*,*,#4583,.F.);
#3361=ORIENTED_EDGE('',*,*,#4585,.F.);
#3362=ORIENTED_EDGE('',*,*,#4587,.F.);
#3363=ORIENTED_EDGE('',*,*,#4589,.F.);
#3364=ORIENTED_EDGE('',*,*,#4591,.F.);
#3365=ORIENTED_EDGE('',*,*,#4592,.F.);
#3366=ORIENTED_EDGE('',*,*,#4547,.F.);
#3367=ORIENTED_EDGE('',*,*,#4551,.F.);
#3368=ORIENTED_EDGE('',*,*,#4554,.F.);
#3369=ORIENTED_EDGE('',*,*,#4557,.F.);
#3370=ORIENTED_EDGE('',*,*,#4560,.F.);
#3371=ORIENTED_EDGE('',*,*,#4563,.F.);
#3372=ORIENTED_EDGE('',*,*,#4566,.F.);
#3373=ORIENTED_EDGE('',*,*,#4594,.F.);
#3374=ORIENTED_EDGE('',*,*,#4549,.T.);
#3375=ORIENTED_EDGE('',*,*,#4545,.T.);
#3376=ORIENTED_EDGE('',*,*,#4593,.T.);
#3377=ORIENTED_EDGE('',*,*,#4564,.T.);
#3378=ORIENTED_EDGE('',*,*,#4561,.T.);
#3379=ORIENTED_EDGE('',*,*,#4558,.T.);
#3380=ORIENTED_EDGE('',*,*,#4555,.T.);
#3381=ORIENTED_EDGE('',*,*,#4552,.T.);
#3382=ORIENTED_EDGE('',*,*,#3978,.F.);
#3383=ORIENTED_EDGE('',*,*,#4595,.F.);
#3384=ORIENTED_EDGE('',*,*,#4596,.T.);
#3385=ORIENTED_EDGE('',*,*,#4597,.T.);
#3386=ORIENTED_EDGE('',*,*,#3985,.F.);
#3387=ORIENTED_EDGE('',*,*,#4598,.F.);
#3388=ORIENTED_EDGE('',*,*,#4599,.T.);
#3389=ORIENTED_EDGE('',*,*,#4595,.T.);
#3390=ORIENTED_EDGE('',*,*,#3984,.F.);
#3391=ORIENTED_EDGE('',*,*,#4600,.F.);
#3392=ORIENTED_EDGE('',*,*,#4601,.T.);
#3393=ORIENTED_EDGE('',*,*,#4598,.T.);
#3394=ORIENTED_EDGE('',*,*,#3983,.F.);
#3395=ORIENTED_EDGE('',*,*,#4602,.F.);
#3396=ORIENTED_EDGE('',*,*,#4603,.T.);
#3397=ORIENTED_EDGE('',*,*,#4600,.T.);
#3398=ORIENTED_EDGE('',*,*,#3982,.F.);
#3399=ORIENTED_EDGE('',*,*,#4604,.F.);
#3400=ORIENTED_EDGE('',*,*,#4605,.T.);
#3401=ORIENTED_EDGE('',*,*,#4602,.T.);
#3402=ORIENTED_EDGE('',*,*,#3981,.F.);
#3403=ORIENTED_EDGE('',*,*,#4606,.F.);
#3404=ORIENTED_EDGE('',*,*,#4607,.T.);
#3405=ORIENTED_EDGE('',*,*,#4604,.T.);
#3406=ORIENTED_EDGE('',*,*,#3980,.F.);
#3407=ORIENTED_EDGE('',*,*,#4608,.F.);
#3408=ORIENTED_EDGE('',*,*,#4609,.T.);
#3409=ORIENTED_EDGE('',*,*,#4606,.T.);
#3410=ORIENTED_EDGE('',*,*,#3979,.F.);
#3411=ORIENTED_EDGE('',*,*,#4597,.F.);
#3412=ORIENTED_EDGE('',*,*,#4610,.T.);
#3413=ORIENTED_EDGE('',*,*,#4608,.T.);
#3414=ORIENTED_EDGE('',*,*,#4596,.F.);
#3415=ORIENTED_EDGE('',*,*,#4599,.F.);
#3416=ORIENTED_EDGE('',*,*,#4601,.F.);
#3417=ORIENTED_EDGE('',*,*,#4603,.F.);
#3418=ORIENTED_EDGE('',*,*,#4605,.F.);
#3419=ORIENTED_EDGE('',*,*,#4607,.F.);
#3420=ORIENTED_EDGE('',*,*,#4609,.F.);
#3421=ORIENTED_EDGE('',*,*,#4610,.F.);
#3422=ORIENTED_EDGE('',*,*,#3974,.F.);
#3423=ORIENTED_EDGE('',*,*,#4611,.F.);
#3424=ORIENTED_EDGE('',*,*,#4612,.T.);
#3425=ORIENTED_EDGE('',*,*,#4613,.T.);
#3426=ORIENTED_EDGE('',*,*,#3977,.F.);
#3427=ORIENTED_EDGE('',*,*,#4614,.F.);
#3428=ORIENTED_EDGE('',*,*,#4615,.T.);
#3429=ORIENTED_EDGE('',*,*,#4611,.T.);
#3430=ORIENTED_EDGE('',*,*,#3976,.F.);
#3431=ORIENTED_EDGE('',*,*,#4616,.F.);
#3432=ORIENTED_EDGE('',*,*,#4617,.T.);
#3433=ORIENTED_EDGE('',*,*,#4614,.T.);
#3434=ORIENTED_EDGE('',*,*,#3975,.F.);
#3435=ORIENTED_EDGE('',*,*,#4613,.F.);
#3436=ORIENTED_EDGE('',*,*,#4618,.T.);
#3437=ORIENTED_EDGE('',*,*,#4616,.T.);
#3438=ORIENTED_EDGE('',*,*,#4612,.F.);
#3439=ORIENTED_EDGE('',*,*,#4615,.F.);
#3440=ORIENTED_EDGE('',*,*,#4617,.F.);
#3441=ORIENTED_EDGE('',*,*,#4618,.F.);
#3442=ORIENTED_EDGE('',*,*,#4619,.F.);
#3443=ORIENTED_EDGE('',*,*,#4620,.F.);
#3444=ORIENTED_EDGE('',*,*,#4621,.T.);
#3445=ORIENTED_EDGE('',*,*,#4622,.T.);
#3446=ORIENTED_EDGE('',*,*,#4623,.F.);
#3447=ORIENTED_EDGE('',*,*,#4624,.F.);
#3448=ORIENTED_EDGE('',*,*,#4625,.T.);
#3449=ORIENTED_EDGE('',*,*,#4620,.T.);
#3450=ORIENTED_EDGE('',*,*,#4626,.F.);
#3451=ORIENTED_EDGE('',*,*,#4627,.F.);
#3452=ORIENTED_EDGE('',*,*,#4628,.T.);
#3453=ORIENTED_EDGE('',*,*,#4624,.T.);
#3454=ORIENTED_EDGE('',*,*,#4629,.F.);
#3455=ORIENTED_EDGE('',*,*,#4630,.F.);
#3456=ORIENTED_EDGE('',*,*,#4631,.T.);
#3457=ORIENTED_EDGE('',*,*,#4627,.T.);
#3458=ORIENTED_EDGE('',*,*,#4632,.F.);
#3459=ORIENTED_EDGE('',*,*,#4633,.F.);
#3460=ORIENTED_EDGE('',*,*,#4634,.T.);
#3461=ORIENTED_EDGE('',*,*,#4630,.T.);
#3462=ORIENTED_EDGE('',*,*,#4635,.F.);
#3463=ORIENTED_EDGE('',*,*,#4636,.F.);
#3464=ORIENTED_EDGE('',*,*,#4637,.T.);
#3465=ORIENTED_EDGE('',*,*,#4633,.T.);
#3466=ORIENTED_EDGE('',*,*,#4638,.F.);
#3467=ORIENTED_EDGE('',*,*,#4639,.F.);
#3468=ORIENTED_EDGE('',*,*,#4640,.T.);
#3469=ORIENTED_EDGE('',*,*,#4636,.T.);
#3470=ORIENTED_EDGE('',*,*,#4641,.F.);
#3471=ORIENTED_EDGE('',*,*,#4642,.F.);
#3472=ORIENTED_EDGE('',*,*,#4643,.T.);
#3473=ORIENTED_EDGE('',*,*,#4639,.T.);
#3474=ORIENTED_EDGE('',*,*,#4644,.F.);
#3475=ORIENTED_EDGE('',*,*,#4645,.F.);
#3476=ORIENTED_EDGE('',*,*,#4646,.T.);
#3477=ORIENTED_EDGE('',*,*,#4642,.T.);
#3478=ORIENTED_EDGE('',*,*,#3958,.F.);
#3479=ORIENTED_EDGE('',*,*,#4647,.F.);
#3480=ORIENTED_EDGE('',*,*,#4648,.T.);
#3481=ORIENTED_EDGE('',*,*,#4649,.T.);
#3482=ORIENTED_EDGE('',*,*,#3973,.F.);
#3483=ORIENTED_EDGE('',*,*,#4650,.F.);
#3484=ORIENTED_EDGE('',*,*,#4651,.T.);
#3485=ORIENTED_EDGE('',*,*,#4647,.T.);
#3486=ORIENTED_EDGE('',*,*,#3972,.F.);
#3487=ORIENTED_EDGE('',*,*,#4652,.F.);
#3488=ORIENTED_EDGE('',*,*,#4653,.T.);
#3489=ORIENTED_EDGE('',*,*,#4650,.T.);
#3490=ORIENTED_EDGE('',*,*,#3971,.F.);
#3491=ORIENTED_EDGE('',*,*,#4654,.F.);
#3492=ORIENTED_EDGE('',*,*,#4655,.T.);
#3493=ORIENTED_EDGE('',*,*,#4652,.T.);
#3494=ORIENTED_EDGE('',*,*,#3970,.F.);
#3495=ORIENTED_EDGE('',*,*,#4656,.F.);
#3496=ORIENTED_EDGE('',*,*,#4657,.T.);
#3497=ORIENTED_EDGE('',*,*,#4654,.T.);
#3498=ORIENTED_EDGE('',*,*,#3969,.F.);
#3499=ORIENTED_EDGE('',*,*,#4658,.F.);
#3500=ORIENTED_EDGE('',*,*,#4659,.T.);
#3501=ORIENTED_EDGE('',*,*,#4656,.T.);
#3502=ORIENTED_EDGE('',*,*,#3968,.F.);
#3503=ORIENTED_EDGE('',*,*,#4660,.F.);
#3504=ORIENTED_EDGE('',*,*,#4661,.T.);
#3505=ORIENTED_EDGE('',*,*,#4658,.T.);
#3506=ORIENTED_EDGE('',*,*,#3967,.F.);
#3507=ORIENTED_EDGE('',*,*,#4662,.F.);
#3508=ORIENTED_EDGE('',*,*,#4663,.T.);
#3509=ORIENTED_EDGE('',*,*,#4660,.T.);
#3510=ORIENTED_EDGE('',*,*,#3966,.F.);
#3511=ORIENTED_EDGE('',*,*,#4664,.F.);
#3512=ORIENTED_EDGE('',*,*,#4665,.T.);
#3513=ORIENTED_EDGE('',*,*,#4662,.T.);
#3514=ORIENTED_EDGE('',*,*,#3965,.F.);
#3515=ORIENTED_EDGE('',*,*,#4666,.F.);
#3516=ORIENTED_EDGE('',*,*,#4667,.T.);
#3517=ORIENTED_EDGE('',*,*,#4664,.T.);
#3518=ORIENTED_EDGE('',*,*,#3964,.F.);
#3519=ORIENTED_EDGE('',*,*,#4668,.F.);
#3520=ORIENTED_EDGE('',*,*,#4669,.T.);
#3521=ORIENTED_EDGE('',*,*,#4666,.T.);
#3522=ORIENTED_EDGE('',*,*,#3963,.F.);
#3523=ORIENTED_EDGE('',*,*,#4670,.F.);
#3524=ORIENTED_EDGE('',*,*,#4671,.T.);
#3525=ORIENTED_EDGE('',*,*,#4668,.T.);
#3526=ORIENTED_EDGE('',*,*,#3962,.F.);
#3527=ORIENTED_EDGE('',*,*,#4672,.F.);
#3528=ORIENTED_EDGE('',*,*,#4673,.T.);
#3529=ORIENTED_EDGE('',*,*,#4670,.T.);
#3530=ORIENTED_EDGE('',*,*,#3961,.F.);
#3531=ORIENTED_EDGE('',*,*,#4674,.F.);
#3532=ORIENTED_EDGE('',*,*,#4675,.T.);
#3533=ORIENTED_EDGE('',*,*,#4672,.T.);
#3534=ORIENTED_EDGE('',*,*,#3960,.F.);
#3535=ORIENTED_EDGE('',*,*,#4676,.F.);
#3536=ORIENTED_EDGE('',*,*,#4677,.T.);
#3537=ORIENTED_EDGE('',*,*,#4674,.T.);
#3538=ORIENTED_EDGE('',*,*,#3959,.F.);
#3539=ORIENTED_EDGE('',*,*,#4649,.F.);
#3540=ORIENTED_EDGE('',*,*,#4678,.T.);
#3541=ORIENTED_EDGE('',*,*,#4676,.T.);
#3542=ORIENTED_EDGE('',*,*,#4679,.F.);
#3543=ORIENTED_EDGE('',*,*,#4622,.F.);
#3544=ORIENTED_EDGE('',*,*,#4680,.T.);
#3545=ORIENTED_EDGE('',*,*,#4645,.T.);
#3546=ORIENTED_EDGE('',*,*,#4648,.F.);
#3547=ORIENTED_EDGE('',*,*,#4651,.F.);
#3548=ORIENTED_EDGE('',*,*,#4653,.F.);
#3549=ORIENTED_EDGE('',*,*,#4655,.F.);
#3550=ORIENTED_EDGE('',*,*,#4657,.F.);
#3551=ORIENTED_EDGE('',*,*,#4659,.F.);
#3552=ORIENTED_EDGE('',*,*,#4661,.F.);
#3553=ORIENTED_EDGE('',*,*,#4663,.F.);
#3554=ORIENTED_EDGE('',*,*,#4665,.F.);
#3555=ORIENTED_EDGE('',*,*,#4667,.F.);
#3556=ORIENTED_EDGE('',*,*,#4669,.F.);
#3557=ORIENTED_EDGE('',*,*,#4671,.F.);
#3558=ORIENTED_EDGE('',*,*,#4673,.F.);
#3559=ORIENTED_EDGE('',*,*,#4675,.F.);
#3560=ORIENTED_EDGE('',*,*,#4677,.F.);
#3561=ORIENTED_EDGE('',*,*,#4678,.F.);
#3562=ORIENTED_EDGE('',*,*,#4621,.F.);
#3563=ORIENTED_EDGE('',*,*,#4625,.F.);
#3564=ORIENTED_EDGE('',*,*,#4628,.F.);
#3565=ORIENTED_EDGE('',*,*,#4631,.F.);
#3566=ORIENTED_EDGE('',*,*,#4634,.F.);
#3567=ORIENTED_EDGE('',*,*,#4637,.F.);
#3568=ORIENTED_EDGE('',*,*,#4640,.F.);
#3569=ORIENTED_EDGE('',*,*,#4643,.F.);
#3570=ORIENTED_EDGE('',*,*,#4646,.F.);
#3571=ORIENTED_EDGE('',*,*,#4680,.F.);
#3572=ORIENTED_EDGE('',*,*,#4619,.T.);
#3573=ORIENTED_EDGE('',*,*,#4679,.T.);
#3574=ORIENTED_EDGE('',*,*,#4644,.T.);
#3575=ORIENTED_EDGE('',*,*,#4641,.T.);
#3576=ORIENTED_EDGE('',*,*,#4638,.T.);
#3577=ORIENTED_EDGE('',*,*,#4635,.T.);
#3578=ORIENTED_EDGE('',*,*,#4632,.T.);
#3579=ORIENTED_EDGE('',*,*,#4629,.T.);
#3580=ORIENTED_EDGE('',*,*,#4626,.T.);
#3581=ORIENTED_EDGE('',*,*,#4623,.T.);
#3582=ORIENTED_EDGE('',*,*,#3950,.F.);
#3583=ORIENTED_EDGE('',*,*,#4681,.F.);
#3584=ORIENTED_EDGE('',*,*,#4682,.T.);
#3585=ORIENTED_EDGE('',*,*,#4683,.T.);
#3586=ORIENTED_EDGE('',*,*,#3957,.F.);
#3587=ORIENTED_EDGE('',*,*,#4684,.F.);
#3588=ORIENTED_EDGE('',*,*,#4685,.T.);
#3589=ORIENTED_EDGE('',*,*,#4681,.T.);
#3590=ORIENTED_EDGE('',*,*,#3956,.F.);
#3591=ORIENTED_EDGE('',*,*,#4686,.F.);
#3592=ORIENTED_EDGE('',*,*,#4687,.T.);
#3593=ORIENTED_EDGE('',*,*,#4684,.T.);
#3594=ORIENTED_EDGE('',*,*,#3955,.F.);
#3595=ORIENTED_EDGE('',*,*,#4688,.F.);
#3596=ORIENTED_EDGE('',*,*,#4689,.T.);
#3597=ORIENTED_EDGE('',*,*,#4686,.T.);
#3598=ORIENTED_EDGE('',*,*,#3954,.F.);
#3599=ORIENTED_EDGE('',*,*,#4690,.F.);
#3600=ORIENTED_EDGE('',*,*,#4691,.T.);
#3601=ORIENTED_EDGE('',*,*,#4688,.T.);
#3602=ORIENTED_EDGE('',*,*,#3953,.F.);
#3603=ORIENTED_EDGE('',*,*,#4692,.F.);
#3604=ORIENTED_EDGE('',*,*,#4693,.T.);
#3605=ORIENTED_EDGE('',*,*,#4690,.T.);
#3606=ORIENTED_EDGE('',*,*,#3952,.F.);
#3607=ORIENTED_EDGE('',*,*,#4694,.F.);
#3608=ORIENTED_EDGE('',*,*,#4695,.T.);
#3609=ORIENTED_EDGE('',*,*,#4692,.T.);
#3610=ORIENTED_EDGE('',*,*,#3951,.F.);
#3611=ORIENTED_EDGE('',*,*,#4683,.F.);
#3612=ORIENTED_EDGE('',*,*,#4696,.T.);
#3613=ORIENTED_EDGE('',*,*,#4694,.T.);
#3614=ORIENTED_EDGE('',*,*,#4682,.F.);
#3615=ORIENTED_EDGE('',*,*,#4685,.F.);
#3616=ORIENTED_EDGE('',*,*,#4687,.F.);
#3617=ORIENTED_EDGE('',*,*,#4689,.F.);
#3618=ORIENTED_EDGE('',*,*,#4691,.F.);
#3619=ORIENTED_EDGE('',*,*,#4693,.F.);
#3620=ORIENTED_EDGE('',*,*,#4695,.F.);
#3621=ORIENTED_EDGE('',*,*,#4696,.F.);
#3622=ORIENTED_EDGE('',*,*,#3946,.F.);
#3623=ORIENTED_EDGE('',*,*,#4697,.F.);
#3624=ORIENTED_EDGE('',*,*,#4698,.T.);
#3625=ORIENTED_EDGE('',*,*,#4699,.T.);
#3626=ORIENTED_EDGE('',*,*,#3949,.F.);
#3627=ORIENTED_EDGE('',*,*,#4700,.F.);
#3628=ORIENTED_EDGE('',*,*,#4701,.T.);
#3629=ORIENTED_EDGE('',*,*,#4697,.T.);
#3630=ORIENTED_EDGE('',*,*,#3948,.F.);
#3631=ORIENTED_EDGE('',*,*,#4702,.F.);
#3632=ORIENTED_EDGE('',*,*,#4703,.T.);
#3633=ORIENTED_EDGE('',*,*,#4700,.T.);
#3634=ORIENTED_EDGE('',*,*,#3947,.F.);
#3635=ORIENTED_EDGE('',*,*,#4699,.F.);
#3636=ORIENTED_EDGE('',*,*,#4704,.T.);
#3637=ORIENTED_EDGE('',*,*,#4702,.T.);
#3638=ORIENTED_EDGE('',*,*,#4698,.F.);
#3639=ORIENTED_EDGE('',*,*,#4701,.F.);
#3640=ORIENTED_EDGE('',*,*,#4703,.F.);
#3641=ORIENTED_EDGE('',*,*,#4704,.F.);
#3642=ORIENTED_EDGE('',*,*,#3927,.F.);
#3643=ORIENTED_EDGE('',*,*,#4705,.F.);
#3644=ORIENTED_EDGE('',*,*,#4706,.T.);
#3645=ORIENTED_EDGE('',*,*,#4707,.T.);
#3646=ORIENTED_EDGE('',*,*,#3945,.F.);
#3647=ORIENTED_EDGE('',*,*,#4708,.F.);
#3648=ORIENTED_EDGE('',*,*,#4709,.T.);
#3649=ORIENTED_EDGE('',*,*,#4705,.T.);
#3650=ORIENTED_EDGE('',*,*,#3944,.F.);
#3651=ORIENTED_EDGE('',*,*,#4710,.F.);
#3652=ORIENTED_EDGE('',*,*,#4711,.T.);
#3653=ORIENTED_EDGE('',*,*,#4708,.T.);
#3654=ORIENTED_EDGE('',*,*,#3943,.F.);
#3655=ORIENTED_EDGE('',*,*,#4712,.F.);
#3656=ORIENTED_EDGE('',*,*,#4713,.T.);
#3657=ORIENTED_EDGE('',*,*,#4710,.T.);
#3658=ORIENTED_EDGE('',*,*,#3942,.F.);
#3659=ORIENTED_EDGE('',*,*,#4714,.F.);
#3660=ORIENTED_EDGE('',*,*,#4715,.T.);
#3661=ORIENTED_EDGE('',*,*,#4712,.T.);
#3662=ORIENTED_EDGE('',*,*,#3941,.F.);
#3663=ORIENTED_EDGE('',*,*,#4716,.F.);
#3664=ORIENTED_EDGE('',*,*,#4717,.T.);
#3665=ORIENTED_EDGE('',*,*,#4714,.T.);
#3666=ORIENTED_EDGE('',*,*,#3940,.F.);
#3667=ORIENTED_EDGE('',*,*,#4718,.F.);
#3668=ORIENTED_EDGE('',*,*,#4719,.T.);
#3669=ORIENTED_EDGE('',*,*,#4716,.T.);
#3670=ORIENTED_EDGE('',*,*,#3939,.F.);
#3671=ORIENTED_EDGE('',*,*,#4720,.F.);
#3672=ORIENTED_EDGE('',*,*,#4721,.T.);
#3673=ORIENTED_EDGE('',*,*,#4718,.T.);
#3674=ORIENTED_EDGE('',*,*,#3938,.F.);
#3675=ORIENTED_EDGE('',*,*,#4722,.F.);
#3676=ORIENTED_EDGE('',*,*,#4723,.T.);
#3677=ORIENTED_EDGE('',*,*,#4720,.T.);
#3678=ORIENTED_EDGE('',*,*,#3937,.F.);
#3679=ORIENTED_EDGE('',*,*,#4724,.F.);
#3680=ORIENTED_EDGE('',*,*,#4725,.T.);
#3681=ORIENTED_EDGE('',*,*,#4722,.T.);
#3682=ORIENTED_EDGE('',*,*,#3936,.F.);
#3683=ORIENTED_EDGE('',*,*,#4726,.F.);
#3684=ORIENTED_EDGE('',*,*,#4727,.T.);
#3685=ORIENTED_EDGE('',*,*,#4724,.T.);
#3686=ORIENTED_EDGE('',*,*,#3935,.F.);
#3687=ORIENTED_EDGE('',*,*,#4728,.F.);
#3688=ORIENTED_EDGE('',*,*,#4729,.T.);
#3689=ORIENTED_EDGE('',*,*,#4726,.T.);
#3690=ORIENTED_EDGE('',*,*,#3934,.F.);
#3691=ORIENTED_EDGE('',*,*,#4730,.F.);
#3692=ORIENTED_EDGE('',*,*,#4731,.T.);
#3693=ORIENTED_EDGE('',*,*,#4728,.T.);
#3694=ORIENTED_EDGE('',*,*,#3933,.F.);
#3695=ORIENTED_EDGE('',*,*,#4732,.F.);
#3696=ORIENTED_EDGE('',*,*,#4733,.T.);
#3697=ORIENTED_EDGE('',*,*,#4730,.T.);
#3698=ORIENTED_EDGE('',*,*,#3932,.F.);
#3699=ORIENTED_EDGE('',*,*,#4734,.F.);
#3700=ORIENTED_EDGE('',*,*,#4735,.T.);
#3701=ORIENTED_EDGE('',*,*,#4732,.T.);
#3702=ORIENTED_EDGE('',*,*,#3931,.F.);
#3703=ORIENTED_EDGE('',*,*,#4736,.F.);
#3704=ORIENTED_EDGE('',*,*,#4737,.T.);
#3705=ORIENTED_EDGE('',*,*,#4734,.T.);
#3706=ORIENTED_EDGE('',*,*,#3930,.F.);
#3707=ORIENTED_EDGE('',*,*,#4738,.F.);
#3708=ORIENTED_EDGE('',*,*,#4739,.T.);
#3709=ORIENTED_EDGE('',*,*,#4736,.T.);
#3710=ORIENTED_EDGE('',*,*,#3929,.F.);
#3711=ORIENTED_EDGE('',*,*,#4740,.F.);
#3712=ORIENTED_EDGE('',*,*,#4741,.T.);
#3713=ORIENTED_EDGE('',*,*,#4738,.T.);
#3714=ORIENTED_EDGE('',*,*,#3928,.F.);
#3715=ORIENTED_EDGE('',*,*,#4707,.F.);
#3716=ORIENTED_EDGE('',*,*,#4742,.T.);
#3717=ORIENTED_EDGE('',*,*,#4740,.T.);
#3718=ORIENTED_EDGE('',*,*,#4706,.F.);
#3719=ORIENTED_EDGE('',*,*,#4709,.F.);
#3720=ORIENTED_EDGE('',*,*,#4711,.F.);
#3721=ORIENTED_EDGE('',*,*,#4713,.F.);
#3722=ORIENTED_EDGE('',*,*,#4715,.F.);
#3723=ORIENTED_EDGE('',*,*,#4717,.F.);
#3724=ORIENTED_EDGE('',*,*,#4719,.F.);
#3725=ORIENTED_EDGE('',*,*,#4721,.F.);
#3726=ORIENTED_EDGE('',*,*,#4723,.F.);
#3727=ORIENTED_EDGE('',*,*,#4725,.F.);
#3728=ORIENTED_EDGE('',*,*,#4727,.F.);
#3729=ORIENTED_EDGE('',*,*,#4729,.F.);
#3730=ORIENTED_EDGE('',*,*,#4731,.F.);
#3731=ORIENTED_EDGE('',*,*,#4733,.F.);
#3732=ORIENTED_EDGE('',*,*,#4735,.F.);
#3733=ORIENTED_EDGE('',*,*,#4737,.F.);
#3734=ORIENTED_EDGE('',*,*,#4739,.F.);
#3735=ORIENTED_EDGE('',*,*,#4741,.F.);
#3736=ORIENTED_EDGE('',*,*,#4742,.F.);
#3737=ORIENTED_EDGE('',*,*,#3908,.F.);
#3738=ORIENTED_EDGE('',*,*,#4743,.F.);
#3739=ORIENTED_EDGE('',*,*,#4744,.T.);
#3740=ORIENTED_EDGE('',*,*,#4745,.T.);
#3741=ORIENTED_EDGE('',*,*,#3926,.F.);
#3742=ORIENTED_EDGE('',*,*,#4746,.F.);
#3743=ORIENTED_EDGE('',*,*,#4747,.T.);
#3744=ORIENTED_EDGE('',*,*,#4743,.T.);
#3745=ORIENTED_EDGE('',*,*,#3925,.F.);
#3746=ORIENTED_EDGE('',*,*,#4748,.F.);
#3747=ORIENTED_EDGE('',*,*,#4749,.T.);
#3748=ORIENTED_EDGE('',*,*,#4746,.T.);
#3749=ORIENTED_EDGE('',*,*,#3924,.F.);
#3750=ORIENTED_EDGE('',*,*,#4750,.F.);
#3751=ORIENTED_EDGE('',*,*,#4751,.T.);
#3752=ORIENTED_EDGE('',*,*,#4748,.T.);
#3753=ORIENTED_EDGE('',*,*,#3923,.F.);
#3754=ORIENTED_EDGE('',*,*,#4752,.F.);
#3755=ORIENTED_EDGE('',*,*,#4753,.T.);
#3756=ORIENTED_EDGE('',*,*,#4750,.T.);
#3757=ORIENTED_EDGE('',*,*,#3922,.F.);
#3758=ORIENTED_EDGE('',*,*,#4754,.F.);
#3759=ORIENTED_EDGE('',*,*,#4755,.T.);
#3760=ORIENTED_EDGE('',*,*,#4752,.T.);
#3761=ORIENTED_EDGE('',*,*,#3921,.F.);
#3762=ORIENTED_EDGE('',*,*,#4756,.F.);
#3763=ORIENTED_EDGE('',*,*,#4757,.T.);
#3764=ORIENTED_EDGE('',*,*,#4754,.T.);
#3765=ORIENTED_EDGE('',*,*,#3920,.F.);
#3766=ORIENTED_EDGE('',*,*,#4758,.F.);
#3767=ORIENTED_EDGE('',*,*,#4759,.T.);
#3768=ORIENTED_EDGE('',*,*,#4756,.T.);
#3769=ORIENTED_EDGE('',*,*,#3919,.F.);
#3770=ORIENTED_EDGE('',*,*,#4760,.F.);
#3771=ORIENTED_EDGE('',*,*,#4761,.T.);
#3772=ORIENTED_EDGE('',*,*,#4758,.T.);
#3773=ORIENTED_EDGE('',*,*,#3918,.F.);
#3774=ORIENTED_EDGE('',*,*,#4762,.F.);
#3775=ORIENTED_EDGE('',*,*,#4763,.T.);
#3776=ORIENTED_EDGE('',*,*,#4760,.T.);
#3777=ORIENTED_EDGE('',*,*,#3917,.F.);
#3778=ORIENTED_EDGE('',*,*,#4764,.F.);
#3779=ORIENTED_EDGE('',*,*,#4765,.T.);
#3780=ORIENTED_EDGE('',*,*,#4762,.T.);
#3781=ORIENTED_EDGE('',*,*,#3916,.F.);
#3782=ORIENTED_EDGE('',*,*,#4766,.F.);
#3783=ORIENTED_EDGE('',*,*,#4767,.T.);
#3784=ORIENTED_EDGE('',*,*,#4764,.T.);
#3785=ORIENTED_EDGE('',*,*,#3915,.F.);
#3786=ORIENTED_EDGE('',*,*,#4768,.F.);
#3787=ORIENTED_EDGE('',*,*,#4769,.T.);
#3788=ORIENTED_EDGE('',*,*,#4766,.T.);
#3789=ORIENTED_EDGE('',*,*,#3914,.F.);
#3790=ORIENTED_EDGE('',*,*,#4770,.F.);
#3791=ORIENTED_EDGE('',*,*,#4771,.T.);
#3792=ORIENTED_EDGE('',*,*,#4768,.T.);
#3793=ORIENTED_EDGE('',*,*,#3913,.F.);
#3794=ORIENTED_EDGE('',*,*,#4772,.F.);
#3795=ORIENTED_EDGE('',*,*,#4773,.T.);
#3796=ORIENTED_EDGE('',*,*,#4770,.T.);
#3797=ORIENTED_EDGE('',*,*,#3912,.F.);
#3798=ORIENTED_EDGE('',*,*,#4774,.F.);
#3799=ORIENTED_EDGE('',*,*,#4775,.T.);
#3800=ORIENTED_EDGE('',*,*,#4772,.T.);
#3801=ORIENTED_EDGE('',*,*,#3911,.F.);
#3802=ORIENTED_EDGE('',*,*,#4776,.F.);
#3803=ORIENTED_EDGE('',*,*,#4777,.T.);
#3804=ORIENTED_EDGE('',*,*,#4774,.T.);
#3805=ORIENTED_EDGE('',*,*,#3910,.F.);
#3806=ORIENTED_EDGE('',*,*,#4778,.F.);
#3807=ORIENTED_EDGE('',*,*,#4779,.T.);
#3808=ORIENTED_EDGE('',*,*,#4776,.T.);
#3809=ORIENTED_EDGE('',*,*,#3909,.F.);
#3810=ORIENTED_EDGE('',*,*,#4745,.F.);
#3811=ORIENTED_EDGE('',*,*,#4780,.T.);
#3812=ORIENTED_EDGE('',*,*,#4778,.T.);
#3813=ORIENTED_EDGE('',*,*,#4744,.F.);
#3814=ORIENTED_EDGE('',*,*,#4747,.F.);
#3815=ORIENTED_EDGE('',*,*,#4749,.F.);
#3816=ORIENTED_EDGE('',*,*,#4751,.F.);
#3817=ORIENTED_EDGE('',*,*,#4753,.F.);
#3818=ORIENTED_EDGE('',*,*,#4755,.F.);
#3819=ORIENTED_EDGE('',*,*,#4757,.F.);
#3820=ORIENTED_EDGE('',*,*,#4759,.F.);
#3821=ORIENTED_EDGE('',*,*,#4761,.F.);
#3822=ORIENTED_EDGE('',*,*,#4763,.F.);
#3823=ORIENTED_EDGE('',*,*,#4765,.F.);
#3824=ORIENTED_EDGE('',*,*,#4767,.F.);
#3825=ORIENTED_EDGE('',*,*,#4769,.F.);
#3826=ORIENTED_EDGE('',*,*,#4771,.F.);
#3827=ORIENTED_EDGE('',*,*,#4773,.F.);
#3828=ORIENTED_EDGE('',*,*,#4775,.F.);
#3829=ORIENTED_EDGE('',*,*,#4777,.F.);
#3830=ORIENTED_EDGE('',*,*,#4779,.F.);
#3831=ORIENTED_EDGE('',*,*,#4780,.F.);
#3832=EDGE_CURVE('',#4781,#4781,#5415,.T.);
#3833=EDGE_CURVE('',#4782,#4782,#5416,.T.);
#3834=EDGE_CURVE('',#4783,#4784,#752,.T.);
#3835=EDGE_CURVE('',#4783,#4785,#753,.T.);
#3836=EDGE_CURVE('',#4785,#4786,#754,.T.);
#3837=EDGE_CURVE('',#4784,#4786,#755,.T.);
#3838=EDGE_CURVE('',#4787,#4788,#756,.T.);
#3839=EDGE_CURVE('',#4787,#4789,#757,.T.);
#3840=EDGE_CURVE('',#4789,#4790,#758,.T.);
#3841=EDGE_CURVE('',#4788,#4790,#759,.T.);
#3842=EDGE_CURVE('',#4791,#4792,#760,.T.);
#3843=EDGE_CURVE('',#4791,#4793,#761,.T.);
#3844=EDGE_CURVE('',#4793,#4794,#762,.T.);
#3845=EDGE_CURVE('',#4792,#4794,#763,.T.);
#3846=EDGE_CURVE('',#4795,#4796,#764,.T.);
#3847=EDGE_CURVE('',#4795,#4797,#765,.T.);
#3848=EDGE_CURVE('',#4797,#4798,#766,.T.);
#3849=EDGE_CURVE('',#4796,#4798,#767,.T.);
#3850=EDGE_CURVE('',#4799,#4800,#768,.T.);
#3851=EDGE_CURVE('',#4799,#4801,#769,.T.);
#3852=EDGE_CURVE('',#4801,#4802,#770,.T.);
#3853=EDGE_CURVE('',#4800,#4802,#771,.T.);
#3854=EDGE_CURVE('',#4803,#4804,#772,.T.);
#3855=EDGE_CURVE('',#4803,#4805,#773,.T.);
#3856=EDGE_CURVE('',#4805,#4806,#774,.T.);
#3857=EDGE_CURVE('',#4804,#4806,#775,.T.);
#3858=EDGE_CURVE('',#4807,#4807,#5417,.T.);
#3859=EDGE_CURVE('',#4808,#4809,#776,.T.);
#3860=EDGE_CURVE('',#4808,#4810,#777,.T.);
#3861=EDGE_CURVE('',#4810,#4811,#778,.T.);
#3862=EDGE_CURVE('',#4809,#4811,#779,.T.);
#3863=EDGE_CURVE('',#4812,#4813,#780,.T.);
#3864=EDGE_CURVE('',#4812,#4814,#781,.T.);
#3865=EDGE_CURVE('',#4814,#4815,#782,.T.);
#3866=EDGE_CURVE('',#4813,#4815,#783,.T.);
#3867=EDGE_CURVE('',#4816,#4817,#784,.T.);
#3868=EDGE_CURVE('',#4817,#4818,#785,.T.);
#3869=EDGE_CURVE('',#4819,#4818,#786,.T.);
#3870=EDGE_CURVE('',#4816,#4819,#787,.T.);
#3871=EDGE_CURVE('',#4820,#4821,#788,.T.);
#3872=EDGE_CURVE('',#4820,#4822,#789,.T.);
#3873=EDGE_CURVE('',#4822,#4823,#790,.T.);
#3874=EDGE_CURVE('',#4821,#4823,#791,.T.);
#3875=EDGE_CURVE('',#4824,#4825,#792,.T.);
#3876=EDGE_CURVE('',#4824,#4826,#793,.T.);
#3877=EDGE_CURVE('',#4826,#4827,#794,.T.);
#3878=EDGE_CURVE('',#4825,#4827,#795,.T.);
#3879=EDGE_CURVE('',#4828,#4828,#5418,.T.);
#3880=EDGE_CURVE('',#4829,#4830,#796,.T.);
#3881=EDGE_CURVE('',#4829,#4831,#797,.T.);
#3882=EDGE_CURVE('',#4831,#4832,#798,.T.);
#3883=EDGE_CURVE('',#4830,#4832,#799,.T.);
#3884=EDGE_CURVE('',#4783,#4816,#800,.T.);
#3885=EDGE_CURVE('',#4784,#4817,#801,.T.);
#3886=EDGE_CURVE('',#4785,#4819,#802,.T.);
#3887=EDGE_CURVE('',#4786,#4818,#803,.T.);
#3888=EDGE_CURVE('',#4820,#4787,#804,.T.);
#3889=EDGE_CURVE('',#4821,#4789,#805,.T.);
#3890=EDGE_CURVE('',#4822,#4788,#806,.T.);
#3891=EDGE_CURVE('',#4823,#4790,#807,.T.);
#3892=EDGE_CURVE('',#4812,#4791,#808,.T.);
#3893=EDGE_CURVE('',#4813,#4793,#809,.T.);
#3894=EDGE_CURVE('',#4814,#4792,#810,.T.);
#3895=EDGE_CURVE('',#4815,#4794,#811,.T.);
#3896=EDGE_CURVE('',#4824,#4795,#812,.T.);
#3897=EDGE_CURVE('',#4825,#4797,#813,.T.);
#3898=EDGE_CURVE('',#4826,#4796,#814,.T.);
#3899=EDGE_CURVE('',#4827,#4798,#815,.T.);
#3900=EDGE_CURVE('',#4808,#4799,#816,.T.);
#3901=EDGE_CURVE('',#4809,#4801,#817,.T.);
#3902=EDGE_CURVE('',#4810,#4800,#818,.T.);
#3903=EDGE_CURVE('',#4811,#4802,#819,.T.);
#3904=EDGE_CURVE('',#4829,#4803,#820,.T.);
#3905=EDGE_CURVE('',#4830,#4805,#821,.T.);
#3906=EDGE_CURVE('',#4831,#4804,#822,.T.);
#3907=EDGE_CURVE('',#4832,#4806,#823,.T.);
#3908=EDGE_CURVE('',#4833,#4834,#432,.T.);
#3909=EDGE_CURVE('',#4834,#4835,#433,.T.);
#3910=EDGE_CURVE('',#4835,#4836,#5419,.T.);
#3911=EDGE_CURVE('',#4836,#4837,#824,.T.);
#3912=EDGE_CURVE('',#4837,#4838,#825,.T.);
#3913=EDGE_CURVE('',#4838,#4839,#826,.T.);
#3914=EDGE_CURVE('',#4839,#4840,#5420,.F.);
#3915=EDGE_CURVE('',#4840,#4841,#434,.T.);
#3916=EDGE_CURVE('',#4841,#4842,#435,.T.);
#3917=EDGE_CURVE('',#4842,#4843,#436,.T.);
#3918=EDGE_CURVE('',#4843,#4844,#437,.T.);
#3919=EDGE_CURVE('',#4844,#4845,#827,.T.);
#3920=EDGE_CURVE('',#4845,#4846,#828,.T.);
#3921=EDGE_CURVE('',#4846,#4847,#829,.T.);
#3922=EDGE_CURVE('',#4847,#4848,#830,.T.);
#3923=EDGE_CURVE('',#4848,#4849,#831,.T.);
#3924=EDGE_CURVE('',#4849,#4850,#832,.T.);
#3925=EDGE_CURVE('',#4850,#4851,#5421,.T.);
#3926=EDGE_CURVE('',#4851,#4833,#5422,.T.);
#3927=EDGE_CURVE('',#4852,#4853,#5423,.F.);
#3928=EDGE_CURVE('',#4853,#4854,#438,.T.);
#3929=EDGE_CURVE('',#4854,#4855,#439,.T.);
#3930=EDGE_CURVE('',#4855,#4856,#833,.T.);
#3931=EDGE_CURVE('',#4856,#4857,#834,.T.);
#3932=EDGE_CURVE('',#4857,#4858,#835,.T.);
#3933=EDGE_CURVE('',#4858,#4859,#440,.T.);
#3934=EDGE_CURVE('',#4859,#4860,#5424,.T.);
#3935=EDGE_CURVE('',#4860,#4861,#836,.T.);
#3936=EDGE_CURVE('',#4861,#4862,#837,.T.);
#3937=EDGE_CURVE('',#4862,#4863,#838,.T.);
#3938=EDGE_CURVE('',#4863,#4864,#839,.T.);
#3939=EDGE_CURVE('',#4864,#4865,#840,.T.);
#3940=EDGE_CURVE('',#4865,#4866,#841,.T.);
#3941=EDGE_CURVE('',#4866,#4867,#842,.T.);
#3942=EDGE_CURVE('',#4867,#4868,#843,.T.);
#3943=EDGE_CURVE('',#4868,#4869,#844,.T.);
#3944=EDGE_CURVE('',#4869,#4870,#845,.T.);
#3945=EDGE_CURVE('',#4870,#4852,#846,.T.);
#3946=EDGE_CURVE('',#4871,#4872,#847,.T.);
#3947=EDGE_CURVE('',#4872,#4873,#848,.T.);
#3948=EDGE_CURVE('',#4873,#4874,#849,.T.);
#3949=EDGE_CURVE('',#4874,#4871,#850,.T.);
#3950=EDGE_CURVE('',#4875,#4876,#441,.T.);
#3951=EDGE_CURVE('',#4876,#4877,#5425,.T.);
#3952=EDGE_CURVE('',#4877,#4878,#442,.T.);
#3953=EDGE_CURVE('',#4878,#4879,#443,.T.);
#3954=EDGE_CURVE('',#4879,#4880,#444,.T.);
#3955=EDGE_CURVE('',#4880,#4881,#445,.T.);
#3956=EDGE_CURVE('',#4881,#4882,#446,.T.);
#3957=EDGE_CURVE('',#4882,#4875,#447,.T.);
#3958=EDGE_CURVE('',#4883,#4884,#448,.T.);
#3959=EDGE_CURVE('',#4884,#4885,#449,.T.);
#3960=EDGE_CURVE('',#4885,#4886,#5426,.T.);
#3961=EDGE_CURVE('',#4886,#4887,#450,.T.);
#3962=EDGE_CURVE('',#4887,#4888,#451,.T.);
#3963=EDGE_CURVE('',#4888,#4889,#851,.T.);
#3964=EDGE_CURVE('',#4889,#4890,#852,.T.);
#3965=EDGE_CURVE('',#4890,#4891,#853,.T.);
#3966=EDGE_CURVE('',#4891,#4892,#854,.T.);
#3967=EDGE_CURVE('',#4892,#4893,#855,.T.);
#3968=EDGE_CURVE('',#4893,#4894,#5427,.T.);
#3969=EDGE_CURVE('',#4894,#4895,#452,.T.);
#3970=EDGE_CURVE('',#4895,#4896,#453,.T.);
#3971=EDGE_CURVE('',#4896,#4897,#454,.T.);
#3972=EDGE_CURVE('',#4897,#4898,#455,.T.);
#3973=EDGE_CURVE('',#4898,#4883,#5428,.T.);
#3974=EDGE_CURVE('',#4899,#4900,#856,.T.);
#3975=EDGE_CURVE('',#4900,#4901,#857,.T.);
#3976=EDGE_CURVE('',#4901,#4902,#858,.T.);
#3977=EDGE_CURVE('',#4902,#4899,#859,.T.);
#3978=EDGE_CURVE('',#4903,#4904,#456,.T.);
#3979=EDGE_CURVE('',#4904,#4905,#5429,.T.);
#3980=EDGE_CURVE('',#4905,#4906,#457,.T.);
#3981=EDGE_CURVE('',#4906,#4907,#458,.T.);
#3982=EDGE_CURVE('',#4907,#4908,#459,.T.);
#3983=EDGE_CURVE('',#4908,#4909,#460,.T.);
#3984=EDGE_CURVE('',#4909,#4910,#461,.T.);
#3985=EDGE_CURVE('',#4910,#4903,#462,.T.);
#3986=EDGE_CURVE('',#4911,#4912,#860,.T.);
#3987=EDGE_CURVE('',#4913,#4911,#861,.T.);
#3988=EDGE_CURVE('',#4913,#4914,#862,.T.);
#3989=EDGE_CURVE('',#4914,#4912,#863,.T.);
#3990=EDGE_CURVE('',#4915,#4916,#864,.T.);
#3991=EDGE_CURVE('',#4916,#4917,#463,.T.);
#3992=EDGE_CURVE('',#4917,#4918,#464,.T.);
#3993=EDGE_CURVE('',#4918,#4919,#5430,.T.);
#3994=EDGE_CURVE('',#4919,#4920,#465,.T.);
#3995=EDGE_CURVE('',#4920,#4921,#466,.T.);
#3996=EDGE_CURVE('',#4921,#4922,#865,.T.);
#3997=EDGE_CURVE('',#4922,#4923,#866,.T.);
#3998=EDGE_CURVE('',#4923,#4924,#867,.T.);
#3999=EDGE_CURVE('',#4924,#4925,#868,.T.);
#4000=EDGE_CURVE('',#4925,#4926,#869,.T.);
#4001=EDGE_CURVE('',#4926,#4927,#870,.T.);
#4002=EDGE_CURVE('',#4927,#4915,#871,.T.);
#4003=EDGE_CURVE('',#4928,#4929,#5431,.T.);
#4004=EDGE_CURVE('',#4929,#4930,#467,.T.);
#4005=EDGE_CURVE('',#4930,#4931,#468,.T.);
#4006=EDGE_CURVE('',#4931,#4932,#5432,.T.);
#4007=EDGE_CURVE('',#4932,#4933,#872,.T.);
#4008=EDGE_CURVE('',#4933,#4934,#873,.T.);
#4009=EDGE_CURVE('',#4934,#4935,#874,.T.);
#4010=EDGE_CURVE('',#4935,#4936,#5433,.F.);
#4011=EDGE_CURVE('',#4936,#4937,#469,.T.);
#4012=EDGE_CURVE('',#4937,#4938,#470,.T.);
#4013=EDGE_CURVE('',#4938,#4939,#471,.T.);
#4014=EDGE_CURVE('',#4939,#4940,#472,.T.);
#4015=EDGE_CURVE('',#4940,#4941,#875,.T.);
#4016=EDGE_CURVE('',#4941,#4942,#876,.T.);
#4017=EDGE_CURVE('',#4942,#4943,#877,.T.);
#4018=EDGE_CURVE('',#4943,#4944,#878,.T.);
#4019=EDGE_CURVE('',#4944,#4945,#879,.T.);
#4020=EDGE_CURVE('',#4945,#4946,#880,.T.);
#4021=EDGE_CURVE('',#4946,#4928,#473,.T.);
#4022=EDGE_CURVE('',#4947,#4948,#474,.T.);
#4023=EDGE_CURVE('',#4948,#4949,#475,.T.);
#4024=EDGE_CURVE('',#4949,#4950,#476,.T.);
#4025=EDGE_CURVE('',#4950,#4951,#5434,.T.);
#4026=EDGE_CURVE('',#4951,#4952,#5435,.T.);
#4027=EDGE_CURVE('',#4952,#4953,#881,.T.);
#4028=EDGE_CURVE('',#4953,#4954,#477,.T.);
#4029=EDGE_CURVE('',#4954,#4955,#478,.T.);
#4030=EDGE_CURVE('',#4955,#4956,#479,.T.);
#4031=EDGE_CURVE('',#4956,#4957,#480,.T.);
#4032=EDGE_CURVE('',#4957,#4958,#481,.T.);
#4033=EDGE_CURVE('',#4958,#4959,#482,.T.);
#4034=EDGE_CURVE('',#4959,#4960,#483,.T.);
#4035=EDGE_CURVE('',#4960,#4961,#5436,.T.);
#4036=EDGE_CURVE('',#4961,#4962,#484,.T.);
#4037=EDGE_CURVE('',#4962,#4963,#5437,.T.);
#4038=EDGE_CURVE('',#4963,#4964,#485,.T.);
#4039=EDGE_CURVE('',#4964,#4965,#486,.T.);
#4040=EDGE_CURVE('',#4965,#4966,#487,.T.);
#4041=EDGE_CURVE('',#4966,#4967,#488,.T.);
#4042=EDGE_CURVE('',#4967,#4968,#5438,.T.);
#4043=EDGE_CURVE('',#4968,#4969,#882,.T.);
#4044=EDGE_CURVE('',#4969,#4970,#883,.T.);
#4045=EDGE_CURVE('',#4970,#4971,#489,.T.);
#4046=EDGE_CURVE('',#4971,#4972,#490,.T.);
#4047=EDGE_CURVE('',#4972,#4973,#491,.T.);
#4048=EDGE_CURVE('',#4973,#4974,#492,.T.);
#4049=EDGE_CURVE('',#4974,#4975,#493,.T.);
#4050=EDGE_CURVE('',#4975,#4976,#494,.T.);
#4051=EDGE_CURVE('',#4976,#4977,#495,.T.);
#4052=EDGE_CURVE('',#4977,#4978,#5439,.T.);
#4053=EDGE_CURVE('',#4978,#4979,#496,.T.);
#4054=EDGE_CURVE('',#4979,#4980,#497,.T.);
#4055=EDGE_CURVE('',#4980,#4947,#498,.T.);
#4056=EDGE_CURVE('',#4981,#4982,#5440,.T.);
#4057=EDGE_CURVE('',#4982,#4983,#499,.T.);
#4058=EDGE_CURVE('',#4983,#4984,#500,.T.);
#4059=EDGE_CURVE('',#4984,#4985,#5441,.T.);
#4060=EDGE_CURVE('',#4985,#4986,#501,.T.);
#4061=EDGE_CURVE('',#4986,#4987,#502,.T.);
#4062=EDGE_CURVE('',#4987,#4988,#884,.T.);
#4063=EDGE_CURVE('',#4988,#4989,#885,.T.);
#4064=EDGE_CURVE('',#4989,#4990,#886,.T.);
#4065=EDGE_CURVE('',#4990,#4991,#887,.T.);
#4066=EDGE_CURVE('',#4991,#4992,#888,.T.);
#4067=EDGE_CURVE('',#4992,#4993,#503,.T.);
#4068=EDGE_CURVE('',#4993,#4994,#504,.T.);
#4069=EDGE_CURVE('',#4994,#4995,#505,.T.);
#4070=EDGE_CURVE('',#4995,#4996,#506,.T.);
#4071=EDGE_CURVE('',#4996,#4981,#507,.T.);
#4072=EDGE_CURVE('',#4997,#4998,#889,.T.);
#4073=EDGE_CURVE('',#4998,#4999,#890,.T.);
#4074=EDGE_CURVE('',#4999,#5000,#891,.T.);
#4075=EDGE_CURVE('',#5000,#5001,#892,.T.);
#4076=EDGE_CURVE('',#5001,#5002,#893,.T.);
#4077=EDGE_CURVE('',#5002,#5003,#894,.T.);
#4078=EDGE_CURVE('',#5003,#5004,#895,.T.);
#4079=EDGE_CURVE('',#5004,#5005,#896,.T.);
#4080=EDGE_CURVE('',#5005,#5006,#897,.T.);
#4081=EDGE_CURVE('',#5006,#5007,#898,.T.);
#4082=EDGE_CURVE('',#5007,#4997,#899,.T.);
#4083=EDGE_CURVE('',#5008,#4912,#900,.T.);
#4084=EDGE_CURVE('',#5009,#4914,#901,.T.);
#4085=EDGE_CURVE('',#5009,#5008,#902,.T.);
#4086=EDGE_CURVE('',#5010,#5011,#508,.T.);
#4087=EDGE_CURVE('',#5011,#5012,#509,.T.);
#4088=EDGE_CURVE('',#5012,#5013,#510,.T.);
#4089=EDGE_CURVE('',#5013,#5014,#5442,.T.);
#4090=EDGE_CURVE('',#5014,#5015,#5443,.T.);
#4091=EDGE_CURVE('',#5015,#5016,#903,.T.);
#4092=EDGE_CURVE('',#5016,#5017,#5444,.F.);
#4093=EDGE_CURVE('',#5017,#5018,#511,.T.);
#4094=EDGE_CURVE('',#5018,#5019,#512,.T.);
#4095=EDGE_CURVE('',#5019,#5020,#513,.T.);
#4096=EDGE_CURVE('',#5020,#5021,#904,.T.);
#4097=EDGE_CURVE('',#5021,#5022,#514,.T.);
#4098=EDGE_CURVE('',#5022,#5023,#515,.T.);
#4099=EDGE_CURVE('',#5023,#5024,#516,.T.);
#4100=EDGE_CURVE('',#5024,#5025,#517,.T.);
#4101=EDGE_CURVE('',#5025,#5026,#5445,.T.);
#4102=EDGE_CURVE('',#5026,#5027,#518,.T.);
#4103=EDGE_CURVE('',#5027,#5010,#5446,.T.);
#4104=EDGE_CURVE('',#5028,#5029,#905,.T.);
#4105=EDGE_CURVE('',#5029,#5030,#906,.T.);
#4106=EDGE_CURVE('',#5030,#5031,#907,.T.);
#4107=EDGE_CURVE('',#5031,#5032,#908,.T.);
#4108=EDGE_CURVE('',#5032,#5033,#909,.T.);
#4109=EDGE_CURVE('',#5033,#5034,#910,.T.);
#4110=EDGE_CURVE('',#5034,#5035,#911,.T.);
#4111=EDGE_CURVE('',#5035,#5028,#912,.T.);
#4112=EDGE_CURVE('',#5036,#5037,#519,.T.);
#4113=EDGE_CURVE('',#5037,#5038,#520,.T.);
#4114=EDGE_CURVE('',#5038,#5039,#521,.T.);
#4115=EDGE_CURVE('',#5039,#5040,#5447,.T.);
#4116=EDGE_CURVE('',#5040,#5041,#913,.T.);
#4117=EDGE_CURVE('',#5041,#5042,#522,.T.);
#4118=EDGE_CURVE('',#5042,#5043,#523,.T.);
#4119=EDGE_CURVE('',#5043,#5044,#524,.T.);
#4120=EDGE_CURVE('',#5044,#5045,#525,.T.);
#4121=EDGE_CURVE('',#5045,#5046,#526,.T.);
#4122=EDGE_CURVE('',#5046,#5047,#527,.T.);
#4123=EDGE_CURVE('',#5047,#5048,#528,.T.);
#4124=EDGE_CURVE('',#5048,#5049,#5448,.T.);
#4125=EDGE_CURVE('',#5049,#5050,#529,.T.);
#4126=EDGE_CURVE('',#5050,#5051,#530,.T.);
#4127=EDGE_CURVE('',#5051,#5052,#531,.T.);
#4128=EDGE_CURVE('',#5052,#5053,#532,.T.);
#4129=EDGE_CURVE('',#5053,#5054,#533,.T.);
#4130=EDGE_CURVE('',#5054,#5055,#534,.T.);
#4131=EDGE_CURVE('',#5055,#5056,#535,.T.);
#4132=EDGE_CURVE('',#5056,#5057,#5449,.T.);
#4133=EDGE_CURVE('',#5057,#5058,#914,.T.);
#4134=EDGE_CURVE('',#5058,#5059,#5450,.F.);
#4135=EDGE_CURVE('',#5059,#5060,#536,.T.);
#4136=EDGE_CURVE('',#5060,#5061,#537,.T.);
#4137=EDGE_CURVE('',#5061,#5062,#538,.T.);
#4138=EDGE_CURVE('',#5062,#5063,#539,.T.);
#4139=EDGE_CURVE('',#5063,#5064,#540,.T.);
#4140=EDGE_CURVE('',#5064,#5065,#541,.T.);
#4141=EDGE_CURVE('',#5065,#5066,#542,.T.);
#4142=EDGE_CURVE('',#5066,#5067,#5451,.T.);
#4143=EDGE_CURVE('',#5067,#5068,#543,.T.);
#4144=EDGE_CURVE('',#5068,#5069,#544,.T.);
#4145=EDGE_CURVE('',#5069,#5036,#545,.T.);
#4146=EDGE_CURVE('',#5070,#5071,#915,.T.);
#4147=EDGE_CURVE('',#5071,#5072,#916,.T.);
#4148=EDGE_CURVE('',#5072,#5073,#917,.T.);
#4149=EDGE_CURVE('',#5073,#5070,#918,.T.);
#4150=EDGE_CURVE('',#5074,#5075,#919,.T.);
#4151=EDGE_CURVE('',#5075,#5076,#920,.T.);
#4152=EDGE_CURVE('',#5076,#5077,#921,.T.);
#4153=EDGE_CURVE('',#5078,#5077,#922,.T.);
#4154=EDGE_CURVE('',#5078,#5079,#923,.T.);
#4155=EDGE_CURVE('',#5080,#5079,#924,.T.);
#4156=EDGE_CURVE('',#5080,#5081,#925,.T.);
#4157=EDGE_CURVE('',#5081,#5082,#926,.T.);
#4158=EDGE_CURVE('',#5083,#5082,#927,.T.);
#4159=EDGE_CURVE('',#5083,#5084,#928,.T.);
#4160=EDGE_CURVE('',#5085,#5084,#929,.T.);
#4161=EDGE_CURVE('',#5085,#5086,#930,.T.);
#4162=EDGE_CURVE('',#5086,#5087,#931,.T.);
#4163=EDGE_CURVE('',#5087,#5088,#932,.T.);
#4164=EDGE_CURVE('',#5089,#5088,#933,.T.);
#4165=EDGE_CURVE('',#5074,#5089,#934,.T.);
#4166=EDGE_CURVE('',#5090,#5078,#935,.T.);
#4167=EDGE_CURVE('',#5091,#5090,#936,.T.);
#4168=EDGE_CURVE('',#5091,#5075,#937,.T.);
#4169=EDGE_CURVE('',#5092,#5074,#938,.T.);
#4170=EDGE_CURVE('',#5093,#5092,#939,.T.);
#4171=EDGE_CURVE('',#5093,#5087,#940,.T.);
#4172=EDGE_CURVE('',#5086,#5094,#941,.T.);
#4173=EDGE_CURVE('',#5094,#5095,#942,.T.);
#4174=EDGE_CURVE('',#5079,#5095,#943,.T.);
#4175=EDGE_CURVE('',#5096,#5097,#944,.T.);
#4176=EDGE_CURVE('',#5096,#5098,#945,.T.);
#4177=EDGE_CURVE('',#5098,#5080,#946,.T.);
#4178=EDGE_CURVE('',#5097,#5095,#947,.T.);
#4179=EDGE_CURVE('',#5099,#5082,#948,.T.);
#4180=EDGE_CURVE('',#5096,#5099,#949,.T.);
#4181=EDGE_CURVE('',#5100,#5097,#950,.T.);
#4182=EDGE_CURVE('',#5101,#5100,#951,.T.);
#4183=EDGE_CURVE('',#5101,#5102,#952,.T.);
#4184=EDGE_CURVE('',#5102,#5083,#953,.T.);
#4185=EDGE_CURVE('',#5103,#5085,#954,.T.);
#4186=EDGE_CURVE('',#5101,#5103,#955,.T.);
#4187=EDGE_CURVE('',#5100,#5094,#956,.T.);
#4188=EDGE_CURVE('',#5104,#4913,#957,.T.);
#4189=EDGE_CURVE('',#5104,#5009,#958,.T.);
#4190=EDGE_CURVE('',#5105,#4911,#959,.T.);
#4191=EDGE_CURVE('',#5104,#5105,#960,.T.);
#4192=EDGE_CURVE('',#5105,#5008,#961,.T.);
#4193=EDGE_CURVE('',#5106,#5084,#962,.T.);
#4194=EDGE_CURVE('',#5103,#5106,#963,.T.);
#4195=EDGE_CURVE('',#5102,#5106,#964,.T.);
#4196=EDGE_CURVE('',#5107,#5089,#965,.T.);
#4197=EDGE_CURVE('',#5092,#5107,#966,.T.);
#4198=EDGE_CURVE('',#5108,#5088,#967,.T.);
#4199=EDGE_CURVE('',#5107,#5108,#968,.T.);
#4200=EDGE_CURVE('',#5093,#5108,#969,.T.);
#4201=EDGE_CURVE('',#5098,#5109,#970,.T.);
#4202=EDGE_CURVE('',#5109,#5081,#971,.T.);
#4203=EDGE_CURVE('',#5109,#5099,#972,.T.);
#4204=EDGE_CURVE('',#5091,#5110,#973,.T.);
#4205=EDGE_CURVE('',#5110,#5076,#974,.T.);
#4206=EDGE_CURVE('',#5111,#5077,#975,.T.);
#4207=EDGE_CURVE('',#5090,#5111,#976,.T.);
#4208=EDGE_CURVE('',#5110,#5111,#977,.T.);
#4209=EDGE_CURVE('',#5112,#4998,#978,.T.);
#4210=EDGE_CURVE('',#5112,#5113,#979,.T.);
#4211=EDGE_CURVE('',#5113,#4999,#980,.T.);
#4212=EDGE_CURVE('',#5114,#4997,#981,.T.);
#4213=EDGE_CURVE('',#5114,#5112,#982,.T.);
#4214=EDGE_CURVE('',#5115,#5007,#983,.T.);
#4215=EDGE_CURVE('',#5115,#5114,#984,.T.);
#4216=EDGE_CURVE('',#5116,#5006,#985,.T.);
#4217=EDGE_CURVE('',#5116,#5115,#986,.T.);
#4218=EDGE_CURVE('',#5117,#5005,#987,.T.);
#4219=EDGE_CURVE('',#5117,#5116,#988,.T.);
#4220=EDGE_CURVE('',#5118,#5004,#989,.T.);
#4221=EDGE_CURVE('',#5118,#5117,#990,.T.);
#4222=EDGE_CURVE('',#5119,#5003,#991,.T.);
#4223=EDGE_CURVE('',#5119,#5118,#992,.T.);
#4224=EDGE_CURVE('',#5120,#5002,#993,.T.);
#4225=EDGE_CURVE('',#5120,#5119,#994,.T.);
#4226=EDGE_CURVE('',#5121,#5001,#995,.T.);
#4227=EDGE_CURVE('',#5121,#5120,#996,.T.);
#4228=EDGE_CURVE('',#5122,#5000,#997,.T.);
#4229=EDGE_CURVE('',#5122,#5121,#998,.T.);
#4230=EDGE_CURVE('',#5113,#5122,#999,.T.);
#4231=EDGE_CURVE('',#5123,#5124,#5452,.F.);
#4232=EDGE_CURVE('',#5125,#5123,#1000,.T.);
#4233=EDGE_CURVE('',#5125,#5126,#5453,.F.);
#4234=EDGE_CURVE('',#5126,#5124,#1001,.T.);
#4235=EDGE_CURVE('',#5127,#5123,#1002,.T.);
#4236=EDGE_CURVE('',#5128,#5127,#1003,.T.);
#4237=EDGE_CURVE('',#5128,#5125,#1004,.T.);
#4238=EDGE_CURVE('',#5129,#5127,#546,.T.);
#4239=EDGE_CURVE('',#5130,#5129,#1005,.T.);
#4240=EDGE_CURVE('',#5130,#5128,#547,.T.);
#4241=EDGE_CURVE('',#5131,#5129,#5454,.F.);
#4242=EDGE_CURVE('',#5132,#5131,#1006,.T.);
#4243=EDGE_CURVE('',#5132,#5130,#5455,.F.);
#4244=EDGE_CURVE('',#5133,#5131,#548,.T.);
#4245=EDGE_CURVE('',#5134,#5133,#1007,.T.);
#4246=EDGE_CURVE('',#5134,#5132,#549,.T.);
#4247=EDGE_CURVE('',#5135,#5011,#1008,.T.);
#4248=EDGE_CURVE('',#5135,#5136,#550,.T.);
#4249=EDGE_CURVE('',#5136,#5012,#1009,.T.);
#4250=EDGE_CURVE('',#5137,#5010,#1010,.T.);
#4251=EDGE_CURVE('',#5137,#5135,#551,.T.);
#4252=EDGE_CURVE('',#5138,#5027,#1011,.T.);
#4253=EDGE_CURVE('',#5138,#5137,#5456,.T.);
#4254=EDGE_CURVE('',#5139,#5026,#1012,.T.);
#4255=EDGE_CURVE('',#5139,#5138,#552,.T.);
#4256=EDGE_CURVE('',#5140,#5025,#1013,.T.);
#4257=EDGE_CURVE('',#5140,#5139,#5457,.T.);
#4258=EDGE_CURVE('',#5141,#5024,#1014,.T.);
#4259=EDGE_CURVE('',#5141,#5140,#553,.T.);
#4260=EDGE_CURVE('',#5142,#5023,#1015,.T.);
#4261=EDGE_CURVE('',#5142,#5141,#554,.T.);
#4262=EDGE_CURVE('',#5143,#5022,#1016,.T.);
#4263=EDGE_CURVE('',#5143,#5142,#555,.T.);
#4264=EDGE_CURVE('',#5144,#5021,#1017,.T.);
#4265=EDGE_CURVE('',#5144,#5143,#556,.T.);
#4266=EDGE_CURVE('',#5145,#5020,#1018,.T.);
#4267=EDGE_CURVE('',#5145,#5144,#1019,.T.);
#4268=EDGE_CURVE('',#5146,#5019,#1020,.T.);
#4269=EDGE_CURVE('',#5146,#5145,#557,.T.);
#4270=EDGE_CURVE('',#5147,#5018,#1021,.T.);
#4271=EDGE_CURVE('',#5147,#5146,#558,.T.);
#4272=EDGE_CURVE('',#5148,#5017,#1022,.T.);
#4273=EDGE_CURVE('',#5148,#5147,#559,.T.);
#4274=EDGE_CURVE('',#5149,#5016,#1023,.T.);
#4275=EDGE_CURVE('',#5149,#5148,#5458,.F.);
#4276=EDGE_CURVE('',#5150,#5015,#1024,.T.);
#4277=EDGE_CURVE('',#5150,#5149,#1025,.T.);
#4278=EDGE_CURVE('',#5151,#5014,#1026,.T.);
#4279=EDGE_CURVE('',#5151,#5150,#5459,.T.);
#4280=EDGE_CURVE('',#5152,#5013,#1027,.T.);
#4281=EDGE_CURVE('',#5152,#5151,#5460,.T.);
#4282=EDGE_CURVE('',#5136,#5152,#560,.T.);
#4283=EDGE_CURVE('',#5124,#5133,#561,.T.);
#4284=EDGE_CURVE('',#5126,#5134,#562,.T.);
#4285=EDGE_CURVE('',#5153,#5029,#1028,.T.);
#4286=EDGE_CURVE('',#5153,#5154,#1029,.T.);
#4287=EDGE_CURVE('',#5154,#5030,#1030,.T.);
#4288=EDGE_CURVE('',#5155,#5028,#1031,.T.);
#4289=EDGE_CURVE('',#5155,#5153,#1032,.T.);
#4290=EDGE_CURVE('',#5156,#5035,#1033,.T.);
#4291=EDGE_CURVE('',#5156,#5155,#1034,.T.);
#4292=EDGE_CURVE('',#5157,#5034,#1035,.T.);
#4293=EDGE_CURVE('',#5157,#5156,#1036,.T.);
#4294=EDGE_CURVE('',#5158,#5033,#1037,.T.);
#4295=EDGE_CURVE('',#5158,#5157,#1038,.T.);
#4296=EDGE_CURVE('',#5159,#5032,#1039,.T.);
#4297=EDGE_CURVE('',#5159,#5158,#1040,.T.);
#4298=EDGE_CURVE('',#5160,#5031,#1041,.T.);
#4299=EDGE_CURVE('',#5160,#5159,#1042,.T.);
#4300=EDGE_CURVE('',#5154,#5160,#1043,.T.);
#4301=EDGE_CURVE('',#5161,#5037,#1044,.T.);
#4302=EDGE_CURVE('',#5161,#5162,#563,.T.);
#4303=EDGE_CURVE('',#5162,#5038,#1045,.T.);
#4304=EDGE_CURVE('',#5163,#5036,#1046,.T.);
#4305=EDGE_CURVE('',#5163,#5161,#564,.T.);
#4306=EDGE_CURVE('',#5164,#5069,#1047,.T.);
#4307=EDGE_CURVE('',#5164,#5163,#565,.T.);
#4308=EDGE_CURVE('',#5165,#5068,#1048,.T.);
#4309=EDGE_CURVE('',#5165,#5164,#566,.T.);
#4310=EDGE_CURVE('',#5166,#5067,#1049,.T.);
#4311=EDGE_CURVE('',#5166,#5165,#567,.T.);
#4312=EDGE_CURVE('',#5167,#5066,#1050,.T.);
#4313=EDGE_CURVE('',#5167,#5166,#5461,.T.);
#4314=EDGE_CURVE('',#5168,#5065,#1051,.T.);
#4315=EDGE_CURVE('',#5168,#5167,#568,.T.);
#4316=EDGE_CURVE('',#5169,#5064,#1052,.T.);
#4317=EDGE_CURVE('',#5169,#5168,#569,.T.);
#4318=EDGE_CURVE('',#5170,#5063,#1053,.T.);
#4319=EDGE_CURVE('',#5170,#5169,#570,.T.);
#4320=EDGE_CURVE('',#5171,#5062,#1054,.T.);
#4321=EDGE_CURVE('',#5171,#5170,#571,.T.);
#4322=EDGE_CURVE('',#5172,#5061,#1055,.T.);
#4323=EDGE_CURVE('',#5172,#5171,#572,.T.);
#4324=EDGE_CURVE('',#5173,#5060,#1056,.T.);
#4325=EDGE_CURVE('',#5173,#5172,#573,.T.);
#4326=EDGE_CURVE('',#5174,#5059,#1057,.T.);
#4327=EDGE_CURVE('',#5174,#5173,#574,.T.);
#4328=EDGE_CURVE('',#5175,#5058,#1058,.T.);
#4329=EDGE_CURVE('',#5175,#5174,#5462,.F.);
#4330=EDGE_CURVE('',#5176,#5057,#1059,.T.);
#4331=EDGE_CURVE('',#5176,#5175,#1060,.T.);
#4332=EDGE_CURVE('',#5177,#5056,#1061,.T.);
#4333=EDGE_CURVE('',#5177,#5176,#5463,.T.);
#4334=EDGE_CURVE('',#5178,#5055,#1062,.T.);
#4335=EDGE_CURVE('',#5178,#5177,#575,.T.);
#4336=EDGE_CURVE('',#5179,#5054,#1063,.T.);
#4337=EDGE_CURVE('',#5179,#5178,#576,.T.);
#4338=EDGE_CURVE('',#5180,#5053,#1064,.T.);
#4339=EDGE_CURVE('',#5180,#5179,#577,.T.);
#4340=EDGE_CURVE('',#5181,#5052,#1065,.T.);
#4341=EDGE_CURVE('',#5181,#5180,#578,.T.);
#4342=EDGE_CURVE('',#5182,#5051,#1066,.T.);
#4343=EDGE_CURVE('',#5182,#5181,#579,.T.);
#4344=EDGE_CURVE('',#5183,#5050,#1067,.T.);
#4345=EDGE_CURVE('',#5183,#5182,#580,.T.);
#4346=EDGE_CURVE('',#5184,#5049,#1068,.T.);
#4347=EDGE_CURVE('',#5184,#5183,#581,.T.);
#4348=EDGE_CURVE('',#5185,#5048,#1069,.T.);
#4349=EDGE_CURVE('',#5185,#5184,#5464,.T.);
#4350=EDGE_CURVE('',#5186,#5047,#1070,.T.);
#4351=EDGE_CURVE('',#5186,#5185,#582,.T.);
#4352=EDGE_CURVE('',#5187,#5046,#1071,.T.);
#4353=EDGE_CURVE('',#5187,#5186,#583,.T.);
#4354=EDGE_CURVE('',#5188,#5045,#1072,.T.);
#4355=EDGE_CURVE('',#5188,#5187,#584,.T.);
#4356=EDGE_CURVE('',#5189,#5044,#1073,.T.);
#4357=EDGE_CURVE('',#5189,#5188,#585,.T.);
#4358=EDGE_CURVE('',#5190,#5043,#1074,.T.);
#4359=EDGE_CURVE('',#5190,#5189,#586,.T.);
#4360=EDGE_CURVE('',#5191,#5042,#1075,.T.);
#4361=EDGE_CURVE('',#5191,#5190,#587,.T.);
#4362=EDGE_CURVE('',#5192,#5041,#1076,.T.);
#4363=EDGE_CURVE('',#5192,#5191,#588,.T.);
#4364=EDGE_CURVE('',#5193,#5040,#1077,.T.);
#4365=EDGE_CURVE('',#5193,#5192,#1078,.T.);
#4366=EDGE_CURVE('',#5194,#5039,#1079,.T.);
#4367=EDGE_CURVE('',#5194,#5193,#5465,.T.);
#4368=EDGE_CURVE('',#5162,#5194,#589,.T.);
#4369=EDGE_CURVE('',#5195,#5071,#1080,.T.);
#4370=EDGE_CURVE('',#5195,#5196,#1081,.T.);
#4371=EDGE_CURVE('',#5196,#5072,#1082,.T.);
#4372=EDGE_CURVE('',#5197,#5070,#1083,.T.);
#4373=EDGE_CURVE('',#5197,#5195,#1084,.T.);
#4374=EDGE_CURVE('',#5198,#5073,#1085,.T.);
#4375=EDGE_CURVE('',#5198,#5197,#1086,.T.);
#4376=EDGE_CURVE('',#5196,#5198,#1087,.T.);
#4377=EDGE_CURVE('',#5199,#5200,#5466,.F.);
#4378=EDGE_CURVE('',#5201,#5199,#1088,.T.);
#4379=EDGE_CURVE('',#5201,#5202,#5467,.F.);
#4380=EDGE_CURVE('',#5202,#5200,#1089,.T.);
#4381=EDGE_CURVE('',#5203,#5199,#590,.T.);
#4382=EDGE_CURVE('',#5204,#5203,#1090,.T.);
#4383=EDGE_CURVE('',#5204,#5201,#591,.T.);
#4384=EDGE_CURVE('',#5205,#5203,#592,.T.);
#4385=EDGE_CURVE('',#5206,#5205,#1091,.T.);
#4386=EDGE_CURVE('',#5206,#5204,#593,.T.);
#4387=EDGE_CURVE('',#5207,#5205,#594,.T.);
#4388=EDGE_CURVE('',#5208,#5207,#1092,.T.);
#4389=EDGE_CURVE('',#5208,#5206,#595,.T.);
#4390=EDGE_CURVE('',#5209,#5207,#596,.T.);
#4391=EDGE_CURVE('',#5210,#5209,#1093,.T.);
#4392=EDGE_CURVE('',#5210,#5208,#597,.T.);
#4393=EDGE_CURVE('',#5211,#5209,#5468,.F.);
#4394=EDGE_CURVE('',#5212,#5211,#1094,.T.);
#4395=EDGE_CURVE('',#5212,#5210,#5469,.F.);
#4396=EDGE_CURVE('',#5213,#5211,#598,.T.);
#4397=EDGE_CURVE('',#5214,#5213,#1095,.T.);
#4398=EDGE_CURVE('',#5214,#5212,#599,.T.);
#4399=EDGE_CURVE('',#5215,#5213,#600,.T.);
#4400=EDGE_CURVE('',#5216,#5215,#1096,.T.);
#4401=EDGE_CURVE('',#5216,#5214,#601,.T.);
#4402=EDGE_CURVE('',#5217,#5215,#602,.T.);
#4403=EDGE_CURVE('',#5218,#5217,#1097,.T.);
#4404=EDGE_CURVE('',#5218,#5216,#603,.T.);
#4405=EDGE_CURVE('',#5219,#4982,#1098,.T.);
#4406=EDGE_CURVE('',#5219,#5220,#604,.T.);
#4407=EDGE_CURVE('',#5220,#4983,#1099,.T.);
#4408=EDGE_CURVE('',#5221,#4981,#1100,.T.);
#4409=EDGE_CURVE('',#5221,#5219,#5470,.T.);
#4410=EDGE_CURVE('',#5222,#4996,#1101,.T.);
#4411=EDGE_CURVE('',#5222,#5221,#605,.T.);
#4412=EDGE_CURVE('',#5223,#4995,#1102,.T.);
#4413=EDGE_CURVE('',#5223,#5222,#606,.T.);
#4414=EDGE_CURVE('',#5224,#4994,#1103,.T.);
#4415=EDGE_CURVE('',#5224,#5223,#607,.T.);
#4416=EDGE_CURVE('',#5225,#4993,#1104,.T.);
#4417=EDGE_CURVE('',#5225,#5224,#608,.T.);
#4418=EDGE_CURVE('',#5226,#4992,#1105,.T.);
#4419=EDGE_CURVE('',#5226,#5225,#609,.T.);
#4420=EDGE_CURVE('',#5227,#4991,#1106,.T.);
#4421=EDGE_CURVE('',#5227,#5226,#1107,.T.);
#4422=EDGE_CURVE('',#5228,#4990,#1108,.T.);
#4423=EDGE_CURVE('',#5228,#5227,#1109,.T.);
#4424=EDGE_CURVE('',#5229,#4989,#1110,.T.);
#4425=EDGE_CURVE('',#5229,#5228,#1111,.T.);
#4426=EDGE_CURVE('',#5230,#4988,#1112,.T.);
#4427=EDGE_CURVE('',#5230,#5229,#1113,.T.);
#4428=EDGE_CURVE('',#5231,#4987,#1114,.T.);
#4429=EDGE_CURVE('',#5231,#5230,#1115,.T.);
#4430=EDGE_CURVE('',#5232,#4986,#1116,.T.);
#4431=EDGE_CURVE('',#5232,#5231,#610,.T.);
#4432=EDGE_CURVE('',#5233,#4985,#1117,.T.);
#4433=EDGE_CURVE('',#5233,#5232,#611,.T.);
#4434=EDGE_CURVE('',#5234,#4984,#1118,.T.);
#4435=EDGE_CURVE('',#5234,#5233,#5471,.T.);
#4436=EDGE_CURVE('',#5220,#5234,#612,.T.);
#4437=EDGE_CURVE('',#5200,#5217,#613,.T.);
#4438=EDGE_CURVE('',#5202,#5218,#614,.T.);
#4439=EDGE_CURVE('',#5235,#4948,#1119,.T.);
#4440=EDGE_CURVE('',#5235,#5236,#615,.T.);
#4441=EDGE_CURVE('',#5236,#4949,#1120,.T.);
#4442=EDGE_CURVE('',#5237,#4947,#1121,.T.);
#4443=EDGE_CURVE('',#5237,#5235,#616,.T.);
#4444=EDGE_CURVE('',#5238,#4980,#1122,.T.);
#4445=EDGE_CURVE('',#5238,#5237,#617,.T.);
#4446=EDGE_CURVE('',#5239,#4979,#1123,.T.);
#4447=EDGE_CURVE('',#5239,#5238,#618,.T.);
#4448=EDGE_CURVE('',#5240,#4978,#1124,.T.);
#4449=EDGE_CURVE('',#5240,#5239,#619,.T.);
#4450=EDGE_CURVE('',#5241,#4977,#1125,.T.);
#4451=EDGE_CURVE('',#5241,#5240,#5472,.T.);
#4452=EDGE_CURVE('',#5242,#4976,#1126,.T.);
#4453=EDGE_CURVE('',#5242,#5241,#620,.T.);
#4454=EDGE_CURVE('',#5243,#4975,#1127,.T.);
#4455=EDGE_CURVE('',#5243,#5242,#621,.T.);
#4456=EDGE_CURVE('',#5244,#4974,#1128,.T.);
#4457=EDGE_CURVE('',#5244,#5243,#622,.T.);
#4458=EDGE_CURVE('',#5245,#4973,#1129,.T.);
#4459=EDGE_CURVE('',#5245,#5244,#623,.T.);
#4460=EDGE_CURVE('',#5246,#4972,#1130,.T.);
#4461=EDGE_CURVE('',#5246,#5245,#624,.T.);
#4462=EDGE_CURVE('',#5247,#4971,#1131,.T.);
#4463=EDGE_CURVE('',#5247,#5246,#625,.T.);
#4464=EDGE_CURVE('',#5248,#4970,#1132,.T.);
#4465=EDGE_CURVE('',#5248,#5247,#626,.T.);
#4466=EDGE_CURVE('',#5249,#4969,#1133,.T.);
#4467=EDGE_CURVE('',#5249,#5248,#1134,.T.);
#4468=EDGE_CURVE('',#5250,#4968,#1135,.T.);
#4469=EDGE_CURVE('',#5250,#5249,#1136,.T.);
#4470=EDGE_CURVE('',#5251,#4967,#1137,.T.);
#4471=EDGE_CURVE('',#5251,#5250,#5473,.T.);
#4472=EDGE_CURVE('',#5252,#4966,#1138,.T.);
#4473=EDGE_CURVE('',#5252,#5251,#627,.T.);
#4474=EDGE_CURVE('',#5253,#4965,#1139,.T.);
#4475=EDGE_CURVE('',#5253,#5252,#628,.T.);
#4476=EDGE_CURVE('',#5254,#4964,#1140,.T.);
#4477=EDGE_CURVE('',#5254,#5253,#629,.T.);
#4478=EDGE_CURVE('',#5255,#4963,#1141,.T.);
#4479=EDGE_CURVE('',#5255,#5254,#630,.T.);
#4480=EDGE_CURVE('',#5256,#4962,#1142,.T.);
#4481=EDGE_CURVE('',#5256,#5255,#5474,.T.);
#4482=EDGE_CURVE('',#5257,#4961,#1143,.T.);
#4483=EDGE_CURVE('',#5257,#5256,#631,.T.);
#4484=EDGE_CURVE('',#5258,#4960,#1144,.T.);
#4485=EDGE_CURVE('',#5258,#5257,#5475,.T.);
#4486=EDGE_CURVE('',#5259,#4959,#1145,.T.);
#4487=EDGE_CURVE('',#5259,#5258,#632,.T.);
#4488=EDGE_CURVE('',#5260,#4958,#1146,.T.);
#4489=EDGE_CURVE('',#5260,#5259,#633,.T.);
#4490=EDGE_CURVE('',#5261,#4957,#1147,.T.);
#4491=EDGE_CURVE('',#5261,#5260,#634,.T.);
#4492=EDGE_CURVE('',#5262,#4956,#1148,.T.);
#4493=EDGE_CURVE('',#5262,#5261,#635,.T.);
#4494=EDGE_CURVE('',#5263,#4955,#1149,.T.);
#4495=EDGE_CURVE('',#5263,#5262,#636,.T.);
#4496=EDGE_CURVE('',#5264,#4954,#1150,.T.);
#4497=EDGE_CURVE('',#5264,#5263,#637,.T.);
#4498=EDGE_CURVE('',#5265,#4953,#1151,.T.);
#4499=EDGE_CURVE('',#5265,#5264,#638,.T.);
#4500=EDGE_CURVE('',#5266,#4952,#1152,.T.);
#4501=EDGE_CURVE('',#5266,#5265,#1153,.T.);
#4502=EDGE_CURVE('',#5267,#4951,#1154,.T.);
#4503=EDGE_CURVE('',#5267,#5266,#5476,.T.);
#4504=EDGE_CURVE('',#5268,#4950,#1155,.T.);
#4505=EDGE_CURVE('',#5268,#5267,#5477,.T.);
#4506=EDGE_CURVE('',#5236,#5268,#639,.T.);
#4507=EDGE_CURVE('',#5269,#4929,#1156,.T.);
#4508=EDGE_CURVE('',#5269,#5270,#640,.T.);
#4509=EDGE_CURVE('',#5270,#4930,#1157,.T.);
#4510=EDGE_CURVE('',#5271,#4928,#1158,.T.);
#4511=EDGE_CURVE('',#5271,#5269,#5478,.T.);
#4512=EDGE_CURVE('',#5272,#4946,#1159,.T.);
#4513=EDGE_CURVE('',#5272,#5271,#641,.T.);
#4514=EDGE_CURVE('',#5273,#4945,#1160,.T.);
#4515=EDGE_CURVE('',#5273,#5272,#1161,.T.);
#4516=EDGE_CURVE('',#5274,#4944,#1162,.T.);
#4517=EDGE_CURVE('',#5274,#5273,#1163,.T.);
#4518=EDGE_CURVE('',#5275,#4943,#1164,.T.);
#4519=EDGE_CURVE('',#5275,#5274,#1165,.T.);
#4520=EDGE_CURVE('',#5276,#4942,#1166,.T.);
#4521=EDGE_CURVE('',#5276,#5275,#1167,.T.);
#4522=EDGE_CURVE('',#5277,#4941,#1168,.T.);
#4523=EDGE_CURVE('',#5277,#5276,#1169,.T.);
#4524=EDGE_CURVE('',#5278,#4940,#1170,.T.);
#4525=EDGE_CURVE('',#5278,#5277,#1171,.T.);
#4526=EDGE_CURVE('',#5279,#4939,#1172,.T.);
#4527=EDGE_CURVE('',#5279,#5278,#642,.T.);
#4528=EDGE_CURVE('',#5280,#4938,#1173,.T.);
#4529=EDGE_CURVE('',#5280,#5279,#643,.T.);
#4530=EDGE_CURVE('',#5281,#4937,#1174,.T.);
#4531=EDGE_CURVE('',#5281,#5280,#644,.T.);
#4532=EDGE_CURVE('',#5282,#4936,#1175,.T.);
#4533=EDGE_CURVE('',#5282,#5281,#645,.T.);
#4534=EDGE_CURVE('',#5283,#4935,#1176,.T.);
#4535=EDGE_CURVE('',#5283,#5282,#5479,.F.);
#4536=EDGE_CURVE('',#5284,#4934,#1177,.T.);
#4537=EDGE_CURVE('',#5284,#5283,#1178,.T.);
#4538=EDGE_CURVE('',#5285,#4933,#1179,.T.);
#4539=EDGE_CURVE('',#5285,#5284,#1180,.T.);
#4540=EDGE_CURVE('',#5286,#4932,#1181,.T.);
#4541=EDGE_CURVE('',#5286,#5285,#1182,.T.);
#4542=EDGE_CURVE('',#5287,#4931,#1183,.T.);
#4543=EDGE_CURVE('',#5287,#5286,#5480,.T.);
#4544=EDGE_CURVE('',#5270,#5287,#646,.T.);
#4545=EDGE_CURVE('',#5288,#5289,#5481,.F.);
#4546=EDGE_CURVE('',#5290,#5288,#1184,.T.);
#4547=EDGE_CURVE('',#5290,#5291,#5482,.F.);
#4548=EDGE_CURVE('',#5291,#5289,#1185,.T.);
#4549=EDGE_CURVE('',#5292,#5288,#647,.T.);
#4550=EDGE_CURVE('',#5293,#5292,#1186,.T.);
#4551=EDGE_CURVE('',#5293,#5290,#648,.T.);
#4552=EDGE_CURVE('',#5294,#5292,#649,.T.);
#4553=EDGE_CURVE('',#5295,#5294,#1187,.T.);
#4554=EDGE_CURVE('',#5295,#5293,#650,.T.);
#4555=EDGE_CURVE('',#5296,#5294,#1188,.T.);
#4556=EDGE_CURVE('',#5297,#5296,#1189,.T.);
#4557=EDGE_CURVE('',#5297,#5295,#1190,.T.);
#4558=EDGE_CURVE('',#5298,#5296,#1191,.T.);
#4559=EDGE_CURVE('',#5299,#5298,#1192,.T.);
#4560=EDGE_CURVE('',#5299,#5297,#1193,.T.);
#4561=EDGE_CURVE('',#5300,#5298,#1194,.T.);
#4562=EDGE_CURVE('',#5301,#5300,#1195,.T.);
#4563=EDGE_CURVE('',#5301,#5299,#1196,.T.);
#4564=EDGE_CURVE('',#5302,#5300,#651,.T.);
#4565=EDGE_CURVE('',#5303,#5302,#1197,.T.);
#4566=EDGE_CURVE('',#5303,#5301,#652,.T.);
#4567=EDGE_CURVE('',#5304,#4916,#1198,.T.);
#4568=EDGE_CURVE('',#5304,#5305,#653,.T.);
#4569=EDGE_CURVE('',#5305,#4917,#1199,.T.);
#4570=EDGE_CURVE('',#5306,#4915,#1200,.T.);
#4571=EDGE_CURVE('',#5306,#5304,#1201,.T.);
#4572=EDGE_CURVE('',#5307,#4927,#1202,.T.);
#4573=EDGE_CURVE('',#5307,#5306,#1203,.T.);
#4574=EDGE_CURVE('',#5308,#4926,#1204,.T.);
#4575=EDGE_CURVE('',#5308,#5307,#1205,.T.);
#4576=EDGE_CURVE('',#5309,#4925,#1206,.T.);
#4577=EDGE_CURVE('',#5309,#5308,#1207,.T.);
#4578=EDGE_CURVE('',#5310,#4924,#1208,.T.);
#4579=EDGE_CURVE('',#5310,#5309,#1209,.T.);
#4580=EDGE_CURVE('',#5311,#4923,#1210,.T.);
#4581=EDGE_CURVE('',#5311,#5310,#1211,.T.);
#4582=EDGE_CURVE('',#5312,#4922,#1212,.T.);
#4583=EDGE_CURVE('',#5312,#5311,#1213,.T.);
#4584=EDGE_CURVE('',#5313,#4921,#1214,.T.);
#4585=EDGE_CURVE('',#5313,#5312,#1215,.T.);
#4586=EDGE_CURVE('',#5314,#4920,#1216,.T.);
#4587=EDGE_CURVE('',#5314,#5313,#654,.T.);
#4588=EDGE_CURVE('',#5315,#4919,#1217,.T.);
#4589=EDGE_CURVE('',#5315,#5314,#655,.T.);
#4590=EDGE_CURVE('',#5316,#4918,#1218,.T.);
#4591=EDGE_CURVE('',#5316,#5315,#5483,.T.);
#4592=EDGE_CURVE('',#5305,#5316,#656,.T.);
#4593=EDGE_CURVE('',#5289,#5302,#657,.T.);
#4594=EDGE_CURVE('',#5291,#5303,#658,.T.);
#4595=EDGE_CURVE('',#5317,#4903,#1219,.T.);
#4596=EDGE_CURVE('',#5317,#5318,#659,.T.);
#4597=EDGE_CURVE('',#5318,#4904,#1220,.T.);
#4598=EDGE_CURVE('',#5319,#4910,#1221,.T.);
#4599=EDGE_CURVE('',#5319,#5317,#660,.T.);
#4600=EDGE_CURVE('',#5320,#4909,#1222,.T.);
#4601=EDGE_CURVE('',#5320,#5319,#661,.T.);
#4602=EDGE_CURVE('',#5321,#4908,#1223,.T.);
#4603=EDGE_CURVE('',#5321,#5320,#662,.T.);
#4604=EDGE_CURVE('',#5322,#4907,#1224,.T.);
#4605=EDGE_CURVE('',#5322,#5321,#663,.T.);
#4606=EDGE_CURVE('',#5323,#4906,#1225,.T.);
#4607=EDGE_CURVE('',#5323,#5322,#664,.T.);
#4608=EDGE_CURVE('',#5324,#4905,#1226,.T.);
#4609=EDGE_CURVE('',#5324,#5323,#665,.T.);
#4610=EDGE_CURVE('',#5318,#5324,#5484,.T.);
#4611=EDGE_CURVE('',#5325,#4899,#1227,.T.);
#4612=EDGE_CURVE('',#5325,#5326,#1228,.T.);
#4613=EDGE_CURVE('',#5326,#4900,#1229,.T.);
#4614=EDGE_CURVE('',#5327,#4902,#1230,.T.);
#4615=EDGE_CURVE('',#5327,#5325,#1231,.T.);
#4616=EDGE_CURVE('',#5328,#4901,#1232,.T.);
#4617=EDGE_CURVE('',#5328,#5327,#1233,.T.);
#4618=EDGE_CURVE('',#5326,#5328,#1234,.T.);
#4619=EDGE_CURVE('',#5329,#5330,#5485,.F.);
#4620=EDGE_CURVE('',#5331,#5329,#1235,.T.);
#4621=EDGE_CURVE('',#5331,#5332,#5486,.F.);
#4622=EDGE_CURVE('',#5332,#5330,#1236,.T.);
#4623=EDGE_CURVE('',#5333,#5329,#666,.T.);
#4624=EDGE_CURVE('',#5334,#5333,#1237,.T.);
#4625=EDGE_CURVE('',#5334,#5331,#667,.T.);
#4626=EDGE_CURVE('',#5335,#5333,#668,.T.);
#4627=EDGE_CURVE('',#5336,#5335,#1238,.T.);
#4628=EDGE_CURVE('',#5336,#5334,#669,.T.);
#4629=EDGE_CURVE('',#5337,#5335,#670,.T.);
#4630=EDGE_CURVE('',#5338,#5337,#1239,.T.);
#4631=EDGE_CURVE('',#5338,#5336,#671,.T.);
#4632=EDGE_CURVE('',#5339,#5337,#672,.T.);
#4633=EDGE_CURVE('',#5340,#5339,#1240,.T.);
#4634=EDGE_CURVE('',#5340,#5338,#673,.T.);
#4635=EDGE_CURVE('',#5341,#5339,#5487,.F.);
#4636=EDGE_CURVE('',#5342,#5341,#1241,.T.);
#4637=EDGE_CURVE('',#5342,#5340,#5488,.F.);
#4638=EDGE_CURVE('',#5343,#5341,#674,.T.);
#4639=EDGE_CURVE('',#5344,#5343,#1242,.T.);
#4640=EDGE_CURVE('',#5344,#5342,#675,.T.);
#4641=EDGE_CURVE('',#5345,#5343,#676,.T.);
#4642=EDGE_CURVE('',#5346,#5345,#1243,.T.);
#4643=EDGE_CURVE('',#5346,#5344,#677,.T.);
#4644=EDGE_CURVE('',#5347,#5345,#678,.T.);
#4645=EDGE_CURVE('',#5348,#5347,#1244,.T.);
#4646=EDGE_CURVE('',#5348,#5346,#679,.T.);
#4647=EDGE_CURVE('',#5349,#4883,#1245,.T.);
#4648=EDGE_CURVE('',#5349,#5350,#680,.T.);
#4649=EDGE_CURVE('',#5350,#4884,#1246,.T.);
#4650=EDGE_CURVE('',#5351,#4898,#1247,.T.);
#4651=EDGE_CURVE('',#5351,#5349,#5489,.T.);
#4652=EDGE_CURVE('',#5352,#4897,#1248,.T.);
#4653=EDGE_CURVE('',#5352,#5351,#681,.T.);
#4654=EDGE_CURVE('',#5353,#4896,#1249,.T.);
#4655=EDGE_CURVE('',#5353,#5352,#682,.T.);
#4656=EDGE_CURVE('',#5354,#4895,#1250,.T.);
#4657=EDGE_CURVE('',#5354,#5353,#683,.T.);
#4658=EDGE_CURVE('',#5355,#4894,#1251,.T.);
#4659=EDGE_CURVE('',#5355,#5354,#684,.T.);
#4660=EDGE_CURVE('',#5356,#4893,#1252,.T.);
#4661=EDGE_CURVE('',#5356,#5355,#5490,.T.);
#4662=EDGE_CURVE('',#5357,#4892,#1253,.T.);
#4663=EDGE_CURVE('',#5357,#5356,#1254,.T.);
#4664=EDGE_CURVE('',#5358,#4891,#1255,.T.);
#4665=EDGE_CURVE('',#5358,#5357,#1256,.T.);
#4666=EDGE_CURVE('',#5359,#4890,#1257,.T.);
#4667=EDGE_CURVE('',#5359,#5358,#1258,.T.);
#4668=EDGE_CURVE('',#5360,#4889,#1259,.T.);
#4669=EDGE_CURVE('',#5360,#5359,#1260,.T.);
#4670=EDGE_CURVE('',#5361,#4888,#1261,.T.);
#4671=EDGE_CURVE('',#5361,#5360,#1262,.T.);
#4672=EDGE_CURVE('',#5362,#4887,#1263,.T.);
#4673=EDGE_CURVE('',#5362,#5361,#685,.T.);
#4674=EDGE_CURVE('',#5363,#4886,#1264,.T.);
#4675=EDGE_CURVE('',#5363,#5362,#686,.T.);
#4676=EDGE_CURVE('',#5364,#4885,#1265,.T.);
#4677=EDGE_CURVE('',#5364,#5363,#5491,.T.);
#4678=EDGE_CURVE('',#5350,#5364,#687,.T.);
#4679=EDGE_CURVE('',#5330,#5347,#688,.T.);
#4680=EDGE_CURVE('',#5332,#5348,#689,.T.);
#4681=EDGE_CURVE('',#5365,#4875,#1266,.T.);
#4682=EDGE_CURVE('',#5365,#5366,#690,.T.);
#4683=EDGE_CURVE('',#5366,#4876,#1267,.T.);
#4684=EDGE_CURVE('',#5367,#4882,#1268,.T.);
#4685=EDGE_CURVE('',#5367,#5365,#691,.T.);
#4686=EDGE_CURVE('',#5368,#4881,#1269,.T.);
#4687=EDGE_CURVE('',#5368,#5367,#692,.T.);
#4688=EDGE_CURVE('',#5369,#4880,#1270,.T.);
#4689=EDGE_CURVE('',#5369,#5368,#693,.T.);
#4690=EDGE_CURVE('',#5370,#4879,#1271,.T.);
#4691=EDGE_CURVE('',#5370,#5369,#694,.T.);
#4692=EDGE_CURVE('',#5371,#4878,#1272,.T.);
#4693=EDGE_CURVE('',#5371,#5370,#695,.T.);
#4694=EDGE_CURVE('',#5372,#4877,#1273,.T.);
#4695=EDGE_CURVE('',#5372,#5371,#696,.T.);
#4696=EDGE_CURVE('',#5366,#5372,#5492,.T.);
#4697=EDGE_CURVE('',#5373,#4871,#1274,.T.);
#4698=EDGE_CURVE('',#5373,#5374,#1275,.T.);
#4699=EDGE_CURVE('',#5374,#4872,#1276,.T.);
#4700=EDGE_CURVE('',#5375,#4874,#1277,.T.);
#4701=EDGE_CURVE('',#5375,#5373,#1278,.T.);
#4702=EDGE_CURVE('',#5376,#4873,#1279,.T.);
#4703=EDGE_CURVE('',#5376,#5375,#1280,.T.);
#4704=EDGE_CURVE('',#5374,#5376,#1281,.T.);
#4705=EDGE_CURVE('',#5377,#4852,#1282,.T.);
#4706=EDGE_CURVE('',#5377,#5378,#5493,.F.);
#4707=EDGE_CURVE('',#5378,#4853,#1283,.T.);
#4708=EDGE_CURVE('',#5379,#4870,#1284,.T.);
#4709=EDGE_CURVE('',#5379,#5377,#1285,.T.);
#4710=EDGE_CURVE('',#5380,#4869,#1286,.T.);
#4711=EDGE_CURVE('',#5380,#5379,#1287,.T.);
#4712=EDGE_CURVE('',#5381,#4868,#1288,.T.);
#4713=EDGE_CURVE('',#5381,#5380,#1289,.T.);
#4714=EDGE_CURVE('',#5382,#4867,#1290,.T.);
#4715=EDGE_CURVE('',#5382,#5381,#1291,.T.);
#4716=EDGE_CURVE('',#5383,#4866,#1292,.T.);
#4717=EDGE_CURVE('',#5383,#5382,#1293,.T.);
#4718=EDGE_CURVE('',#5384,#4865,#1294,.T.);
#4719=EDGE_CURVE('',#5384,#5383,#1295,.T.);
#4720=EDGE_CURVE('',#5385,#4864,#1296,.T.);
#4721=EDGE_CURVE('',#5385,#5384,#1297,.T.);
#4722=EDGE_CURVE('',#5386,#4863,#1298,.T.);
#4723=EDGE_CURVE('',#5386,#5385,#1299,.T.);
#4724=EDGE_CURVE('',#5387,#4862,#1300,.T.);
#4725=EDGE_CURVE('',#5387,#5386,#1301,.T.);
#4726=EDGE_CURVE('',#5388,#4861,#1302,.T.);
#4727=EDGE_CURVE('',#5388,#5387,#1303,.T.);
#4728=EDGE_CURVE('',#5389,#4860,#1304,.T.);
#4729=EDGE_CURVE('',#5389,#5388,#1305,.T.);
#4730=EDGE_CURVE('',#5390,#4859,#1306,.T.);
#4731=EDGE_CURVE('',#5390,#5389,#5494,.T.);
#4732=EDGE_CURVE('',#5391,#4858,#1307,.T.);
#4733=EDGE_CURVE('',#5391,#5390,#697,.T.);
#4734=EDGE_CURVE('',#5392,#4857,#1308,.T.);
#4735=EDGE_CURVE('',#5392,#5391,#1309,.T.);
#4736=EDGE_CURVE('',#5393,#4856,#1310,.T.);
#4737=EDGE_CURVE('',#5393,#5392,#1311,.T.);
#4738=EDGE_CURVE('',#5394,#4855,#1312,.T.);
#4739=EDGE_CURVE('',#5394,#5393,#1313,.T.);
#4740=EDGE_CURVE('',#5395,#4854,#1314,.T.);
#4741=EDGE_CURVE('',#5395,#5394,#698,.T.);
#4742=EDGE_CURVE('',#5378,#5395,#699,.T.);
#4743=EDGE_CURVE('',#5396,#4833,#1315,.T.);
#4744=EDGE_CURVE('',#5396,#5397,#700,.T.);
#4745=EDGE_CURVE('',#5397,#4834,#1316,.T.);
#4746=EDGE_CURVE('',#5398,#4851,#1317,.T.);
#4747=EDGE_CURVE('',#5398,#5396,#5495,.T.);
#4748=EDGE_CURVE('',#5399,#4850,#1318,.T.);
#4749=EDGE_CURVE('',#5399,#5398,#5496,.T.);
#4750=EDGE_CURVE('',#5400,#4849,#1319,.T.);
#4751=EDGE_CURVE('',#5400,#5399,#1320,.T.);
#4752=EDGE_CURVE('',#5401,#4848,#1321,.T.);
#4753=EDGE_CURVE('',#5401,#5400,#1322,.T.);
#4754=EDGE_CURVE('',#5402,#4847,#1323,.T.);
#4755=EDGE_CURVE('',#5402,#5401,#1324,.T.);
#4756=EDGE_CURVE('',#5403,#4846,#1325,.T.);
#4757=EDGE_CURVE('',#5403,#5402,#1326,.T.);
#4758=EDGE_CURVE('',#5404,#4845,#1327,.T.);
#4759=EDGE_CURVE('',#5404,#5403,#1328,.T.);
#4760=EDGE_CURVE('',#5405,#4844,#1329,.T.);
#4761=EDGE_CURVE('',#5405,#5404,#1330,.T.);
#4762=EDGE_CURVE('',#5406,#4843,#1331,.T.);
#4763=EDGE_CURVE('',#5406,#5405,#701,.T.);
#4764=EDGE_CURVE('',#5407,#4842,#1332,.T.);
#4765=EDGE_CURVE('',#5407,#5406,#702,.T.);
#4766=EDGE_CURVE('',#5408,#4841,#1333,.T.);
#4767=EDGE_CURVE('',#5408,#5407,#703,.T.);
#4768=EDGE_CURVE('',#5409,#4840,#1334,.T.);
#4769=EDGE_CURVE('',#5409,#5408,#704,.T.);
#4770=EDGE_CURVE('',#5410,#4839,#1335,.T.);
#4771=EDGE_CURVE('',#5410,#5409,#5497,.F.);
#4772=EDGE_CURVE('',#5411,#4838,#1336,.T.);
#4773=EDGE_CURVE('',#5411,#5410,#1337,.T.);
#4774=EDGE_CURVE('',#5412,#4837,#1338,.T.);
#4775=EDGE_CURVE('',#5412,#5411,#1339,.T.);
#4776=EDGE_CURVE('',#5413,#4836,#1340,.T.);
#4777=EDGE_CURVE('',#5413,#5412,#1341,.T.);
#4778=EDGE_CURVE('',#5414,#4835,#1342,.T.);
#4779=EDGE_CURVE('',#5414,#5413,#5498,.T.);
#4780=EDGE_CURVE('',#5397,#5414,#705,.T.);
#4781=VERTEX_POINT('',#9964);
#4782=VERTEX_POINT('',#9966);
#4783=VERTEX_POINT('',#9968);
#4784=VERTEX_POINT('',#9969);
#4785=VERTEX_POINT('',#9971);
#4786=VERTEX_POINT('',#9973);
#4787=VERTEX_POINT('',#9976);
#4788=VERTEX_POINT('',#9977);
#4789=VERTEX_POINT('',#9979);
#4790=VERTEX_POINT('',#9981);
#4791=VERTEX_POINT('',#9984);
#4792=VERTEX_POINT('',#9985);
#4793=VERTEX_POINT('',#9987);
#4794=VERTEX_POINT('',#9989);
#4795=VERTEX_POINT('',#9992);
#4796=VERTEX_POINT('',#9993);
#4797=VERTEX_POINT('',#9995);
#4798=VERTEX_POINT('',#9997);
#4799=VERTEX_POINT('',#10000);
#4800=VERTEX_POINT('',#10001);
#4801=VERTEX_POINT('',#10003);
#4802=VERTEX_POINT('',#10005);
#4803=VERTEX_POINT('',#10008);
#4804=VERTEX_POINT('',#10009);
#4805=VERTEX_POINT('',#10011);
#4806=VERTEX_POINT('',#10013);
#4807=VERTEX_POINT('',#10017);
#4808=VERTEX_POINT('',#10019);
#4809=VERTEX_POINT('',#10020);
#4810=VERTEX_POINT('',#10022);
#4811=VERTEX_POINT('',#10024);
#4812=VERTEX_POINT('',#10027);
#4813=VERTEX_POINT('',#10028);
#4814=VERTEX_POINT('',#10030);
#4815=VERTEX_POINT('',#10032);
#4816=VERTEX_POINT('',#10035);
#4817=VERTEX_POINT('',#10036);
#4818=VERTEX_POINT('',#10038);
#4819=VERTEX_POINT('',#10040);
#4820=VERTEX_POINT('',#10043);
#4821=VERTEX_POINT('',#10044);
#4822=VERTEX_POINT('',#10046);
#4823=VERTEX_POINT('',#10048);
#4824=VERTEX_POINT('',#10051);
#4825=VERTEX_POINT('',#10052);
#4826=VERTEX_POINT('',#10054);
#4827=VERTEX_POINT('',#10056);
#4828=VERTEX_POINT('',#10059);
#4829=VERTEX_POINT('',#10061);
#4830=VERTEX_POINT('',#10062);
#4831=VERTEX_POINT('',#10064);
#4832=VERTEX_POINT('',#10066);
#4833=VERTEX_POINT('',#10123);
#4834=VERTEX_POINT('',#10124);
#4835=VERTEX_POINT('',#10128);
#4836=VERTEX_POINT('',#10130);
#4837=VERTEX_POINT('',#10132);
#4838=VERTEX_POINT('',#10134);
#4839=VERTEX_POINT('',#10136);
#4840=VERTEX_POINT('',#10138);
#4841=VERTEX_POINT('',#10142);
#4842=VERTEX_POINT('',#10146);
#4843=VERTEX_POINT('',#10150);
#4844=VERTEX_POINT('',#10154);
#4845=VERTEX_POINT('',#10156);
#4846=VERTEX_POINT('',#10158);
#4847=VERTEX_POINT('',#10160);
#4848=VERTEX_POINT('',#10162);
#4849=VERTEX_POINT('',#10164);
#4850=VERTEX_POINT('',#10166);
#4851=VERTEX_POINT('',#10168);
#4852=VERTEX_POINT('',#10171);
#4853=VERTEX_POINT('',#10172);
#4854=VERTEX_POINT('',#10176);
#4855=VERTEX_POINT('',#10180);
#4856=VERTEX_POINT('',#10182);
#4857=VERTEX_POINT('',#10184);
#4858=VERTEX_POINT('',#10186);
#4859=VERTEX_POINT('',#10190);
#4860=VERTEX_POINT('',#10192);
#4861=VERTEX_POINT('',#10194);
#4862=VERTEX_POINT('',#10196);
#4863=VERTEX_POINT('',#10198);
#4864=VERTEX_POINT('',#10200);
#4865=VERTEX_POINT('',#10202);
#4866=VERTEX_POINT('',#10204);
#4867=VERTEX_POINT('',#10206);
#4868=VERTEX_POINT('',#10208);
#4869=VERTEX_POINT('',#10210);
#4870=VERTEX_POINT('',#10212);
#4871=VERTEX_POINT('',#10215);
#4872=VERTEX_POINT('',#10216);
#4873=VERTEX_POINT('',#10218);
#4874=VERTEX_POINT('',#10220);
#4875=VERTEX_POINT('',#10225);
#4876=VERTEX_POINT('',#10226);
#4877=VERTEX_POINT('',#10228);
#4878=VERTEX_POINT('',#10232);
#4879=VERTEX_POINT('',#10236);
#4880=VERTEX_POINT('',#10240);
#4881=VERTEX_POINT('',#10244);
#4882=VERTEX_POINT('',#10248);
#4883=VERTEX_POINT('',#10255);
#4884=VERTEX_POINT('',#10256);
#4885=VERTEX_POINT('',#10260);
#4886=VERTEX_POINT('',#10262);
#4887=VERTEX_POINT('',#10266);
#4888=VERTEX_POINT('',#10270);
#4889=VERTEX_POINT('',#10272);
#4890=VERTEX_POINT('',#10274);
#4891=VERTEX_POINT('',#10276);
#4892=VERTEX_POINT('',#10278);
#4893=VERTEX_POINT('',#10280);
#4894=VERTEX_POINT('',#10282);
#4895=VERTEX_POINT('',#10286);
#4896=VERTEX_POINT('',#10290);
#4897=VERTEX_POINT('',#10294);
#4898=VERTEX_POINT('',#10298);
#4899=VERTEX_POINT('',#10301);
#4900=VERTEX_POINT('',#10302);
#4901=VERTEX_POINT('',#10304);
#4902=VERTEX_POINT('',#10306);
#4903=VERTEX_POINT('',#10311);
#4904=VERTEX_POINT('',#10312);
#4905=VERTEX_POINT('',#10314);
#4906=VERTEX_POINT('',#10318);
#4907=VERTEX_POINT('',#10322);
#4908=VERTEX_POINT('',#10326);
#4909=VERTEX_POINT('',#10330);
#4910=VERTEX_POINT('',#10334);
#4911=VERTEX_POINT('',#10339);
#4912=VERTEX_POINT('',#10340);
#4913=VERTEX_POINT('',#10342);
#4914=VERTEX_POINT('',#10344);
#4915=VERTEX_POINT('',#10347);
#4916=VERTEX_POINT('',#10348);
#4917=VERTEX_POINT('',#10352);
#4918=VERTEX_POINT('',#10356);
#4919=VERTEX_POINT('',#10358);
#4920=VERTEX_POINT('',#10362);
#4921=VERTEX_POINT('',#10366);
#4922=VERTEX_POINT('',#10368);
#4923=VERTEX_POINT('',#10370);
#4924=VERTEX_POINT('',#10372);
#4925=VERTEX_POINT('',#10374);
#4926=VERTEX_POINT('',#10376);
#4927=VERTEX_POINT('',#10378);
#4928=VERTEX_POINT('',#10382);
#4929=VERTEX_POINT('',#10383);
#4930=VERTEX_POINT('',#10387);
#4931=VERTEX_POINT('',#10391);
#4932=VERTEX_POINT('',#10393);
#4933=VERTEX_POINT('',#10395);
#4934=VERTEX_POINT('',#10397);
#4935=VERTEX_POINT('',#10399);
#4936=VERTEX_POINT('',#10401);
#4937=VERTEX_POINT('',#10405);
#4938=VERTEX_POINT('',#10409);
#4939=VERTEX_POINT('',#10413);
#4940=VERTEX_POINT('',#10417);
#4941=VERTEX_POINT('',#10419);
#4942=VERTEX_POINT('',#10421);
#4943=VERTEX_POINT('',#10423);
#4944=VERTEX_POINT('',#10425);
#4945=VERTEX_POINT('',#10427);
#4946=VERTEX_POINT('',#10429);
#4947=VERTEX_POINT('',#10436);
#4948=VERTEX_POINT('',#10437);
#4949=VERTEX_POINT('',#10441);
#4950=VERTEX_POINT('',#10445);
#4951=VERTEX_POINT('',#10447);
#4952=VERTEX_POINT('',#10449);
#4953=VERTEX_POINT('',#10451);
#4954=VERTEX_POINT('',#10455);
#4955=VERTEX_POINT('',#10459);
#4956=VERTEX_POINT('',#10463);
#4957=VERTEX_POINT('',#10467);
#4958=VERTEX_POINT('',#10471);
#4959=VERTEX_POINT('',#10475);
#4960=VERTEX_POINT('',#10479);
#4961=VERTEX_POINT('',#10481);
#4962=VERTEX_POINT('',#10485);
#4963=VERTEX_POINT('',#10487);
#4964=VERTEX_POINT('',#10491);
#4965=VERTEX_POINT('',#10495);
#4966=VERTEX_POINT('',#10499);
#4967=VERTEX_POINT('',#10503);
#4968=VERTEX_POINT('',#10505);
#4969=VERTEX_POINT('',#10507);
#4970=VERTEX_POINT('',#10509);
#4971=VERTEX_POINT('',#10513);
#4972=VERTEX_POINT('',#10517);
#4973=VERTEX_POINT('',#10521);
#4974=VERTEX_POINT('',#10525);
#4975=VERTEX_POINT('',#10529);
#4976=VERTEX_POINT('',#10533);
#4977=VERTEX_POINT('',#10537);
#4978=VERTEX_POINT('',#10539);
#4979=VERTEX_POINT('',#10543);
#4980=VERTEX_POINT('',#10547);
#4981=VERTEX_POINT('',#10552);
#4982=VERTEX_POINT('',#10553);
#4983=VERTEX_POINT('',#10557);
#4984=VERTEX_POINT('',#10561);
#4985=VERTEX_POINT('',#10563);
#4986=VERTEX_POINT('',#10567);
#4987=VERTEX_POINT('',#10571);
#4988=VERTEX_POINT('',#10573);
#4989=VERTEX_POINT('',#10575);
#4990=VERTEX_POINT('',#10577);
#4991=VERTEX_POINT('',#10579);
#4992=VERTEX_POINT('',#10581);
#4993=VERTEX_POINT('',#10585);
#4994=VERTEX_POINT('',#10589);
#4995=VERTEX_POINT('',#10593);
#4996=VERTEX_POINT('',#10597);
#4997=VERTEX_POINT('',#10602);
#4998=VERTEX_POINT('',#10603);
#4999=VERTEX_POINT('',#10605);
#5000=VERTEX_POINT('',#10607);
#5001=VERTEX_POINT('',#10609);
#5002=VERTEX_POINT('',#10611);
#5003=VERTEX_POINT('',#10613);
#5004=VERTEX_POINT('',#10615);
#5005=VERTEX_POINT('',#10617);
#5006=VERTEX_POINT('',#10619);
#5007=VERTEX_POINT('',#10621);
#5008=VERTEX_POINT('',#10624);
#5009=VERTEX_POINT('',#10626);
#5010=VERTEX_POINT('',#10631);
#5011=VERTEX_POINT('',#10632);
#5012=VERTEX_POINT('',#10636);
#5013=VERTEX_POINT('',#10640);
#5014=VERTEX_POINT('',#10642);
#5015=VERTEX_POINT('',#10644);
#5016=VERTEX_POINT('',#10646);
#5017=VERTEX_POINT('',#10648);
#5018=VERTEX_POINT('',#10652);
#5019=VERTEX_POINT('',#10656);
#5020=VERTEX_POINT('',#10660);
#5021=VERTEX_POINT('',#10662);
#5022=VERTEX_POINT('',#10666);
#5023=VERTEX_POINT('',#10670);
#5024=VERTEX_POINT('',#10674);
#5025=VERTEX_POINT('',#10678);
#5026=VERTEX_POINT('',#10680);
#5027=VERTEX_POINT('',#10684);
#5028=VERTEX_POINT('',#10687);
#5029=VERTEX_POINT('',#10688);
#5030=VERTEX_POINT('',#10690);
#5031=VERTEX_POINT('',#10692);
#5032=VERTEX_POINT('',#10694);
#5033=VERTEX_POINT('',#10696);
#5034=VERTEX_POINT('',#10698);
#5035=VERTEX_POINT('',#10700);
#5036=VERTEX_POINT('',#10705);
#5037=VERTEX_POINT('',#10706);
#5038=VERTEX_POINT('',#10710);
#5039=VERTEX_POINT('',#10714);
#5040=VERTEX_POINT('',#10716);
#5041=VERTEX_POINT('',#10718);
#5042=VERTEX_POINT('',#10722);
#5043=VERTEX_POINT('',#10726);
#5044=VERTEX_POINT('',#10730);
#5045=VERTEX_POINT('',#10734);
#5046=VERTEX_POINT('',#10738);
#5047=VERTEX_POINT('',#10742);
#5048=VERTEX_POINT('',#10746);
#5049=VERTEX_POINT('',#10748);
#5050=VERTEX_POINT('',#10752);
#5051=VERTEX_POINT('',#10756);
#5052=VERTEX_POINT('',#10760);
#5053=VERTEX_POINT('',#10764);
#5054=VERTEX_POINT('',#10768);
#5055=VERTEX_POINT('',#10772);
#5056=VERTEX_POINT('',#10776);
#5057=VERTEX_POINT('',#10778);
#5058=VERTEX_POINT('',#10780);
#5059=VERTEX_POINT('',#10782);
#5060=VERTEX_POINT('',#10786);
#5061=VERTEX_POINT('',#10790);
#5062=VERTEX_POINT('',#10794);
#5063=VERTEX_POINT('',#10798);
#5064=VERTEX_POINT('',#10802);
#5065=VERTEX_POINT('',#10806);
#5066=VERTEX_POINT('',#10810);
#5067=VERTEX_POINT('',#10812);
#5068=VERTEX_POINT('',#10816);
#5069=VERTEX_POINT('',#10820);
#5070=VERTEX_POINT('',#10825);
#5071=VERTEX_POINT('',#10826);
#5072=VERTEX_POINT('',#10828);
#5073=VERTEX_POINT('',#10830);
#5074=VERTEX_POINT('',#10834);
#5075=VERTEX_POINT('',#10835);
#5076=VERTEX_POINT('',#10837);
#5077=VERTEX_POINT('',#10839);
#5078=VERTEX_POINT('',#10841);
#5079=VERTEX_POINT('',#10843);
#5080=VERTEX_POINT('',#10845);
#5081=VERTEX_POINT('',#10847);
#5082=VERTEX_POINT('',#10849);
#5083=VERTEX_POINT('',#10851);
#5084=VERTEX_POINT('',#10853);
#5085=VERTEX_POINT('',#10855);
#5086=VERTEX_POINT('',#10857);
#5087=VERTEX_POINT('',#10859);
#5088=VERTEX_POINT('',#10861);
#5089=VERTEX_POINT('',#10863);
#5090=VERTEX_POINT('',#10867);
#5091=VERTEX_POINT('',#10869);
#5092=VERTEX_POINT('',#10872);
#5093=VERTEX_POINT('',#10874);
#5094=VERTEX_POINT('',#10877);
#5095=VERTEX_POINT('',#10879);
#5096=VERTEX_POINT('',#10883);
#5097=VERTEX_POINT('',#10884);
#5098=VERTEX_POINT('',#10886);
#5099=VERTEX_POINT('',#10891);
#5100=VERTEX_POINT('',#10894);
#5101=VERTEX_POINT('',#10896);
#5102=VERTEX_POINT('',#10898);
#5103=VERTEX_POINT('',#10902);
#5104=VERTEX_POINT('',#10907);
#5105=VERTEX_POINT('',#10911);
#5106=VERTEX_POINT('',#10918);
#5107=VERTEX_POINT('',#10925);
#5108=VERTEX_POINT('',#10929);
#5109=VERTEX_POINT('',#10936);
#5110=VERTEX_POINT('',#10943);
#5111=VERTEX_POINT('',#10947);
#5112=VERTEX_POINT('',#10954);
#5113=VERTEX_POINT('',#10956);
#5114=VERTEX_POINT('',#10960);
#5115=VERTEX_POINT('',#10964);
#5116=VERTEX_POINT('',#10968);
#5117=VERTEX_POINT('',#10972);
#5118=VERTEX_POINT('',#10976);
#5119=VERTEX_POINT('',#10980);
#5120=VERTEX_POINT('',#10984);
#5121=VERTEX_POINT('',#10988);
#5122=VERTEX_POINT('',#10992);
#5123=VERTEX_POINT('',#10999);
#5124=VERTEX_POINT('',#11000);
#5125=VERTEX_POINT('',#11002);
#5126=VERTEX_POINT('',#11004);
#5127=VERTEX_POINT('',#11008);
#5128=VERTEX_POINT('',#11010);
#5129=VERTEX_POINT('',#11023);
#5130=VERTEX_POINT('',#11025);
#5131=VERTEX_POINT('',#11031);
#5132=VERTEX_POINT('',#11033);
#5133=VERTEX_POINT('',#11046);
#5134=VERTEX_POINT('',#11048);
#5135=VERTEX_POINT('',#11061);
#5136=VERTEX_POINT('',#11065);
#5137=VERTEX_POINT('',#11076);
#5138=VERTEX_POINT('',#11082);
#5139=VERTEX_POINT('',#11093);
#5140=VERTEX_POINT('',#11099);
#5141=VERTEX_POINT('',#11110);
#5142=VERTEX_POINT('',#11123);
#5143=VERTEX_POINT('',#11136);
#5144=VERTEX_POINT('',#11149);
#5145=VERTEX_POINT('',#11155);
#5146=VERTEX_POINT('',#11166);
#5147=VERTEX_POINT('',#11179);
#5148=VERTEX_POINT('',#11192);
#5149=VERTEX_POINT('',#11198);
#5150=VERTEX_POINT('',#11202);
#5151=VERTEX_POINT('',#11206);
#5152=VERTEX_POINT('',#11210);
#5153=VERTEX_POINT('',#11241);
#5154=VERTEX_POINT('',#11243);
#5155=VERTEX_POINT('',#11247);
#5156=VERTEX_POINT('',#11251);
#5157=VERTEX_POINT('',#11255);
#5158=VERTEX_POINT('',#11259);
#5159=VERTEX_POINT('',#11263);
#5160=VERTEX_POINT('',#11267);
#5161=VERTEX_POINT('',#11281);
#5162=VERTEX_POINT('',#11285);
#5163=VERTEX_POINT('',#11296);
#5164=VERTEX_POINT('',#11309);
#5165=VERTEX_POINT('',#11322);
#5166=VERTEX_POINT('',#11335);
#5167=VERTEX_POINT('',#11341);
#5168=VERTEX_POINT('',#11352);
#5169=VERTEX_POINT('',#11365);
#5170=VERTEX_POINT('',#11378);
#5171=VERTEX_POINT('',#11391);
#5172=VERTEX_POINT('',#11404);
#5173=VERTEX_POINT('',#11417);
#5174=VERTEX_POINT('',#11430);
#5175=VERTEX_POINT('',#11436);
#5176=VERTEX_POINT('',#11440);
#5177=VERTEX_POINT('',#11444);
#5178=VERTEX_POINT('',#11455);
#5179=VERTEX_POINT('',#11468);
#5180=VERTEX_POINT('',#11481);
#5181=VERTEX_POINT('',#11494);
#5182=VERTEX_POINT('',#11507);
#5183=VERTEX_POINT('',#11520);
#5184=VERTEX_POINT('',#11533);
#5185=VERTEX_POINT('',#11539);
#5186=VERTEX_POINT('',#11550);
#5187=VERTEX_POINT('',#11563);
#5188=VERTEX_POINT('',#11576);
#5189=VERTEX_POINT('',#11589);
#5190=VERTEX_POINT('',#11602);
#5191=VERTEX_POINT('',#11615);
#5192=VERTEX_POINT('',#11628);
#5193=VERTEX_POINT('',#11634);
#5194=VERTEX_POINT('',#11638);
#5195=VERTEX_POINT('',#11654);
#5196=VERTEX_POINT('',#11656);
#5197=VERTEX_POINT('',#11660);
#5198=VERTEX_POINT('',#11664);
#5199=VERTEX_POINT('',#11671);
#5200=VERTEX_POINT('',#11672);
#5201=VERTEX_POINT('',#11674);
#5202=VERTEX_POINT('',#11676);
#5203=VERTEX_POINT('',#11689);
#5204=VERTEX_POINT('',#11691);
#5205=VERTEX_POINT('',#11706);
#5206=VERTEX_POINT('',#11708);
#5207=VERTEX_POINT('',#11723);
#5208=VERTEX_POINT('',#11725);
#5209=VERTEX_POINT('',#11740);
#5210=VERTEX_POINT('',#11742);
#5211=VERTEX_POINT('',#11748);
#5212=VERTEX_POINT('',#11750);
#5213=VERTEX_POINT('',#11763);
#5214=VERTEX_POINT('',#11765);
#5215=VERTEX_POINT('',#11780);
#5216=VERTEX_POINT('',#11782);
#5217=VERTEX_POINT('',#11797);
#5218=VERTEX_POINT('',#11799);
#5219=VERTEX_POINT('',#11812);
#5220=VERTEX_POINT('',#11816);
#5221=VERTEX_POINT('',#11820);
#5222=VERTEX_POINT('',#11831);
#5223=VERTEX_POINT('',#11844);
#5224=VERTEX_POINT('',#11857);
#5225=VERTEX_POINT('',#11870);
#5226=VERTEX_POINT('',#11883);
#5227=VERTEX_POINT('',#11889);
#5228=VERTEX_POINT('',#11893);
#5229=VERTEX_POINT('',#11897);
#5230=VERTEX_POINT('',#11901);
#5231=VERTEX_POINT('',#11905);
#5232=VERTEX_POINT('',#11916);
#5233=VERTEX_POINT('',#11929);
#5234=VERTEX_POINT('',#11935);
#5235=VERTEX_POINT('',#11973);
#5236=VERTEX_POINT('',#11977);
#5237=VERTEX_POINT('',#11988);
#5238=VERTEX_POINT('',#12001);
#5239=VERTEX_POINT('',#12014);
#5240=VERTEX_POINT('',#12027);
#5241=VERTEX_POINT('',#12033);
#5242=VERTEX_POINT('',#12044);
#5243=VERTEX_POINT('',#12057);
#5244=VERTEX_POINT('',#12070);
#5245=VERTEX_POINT('',#12083);
#5246=VERTEX_POINT('',#12096);
#5247=VERTEX_POINT('',#12109);
#5248=VERTEX_POINT('',#12122);
#5249=VERTEX_POINT('',#12128);
#5250=VERTEX_POINT('',#12132);
#5251=VERTEX_POINT('',#12136);
#5252=VERTEX_POINT('',#12147);
#5253=VERTEX_POINT('',#12160);
#5254=VERTEX_POINT('',#12173);
#5255=VERTEX_POINT('',#12186);
#5256=VERTEX_POINT('',#12192);
#5257=VERTEX_POINT('',#12203);
#5258=VERTEX_POINT('',#12209);
#5259=VERTEX_POINT('',#12220);
#5260=VERTEX_POINT('',#12233);
#5261=VERTEX_POINT('',#12246);
#5262=VERTEX_POINT('',#12259);
#5263=VERTEX_POINT('',#12272);
#5264=VERTEX_POINT('',#12285);
#5265=VERTEX_POINT('',#12298);
#5266=VERTEX_POINT('',#12304);
#5267=VERTEX_POINT('',#12308);
#5268=VERTEX_POINT('',#12312);
#5269=VERTEX_POINT('',#12335);
#5270=VERTEX_POINT('',#12339);
#5271=VERTEX_POINT('',#12343);
#5272=VERTEX_POINT('',#12354);
#5273=VERTEX_POINT('',#12360);
#5274=VERTEX_POINT('',#12364);
#5275=VERTEX_POINT('',#12368);
#5276=VERTEX_POINT('',#12372);
#5277=VERTEX_POINT('',#12376);
#5278=VERTEX_POINT('',#12380);
#5279=VERTEX_POINT('',#12391);
#5280=VERTEX_POINT('',#12404);
#5281=VERTEX_POINT('',#12417);
#5282=VERTEX_POINT('',#12430);
#5283=VERTEX_POINT('',#12436);
#5284=VERTEX_POINT('',#12440);
#5285=VERTEX_POINT('',#12444);
#5286=VERTEX_POINT('',#12448);
#5287=VERTEX_POINT('',#12452);
#5288=VERTEX_POINT('',#12468);
#5289=VERTEX_POINT('',#12469);
#5290=VERTEX_POINT('',#12471);
#5291=VERTEX_POINT('',#12473);
#5292=VERTEX_POINT('',#12486);
#5293=VERTEX_POINT('',#12488);
#5294=VERTEX_POINT('',#12503);
#5295=VERTEX_POINT('',#12505);
#5296=VERTEX_POINT('',#12511);
#5297=VERTEX_POINT('',#12513);
#5298=VERTEX_POINT('',#12517);
#5299=VERTEX_POINT('',#12519);
#5300=VERTEX_POINT('',#12523);
#5301=VERTEX_POINT('',#12525);
#5302=VERTEX_POINT('',#12538);
#5303=VERTEX_POINT('',#12540);
#5304=VERTEX_POINT('',#12553);
#5305=VERTEX_POINT('',#12557);
#5306=VERTEX_POINT('',#12561);
#5307=VERTEX_POINT('',#12565);
#5308=VERTEX_POINT('',#12569);
#5309=VERTEX_POINT('',#12573);
#5310=VERTEX_POINT('',#12577);
#5311=VERTEX_POINT('',#12581);
#5312=VERTEX_POINT('',#12585);
#5313=VERTEX_POINT('',#12589);
#5314=VERTEX_POINT('',#12600);
#5315=VERTEX_POINT('',#12613);
#5316=VERTEX_POINT('',#12619);
#5317=VERTEX_POINT('',#12657);
#5318=VERTEX_POINT('',#12661);
#5319=VERTEX_POINT('',#12672);
#5320=VERTEX_POINT('',#12685);
#5321=VERTEX_POINT('',#12698);
#5322=VERTEX_POINT('',#12711);
#5323=VERTEX_POINT('',#12724);
#5324=VERTEX_POINT('',#12737);
#5325=VERTEX_POINT('',#12746);
#5326=VERTEX_POINT('',#12748);
#5327=VERTEX_POINT('',#12752);
#5328=VERTEX_POINT('',#12756);
#5329=VERTEX_POINT('',#12763);
#5330=VERTEX_POINT('',#12764);
#5331=VERTEX_POINT('',#12766);
#5332=VERTEX_POINT('',#12768);
#5333=VERTEX_POINT('',#12781);
#5334=VERTEX_POINT('',#12783);
#5335=VERTEX_POINT('',#12798);
#5336=VERTEX_POINT('',#12800);
#5337=VERTEX_POINT('',#12815);
#5338=VERTEX_POINT('',#12817);
#5339=VERTEX_POINT('',#12832);
#5340=VERTEX_POINT('',#12834);
#5341=VERTEX_POINT('',#12840);
#5342=VERTEX_POINT('',#12842);
#5343=VERTEX_POINT('',#12855);
#5344=VERTEX_POINT('',#12857);
#5345=VERTEX_POINT('',#12872);
#5346=VERTEX_POINT('',#12874);
#5347=VERTEX_POINT('',#12889);
#5348=VERTEX_POINT('',#12891);
#5349=VERTEX_POINT('',#12904);
#5350=VERTEX_POINT('',#12908);
#5351=VERTEX_POINT('',#12912);
#5352=VERTEX_POINT('',#12923);
#5353=VERTEX_POINT('',#12936);
#5354=VERTEX_POINT('',#12949);
#5355=VERTEX_POINT('',#12962);
#5356=VERTEX_POINT('',#12968);
#5357=VERTEX_POINT('',#12972);
#5358=VERTEX_POINT('',#12976);
#5359=VERTEX_POINT('',#12980);
#5360=VERTEX_POINT('',#12984);
#5361=VERTEX_POINT('',#12988);
#5362=VERTEX_POINT('',#12999);
#5363=VERTEX_POINT('',#13012);
#5364=VERTEX_POINT('',#13018);
#5365=VERTEX_POINT('',#13056);
#5366=VERTEX_POINT('',#13060);
#5367=VERTEX_POINT('',#13071);
#5368=VERTEX_POINT('',#13084);
#5369=VERTEX_POINT('',#13097);
#5370=VERTEX_POINT('',#13110);
#5371=VERTEX_POINT('',#13123);
#5372=VERTEX_POINT('',#13136);
#5373=VERTEX_POINT('',#13145);
#5374=VERTEX_POINT('',#13147);
#5375=VERTEX_POINT('',#13151);
#5376=VERTEX_POINT('',#13155);
#5377=VERTEX_POINT('',#13162);
#5378=VERTEX_POINT('',#13164);
#5379=VERTEX_POINT('',#13168);
#5380=VERTEX_POINT('',#13172);
#5381=VERTEX_POINT('',#13176);
#5382=VERTEX_POINT('',#13180);
#5383=VERTEX_POINT('',#13184);
#5384=VERTEX_POINT('',#13188);
#5385=VERTEX_POINT('',#13192);
#5386=VERTEX_POINT('',#13196);
#5387=VERTEX_POINT('',#13200);
#5388=VERTEX_POINT('',#13204);
#5389=VERTEX_POINT('',#13208);
#5390=VERTEX_POINT('',#13212);
#5391=VERTEX_POINT('',#13223);
#5392=VERTEX_POINT('',#13229);
#5393=VERTEX_POINT('',#13233);
#5394=VERTEX_POINT('',#13237);
#5395=VERTEX_POINT('',#13248);
#5396=VERTEX_POINT('',#13273);
#5397=VERTEX_POINT('',#13277);
#5398=VERTEX_POINT('',#13281);
#5399=VERTEX_POINT('',#13285);
#5400=VERTEX_POINT('',#13289);
#5401=VERTEX_POINT('',#13293);
#5402=VERTEX_POINT('',#13297);
#5403=VERTEX_POINT('',#13301);
#5404=VERTEX_POINT('',#13305);
#5405=VERTEX_POINT('',#13309);
#5406=VERTEX_POINT('',#13320);
#5407=VERTEX_POINT('',#13333);
#5408=VERTEX_POINT('',#13346);
#5409=VERTEX_POINT('',#13359);
#5410=VERTEX_POINT('',#13365);
#5411=VERTEX_POINT('',#13369);
#5412=VERTEX_POINT('',#13373);
#5413=VERTEX_POINT('',#13377);
#5414=VERTEX_POINT('',#13381);
#5415=CIRCLE('',#8499,0.01);
#5416=CIRCLE('',#8500,0.0036);
#5417=CIRCLE('',#8502,0.01);
#5418=CIRCLE('',#8503,0.0036);
#5419=CIRCLE('',#8532,0.00353173001032191);
#5420=CIRCLE('',#8533,0.00190877929470197);
#5421=CIRCLE('',#8534,0.00253369802181394);
#5422=CIRCLE('',#8535,0.00267784511016084);
#5423=CIRCLE('',#8536,0.000793613292197782);
#5424=CIRCLE('',#8537,0.00388001807691087);
#5425=CIRCLE('',#8538,0.000754391552753598);
#5426=CIRCLE('',#8539,0.00279868562114631);
#5427=CIRCLE('',#8540,0.0025188290831135);
#5428=CIRCLE('',#8541,0.00430526414969754);
#5429=CIRCLE('',#8542,0.000754391552753584);
#5430=CIRCLE('',#8543,0.0023149889824797);
#5431=CIRCLE('',#8545,0.00300107066119824);
#5432=CIRCLE('',#8546,0.00395802254471524);
#5433=CIRCLE('',#8547,0.00213917583145717);
#5434=CIRCLE('',#8548,0.00160419925036733);
#5435=CIRCLE('',#8549,0.00342889685573572);
#5436=CIRCLE('',#8550,0.00208482558050866);
#5437=CIRCLE('',#8551,0.00174275747545171);
#5438=CIRCLE('',#8552,0.00183128432904628);
#5439=CIRCLE('',#8553,0.00215085901387457);
#5440=CIRCLE('',#8554,0.00487946472363052);
#5441=CIRCLE('',#8555,0.00313649705716112);
#5442=CIRCLE('',#8556,0.00376366425369402);
#5443=CIRCLE('',#8557,0.00489354003556733);
#5444=CIRCLE('',#8558,0.00173572033691495);
#5445=CIRCLE('',#8559,0.00423581258899328);
#5446=CIRCLE('',#8560,0.00380075720504537);
#5447=CIRCLE('',#8561,0.00330470495867827);
#5448=CIRCLE('',#8562,0.0025155885238261);
#5449=CIRCLE('',#8563,0.0023371026768657);
#5450=CIRCLE('',#8564,0.000608015013610733);
#5451=CIRCLE('',#8565,0.002602596852523);
#5452=CIRCLE('',#8602,0.00211502198154804);
#5453=CIRCLE('',#8603,0.00211502198154804);
#5454=CIRCLE('',#8606,0.00144841649539106);
#5455=CIRCLE('',#8607,0.00144841649539106);
#5456=CIRCLE('',#8609,0.00380075720504537);
#5457=CIRCLE('',#8611,0.00423581258899328);
#5458=CIRCLE('',#8614,0.00173572033691495);
#5459=CIRCLE('',#8617,0.00489354003556733);
#5460=CIRCLE('',#8619,0.00376366425369402);
#5461=CIRCLE('',#8632,0.002602596852523);
#5462=CIRCLE('',#8634,0.000608015013610733);
#5463=CIRCLE('',#8637,0.0023371026768657);
#5464=CIRCLE('',#8639,0.0025155885238261);
#5465=CIRCLE('',#8642,0.00330470495867827);
#5466=CIRCLE('',#8650,0.00244322790074955);
#5467=CIRCLE('',#8651,0.00244322790074955);
#5468=CIRCLE('',#8653,0.00244322790074791);
#5469=CIRCLE('',#8654,0.00244322790074791);
#5470=CIRCLE('',#8656,0.00487946472363052);
#5471=CIRCLE('',#8663,0.00313649705716112);
#5472=CIRCLE('',#8667,0.00215085901387457);
#5473=CIRCLE('',#8671,0.00183128432904628);
#5474=CIRCLE('',#8673,0.00174275747545171);
#5475=CIRCLE('',#8675,0.00208482558050866);
#5476=CIRCLE('',#8678,0.00342889685573572);
#5477=CIRCLE('',#8680,0.00160419925036733);
#5478=CIRCLE('',#8683,0.00300107066119824);
#5479=CIRCLE('',#8691,0.00213917583145717);
#5480=CIRCLE('',#8696,0.00395802254471524);
#5481=CIRCLE('',#8699,0.00258019706539199);
#5482=CIRCLE('',#8700,0.00258019706539199);
#5483=CIRCLE('',#8713,0.0023149889824797);
#5484=CIRCLE('',#8717,0.000754391552753584);
#5485=CIRCLE('',#8725,0.00218008391858673);
#5486=CIRCLE('',#8726,0.00218008391858673);
#5487=CIRCLE('',#8728,0.00218008391858668);
#5488=CIRCLE('',#8729,0.00218008391858668);
#5489=CIRCLE('',#8731,0.00430526414969754);
#5490=CIRCLE('',#8733,0.0025188290831135);
#5491=CIRCLE('',#8740,0.00279868562114631);
#5492=CIRCLE('',#8744,0.000754391552753598);
#5493=CIRCLE('',#8752,0.000793613292197782);
#5494=CIRCLE('',#8765,0.00388001807691087);
#5495=CIRCLE('',#8771,0.00267784511016084);
#5496=CIRCLE('',#8773,0.00253369802181394);
#5497=CIRCLE('',#8781,0.00190877929470197);
#5498=CIRCLE('',#8786,0.00353173001032191);
#5499=EDGE_LOOP('',(#1934));
#5500=EDGE_LOOP('',(#1935));
#5501=EDGE_LOOP('',(#1936,#1937,#1938,#1939));
#5502=EDGE_LOOP('',(#1940,#1941,#1942,#1943));
#5503=EDGE_LOOP('',(#1944,#1945,#1946,#1947));
#5504=EDGE_LOOP('',(#1948,#1949,#1950,#1951));
#5505=EDGE_LOOP('',(#1952,#1953,#1954,#1955));
#5506=EDGE_LOOP('',(#1956,#1957,#1958,#1959));
#5507=EDGE_LOOP('',(#1960));
#5508=EDGE_LOOP('',(#1961,#1962,#1963,#1964));
#5509=EDGE_LOOP('',(#1965,#1966,#1967,#1968));
#5510=EDGE_LOOP('',(#1969,#1970,#1971,#1972));
#5511=EDGE_LOOP('',(#1973,#1974,#1975,#1976));
#5512=EDGE_LOOP('',(#1977,#1978,#1979,#1980));
#5513=EDGE_LOOP('',(#1981));
#5514=EDGE_LOOP('',(#1982,#1983,#1984,#1985));
#5515=EDGE_LOOP('',(#1986,#1987,#1988,#1989));
#5516=EDGE_LOOP('',(#1990,#1991,#1992,#1993));
#5517=EDGE_LOOP('',(#1994,#1995,#1996,#1997));
#5518=EDGE_LOOP('',(#1998,#1999,#2000,#2001));
#5519=EDGE_LOOP('',(#2002,#2003,#2004,#2005));
#5520=EDGE_LOOP('',(#2006,#2007,#2008,#2009));
#5521=EDGE_LOOP('',(#2010,#2011,#2012,#2013));
#5522=EDGE_LOOP('',(#2014,#2015,#2016,#2017));
#5523=EDGE_LOOP('',(#2018,#2019,#2020,#2021));
#5524=EDGE_LOOP('',(#2022,#2023,#2024,#2025));
#5525=EDGE_LOOP('',(#2026,#2027,#2028,#2029));
#5526=EDGE_LOOP('',(#2030,#2031,#2032,#2033));
#5527=EDGE_LOOP('',(#2034,#2035,#2036,#2037));
#5528=EDGE_LOOP('',(#2038,#2039,#2040,#2041));
#5529=EDGE_LOOP('',(#2042,#2043,#2044,#2045));
#5530=EDGE_LOOP('',(#2046,#2047,#2048,#2049));
#5531=EDGE_LOOP('',(#2050,#2051,#2052,#2053));
#5532=EDGE_LOOP('',(#2054,#2055,#2056,#2057));
#5533=EDGE_LOOP('',(#2058,#2059,#2060,#2061));
#5534=EDGE_LOOP('',(#2062,#2063,#2064,#2065));
#5535=EDGE_LOOP('',(#2066));
#5536=EDGE_LOOP('',(#2067));
#5537=EDGE_LOOP('',(#2068,#2069,#2070,#2071));
#5538=EDGE_LOOP('',(#2072,#2073,#2074,#2075));
#5539=EDGE_LOOP('',(#2076,#2077,#2078,#2079));
#5540=EDGE_LOOP('',(#2080,#2081,#2082,#2083));
#5541=EDGE_LOOP('',(#2084));
#5542=EDGE_LOOP('',(#2085));
#5543=EDGE_LOOP('',(#2086,#2087,#2088,#2089,#2090,#2091,#2092,#2093,#2094,
#2095,#2096,#2097,#2098,#2099,#2100,#2101,#2102,#2103,#2104));
#5544=EDGE_LOOP('',(#2105,#2106,#2107,#2108,#2109,#2110,#2111,#2112,#2113,
#2114,#2115,#2116,#2117,#2118,#2119,#2120,#2121,#2122,#2123));
#5545=EDGE_LOOP('',(#2124,#2125,#2126,#2127));
#5546=EDGE_LOOP('',(#2128,#2129,#2130,#2131,#2132,#2133,#2134,#2135));
#5547=EDGE_LOOP('',(#2136,#2137,#2138,#2139,#2140,#2141,#2142,#2143,#2144,
#2145,#2146,#2147,#2148,#2149,#2150,#2151));
#5548=EDGE_LOOP('',(#2152,#2153,#2154,#2155));
#5549=EDGE_LOOP('',(#2156,#2157,#2158,#2159,#2160,#2161,#2162,#2163));
#5550=EDGE_LOOP('',(#2164,#2165,#2166,#2167));
#5551=EDGE_LOOP('',(#2168,#2169,#2170,#2171,#2172,#2173,#2174,#2175,#2176,
#2177,#2178,#2179,#2180));
#5552=EDGE_LOOP('',(#2181,#2182,#2183,#2184,#2185,#2186,#2187,#2188,#2189,
#2190,#2191,#2192,#2193,#2194,#2195,#2196,#2197,#2198,#2199));
#5553=EDGE_LOOP('',(#2200,#2201,#2202,#2203,#2204,#2205,#2206,#2207,#2208,
#2209,#2210,#2211,#2212,#2213,#2214,#2215,#2216,#2217,#2218,#2219,#2220,
#2221,#2222,#2223,#2224,#2225,#2226,#2227,#2228,#2229,#2230,#2231,#2232,
#2233));
#5554=EDGE_LOOP('',(#2234,#2235,#2236,#2237,#2238,#2239,#2240,#2241,#2242,
#2243,#2244,#2245,#2246,#2247,#2248,#2249));
#5555=EDGE_LOOP('',(#2250,#2251,#2252,#2253,#2254,#2255,#2256,#2257,#2258,
#2259,#2260));
#5556=EDGE_LOOP('',(#2261,#2262,#2263,#2264));
#5557=EDGE_LOOP('',(#2265,#2266,#2267,#2268,#2269,#2270,#2271,#2272,#2273,
#2274,#2275,#2276,#2277,#2278,#2279,#2280,#2281,#2282));
#5558=EDGE_LOOP('',(#2283,#2284,#2285,#2286,#2287,#2288,#2289,#2290));
#5559=EDGE_LOOP('',(#2291,#2292,#2293,#2294,#2295,#2296,#2297,#2298,#2299,
#2300,#2301,#2302,#2303,#2304,#2305,#2306,#2307,#2308,#2309,#2310,#2311,
#2312,#2313,#2314,#2315,#2316,#2317,#2318,#2319,#2320,#2321,#2322,#2323,
#2324));
#5560=EDGE_LOOP('',(#2325,#2326,#2327,#2328));
#5561=EDGE_LOOP('',(#2329,#2330,#2331,#2332,#2333,#2334,#2335,#2336,#2337,
#2338,#2339,#2340,#2341,#2342,#2343,#2344));
#5562=EDGE_LOOP('',(#2345,#2346,#2347,#2348,#2349,#2350,#2351,#2352,#2353,
#2354,#2355,#2356));
#5563=EDGE_LOOP('',(#2357,#2358,#2359,#2360,#2361,#2362));
#5564=EDGE_LOOP('',(#2363,#2364,#2365,#2366,#2367,#2368,#2369,#2370));
#5565=EDGE_LOOP('',(#2371,#2372,#2373,#2374,#2375,#2376));
#5566=EDGE_LOOP('',(#2377,#2378,#2379,#2380));
#5567=EDGE_LOOP('',(#2381,#2382,#2383,#2384));
#5568=EDGE_LOOP('',(#2385,#2386,#2387,#2388));
#5569=EDGE_LOOP('',(#2389,#2390,#2391,#2392));
#5570=EDGE_LOOP('',(#2393,#2394,#2395,#2396));
#5571=EDGE_LOOP('',(#2397,#2398,#2399,#2400));
#5572=EDGE_LOOP('',(#2401,#2402,#2403,#2404));
#5573=EDGE_LOOP('',(#2405,#2406,#2407,#2408));
#5574=EDGE_LOOP('',(#2409,#2410,#2411,#2412));
#5575=EDGE_LOOP('',(#2413,#2414,#2415,#2416));
#5576=EDGE_LOOP('',(#2417,#2418,#2419,#2420));
#5577=EDGE_LOOP('',(#2421,#2422,#2423,#2424));
#5578=EDGE_LOOP('',(#2425,#2426,#2427,#2428));
#5579=EDGE_LOOP('',(#2429,#2430,#2431,#2432));
#5580=EDGE_LOOP('',(#2433,#2434,#2435,#2436));
#5581=EDGE_LOOP('',(#2437,#2438,#2439,#2440));
#5582=EDGE_LOOP('',(#2441,#2442,#2443,#2444));
#5583=EDGE_LOOP('',(#2445,#2446,#2447,#2448));
#5584=EDGE_LOOP('',(#2449,#2450,#2451,#2452));
#5585=EDGE_LOOP('',(#2453,#2454,#2455,#2456));
#5586=EDGE_LOOP('',(#2457,#2458,#2459,#2460));
#5587=EDGE_LOOP('',(#2461,#2462,#2463,#2464));
#5588=EDGE_LOOP('',(#2465,#2466,#2467,#2468));
#5589=EDGE_LOOP('',(#2469,#2470,#2471,#2472));
#5590=EDGE_LOOP('',(#2473,#2474,#2475,#2476));
#5591=EDGE_LOOP('',(#2477,#2478,#2479,#2480));
#5592=EDGE_LOOP('',(#2481,#2482,#2483,#2484));
#5593=EDGE_LOOP('',(#2485,#2486,#2487,#2488));
#5594=EDGE_LOOP('',(#2489,#2490,#2491,#2492));
#5595=EDGE_LOOP('',(#2493,#2494,#2495,#2496));
#5596=EDGE_LOOP('',(#2497,#2498,#2499,#2500,#2501,#2502,#2503,#2504,#2505,
#2506,#2507));
#5597=EDGE_LOOP('',(#2508,#2509,#2510,#2511));
#5598=EDGE_LOOP('',(#2512,#2513,#2514,#2515));
#5599=EDGE_LOOP('',(#2516,#2517,#2518,#2519));
#5600=EDGE_LOOP('',(#2520,#2521,#2522,#2523));
#5601=EDGE_LOOP('',(#2524,#2525,#2526,#2527));
#5602=EDGE_LOOP('',(#2528,#2529,#2530,#2531));
#5603=EDGE_LOOP('',(#2532,#2533,#2534,#2535));
#5604=EDGE_LOOP('',(#2536,#2537,#2538,#2539));
#5605=EDGE_LOOP('',(#2540,#2541,#2542,#2543));
#5606=EDGE_LOOP('',(#2544,#2545,#2546,#2547));
#5607=EDGE_LOOP('',(#2548,#2549,#2550,#2551));
#5608=EDGE_LOOP('',(#2552,#2553,#2554,#2555));
#5609=EDGE_LOOP('',(#2556,#2557,#2558,#2559));
#5610=EDGE_LOOP('',(#2560,#2561,#2562,#2563));
#5611=EDGE_LOOP('',(#2564,#2565,#2566,#2567));
#5612=EDGE_LOOP('',(#2568,#2569,#2570,#2571));
#5613=EDGE_LOOP('',(#2572,#2573,#2574,#2575));
#5614=EDGE_LOOP('',(#2576,#2577,#2578,#2579));
#5615=EDGE_LOOP('',(#2580,#2581,#2582,#2583));
#5616=EDGE_LOOP('',(#2584,#2585,#2586,#2587));
#5617=EDGE_LOOP('',(#2588,#2589,#2590,#2591));
#5618=EDGE_LOOP('',(#2592,#2593,#2594,#2595));
#5619=EDGE_LOOP('',(#2596,#2597,#2598,#2599));
#5620=EDGE_LOOP('',(#2600,#2601,#2602,#2603));
#5621=EDGE_LOOP('',(#2604,#2605,#2606,#2607,#2608,#2609,#2610,#2611,#2612,
#2613,#2614,#2615,#2616,#2617,#2618,#2619,#2620,#2621));
#5622=EDGE_LOOP('',(#2622,#2623,#2624,#2625,#2626,#2627));
#5623=EDGE_LOOP('',(#2628,#2629,#2630,#2631,#2632,#2633));
#5624=EDGE_LOOP('',(#2634,#2635,#2636,#2637));
#5625=EDGE_LOOP('',(#2638,#2639,#2640,#2641));
#5626=EDGE_LOOP('',(#2642,#2643,#2644,#2645));
#5627=EDGE_LOOP('',(#2646,#2647,#2648,#2649));
#5628=EDGE_LOOP('',(#2650,#2651,#2652,#2653));
#5629=EDGE_LOOP('',(#2654,#2655,#2656,#2657));
#5630=EDGE_LOOP('',(#2658,#2659,#2660,#2661));
#5631=EDGE_LOOP('',(#2662,#2663,#2664,#2665));
#5632=EDGE_LOOP('',(#2666,#2667,#2668,#2669,#2670,#2671,#2672,#2673));
#5633=EDGE_LOOP('',(#2674,#2675,#2676,#2677));
#5634=EDGE_LOOP('',(#2678,#2679,#2680,#2681));
#5635=EDGE_LOOP('',(#2682,#2683,#2684,#2685));
#5636=EDGE_LOOP('',(#2686,#2687,#2688,#2689));
#5637=EDGE_LOOP('',(#2690,#2691,#2692,#2693));
#5638=EDGE_LOOP('',(#2694,#2695,#2696,#2697));
#5639=EDGE_LOOP('',(#2698,#2699,#2700,#2701));
#5640=EDGE_LOOP('',(#2702,#2703,#2704,#2705));
#5641=EDGE_LOOP('',(#2706,#2707,#2708,#2709));
#5642=EDGE_LOOP('',(#2710,#2711,#2712,#2713));
#5643=EDGE_LOOP('',(#2714,#2715,#2716,#2717));
#5644=EDGE_LOOP('',(#2718,#2719,#2720,#2721));
#5645=EDGE_LOOP('',(#2722,#2723,#2724,#2725));
#5646=EDGE_LOOP('',(#2726,#2727,#2728,#2729));
#5647=EDGE_LOOP('',(#2730,#2731,#2732,#2733));
#5648=EDGE_LOOP('',(#2734,#2735,#2736,#2737));
#5649=EDGE_LOOP('',(#2738,#2739,#2740,#2741));
#5650=EDGE_LOOP('',(#2742,#2743,#2744,#2745));
#5651=EDGE_LOOP('',(#2746,#2747,#2748,#2749));
#5652=EDGE_LOOP('',(#2750,#2751,#2752,#2753));
#5653=EDGE_LOOP('',(#2754,#2755,#2756,#2757));
#5654=EDGE_LOOP('',(#2758,#2759,#2760,#2761));
#5655=EDGE_LOOP('',(#2762,#2763,#2764,#2765));
#5656=EDGE_LOOP('',(#2766,#2767,#2768,#2769));
#5657=EDGE_LOOP('',(#2770,#2771,#2772,#2773));
#5658=EDGE_LOOP('',(#2774,#2775,#2776,#2777));
#5659=EDGE_LOOP('',(#2778,#2779,#2780,#2781));
#5660=EDGE_LOOP('',(#2782,#2783,#2784,#2785));
#5661=EDGE_LOOP('',(#2786,#2787,#2788,#2789));
#5662=EDGE_LOOP('',(#2790,#2791,#2792,#2793));
#5663=EDGE_LOOP('',(#2794,#2795,#2796,#2797));
#5664=EDGE_LOOP('',(#2798,#2799,#2800,#2801));
#5665=EDGE_LOOP('',(#2802,#2803,#2804,#2805));
#5666=EDGE_LOOP('',(#2806,#2807,#2808,#2809));
#5667=EDGE_LOOP('',(#2810,#2811,#2812,#2813,#2814,#2815,#2816,#2817,#2818,
#2819,#2820,#2821,#2822,#2823,#2824,#2825,#2826,#2827,#2828,#2829,#2830,
#2831,#2832,#2833,#2834,#2835,#2836,#2837,#2838,#2839,#2840,#2841,#2842,
#2843));
#5668=EDGE_LOOP('',(#2844,#2845,#2846,#2847));
#5669=EDGE_LOOP('',(#2848,#2849,#2850,#2851));
#5670=EDGE_LOOP('',(#2852,#2853,#2854,#2855));
#5671=EDGE_LOOP('',(#2856,#2857,#2858,#2859));
#5672=EDGE_LOOP('',(#2860,#2861,#2862,#2863));
#5673=EDGE_LOOP('',(#2864,#2865,#2866,#2867));
#5674=EDGE_LOOP('',(#2868,#2869,#2870,#2871));
#5675=EDGE_LOOP('',(#2872,#2873,#2874,#2875));
#5676=EDGE_LOOP('',(#2876,#2877,#2878,#2879));
#5677=EDGE_LOOP('',(#2880,#2881,#2882,#2883));
#5678=EDGE_LOOP('',(#2884,#2885,#2886,#2887));
#5679=EDGE_LOOP('',(#2888,#2889,#2890,#2891));
#5680=EDGE_LOOP('',(#2892,#2893,#2894,#2895));
#5681=EDGE_LOOP('',(#2896,#2897,#2898,#2899));
#5682=EDGE_LOOP('',(#2900,#2901,#2902,#2903));
#5683=EDGE_LOOP('',(#2904,#2905,#2906,#2907));
#5684=EDGE_LOOP('',(#2908,#2909,#2910,#2911));
#5685=EDGE_LOOP('',(#2912,#2913,#2914,#2915));
#5686=EDGE_LOOP('',(#2916,#2917,#2918,#2919));
#5687=EDGE_LOOP('',(#2920,#2921,#2922,#2923));
#5688=EDGE_LOOP('',(#2924,#2925,#2926,#2927));
#5689=EDGE_LOOP('',(#2928,#2929,#2930,#2931));
#5690=EDGE_LOOP('',(#2932,#2933,#2934,#2935));
#5691=EDGE_LOOP('',(#2936,#2937,#2938,#2939));
#5692=EDGE_LOOP('',(#2940,#2941,#2942,#2943));
#5693=EDGE_LOOP('',(#2944,#2945,#2946,#2947));
#5694=EDGE_LOOP('',(#2948,#2949,#2950,#2951));
#5695=EDGE_LOOP('',(#2952,#2953,#2954,#2955));
#5696=EDGE_LOOP('',(#2956,#2957,#2958,#2959));
#5697=EDGE_LOOP('',(#2960,#2961,#2962,#2963));
#5698=EDGE_LOOP('',(#2964,#2965,#2966,#2967));
#5699=EDGE_LOOP('',(#2968,#2969,#2970,#2971,#2972,#2973,#2974,#2975,#2976,
#2977,#2978,#2979,#2980,#2981,#2982,#2983));
#5700=EDGE_LOOP('',(#2984,#2985,#2986,#2987,#2988,#2989,#2990,#2991,#2992,
#2993));
#5701=EDGE_LOOP('',(#2994,#2995,#2996,#2997,#2998,#2999,#3000,#3001,#3002,
#3003));
#5702=EDGE_LOOP('',(#3004,#3005,#3006,#3007));
#5703=EDGE_LOOP('',(#3008,#3009,#3010,#3011));
#5704=EDGE_LOOP('',(#3012,#3013,#3014,#3015));
#5705=EDGE_LOOP('',(#3016,#3017,#3018,#3019));
#5706=EDGE_LOOP('',(#3020,#3021,#3022,#3023));
#5707=EDGE_LOOP('',(#3024,#3025,#3026,#3027));
#5708=EDGE_LOOP('',(#3028,#3029,#3030,#3031));
#5709=EDGE_LOOP('',(#3032,#3033,#3034,#3035));
#5710=EDGE_LOOP('',(#3036,#3037,#3038,#3039));
#5711=EDGE_LOOP('',(#3040,#3041,#3042,#3043));
#5712=EDGE_LOOP('',(#3044,#3045,#3046,#3047));
#5713=EDGE_LOOP('',(#3048,#3049,#3050,#3051));
#5714=EDGE_LOOP('',(#3052,#3053,#3054,#3055));
#5715=EDGE_LOOP('',(#3056,#3057,#3058,#3059));
#5716=EDGE_LOOP('',(#3060,#3061,#3062,#3063));
#5717=EDGE_LOOP('',(#3064,#3065,#3066,#3067));
#5718=EDGE_LOOP('',(#3068,#3069,#3070,#3071));
#5719=EDGE_LOOP('',(#3072,#3073,#3074,#3075));
#5720=EDGE_LOOP('',(#3076,#3077,#3078,#3079));
#5721=EDGE_LOOP('',(#3080,#3081,#3082,#3083));
#5722=EDGE_LOOP('',(#3084,#3085,#3086,#3087));
#5723=EDGE_LOOP('',(#3088,#3089,#3090,#3091));
#5724=EDGE_LOOP('',(#3092,#3093,#3094,#3095));
#5725=EDGE_LOOP('',(#3096,#3097,#3098,#3099));
#5726=EDGE_LOOP('',(#3100,#3101,#3102,#3103));
#5727=EDGE_LOOP('',(#3104,#3105,#3106,#3107));
#5728=EDGE_LOOP('',(#3108,#3109,#3110,#3111));
#5729=EDGE_LOOP('',(#3112,#3113,#3114,#3115));
#5730=EDGE_LOOP('',(#3116,#3117,#3118,#3119));
#5731=EDGE_LOOP('',(#3120,#3121,#3122,#3123));
#5732=EDGE_LOOP('',(#3124,#3125,#3126,#3127));
#5733=EDGE_LOOP('',(#3128,#3129,#3130,#3131));
#5734=EDGE_LOOP('',(#3132,#3133,#3134,#3135));
#5735=EDGE_LOOP('',(#3136,#3137,#3138,#3139));
#5736=EDGE_LOOP('',(#3140,#3141,#3142,#3143,#3144,#3145,#3146,#3147,#3148,
#3149,#3150,#3151,#3152,#3153,#3154,#3155,#3156,#3157,#3158,#3159,#3160,
#3161,#3162,#3163,#3164,#3165,#3166,#3167,#3168,#3169,#3170,#3171,#3172,
#3173));
#5737=EDGE_LOOP('',(#3174,#3175,#3176,#3177));
#5738=EDGE_LOOP('',(#3178,#3179,#3180,#3181));
#5739=EDGE_LOOP('',(#3182,#3183,#3184,#3185));
#5740=EDGE_LOOP('',(#3186,#3187,#3188,#3189));
#5741=EDGE_LOOP('',(#3190,#3191,#3192,#3193));
#5742=EDGE_LOOP('',(#3194,#3195,#3196,#3197));
#5743=EDGE_LOOP('',(#3198,#3199,#3200,#3201));
#5744=EDGE_LOOP('',(#3202,#3203,#3204,#3205));
#5745=EDGE_LOOP('',(#3206,#3207,#3208,#3209));
#5746=EDGE_LOOP('',(#3210,#3211,#3212,#3213));
#5747=EDGE_LOOP('',(#3214,#3215,#3216,#3217));
#5748=EDGE_LOOP('',(#3218,#3219,#3220,#3221));
#5749=EDGE_LOOP('',(#3222,#3223,#3224,#3225));
#5750=EDGE_LOOP('',(#3226,#3227,#3228,#3229));
#5751=EDGE_LOOP('',(#3230,#3231,#3232,#3233));
#5752=EDGE_LOOP('',(#3234,#3235,#3236,#3237));
#5753=EDGE_LOOP('',(#3238,#3239,#3240,#3241));
#5754=EDGE_LOOP('',(#3242,#3243,#3244,#3245));
#5755=EDGE_LOOP('',(#3246,#3247,#3248,#3249));
#5756=EDGE_LOOP('',(#3250,#3251,#3252,#3253,#3254,#3255,#3256,#3257,#3258,
#3259,#3260,#3261,#3262,#3263,#3264,#3265,#3266,#3267,#3268));
#5757=EDGE_LOOP('',(#3269,#3270,#3271,#3272));
#5758=EDGE_LOOP('',(#3273,#3274,#3275,#3276));
#5759=EDGE_LOOP('',(#3277,#3278,#3279,#3280));
#5760=EDGE_LOOP('',(#3281,#3282,#3283,#3284));
#5761=EDGE_LOOP('',(#3285,#3286,#3287,#3288));
#5762=EDGE_LOOP('',(#3289,#3290,#3291,#3292));
#5763=EDGE_LOOP('',(#3293,#3294,#3295,#3296));
#5764=EDGE_LOOP('',(#3297,#3298,#3299,#3300));
#5765=EDGE_LOOP('',(#3301,#3302,#3303,#3304));
#5766=EDGE_LOOP('',(#3305,#3306,#3307,#3308));
#5767=EDGE_LOOP('',(#3309,#3310,#3311,#3312));
#5768=EDGE_LOOP('',(#3313,#3314,#3315,#3316));
#5769=EDGE_LOOP('',(#3317,#3318,#3319,#3320));
#5770=EDGE_LOOP('',(#3321,#3322,#3323,#3324));
#5771=EDGE_LOOP('',(#3325,#3326,#3327,#3328));
#5772=EDGE_LOOP('',(#3329,#3330,#3331,#3332));
#5773=EDGE_LOOP('',(#3333,#3334,#3335,#3336));
#5774=EDGE_LOOP('',(#3337,#3338,#3339,#3340));
#5775=EDGE_LOOP('',(#3341,#3342,#3343,#3344));
#5776=EDGE_LOOP('',(#3345,#3346,#3347,#3348));
#5777=EDGE_LOOP('',(#3349,#3350,#3351,#3352));
#5778=EDGE_LOOP('',(#3353,#3354,#3355,#3356,#3357,#3358,#3359,#3360,#3361,
#3362,#3363,#3364,#3365));
#5779=EDGE_LOOP('',(#3366,#3367,#3368,#3369,#3370,#3371,#3372,#3373));
#5780=EDGE_LOOP('',(#3374,#3375,#3376,#3377,#3378,#3379,#3380,#3381));
#5781=EDGE_LOOP('',(#3382,#3383,#3384,#3385));
#5782=EDGE_LOOP('',(#3386,#3387,#3388,#3389));
#5783=EDGE_LOOP('',(#3390,#3391,#3392,#3393));
#5784=EDGE_LOOP('',(#3394,#3395,#3396,#3397));
#5785=EDGE_LOOP('',(#3398,#3399,#3400,#3401));
#5786=EDGE_LOOP('',(#3402,#3403,#3404,#3405));
#5787=EDGE_LOOP('',(#3406,#3407,#3408,#3409));
#5788=EDGE_LOOP('',(#3410,#3411,#3412,#3413));
#5789=EDGE_LOOP('',(#3414,#3415,#3416,#3417,#3418,#3419,#3420,#3421));
#5790=EDGE_LOOP('',(#3422,#3423,#3424,#3425));
#5791=EDGE_LOOP('',(#3426,#3427,#3428,#3429));
#5792=EDGE_LOOP('',(#3430,#3431,#3432,#3433));
#5793=EDGE_LOOP('',(#3434,#3435,#3436,#3437));
#5794=EDGE_LOOP('',(#3438,#3439,#3440,#3441));
#5795=EDGE_LOOP('',(#3442,#3443,#3444,#3445));
#5796=EDGE_LOOP('',(#3446,#3447,#3448,#3449));
#5797=EDGE_LOOP('',(#3450,#3451,#3452,#3453));
#5798=EDGE_LOOP('',(#3454,#3455,#3456,#3457));
#5799=EDGE_LOOP('',(#3458,#3459,#3460,#3461));
#5800=EDGE_LOOP('',(#3462,#3463,#3464,#3465));
#5801=EDGE_LOOP('',(#3466,#3467,#3468,#3469));
#5802=EDGE_LOOP('',(#3470,#3471,#3472,#3473));
#5803=EDGE_LOOP('',(#3474,#3475,#3476,#3477));
#5804=EDGE_LOOP('',(#3478,#3479,#3480,#3481));
#5805=EDGE_LOOP('',(#3482,#3483,#3484,#3485));
#5806=EDGE_LOOP('',(#3486,#3487,#3488,#3489));
#5807=EDGE_LOOP('',(#3490,#3491,#3492,#3493));
#5808=EDGE_LOOP('',(#3494,#3495,#3496,#3497));
#5809=EDGE_LOOP('',(#3498,#3499,#3500,#3501));
#5810=EDGE_LOOP('',(#3502,#3503,#3504,#3505));
#5811=EDGE_LOOP('',(#3506,#3507,#3508,#3509));
#5812=EDGE_LOOP('',(#3510,#3511,#3512,#3513));
#5813=EDGE_LOOP('',(#3514,#3515,#3516,#3517));
#5814=EDGE_LOOP('',(#3518,#3519,#3520,#3521));
#5815=EDGE_LOOP('',(#3522,#3523,#3524,#3525));
#5816=EDGE_LOOP('',(#3526,#3527,#3528,#3529));
#5817=EDGE_LOOP('',(#3530,#3531,#3532,#3533));
#5818=EDGE_LOOP('',(#3534,#3535,#3536,#3537));
#5819=EDGE_LOOP('',(#3538,#3539,#3540,#3541));
#5820=EDGE_LOOP('',(#3542,#3543,#3544,#3545));
#5821=EDGE_LOOP('',(#3546,#3547,#3548,#3549,#3550,#3551,#3552,#3553,#3554,
#3555,#3556,#3557,#3558,#3559,#3560,#3561));
#5822=EDGE_LOOP('',(#3562,#3563,#3564,#3565,#3566,#3567,#3568,#3569,#3570,
#3571));
#5823=EDGE_LOOP('',(#3572,#3573,#3574,#3575,#3576,#3577,#3578,#3579,#3580,
#3581));
#5824=EDGE_LOOP('',(#3582,#3583,#3584,#3585));
#5825=EDGE_LOOP('',(#3586,#3587,#3588,#3589));
#5826=EDGE_LOOP('',(#3590,#3591,#3592,#3593));
#5827=EDGE_LOOP('',(#3594,#3595,#3596,#3597));
#5828=EDGE_LOOP('',(#3598,#3599,#3600,#3601));
#5829=EDGE_LOOP('',(#3602,#3603,#3604,#3605));
#5830=EDGE_LOOP('',(#3606,#3607,#3608,#3609));
#5831=EDGE_LOOP('',(#3610,#3611,#3612,#3613));
#5832=EDGE_LOOP('',(#3614,#3615,#3616,#3617,#3618,#3619,#3620,#3621));
#5833=EDGE_LOOP('',(#3622,#3623,#3624,#3625));
#5834=EDGE_LOOP('',(#3626,#3627,#3628,#3629));
#5835=EDGE_LOOP('',(#3630,#3631,#3632,#3633));
#5836=EDGE_LOOP('',(#3634,#3635,#3636,#3637));
#5837=EDGE_LOOP('',(#3638,#3639,#3640,#3641));
#5838=EDGE_LOOP('',(#3642,#3643,#3644,#3645));
#5839=EDGE_LOOP('',(#3646,#3647,#3648,#3649));
#5840=EDGE_LOOP('',(#3650,#3651,#3652,#3653));
#5841=EDGE_LOOP('',(#3654,#3655,#3656,#3657));
#5842=EDGE_LOOP('',(#3658,#3659,#3660,#3661));
#5843=EDGE_LOOP('',(#3662,#3663,#3664,#3665));
#5844=EDGE_LOOP('',(#3666,#3667,#3668,#3669));
#5845=EDGE_LOOP('',(#3670,#3671,#3672,#3673));
#5846=EDGE_LOOP('',(#3674,#3675,#3676,#3677));
#5847=EDGE_LOOP('',(#3678,#3679,#3680,#3681));
#5848=EDGE_LOOP('',(#3682,#3683,#3684,#3685));
#5849=EDGE_LOOP('',(#3686,#3687,#3688,#3689));
#5850=EDGE_LOOP('',(#3690,#3691,#3692,#3693));
#5851=EDGE_LOOP('',(#3694,#3695,#3696,#3697));
#5852=EDGE_LOOP('',(#3698,#3699,#3700,#3701));
#5853=EDGE_LOOP('',(#3702,#3703,#3704,#3705));
#5854=EDGE_LOOP('',(#3706,#3707,#3708,#3709));
#5855=EDGE_LOOP('',(#3710,#3711,#3712,#3713));
#5856=EDGE_LOOP('',(#3714,#3715,#3716,#3717));
#5857=EDGE_LOOP('',(#3718,#3719,#3720,#3721,#3722,#3723,#3724,#3725,#3726,
#3727,#3728,#3729,#3730,#3731,#3732,#3733,#3734,#3735,#3736));
#5858=EDGE_LOOP('',(#3737,#3738,#3739,#3740));
#5859=EDGE_LOOP('',(#3741,#3742,#3743,#3744));
#5860=EDGE_LOOP('',(#3745,#3746,#3747,#3748));
#5861=EDGE_LOOP('',(#3749,#3750,#3751,#3752));
#5862=EDGE_LOOP('',(#3753,#3754,#3755,#3756));
#5863=EDGE_LOOP('',(#3757,#3758,#3759,#3760));
#5864=EDGE_LOOP('',(#3761,#3762,#3763,#3764));
#5865=EDGE_LOOP('',(#3765,#3766,#3767,#3768));
#5866=EDGE_LOOP('',(#3769,#3770,#3771,#3772));
#5867=EDGE_LOOP('',(#3773,#3774,#3775,#3776));
#5868=EDGE_LOOP('',(#3777,#3778,#3779,#3780));
#5869=EDGE_LOOP('',(#3781,#3782,#3783,#3784));
#5870=EDGE_LOOP('',(#3785,#3786,#3787,#3788));
#5871=EDGE_LOOP('',(#3789,#3790,#3791,#3792));
#5872=EDGE_LOOP('',(#3793,#3794,#3795,#3796));
#5873=EDGE_LOOP('',(#3797,#3798,#3799,#3800));
#5874=EDGE_LOOP('',(#3801,#3802,#3803,#3804));
#5875=EDGE_LOOP('',(#3805,#3806,#3807,#3808));
#5876=EDGE_LOOP('',(#3809,#3810,#3811,#3812));
#5877=EDGE_LOOP('',(#3813,#3814,#3815,#3816,#3817,#3818,#3819,#3820,#3821,
#3822,#3823,#3824,#3825,#3826,#3827,#3828,#3829,#3830,#3831));
#5878=FACE_BOUND('',#5499,.T.);
#5879=FACE_BOUND('',#5500,.T.);
#5880=FACE_BOUND('',#5501,.T.);
#5881=FACE_BOUND('',#5502,.T.);
#5882=FACE_BOUND('',#5503,.T.);
#5883=FACE_BOUND('',#5504,.T.);
#5884=FACE_BOUND('',#5505,.T.);
#5885=FACE_BOUND('',#5506,.T.);
#5886=FACE_BOUND('',#5507,.T.);
#5887=FACE_BOUND('',#5508,.T.);
#5888=FACE_BOUND('',#5509,.T.);
#5889=FACE_BOUND('',#5510,.T.);
#5890=FACE_BOUND('',#5511,.T.);
#5891=FACE_BOUND('',#5512,.T.);
#5892=FACE_BOUND('',#5513,.T.);
#5893=FACE_BOUND('',#5514,.T.);
#5894=FACE_BOUND('',#5515,.T.);
#5895=FACE_BOUND('',#5516,.T.);
#5896=FACE_BOUND('',#5517,.T.);
#5897=FACE_BOUND('',#5518,.T.);
#5898=FACE_BOUND('',#5519,.T.);
#5899=FACE_BOUND('',#5520,.T.);
#5900=FACE_BOUND('',#5521,.T.);
#5901=FACE_BOUND('',#5522,.T.);
#5902=FACE_BOUND('',#5523,.T.);
#5903=FACE_BOUND('',#5524,.T.);
#5904=FACE_BOUND('',#5525,.T.);
#5905=FACE_BOUND('',#5526,.T.);
#5906=FACE_BOUND('',#5527,.T.);
#5907=FACE_BOUND('',#5528,.T.);
#5908=FACE_BOUND('',#5529,.T.);
#5909=FACE_BOUND('',#5530,.T.);
#5910=FACE_BOUND('',#5531,.T.);
#5911=FACE_BOUND('',#5532,.T.);
#5912=FACE_BOUND('',#5533,.T.);
#5913=FACE_BOUND('',#5534,.T.);
#5914=FACE_BOUND('',#5535,.T.);
#5915=FACE_BOUND('',#5536,.T.);
#5916=FACE_BOUND('',#5537,.T.);
#5917=FACE_BOUND('',#5538,.T.);
#5918=FACE_BOUND('',#5539,.T.);
#5919=FACE_BOUND('',#5540,.T.);
#5920=FACE_BOUND('',#5541,.T.);
#5921=FACE_BOUND('',#5542,.T.);
#5922=FACE_BOUND('',#5543,.T.);
#5923=FACE_BOUND('',#5544,.T.);
#5924=FACE_BOUND('',#5545,.T.);
#5925=FACE_BOUND('',#5546,.T.);
#5926=FACE_BOUND('',#5547,.T.);
#5927=FACE_BOUND('',#5548,.T.);
#5928=FACE_BOUND('',#5549,.T.);
#5929=FACE_BOUND('',#5550,.T.);
#5930=FACE_BOUND('',#5551,.T.);
#5931=FACE_BOUND('',#5552,.T.);
#5932=FACE_BOUND('',#5553,.T.);
#5933=FACE_BOUND('',#5554,.T.);
#5934=FACE_BOUND('',#5555,.T.);
#5935=FACE_BOUND('',#5556,.T.);
#5936=FACE_BOUND('',#5557,.T.);
#5937=FACE_BOUND('',#5558,.T.);
#5938=FACE_BOUND('',#5559,.T.);
#5939=FACE_BOUND('',#5560,.T.);
#5940=FACE_BOUND('',#5561,.T.);
#5941=FACE_BOUND('',#5562,.T.);
#5942=FACE_BOUND('',#5563,.T.);
#5943=FACE_BOUND('',#5564,.T.);
#5944=FACE_BOUND('',#5565,.T.);
#5945=FACE_BOUND('',#5566,.T.);
#5946=FACE_BOUND('',#5567,.T.);
#5947=FACE_BOUND('',#5568,.T.);
#5948=FACE_BOUND('',#5569,.T.);
#5949=FACE_BOUND('',#5570,.T.);
#5950=FACE_BOUND('',#5571,.T.);
#5951=FACE_BOUND('',#5572,.T.);
#5952=FACE_BOUND('',#5573,.T.);
#5953=FACE_BOUND('',#5574,.T.);
#5954=FACE_BOUND('',#5575,.T.);
#5955=FACE_BOUND('',#5576,.T.);
#5956=FACE_BOUND('',#5577,.T.);
#5957=FACE_BOUND('',#5578,.T.);
#5958=FACE_BOUND('',#5579,.T.);
#5959=FACE_BOUND('',#5580,.T.);
#5960=FACE_BOUND('',#5581,.T.);
#5961=FACE_BOUND('',#5582,.T.);
#5962=FACE_BOUND('',#5583,.T.);
#5963=FACE_BOUND('',#5584,.T.);
#5964=FACE_BOUND('',#5585,.T.);
#5965=FACE_BOUND('',#5586,.T.);
#5966=FACE_BOUND('',#5587,.T.);
#5967=FACE_BOUND('',#5588,.T.);
#5968=FACE_BOUND('',#5589,.T.);
#5969=FACE_BOUND('',#5590,.T.);
#5970=FACE_BOUND('',#5591,.T.);
#5971=FACE_BOUND('',#5592,.T.);
#5972=FACE_BOUND('',#5593,.T.);
#5973=FACE_BOUND('',#5594,.T.);
#5974=FACE_BOUND('',#5595,.T.);
#5975=FACE_BOUND('',#5596,.T.);
#5976=FACE_BOUND('',#5597,.T.);
#5977=FACE_BOUND('',#5598,.T.);
#5978=FACE_BOUND('',#5599,.T.);
#5979=FACE_BOUND('',#5600,.T.);
#5980=FACE_BOUND('',#5601,.T.);
#5981=FACE_BOUND('',#5602,.T.);
#5982=FACE_BOUND('',#5603,.T.);
#5983=FACE_BOUND('',#5604,.T.);
#5984=FACE_BOUND('',#5605,.T.);
#5985=FACE_BOUND('',#5606,.T.);
#5986=FACE_BOUND('',#5607,.T.);
#5987=FACE_BOUND('',#5608,.T.);
#5988=FACE_BOUND('',#5609,.T.);
#5989=FACE_BOUND('',#5610,.T.);
#5990=FACE_BOUND('',#5611,.T.);
#5991=FACE_BOUND('',#5612,.T.);
#5992=FACE_BOUND('',#5613,.T.);
#5993=FACE_BOUND('',#5614,.T.);
#5994=FACE_BOUND('',#5615,.T.);
#5995=FACE_BOUND('',#5616,.T.);
#5996=FACE_BOUND('',#5617,.T.);
#5997=FACE_BOUND('',#5618,.T.);
#5998=FACE_BOUND('',#5619,.T.);
#5999=FACE_BOUND('',#5620,.T.);
#6000=FACE_BOUND('',#5621,.T.);
#6001=FACE_BOUND('',#5622,.T.);
#6002=FACE_BOUND('',#5623,.T.);
#6003=FACE_BOUND('',#5624,.T.);
#6004=FACE_BOUND('',#5625,.T.);
#6005=FACE_BOUND('',#5626,.T.);
#6006=FACE_BOUND('',#5627,.T.);
#6007=FACE_BOUND('',#5628,.T.);
#6008=FACE_BOUND('',#5629,.T.);
#6009=FACE_BOUND('',#5630,.T.);
#6010=FACE_BOUND('',#5631,.T.);
#6011=FACE_BOUND('',#5632,.T.);
#6012=FACE_BOUND('',#5633,.T.);
#6013=FACE_BOUND('',#5634,.T.);
#6014=FACE_BOUND('',#5635,.T.);
#6015=FACE_BOUND('',#5636,.T.);
#6016=FACE_BOUND('',#5637,.T.);
#6017=FACE_BOUND('',#5638,.T.);
#6018=FACE_BOUND('',#5639,.T.);
#6019=FACE_BOUND('',#5640,.T.);
#6020=FACE_BOUND('',#5641,.T.);
#6021=FACE_BOUND('',#5642,.T.);
#6022=FACE_BOUND('',#5643,.T.);
#6023=FACE_BOUND('',#5644,.T.);
#6024=FACE_BOUND('',#5645,.T.);
#6025=FACE_BOUND('',#5646,.T.);
#6026=FACE_BOUND('',#5647,.T.);
#6027=FACE_BOUND('',#5648,.T.);
#6028=FACE_BOUND('',#5649,.T.);
#6029=FACE_BOUND('',#5650,.T.);
#6030=FACE_BOUND('',#5651,.T.);
#6031=FACE_BOUND('',#5652,.T.);
#6032=FACE_BOUND('',#5653,.T.);
#6033=FACE_BOUND('',#5654,.T.);
#6034=FACE_BOUND('',#5655,.T.);
#6035=FACE_BOUND('',#5656,.T.);
#6036=FACE_BOUND('',#5657,.T.);
#6037=FACE_BOUND('',#5658,.T.);
#6038=FACE_BOUND('',#5659,.T.);
#6039=FACE_BOUND('',#5660,.T.);
#6040=FACE_BOUND('',#5661,.T.);
#6041=FACE_BOUND('',#5662,.T.);
#6042=FACE_BOUND('',#5663,.T.);
#6043=FACE_BOUND('',#5664,.T.);
#6044=FACE_BOUND('',#5665,.T.);
#6045=FACE_BOUND('',#5666,.T.);
#6046=FACE_BOUND('',#5667,.T.);
#6047=FACE_BOUND('',#5668,.T.);
#6048=FACE_BOUND('',#5669,.T.);
#6049=FACE_BOUND('',#5670,.T.);
#6050=FACE_BOUND('',#5671,.T.);
#6051=FACE_BOUND('',#5672,.T.);
#6052=FACE_BOUND('',#5673,.T.);
#6053=FACE_BOUND('',#5674,.T.);
#6054=FACE_BOUND('',#5675,.T.);
#6055=FACE_BOUND('',#5676,.T.);
#6056=FACE_BOUND('',#5677,.T.);
#6057=FACE_BOUND('',#5678,.T.);
#6058=FACE_BOUND('',#5679,.T.);
#6059=FACE_BOUND('',#5680,.T.);
#6060=FACE_BOUND('',#5681,.T.);
#6061=FACE_BOUND('',#5682,.T.);
#6062=FACE_BOUND('',#5683,.T.);
#6063=FACE_BOUND('',#5684,.T.);
#6064=FACE_BOUND('',#5685,.T.);
#6065=FACE_BOUND('',#5686,.T.);
#6066=FACE_BOUND('',#5687,.T.);
#6067=FACE_BOUND('',#5688,.T.);
#6068=FACE_BOUND('',#5689,.T.);
#6069=FACE_BOUND('',#5690,.T.);
#6070=FACE_BOUND('',#5691,.T.);
#6071=FACE_BOUND('',#5692,.T.);
#6072=FACE_BOUND('',#5693,.T.);
#6073=FACE_BOUND('',#5694,.T.);
#6074=FACE_BOUND('',#5695,.T.);
#6075=FACE_BOUND('',#5696,.T.);
#6076=FACE_BOUND('',#5697,.T.);
#6077=FACE_BOUND('',#5698,.T.);
#6078=FACE_BOUND('',#5699,.T.);
#6079=FACE_BOUND('',#5700,.T.);
#6080=FACE_BOUND('',#5701,.T.);
#6081=FACE_BOUND('',#5702,.T.);
#6082=FACE_BOUND('',#5703,.T.);
#6083=FACE_BOUND('',#5704,.T.);
#6084=FACE_BOUND('',#5705,.T.);
#6085=FACE_BOUND('',#5706,.T.);
#6086=FACE_BOUND('',#5707,.T.);
#6087=FACE_BOUND('',#5708,.T.);
#6088=FACE_BOUND('',#5709,.T.);
#6089=FACE_BOUND('',#5710,.T.);
#6090=FACE_BOUND('',#5711,.T.);
#6091=FACE_BOUND('',#5712,.T.);
#6092=FACE_BOUND('',#5713,.T.);
#6093=FACE_BOUND('',#5714,.T.);
#6094=FACE_BOUND('',#5715,.T.);
#6095=FACE_BOUND('',#5716,.T.);
#6096=FACE_BOUND('',#5717,.T.);
#6097=FACE_BOUND('',#5718,.T.);
#6098=FACE_BOUND('',#5719,.T.);
#6099=FACE_BOUND('',#5720,.T.);
#6100=FACE_BOUND('',#5721,.T.);
#6101=FACE_BOUND('',#5722,.T.);
#6102=FACE_BOUND('',#5723,.T.);
#6103=FACE_BOUND('',#5724,.T.);
#6104=FACE_BOUND('',#5725,.T.);
#6105=FACE_BOUND('',#5726,.T.);
#6106=FACE_BOUND('',#5727,.T.);
#6107=FACE_BOUND('',#5728,.T.);
#6108=FACE_BOUND('',#5729,.T.);
#6109=FACE_BOUND('',#5730,.T.);
#6110=FACE_BOUND('',#5731,.T.);
#6111=FACE_BOUND('',#5732,.T.);
#6112=FACE_BOUND('',#5733,.T.);
#6113=FACE_BOUND('',#5734,.T.);
#6114=FACE_BOUND('',#5735,.T.);
#6115=FACE_BOUND('',#5736,.T.);
#6116=FACE_BOUND('',#5737,.T.);
#6117=FACE_BOUND('',#5738,.T.);
#6118=FACE_BOUND('',#5739,.T.);
#6119=FACE_BOUND('',#5740,.T.);
#6120=FACE_BOUND('',#5741,.T.);
#6121=FACE_BOUND('',#5742,.T.);
#6122=FACE_BOUND('',#5743,.T.);
#6123=FACE_BOUND('',#5744,.T.);
#6124=FACE_BOUND('',#5745,.T.);
#6125=FACE_BOUND('',#5746,.T.);
#6126=FACE_BOUND('',#5747,.T.);
#6127=FACE_BOUND('',#5748,.T.);
#6128=FACE_BOUND('',#5749,.T.);
#6129=FACE_BOUND('',#5750,.T.);
#6130=FACE_BOUND('',#5751,.T.);
#6131=FACE_BOUND('',#5752,.T.);
#6132=FACE_BOUND('',#5753,.T.);
#6133=FACE_BOUND('',#5754,.T.);
#6134=FACE_BOUND('',#5755,.T.);
#6135=FACE_BOUND('',#5756,.T.);
#6136=FACE_BOUND('',#5757,.T.);
#6137=FACE_BOUND('',#5758,.T.);
#6138=FACE_BOUND('',#5759,.T.);
#6139=FACE_BOUND('',#5760,.T.);
#6140=FACE_BOUND('',#5761,.T.);
#6141=FACE_BOUND('',#5762,.T.);
#6142=FACE_BOUND('',#5763,.T.);
#6143=FACE_BOUND('',#5764,.T.);
#6144=FACE_BOUND('',#5765,.T.);
#6145=FACE_BOUND('',#5766,.T.);
#6146=FACE_BOUND('',#5767,.T.);
#6147=FACE_BOUND('',#5768,.T.);
#6148=FACE_BOUND('',#5769,.T.);
#6149=FACE_BOUND('',#5770,.T.);
#6150=FACE_BOUND('',#5771,.T.);
#6151=FACE_BOUND('',#5772,.T.);
#6152=FACE_BOUND('',#5773,.T.);
#6153=FACE_BOUND('',#5774,.T.);
#6154=FACE_BOUND('',#5775,.T.);
#6155=FACE_BOUND('',#5776,.T.);
#6156=FACE_BOUND('',#5777,.T.);
#6157=FACE_BOUND('',#5778,.T.);
#6158=FACE_BOUND('',#5779,.T.);
#6159=FACE_BOUND('',#5780,.T.);
#6160=FACE_BOUND('',#5781,.T.);
#6161=FACE_BOUND('',#5782,.T.);
#6162=FACE_BOUND('',#5783,.T.);
#6163=FACE_BOUND('',#5784,.T.);
#6164=FACE_BOUND('',#5785,.T.);
#6165=FACE_BOUND('',#5786,.T.);
#6166=FACE_BOUND('',#5787,.T.);
#6167=FACE_BOUND('',#5788,.T.);
#6168=FACE_BOUND('',#5789,.T.);
#6169=FACE_BOUND('',#5790,.T.);
#6170=FACE_BOUND('',#5791,.T.);
#6171=FACE_BOUND('',#5792,.T.);
#6172=FACE_BOUND('',#5793,.T.);
#6173=FACE_BOUND('',#5794,.T.);
#6174=FACE_BOUND('',#5795,.T.);
#6175=FACE_BOUND('',#5796,.T.);
#6176=FACE_BOUND('',#5797,.T.);
#6177=FACE_BOUND('',#5798,.T.);
#6178=FACE_BOUND('',#5799,.T.);
#6179=FACE_BOUND('',#5800,.T.);
#6180=FACE_BOUND('',#5801,.T.);
#6181=FACE_BOUND('',#5802,.T.);
#6182=FACE_BOUND('',#5803,.T.);
#6183=FACE_BOUND('',#5804,.T.);
#6184=FACE_BOUND('',#5805,.T.);
#6185=FACE_BOUND('',#5806,.T.);
#6186=FACE_BOUND('',#5807,.T.);
#6187=FACE_BOUND('',#5808,.T.);
#6188=FACE_BOUND('',#5809,.T.);
#6189=FACE_BOUND('',#5810,.T.);
#6190=FACE_BOUND('',#5811,.T.);
#6191=FACE_BOUND('',#5812,.T.);
#6192=FACE_BOUND('',#5813,.T.);
#6193=FACE_BOUND('',#5814,.T.);
#6194=FACE_BOUND('',#5815,.T.);
#6195=FACE_BOUND('',#5816,.T.);
#6196=FACE_BOUND('',#5817,.T.);
#6197=FACE_BOUND('',#5818,.T.);
#6198=FACE_BOUND('',#5819,.T.);
#6199=FACE_BOUND('',#5820,.T.);
#6200=FACE_BOUND('',#5821,.T.);
#6201=FACE_BOUND('',#5822,.T.);
#6202=FACE_BOUND('',#5823,.T.);
#6203=FACE_BOUND('',#5824,.T.);
#6204=FACE_BOUND('',#5825,.T.);
#6205=FACE_BOUND('',#5826,.T.);
#6206=FACE_BOUND('',#5827,.T.);
#6207=FACE_BOUND('',#5828,.T.);
#6208=FACE_BOUND('',#5829,.T.);
#6209=FACE_BOUND('',#5830,.T.);
#6210=FACE_BOUND('',#5831,.T.);
#6211=FACE_BOUND('',#5832,.T.);
#6212=FACE_BOUND('',#5833,.T.);
#6213=FACE_BOUND('',#5834,.T.);
#6214=FACE_BOUND('',#5835,.T.);
#6215=FACE_BOUND('',#5836,.T.);
#6216=FACE_BOUND('',#5837,.T.);
#6217=FACE_BOUND('',#5838,.T.);
#6218=FACE_BOUND('',#5839,.T.);
#6219=FACE_BOUND('',#5840,.T.);
#6220=FACE_BOUND('',#5841,.T.);
#6221=FACE_BOUND('',#5842,.T.);
#6222=FACE_BOUND('',#5843,.T.);
#6223=FACE_BOUND('',#5844,.T.);
#6224=FACE_BOUND('',#5845,.T.);
#6225=FACE_BOUND('',#5846,.T.);
#6226=FACE_BOUND('',#5847,.T.);
#6227=FACE_BOUND('',#5848,.T.);
#6228=FACE_BOUND('',#5849,.T.);
#6229=FACE_BOUND('',#5850,.T.);
#6230=FACE_BOUND('',#5851,.T.);
#6231=FACE_BOUND('',#5852,.T.);
#6232=FACE_BOUND('',#5853,.T.);
#6233=FACE_BOUND('',#5854,.T.);
#6234=FACE_BOUND('',#5855,.T.);
#6235=FACE_BOUND('',#5856,.T.);
#6236=FACE_BOUND('',#5857,.T.);
#6237=FACE_BOUND('',#5858,.T.);
#6238=FACE_BOUND('',#5859,.T.);
#6239=FACE_BOUND('',#5860,.T.);
#6240=FACE_BOUND('',#5861,.T.);
#6241=FACE_BOUND('',#5862,.T.);
#6242=FACE_BOUND('',#5863,.T.);
#6243=FACE_BOUND('',#5864,.T.);
#6244=FACE_BOUND('',#5865,.T.);
#6245=FACE_BOUND('',#5866,.T.);
#6246=FACE_BOUND('',#5867,.T.);
#6247=FACE_BOUND('',#5868,.T.);
#6248=FACE_BOUND('',#5869,.T.);
#6249=FACE_BOUND('',#5870,.T.);
#6250=FACE_BOUND('',#5871,.T.);
#6251=FACE_BOUND('',#5872,.T.);
#6252=FACE_BOUND('',#5873,.T.);
#6253=FACE_BOUND('',#5874,.T.);
#6254=FACE_BOUND('',#5875,.T.);
#6255=FACE_BOUND('',#5876,.T.);
#6256=FACE_BOUND('',#5877,.T.);
#6257=PLANE('',#8498);
#6258=PLANE('',#8501);
#6259=PLANE('',#8504);
#6260=PLANE('',#8505);
#6261=PLANE('',#8506);
#6262=PLANE('',#8507);
#6263=PLANE('',#8508);
#6264=PLANE('',#8509);
#6265=PLANE('',#8510);
#6266=PLANE('',#8511);
#6267=PLANE('',#8512);
#6268=PLANE('',#8513);
#6269=PLANE('',#8514);
#6270=PLANE('',#8515);
#6271=PLANE('',#8516);
#6272=PLANE('',#8517);
#6273=PLANE('',#8518);
#6274=PLANE('',#8519);
#6275=PLANE('',#8520);
#6276=PLANE('',#8521);
#6277=PLANE('',#8522);
#6278=PLANE('',#8523);
#6279=PLANE('',#8525);
#6280=PLANE('',#8526);
#6281=PLANE('',#8527);
#6282=PLANE('',#8528);
#6283=PLANE('',#8531);
#6284=PLANE('',#8544);
#6285=PLANE('',#8566);
#6286=PLANE('',#8567);
#6287=PLANE('',#8568);
#6288=PLANE('',#8569);
#6289=PLANE('',#8570);
#6290=PLANE('',#8571);
#6291=PLANE('',#8572);
#6292=PLANE('',#8573);
#6293=PLANE('',#8574);
#6294=PLANE('',#8575);
#6295=PLANE('',#8576);
#6296=PLANE('',#8577);
#6297=PLANE('',#8578);
#6298=PLANE('',#8579);
#6299=PLANE('',#8580);
#6300=PLANE('',#8581);
#6301=PLANE('',#8582);
#6302=PLANE('',#8583);
#6303=PLANE('',#8584);
#6304=PLANE('',#8585);
#6305=PLANE('',#8586);
#6306=PLANE('',#8587);
#6307=PLANE('',#8588);
#6308=PLANE('',#8589);
#6309=PLANE('',#8590);
#6310=PLANE('',#8591);
#6311=PLANE('',#8592);
#6312=PLANE('',#8593);
#6313=PLANE('',#8594);
#6314=PLANE('',#8595);
#6315=PLANE('',#8596);
#6316=PLANE('',#8597);
#6317=PLANE('',#8598);
#6318=PLANE('',#8599);
#6319=PLANE('',#8600);
#6320=PLANE('',#8604);
#6321=PLANE('',#8612);
#6322=PLANE('',#8615);
#6323=PLANE('',#8620);
#6324=PLANE('',#8621);
#6325=PLANE('',#8622);
#6326=PLANE('',#8623);
#6327=PLANE('',#8624);
#6328=PLANE('',#8625);
#6329=PLANE('',#8626);
#6330=PLANE('',#8627);
#6331=PLANE('',#8628);
#6332=PLANE('',#8629);
#6333=PLANE('',#8630);
#6334=PLANE('',#8635);
#6335=PLANE('',#8640);
#6336=PLANE('',#8643);
#6337=PLANE('',#8644);
#6338=PLANE('',#8645);
#6339=PLANE('',#8646);
#6340=PLANE('',#8647);
#6341=PLANE('',#8648);
#6342=PLANE('',#8657);
#6343=PLANE('',#8658);
#6344=PLANE('',#8659);
#6345=PLANE('',#8660);
#6346=PLANE('',#8661);
#6347=PLANE('',#8664);
#6348=PLANE('',#8665);
#6349=PLANE('',#8668);
#6350=PLANE('',#8669);
#6351=PLANE('',#8676);
#6352=PLANE('',#8681);
#6353=PLANE('',#8684);
#6354=PLANE('',#8685);
#6355=PLANE('',#8686);
#6356=PLANE('',#8687);
#6357=PLANE('',#8688);
#6358=PLANE('',#8689);
#6359=PLANE('',#8692);
#6360=PLANE('',#8693);
#6361=PLANE('',#8694);
#6362=PLANE('',#8697);
#6363=PLANE('',#8701);
#6364=PLANE('',#8702);
#6365=PLANE('',#8703);
#6366=PLANE('',#8704);
#6367=PLANE('',#8705);
#6368=PLANE('',#8706);
#6369=PLANE('',#8707);
#6370=PLANE('',#8708);
#6371=PLANE('',#8709);
#6372=PLANE('',#8710);
#6373=PLANE('',#8711);
#6374=PLANE('',#8714);
#6375=PLANE('',#8715);
#6376=PLANE('',#8718);
#6377=PLANE('',#8719);
#6378=PLANE('',#8720);
#6379=PLANE('',#8721);
#6380=PLANE('',#8722);
#6381=PLANE('',#8723);
#6382=PLANE('',#8734);
#6383=PLANE('',#8735);
#6384=PLANE('',#8736);
#6385=PLANE('',#8737);
#6386=PLANE('',#8738);
#6387=PLANE('',#8741);
#6388=PLANE('',#8742);
#6389=PLANE('',#8745);
#6390=PLANE('',#8746);
#6391=PLANE('',#8747);
#6392=PLANE('',#8748);
#6393=PLANE('',#8749);
#6394=PLANE('',#8750);
#6395=PLANE('',#8753);
#6396=PLANE('',#8754);
#6397=PLANE('',#8755);
#6398=PLANE('',#8756);
#6399=PLANE('',#8757);
#6400=PLANE('',#8758);
#6401=PLANE('',#8759);
#6402=PLANE('',#8760);
#6403=PLANE('',#8761);
#6404=PLANE('',#8762);
#6405=PLANE('',#8763);
#6406=PLANE('',#8766);
#6407=PLANE('',#8767);
#6408=PLANE('',#8768);
#6409=PLANE('',#8769);
#6410=PLANE('',#8774);
#6411=PLANE('',#8775);
#6412=PLANE('',#8776);
#6413=PLANE('',#8777);
#6414=PLANE('',#8778);
#6415=PLANE('',#8779);
#6416=PLANE('',#8782);
#6417=PLANE('',#8783);
#6418=PLANE('',#8784);
#6419=PLANE('',#8787);
#6420=ADVANCED_FACE('',(#5878,#5879,#5880,#5881,#5882,#5883,#5884,#5885),
#6257,.T.);
#6421=ADVANCED_FACE('',(#5886,#5887,#5888,#5889,#5890,#5891,#5892,#5893),
#6258,.F.);
#6422=ADVANCED_FACE('',(#5894),#6259,.T.);
#6423=ADVANCED_FACE('',(#5895),#6260,.F.);
#6424=ADVANCED_FACE('',(#5896),#6261,.F.);
#6425=ADVANCED_FACE('',(#5897),#6262,.T.);
#6426=ADVANCED_FACE('',(#5898),#6263,.T.);
#6427=ADVANCED_FACE('',(#5899),#6264,.F.);
#6428=ADVANCED_FACE('',(#5900),#6265,.F.);
#6429=ADVANCED_FACE('',(#5901),#6266,.T.);
#6430=ADVANCED_FACE('',(#5902),#6267,.T.);
#6431=ADVANCED_FACE('',(#5903),#6268,.F.);
#6432=ADVANCED_FACE('',(#5904),#6269,.F.);
#6433=ADVANCED_FACE('',(#5905),#6270,.T.);
#6434=ADVANCED_FACE('',(#5906),#6271,.T.);
#6435=ADVANCED_FACE('',(#5907),#6272,.F.);
#6436=ADVANCED_FACE('',(#5908),#6273,.F.);
#6437=ADVANCED_FACE('',(#5909),#6274,.T.);
#6438=ADVANCED_FACE('',(#5910),#6275,.T.);
#6439=ADVANCED_FACE('',(#5911),#6276,.F.);
#6440=ADVANCED_FACE('',(#5912),#6277,.F.);
#6441=ADVANCED_FACE('',(#5913),#6278,.T.);
#6442=ADVANCED_FACE('',(#5914,#5915),#710,.F.);
#6443=ADVANCED_FACE('',(#5916),#6279,.T.);
#6444=ADVANCED_FACE('',(#5917),#6280,.F.);
#6445=ADVANCED_FACE('',(#5918),#6281,.F.);
#6446=ADVANCED_FACE('',(#5919),#6282,.T.);
#6447=ADVANCED_FACE('',(#5920,#5921),#711,.F.);
#6448=ADVANCED_FACE('',(#5922,#5923,#5924,#5925,#5926,#5927,#5928,#5929,
#5930),#6283,.T.);
#6449=ADVANCED_FACE('',(#5931,#5932,#5933,#5934,#5935,#5936,#5937,#5938,
#5939),#6284,.F.);
#6450=ADVANCED_FACE('',(#5940),#6285,.T.);
#6451=ADVANCED_FACE('',(#5941),#6286,.F.);
#6452=ADVANCED_FACE('',(#5942),#6287,.T.);
#6453=ADVANCED_FACE('',(#5943),#6288,.T.);
#6454=ADVANCED_FACE('',(#5944),#6289,.F.);
#6455=ADVANCED_FACE('',(#5945,#5946),#6290,.T.);
#6456=ADVANCED_FACE('',(#5947),#6291,.T.);
#6457=ADVANCED_FACE('',(#5948),#6292,.F.);
#6458=ADVANCED_FACE('',(#5949),#6293,.F.);
#6459=ADVANCED_FACE('',(#5950),#6294,.F.);
#6460=ADVANCED_FACE('',(#5951),#6295,.T.);
#6461=ADVANCED_FACE('',(#5952),#6296,.T.);
#6462=ADVANCED_FACE('',(#5953),#6297,.F.);
#6463=ADVANCED_FACE('',(#5954),#6298,.F.);
#6464=ADVANCED_FACE('',(#5955),#6299,.T.);
#6465=ADVANCED_FACE('',(#5956),#6300,.T.);
#6466=ADVANCED_FACE('',(#5957),#6301,.T.);
#6467=ADVANCED_FACE('',(#5958),#6302,.T.);
#6468=ADVANCED_FACE('',(#5959),#6303,.T.);
#6469=ADVANCED_FACE('',(#5960),#6304,.T.);
#6470=ADVANCED_FACE('',(#5961),#6305,.F.);
#6471=ADVANCED_FACE('',(#5962),#6306,.T.);
#6472=ADVANCED_FACE('',(#5963),#6307,.T.);
#6473=ADVANCED_FACE('Face appearance 2',(#5964),#6308,.T.);
#6474=ADVANCED_FACE('Face appearance 2',(#5965),#6309,.T.);
#6475=ADVANCED_FACE('Face appearance 2',(#5966),#6310,.T.);
#6476=ADVANCED_FACE('Face appearance 2',(#5967),#6311,.T.);
#6477=ADVANCED_FACE('Face appearance 2',(#5968),#6312,.T.);
#6478=ADVANCED_FACE('Face appearance 2',(#5969),#6313,.T.);
#6479=ADVANCED_FACE('Face appearance 2',(#5970),#6314,.T.);
#6480=ADVANCED_FACE('Face appearance 2',(#5971),#6315,.T.);
#6481=ADVANCED_FACE('Face appearance 2',(#5972),#6316,.T.);
#6482=ADVANCED_FACE('Face appearance 2',(#5973),#6317,.T.);
#6483=ADVANCED_FACE('Face appearance 2',(#5974),#6318,.T.);
#6484=ADVANCED_FACE('Face appearance 2',(#5975),#6319,.T.);
#6485=ADVANCED_FACE('Face appearance 2',(#5976),#712,.F.);
#6486=ADVANCED_FACE('Face appearance 2',(#5977),#6320,.T.);
#6487=ADVANCED_FACE('Face appearance 2',(#5978),#10,.T.);
#6488=ADVANCED_FACE('Face appearance 2',(#5979),#713,.F.);
#6489=ADVANCED_FACE('Face appearance 2',(#5980),#11,.T.);
#6490=ADVANCED_FACE('Face appearance 2',(#5981),#12,.T.);
#6491=ADVANCED_FACE('Face appearance 2',(#5982),#13,.T.);
#6492=ADVANCED_FACE('Face appearance 2',(#5983),#714,.T.);
#6493=ADVANCED_FACE('Face appearance 2',(#5984),#14,.T.);
#6494=ADVANCED_FACE('Face appearance 2',(#5985),#715,.T.);
#6495=ADVANCED_FACE('Face appearance 2',(#5986),#15,.T.);
#6496=ADVANCED_FACE('Face appearance 2',(#5987),#16,.T.);
#6497=ADVANCED_FACE('Face appearance 2',(#5988),#17,.T.);
#6498=ADVANCED_FACE('Face appearance 2',(#5989),#18,.T.);
#6499=ADVANCED_FACE('Face appearance 2',(#5990),#6321,.T.);
#6500=ADVANCED_FACE('Face appearance 2',(#5991),#19,.T.);
#6501=ADVANCED_FACE('Face appearance 2',(#5992),#20,.T.);
#6502=ADVANCED_FACE('Face appearance 2',(#5993),#21,.T.);
#6503=ADVANCED_FACE('Face appearance 2',(#5994),#716,.F.);
#6504=ADVANCED_FACE('Face appearance 2',(#5995),#6322,.T.);
#6505=ADVANCED_FACE('Face appearance 2',(#5996),#717,.T.);
#6506=ADVANCED_FACE('Face appearance 2',(#5997),#718,.T.);
#6507=ADVANCED_FACE('Face appearance 2',(#5998),#22,.T.);
#6508=ADVANCED_FACE('Face appearance 2',(#5999),#23,.T.);
#6509=ADVANCED_FACE('Face appearance 2',(#6000,#6001),#6323,.T.);
#6510=ADVANCED_FACE('',(#6002),#6324,.F.);
#6511=ADVANCED_FACE('Face appearance 2',(#6003),#6325,.T.);
#6512=ADVANCED_FACE('Face appearance 2',(#6004),#6326,.T.);
#6513=ADVANCED_FACE('Face appearance 2',(#6005),#6327,.T.);
#6514=ADVANCED_FACE('Face appearance 2',(#6006),#6328,.T.);
#6515=ADVANCED_FACE('Face appearance 2',(#6007),#6329,.T.);
#6516=ADVANCED_FACE('Face appearance 2',(#6008),#6330,.T.);
#6517=ADVANCED_FACE('Face appearance 2',(#6009),#6331,.T.);
#6518=ADVANCED_FACE('Face appearance 2',(#6010),#6332,.T.);
#6519=ADVANCED_FACE('Face appearance 2',(#6011),#6333,.T.);
#6520=ADVANCED_FACE('Face appearance 2',(#6012),#24,.T.);
#6521=ADVANCED_FACE('Face appearance 2',(#6013),#25,.T.);
#6522=ADVANCED_FACE('Face appearance 2',(#6014),#26,.T.);
#6523=ADVANCED_FACE('Face appearance 2',(#6015),#27,.T.);
#6524=ADVANCED_FACE('Face appearance 2',(#6016),#28,.T.);
#6525=ADVANCED_FACE('Face appearance 2',(#6017),#719,.T.);
#6526=ADVANCED_FACE('Face appearance 2',(#6018),#29,.T.);
#6527=ADVANCED_FACE('Face appearance 2',(#6019),#30,.T.);
#6528=ADVANCED_FACE('Face appearance 2',(#6020),#31,.T.);
#6529=ADVANCED_FACE('Face appearance 2',(#6021),#32,.T.);
#6530=ADVANCED_FACE('Face appearance 2',(#6022),#33,.T.);
#6531=ADVANCED_FACE('Face appearance 2',(#6023),#34,.T.);
#6532=ADVANCED_FACE('Face appearance 2',(#6024),#35,.T.);
#6533=ADVANCED_FACE('Face appearance 2',(#6025),#720,.F.);
#6534=ADVANCED_FACE('Face appearance 2',(#6026),#6334,.T.);
#6535=ADVANCED_FACE('Face appearance 2',(#6027),#721,.T.);
#6536=ADVANCED_FACE('Face appearance 2',(#6028),#36,.T.);
#6537=ADVANCED_FACE('Face appearance 2',(#6029),#37,.T.);
#6538=ADVANCED_FACE('Face appearance 2',(#6030),#38,.T.);
#6539=ADVANCED_FACE('Face appearance 2',(#6031),#39,.T.);
#6540=ADVANCED_FACE('Face appearance 2',(#6032),#40,.T.);
#6541=ADVANCED_FACE('Face appearance 2',(#6033),#41,.T.);
#6542=ADVANCED_FACE('Face appearance 2',(#6034),#42,.T.);
#6543=ADVANCED_FACE('Face appearance 2',(#6035),#722,.T.);
#6544=ADVANCED_FACE('Face appearance 2',(#6036),#43,.T.);
#6545=ADVANCED_FACE('Face appearance 2',(#6037),#44,.T.);
#6546=ADVANCED_FACE('Face appearance 2',(#6038),#45,.T.);
#6547=ADVANCED_FACE('Face appearance 2',(#6039),#46,.T.);
#6548=ADVANCED_FACE('Face appearance 2',(#6040),#47,.T.);
#6549=ADVANCED_FACE('Face appearance 2',(#6041),#48,.T.);
#6550=ADVANCED_FACE('Face appearance 2',(#6042),#49,.T.);
#6551=ADVANCED_FACE('Face appearance 2',(#6043),#6335,.T.);
#6552=ADVANCED_FACE('Face appearance 2',(#6044),#723,.T.);
#6553=ADVANCED_FACE('Face appearance 2',(#6045),#50,.T.);
#6554=ADVANCED_FACE('Face appearance 2',(#6046),#6336,.T.);
#6555=ADVANCED_FACE('Face appearance 2',(#6047),#6337,.T.);
#6556=ADVANCED_FACE('Face appearance 2',(#6048),#6338,.T.);
#6557=ADVANCED_FACE('Face appearance 2',(#6049),#6339,.T.);
#6558=ADVANCED_FACE('Face appearance 2',(#6050),#6340,.T.);
#6559=ADVANCED_FACE('Face appearance 2',(#6051),#6341,.T.);
#6560=ADVANCED_FACE('Face appearance 2',(#6052),#724,.F.);
#6561=ADVANCED_FACE('Face appearance 2',(#6053),#51,.T.);
#6562=ADVANCED_FACE('Face appearance 2',(#6054),#52,.T.);
#6563=ADVANCED_FACE('Face appearance 2',(#6055),#53,.T.);
#6564=ADVANCED_FACE('Face appearance 2',(#6056),#54,.T.);
#6565=ADVANCED_FACE('Face appearance 2',(#6057),#725,.F.);
#6566=ADVANCED_FACE('Face appearance 2',(#6058),#55,.T.);
#6567=ADVANCED_FACE('Face appearance 2',(#6059),#56,.T.);
#6568=ADVANCED_FACE('Face appearance 2',(#6060),#57,.T.);
#6569=ADVANCED_FACE('Face appearance 2',(#6061),#58,.T.);
#6570=ADVANCED_FACE('Face appearance 2',(#6062),#726,.T.);
#6571=ADVANCED_FACE('Face appearance 2',(#6063),#59,.T.);
#6572=ADVANCED_FACE('Face appearance 2',(#6064),#60,.T.);
#6573=ADVANCED_FACE('Face appearance 2',(#6065),#61,.T.);
#6574=ADVANCED_FACE('Face appearance 2',(#6066),#62,.T.);
#6575=ADVANCED_FACE('Face appearance 2',(#6067),#63,.T.);
#6576=ADVANCED_FACE('Face appearance 2',(#6068),#6342,.T.);
#6577=ADVANCED_FACE('Face appearance 2',(#6069),#6343,.T.);
#6578=ADVANCED_FACE('Face appearance 2',(#6070),#6344,.T.);
#6579=ADVANCED_FACE('Face appearance 2',(#6071),#6345,.T.);
#6580=ADVANCED_FACE('Face appearance 2',(#6072),#6346,.T.);
#6581=ADVANCED_FACE('Face appearance 2',(#6073),#64,.T.);
#6582=ADVANCED_FACE('Face appearance 2',(#6074),#65,.T.);
#6583=ADVANCED_FACE('Face appearance 2',(#6075),#727,.T.);
#6584=ADVANCED_FACE('Face appearance 2',(#6076),#66,.T.);
#6585=ADVANCED_FACE('Face appearance 2',(#6077),#67,.T.);
#6586=ADVANCED_FACE('Face appearance 2',(#6078,#6079),#6347,.T.);
#6587=ADVANCED_FACE('',(#6080),#6348,.F.);
#6588=ADVANCED_FACE('Face appearance 2',(#6081),#68,.T.);
#6589=ADVANCED_FACE('Face appearance 2',(#6082),#69,.T.);
#6590=ADVANCED_FACE('Face appearance 2',(#6083),#70,.T.);
#6591=ADVANCED_FACE('Face appearance 2',(#6084),#71,.T.);
#6592=ADVANCED_FACE('Face appearance 2',(#6085),#72,.T.);
#6593=ADVANCED_FACE('Face appearance 2',(#6086),#728,.T.);
#6594=ADVANCED_FACE('Face appearance 2',(#6087),#73,.T.);
#6595=ADVANCED_FACE('Face appearance 2',(#6088),#74,.T.);
#6596=ADVANCED_FACE('Face appearance 2',(#6089),#75,.T.);
#6597=ADVANCED_FACE('Face appearance 2',(#6090),#76,.T.);
#6598=ADVANCED_FACE('Face appearance 2',(#6091),#77,.T.);
#6599=ADVANCED_FACE('Face appearance 2',(#6092),#78,.T.);
#6600=ADVANCED_FACE('Face appearance 2',(#6093),#79,.T.);
#6601=ADVANCED_FACE('Face appearance 2',(#6094),#6349,.T.);
#6602=ADVANCED_FACE('Face appearance 2',(#6095),#6350,.T.);
#6603=ADVANCED_FACE('Face appearance 2',(#6096),#729,.T.);
#6604=ADVANCED_FACE('Face appearance 2',(#6097),#80,.T.);
#6605=ADVANCED_FACE('Face appearance 2',(#6098),#81,.T.);
#6606=ADVANCED_FACE('Face appearance 2',(#6099),#82,.T.);
#6607=ADVANCED_FACE('Face appearance 2',(#6100),#83,.T.);
#6608=ADVANCED_FACE('Face appearance 2',(#6101),#730,.T.);
#6609=ADVANCED_FACE('Face appearance 2',(#6102),#84,.T.);
#6610=ADVANCED_FACE('Face appearance 2',(#6103),#731,.T.);
#6611=ADVANCED_FACE('Face appearance 2',(#6104),#85,.T.);
#6612=ADVANCED_FACE('Face appearance 2',(#6105),#86,.T.);
#6613=ADVANCED_FACE('Face appearance 2',(#6106),#87,.T.);
#6614=ADVANCED_FACE('Face appearance 2',(#6107),#88,.T.);
#6615=ADVANCED_FACE('Face appearance 2',(#6108),#89,.T.);
#6616=ADVANCED_FACE('Face appearance 2',(#6109),#90,.T.);
#6617=ADVANCED_FACE('Face appearance 2',(#6110),#91,.T.);
#6618=ADVANCED_FACE('Face appearance 2',(#6111),#6351,.T.);
#6619=ADVANCED_FACE('Face appearance 2',(#6112),#732,.T.);
#6620=ADVANCED_FACE('Face appearance 2',(#6113),#733,.T.);
#6621=ADVANCED_FACE('Face appearance 2',(#6114),#92,.T.);
#6622=ADVANCED_FACE('Face appearance 2',(#6115),#6352,.T.);
#6623=ADVANCED_FACE('Face appearance 2',(#6116),#93,.T.);
#6624=ADVANCED_FACE('Face appearance 2',(#6117),#734,.T.);
#6625=ADVANCED_FACE('Face appearance 2',(#6118),#94,.T.);
#6626=ADVANCED_FACE('Face appearance 2',(#6119),#6353,.T.);
#6627=ADVANCED_FACE('Face appearance 2',(#6120),#6354,.T.);
#6628=ADVANCED_FACE('Face appearance 2',(#6121),#6355,.T.);
#6629=ADVANCED_FACE('Face appearance 2',(#6122),#6356,.T.);
#6630=ADVANCED_FACE('Face appearance 2',(#6123),#6357,.T.);
#6631=ADVANCED_FACE('Face appearance 2',(#6124),#6358,.T.);
#6632=ADVANCED_FACE('Face appearance 2',(#6125),#95,.T.);
#6633=ADVANCED_FACE('Face appearance 2',(#6126),#96,.T.);
#6634=ADVANCED_FACE('Face appearance 2',(#6127),#97,.T.);
#6635=ADVANCED_FACE('Face appearance 2',(#6128),#98,.T.);
#6636=ADVANCED_FACE('Face appearance 2',(#6129),#735,.F.);
#6637=ADVANCED_FACE('Face appearance 2',(#6130),#6359,.T.);
#6638=ADVANCED_FACE('Face appearance 2',(#6131),#6360,.T.);
#6639=ADVANCED_FACE('Face appearance 2',(#6132),#6361,.T.);
#6640=ADVANCED_FACE('Face appearance 2',(#6133),#736,.T.);
#6641=ADVANCED_FACE('Face appearance 2',(#6134),#99,.T.);
#6642=ADVANCED_FACE('Face appearance 2',(#6135),#6362,.T.);
#6643=ADVANCED_FACE('Face appearance 3',(#6136),#737,.F.);
#6644=ADVANCED_FACE('Face appearance 3',(#6137),#100,.T.);
#6645=ADVANCED_FACE('Face appearance 3',(#6138),#101,.T.);
#6646=ADVANCED_FACE('Face appearance 3',(#6139),#6363,.T.);
#6647=ADVANCED_FACE('Face appearance 3',(#6140),#6364,.T.);
#6648=ADVANCED_FACE('Face appearance 3',(#6141),#6365,.T.);
#6649=ADVANCED_FACE('Face appearance 3',(#6142),#102,.T.);
#6650=ADVANCED_FACE('Face appearance 3',(#6143),#103,.T.);
#6651=ADVANCED_FACE('Face appearance 3',(#6144),#6366,.T.);
#6652=ADVANCED_FACE('Face appearance 3',(#6145),#6367,.T.);
#6653=ADVANCED_FACE('Face appearance 3',(#6146),#6368,.T.);
#6654=ADVANCED_FACE('Face appearance 3',(#6147),#6369,.T.);
#6655=ADVANCED_FACE('Face appearance 3',(#6148),#6370,.T.);
#6656=ADVANCED_FACE('Face appearance 3',(#6149),#6371,.T.);
#6657=ADVANCED_FACE('Face appearance 3',(#6150),#6372,.T.);
#6658=ADVANCED_FACE('Face appearance 3',(#6151),#6373,.T.);
#6659=ADVANCED_FACE('Face appearance 3',(#6152),#104,.T.);
#6660=ADVANCED_FACE('Face appearance 3',(#6153),#105,.T.);
#6661=ADVANCED_FACE('Face appearance 3',(#6154),#738,.T.);
#6662=ADVANCED_FACE('Face appearance 3',(#6155),#106,.T.);
#6663=ADVANCED_FACE('Face appearance 3',(#6156),#107,.T.);
#6664=ADVANCED_FACE('Face appearance 3',(#6157,#6158),#6374,.T.);
#6665=ADVANCED_FACE('',(#6159),#6375,.T.);
#6666=ADVANCED_FACE('Face appearance 3',(#6160),#108,.T.);
#6667=ADVANCED_FACE('Face appearance 3',(#6161),#109,.T.);
#6668=ADVANCED_FACE('Face appearance 3',(#6162),#110,.T.);
#6669=ADVANCED_FACE('Face appearance 3',(#6163),#111,.T.);
#6670=ADVANCED_FACE('Face appearance 3',(#6164),#112,.T.);
#6671=ADVANCED_FACE('Face appearance 3',(#6165),#113,.T.);
#6672=ADVANCED_FACE('Face appearance 3',(#6166),#114,.T.);
#6673=ADVANCED_FACE('Face appearance 3',(#6167),#739,.T.);
#6674=ADVANCED_FACE('Face appearance 3',(#6168),#6376,.T.);
#6675=ADVANCED_FACE('Face appearance 3',(#6169),#6377,.T.);
#6676=ADVANCED_FACE('Face appearance 3',(#6170),#6378,.T.);
#6677=ADVANCED_FACE('Face appearance 3',(#6171),#6379,.T.);
#6678=ADVANCED_FACE('Face appearance 3',(#6172),#6380,.T.);
#6679=ADVANCED_FACE('Face appearance 3',(#6173),#6381,.T.);
#6680=ADVANCED_FACE('Face appearance 3',(#6174),#740,.F.);
#6681=ADVANCED_FACE('Face appearance 3',(#6175),#115,.T.);
#6682=ADVANCED_FACE('Face appearance 3',(#6176),#116,.T.);
#6683=ADVANCED_FACE('Face appearance 3',(#6177),#117,.T.);
#6684=ADVANCED_FACE('Face appearance 3',(#6178),#118,.T.);
#6685=ADVANCED_FACE('Face appearance 3',(#6179),#741,.F.);
#6686=ADVANCED_FACE('Face appearance 3',(#6180),#119,.T.);
#6687=ADVANCED_FACE('Face appearance 3',(#6181),#120,.T.);
#6688=ADVANCED_FACE('Face appearance 3',(#6182),#121,.T.);
#6689=ADVANCED_FACE('Face appearance 3',(#6183),#122,.T.);
#6690=ADVANCED_FACE('Face appearance 3',(#6184),#742,.T.);
#6691=ADVANCED_FACE('Face appearance 3',(#6185),#123,.T.);
#6692=ADVANCED_FACE('Face appearance 3',(#6186),#124,.T.);
#6693=ADVANCED_FACE('Face appearance 3',(#6187),#125,.T.);
#6694=ADVANCED_FACE('Face appearance 3',(#6188),#126,.T.);
#6695=ADVANCED_FACE('Face appearance 3',(#6189),#743,.T.);
#6696=ADVANCED_FACE('Face appearance 3',(#6190),#6382,.T.);
#6697=ADVANCED_FACE('Face appearance 3',(#6191),#6383,.T.);
#6698=ADVANCED_FACE('Face appearance 3',(#6192),#6384,.T.);
#6699=ADVANCED_FACE('Face appearance 3',(#6193),#6385,.T.);
#6700=ADVANCED_FACE('Face appearance 3',(#6194),#6386,.T.);
#6701=ADVANCED_FACE('Face appearance 3',(#6195),#127,.T.);
#6702=ADVANCED_FACE('Face appearance 3',(#6196),#128,.T.);
#6703=ADVANCED_FACE('Face appearance 3',(#6197),#744,.T.);
#6704=ADVANCED_FACE('Face appearance 3',(#6198),#129,.T.);
#6705=ADVANCED_FACE('Face appearance 3',(#6199),#130,.T.);
#6706=ADVANCED_FACE('Face appearance 3',(#6200,#6201),#6387,.T.);
#6707=ADVANCED_FACE('',(#6202),#6388,.T.);
#6708=ADVANCED_FACE('Face appearance 3',(#6203),#131,.T.);
#6709=ADVANCED_FACE('Face appearance 3',(#6204),#132,.T.);
#6710=ADVANCED_FACE('Face appearance 3',(#6205),#133,.T.);
#6711=ADVANCED_FACE('Face appearance 3',(#6206),#134,.T.);
#6712=ADVANCED_FACE('Face appearance 3',(#6207),#135,.T.);
#6713=ADVANCED_FACE('Face appearance 3',(#6208),#136,.T.);
#6714=ADVANCED_FACE('Face appearance 3',(#6209),#137,.T.);
#6715=ADVANCED_FACE('Face appearance 3',(#6210),#745,.T.);
#6716=ADVANCED_FACE('Face appearance 3',(#6211),#6389,.T.);
#6717=ADVANCED_FACE('Face appearance 3',(#6212),#6390,.T.);
#6718=ADVANCED_FACE('Face appearance 3',(#6213),#6391,.T.);
#6719=ADVANCED_FACE('Face appearance 3',(#6214),#6392,.T.);
#6720=ADVANCED_FACE('Face appearance 3',(#6215),#6393,.T.);
#6721=ADVANCED_FACE('Face appearance 3',(#6216),#6394,.T.);
#6722=ADVANCED_FACE('Face appearance 3',(#6217),#746,.F.);
#6723=ADVANCED_FACE('Face appearance 3',(#6218),#6395,.T.);
#6724=ADVANCED_FACE('Face appearance 3',(#6219),#6396,.T.);
#6725=ADVANCED_FACE('Face appearance 3',(#6220),#6397,.T.);
#6726=ADVANCED_FACE('Face appearance 3',(#6221),#6398,.T.);
#6727=ADVANCED_FACE('Face appearance 3',(#6222),#6399,.T.);
#6728=ADVANCED_FACE('Face appearance 3',(#6223),#6400,.T.);
#6729=ADVANCED_FACE('Face appearance 3',(#6224),#6401,.T.);
#6730=ADVANCED_FACE('Face appearance 3',(#6225),#6402,.T.);
#6731=ADVANCED_FACE('Face appearance 3',(#6226),#6403,.T.);
#6732=ADVANCED_FACE('Face appearance 3',(#6227),#6404,.T.);
#6733=ADVANCED_FACE('Face appearance 3',(#6228),#6405,.T.);
#6734=ADVANCED_FACE('Face appearance 3',(#6229),#747,.T.);
#6735=ADVANCED_FACE('Face appearance 3',(#6230),#138,.T.);
#6736=ADVANCED_FACE('Face appearance 3',(#6231),#6406,.T.);
#6737=ADVANCED_FACE('Face appearance 3',(#6232),#6407,.T.);
#6738=ADVANCED_FACE('Face appearance 3',(#6233),#6408,.T.);
#6739=ADVANCED_FACE('Face appearance 3',(#6234),#139,.T.);
#6740=ADVANCED_FACE('Face appearance 3',(#6235),#140,.T.);
#6741=ADVANCED_FACE('Face appearance 3',(#6236),#6409,.T.);
#6742=ADVANCED_FACE('Face appearance 3',(#6237),#141,.T.);
#6743=ADVANCED_FACE('Face appearance 3',(#6238),#748,.T.);
#6744=ADVANCED_FACE('Face appearance 3',(#6239),#749,.T.);
#6745=ADVANCED_FACE('Face appearance 3',(#6240),#6410,.T.);
#6746=ADVANCED_FACE('Face appearance 3',(#6241),#6411,.T.);
#6747=ADVANCED_FACE('Face appearance 3',(#6242),#6412,.T.);
#6748=ADVANCED_FACE('Face appearance 3',(#6243),#6413,.T.);
#6749=ADVANCED_FACE('Face appearance 3',(#6244),#6414,.T.);
#6750=ADVANCED_FACE('Face appearance 3',(#6245),#6415,.T.);
#6751=ADVANCED_FACE('Face appearance 3',(#6246),#142,.T.);
#6752=ADVANCED_FACE('Face appearance 3',(#6247),#143,.T.);
#6753=ADVANCED_FACE('Face appearance 3',(#6248),#144,.T.);
#6754=ADVANCED_FACE('Face appearance 3',(#6249),#145,.T.);
#6755=ADVANCED_FACE('Face appearance 3',(#6250),#750,.F.);
#6756=ADVANCED_FACE('Face appearance 3',(#6251),#6416,.T.);
#6757=ADVANCED_FACE('Face appearance 3',(#6252),#6417,.T.);
#6758=ADVANCED_FACE('Face appearance 3',(#6253),#6418,.T.);
#6759=ADVANCED_FACE('Face appearance 3',(#6254),#751,.T.);
#6760=ADVANCED_FACE('Face appearance 3',(#6255),#146,.T.);
#6761=ADVANCED_FACE('Face appearance 3',(#6256),#6419,.T.);
#6762=CLOSED_SHELL('',(#6420,#6421,#6422,#6423,#6424,#6425,#6426,#6427,
#6428,#6429,#6430,#6431,#6432,#6433,#6434,#6435,#6436,#6437,#6438,#6439,
#6440,#6441,#6442,#6443,#6444,#6445,#6446,#6447));
#6763=CLOSED_SHELL('',(#6448,#6449,#6450,#6451,#6452,#6453,#6454,#6455,
#6456,#6457,#6458,#6459,#6460,#6461,#6462,#6463,#6464,#6465,#6466,#6467,
#6468,#6469,#6470,#6471,#6472,#6473,#6474,#6475,#6476,#6477,#6478,#6479,
#6480,#6481,#6482,#6483,#6484,#6485,#6486,#6487,#6488,#6489,#6490,#6491,
#6492,#6493,#6494,#6495,#6496,#6497,#6498,#6499,#6500,#6501,#6502,#6503,
#6504,#6505,#6506,#6507,#6508,#6509,#6510,#6511,#6512,#6513,#6514,#6515,
#6516,#6517,#6518,#6519,#6520,#6521,#6522,#6523,#6524,#6525,#6526,#6527,
#6528,#6529,#6530,#6531,#6532,#6533,#6534,#6535,#6536,#6537,#6538,#6539,
#6540,#6541,#6542,#6543,#6544,#6545,#6546,#6547,#6548,#6549,#6550,#6551,
#6552,#6553,#6554,#6555,#6556,#6557,#6558,#6559,#6560,#6561,#6562,#6563,
#6564,#6565,#6566,#6567,#6568,#6569,#6570,#6571,#6572,#6573,#6574,#6575,
#6576,#6577,#6578,#6579,#6580,#6581,#6582,#6583,#6584,#6585,#6586,#6587,
#6588,#6589,#6590,#6591,#6592,#6593,#6594,#6595,#6596,#6597,#6598,#6599,
#6600,#6601,#6602,#6603,#6604,#6605,#6606,#6607,#6608,#6609,#6610,#6611,
#6612,#6613,#6614,#6615,#6616,#6617,#6618,#6619,#6620,#6621,#6622,#6623,
#6624,#6625,#6626,#6627,#6628,#6629,#6630,#6631,#6632,#6633,#6634,#6635,
#6636,#6637,#6638,#6639,#6640,#6641,#6642,#6643,#6644,#6645,#6646,#6647,
#6648,#6649,#6650,#6651,#6652,#6653,#6654,#6655,#6656,#6657,#6658,#6659,
#6660,#6661,#6662,#6663,#6664,#6665,#6666,#6667,#6668,#6669,#6670,#6671,
#6672,#6673,#6674,#6675,#6676,#6677,#6678,#6679,#6680,#6681,#6682,#6683,
#6684,#6685,#6686,#6687,#6688,#6689,#6690,#6691,#6692,#6693,#6694,#6695,
#6696,#6697,#6698,#6699,#6700,#6701,#6702,#6703,#6704,#6705,#6706,#6707,
#6708,#6709,#6710,#6711,#6712,#6713,#6714,#6715,#6716,#6717,#6718,#6719,
#6720,#6721,#6722,#6723,#6724,#6725,#6726,#6727,#6728,#6729,#6730,#6731,
#6732,#6733,#6734,#6735,#6736,#6737,#6738,#6739,#6740,#6741,#6742,#6743,
#6744,#6745,#6746,#6747,#6748,#6749,#6750,#6751,#6752,#6753,#6754,#6755,
#6756,#6757,#6758,#6759,#6760,#6761));
#6764=STYLED_ITEM('',(#6766),#8491);
#6765=STYLED_ITEM('',(#6767),#8492);
#6766=PRESENTATION_STYLE_ASSIGNMENT((#7053));
#6767=PRESENTATION_STYLE_ASSIGNMENT((#7054));
#6768=PRESENTATION_STYLE_ASSIGNMENT((#7055));
#6769=PRESENTATION_STYLE_ASSIGNMENT((#7056));
#6770=PRESENTATION_STYLE_ASSIGNMENT((#7057));
#6771=PRESENTATION_STYLE_ASSIGNMENT((#7058));
#6772=PRESENTATION_STYLE_ASSIGNMENT((#7059));
#6773=PRESENTATION_STYLE_ASSIGNMENT((#7060));
#6774=PRESENTATION_STYLE_ASSIGNMENT((#7061));
#6775=PRESENTATION_STYLE_ASSIGNMENT((#7062));
#6776=PRESENTATION_STYLE_ASSIGNMENT((#7063));
#6777=PRESENTATION_STYLE_ASSIGNMENT((#7064));
#6778=PRESENTATION_STYLE_ASSIGNMENT((#7065));
#6779=PRESENTATION_STYLE_ASSIGNMENT((#7066));
#6780=PRESENTATION_STYLE_ASSIGNMENT((#7067));
#6781=PRESENTATION_STYLE_ASSIGNMENT((#7068));
#6782=PRESENTATION_STYLE_ASSIGNMENT((#7069));
#6783=PRESENTATION_STYLE_ASSIGNMENT((#7070));
#6784=PRESENTATION_STYLE_ASSIGNMENT((#7071));
#6785=PRESENTATION_STYLE_ASSIGNMENT((#7072));
#6786=PRESENTATION_STYLE_ASSIGNMENT((#7073));
#6787=PRESENTATION_STYLE_ASSIGNMENT((#7074));
#6788=PRESENTATION_STYLE_ASSIGNMENT((#7075));
#6789=PRESENTATION_STYLE_ASSIGNMENT((#7076));
#6790=PRESENTATION_STYLE_ASSIGNMENT((#7077));
#6791=PRESENTATION_STYLE_ASSIGNMENT((#7078));
#6792=PRESENTATION_STYLE_ASSIGNMENT((#7079));
#6793=PRESENTATION_STYLE_ASSIGNMENT((#7080));
#6794=PRESENTATION_STYLE_ASSIGNMENT((#7081));
#6795=PRESENTATION_STYLE_ASSIGNMENT((#7082));
#6796=PRESENTATION_STYLE_ASSIGNMENT((#7083));
#6797=PRESENTATION_STYLE_ASSIGNMENT((#7084));
#6798=PRESENTATION_STYLE_ASSIGNMENT((#7085));
#6799=PRESENTATION_STYLE_ASSIGNMENT((#7086));
#6800=PRESENTATION_STYLE_ASSIGNMENT((#7087));
#6801=PRESENTATION_STYLE_ASSIGNMENT((#7088));
#6802=PRESENTATION_STYLE_ASSIGNMENT((#7089));
#6803=PRESENTATION_STYLE_ASSIGNMENT((#7090));
#6804=PRESENTATION_STYLE_ASSIGNMENT((#7091));
#6805=PRESENTATION_STYLE_ASSIGNMENT((#7092));
#6806=PRESENTATION_STYLE_ASSIGNMENT((#7093));
#6807=PRESENTATION_STYLE_ASSIGNMENT((#7094));
#6808=PRESENTATION_STYLE_ASSIGNMENT((#7095));
#6809=PRESENTATION_STYLE_ASSIGNMENT((#7096));
#6810=PRESENTATION_STYLE_ASSIGNMENT((#7097));
#6811=PRESENTATION_STYLE_ASSIGNMENT((#7098));
#6812=PRESENTATION_STYLE_ASSIGNMENT((#7099));
#6813=PRESENTATION_STYLE_ASSIGNMENT((#7100));
#6814=PRESENTATION_STYLE_ASSIGNMENT((#7101));
#6815=PRESENTATION_STYLE_ASSIGNMENT((#7102));
#6816=PRESENTATION_STYLE_ASSIGNMENT((#7103));
#6817=PRESENTATION_STYLE_ASSIGNMENT((#7104));
#6818=PRESENTATION_STYLE_ASSIGNMENT((#7105));
#6819=PRESENTATION_STYLE_ASSIGNMENT((#7106));
#6820=PRESENTATION_STYLE_ASSIGNMENT((#7107));
#6821=PRESENTATION_STYLE_ASSIGNMENT((#7108));
#6822=PRESENTATION_STYLE_ASSIGNMENT((#7109));
#6823=PRESENTATION_STYLE_ASSIGNMENT((#7110));
#6824=PRESENTATION_STYLE_ASSIGNMENT((#7111));
#6825=PRESENTATION_STYLE_ASSIGNMENT((#7112));
#6826=PRESENTATION_STYLE_ASSIGNMENT((#7113));
#6827=PRESENTATION_STYLE_ASSIGNMENT((#7114));
#6828=PRESENTATION_STYLE_ASSIGNMENT((#7115));
#6829=PRESENTATION_STYLE_ASSIGNMENT((#7116));
#6830=PRESENTATION_STYLE_ASSIGNMENT((#7117));
#6831=PRESENTATION_STYLE_ASSIGNMENT((#7118));
#6832=PRESENTATION_STYLE_ASSIGNMENT((#7119));
#6833=PRESENTATION_STYLE_ASSIGNMENT((#7120));
#6834=PRESENTATION_STYLE_ASSIGNMENT((#7121));
#6835=PRESENTATION_STYLE_ASSIGNMENT((#7122));
#6836=PRESENTATION_STYLE_ASSIGNMENT((#7123));
#6837=PRESENTATION_STYLE_ASSIGNMENT((#7124));
#6838=PRESENTATION_STYLE_ASSIGNMENT((#7125));
#6839=PRESENTATION_STYLE_ASSIGNMENT((#7126));
#6840=PRESENTATION_STYLE_ASSIGNMENT((#7127));
#6841=PRESENTATION_STYLE_ASSIGNMENT((#7128));
#6842=PRESENTATION_STYLE_ASSIGNMENT((#7129));
#6843=PRESENTATION_STYLE_ASSIGNMENT((#7130));
#6844=PRESENTATION_STYLE_ASSIGNMENT((#7131));
#6845=PRESENTATION_STYLE_ASSIGNMENT((#7132));
#6846=PRESENTATION_STYLE_ASSIGNMENT((#7133));
#6847=PRESENTATION_STYLE_ASSIGNMENT((#7134));
#6848=PRESENTATION_STYLE_ASSIGNMENT((#7135));
#6849=PRESENTATION_STYLE_ASSIGNMENT((#7136));
#6850=PRESENTATION_STYLE_ASSIGNMENT((#7137));
#6851=PRESENTATION_STYLE_ASSIGNMENT((#7138));
#6852=PRESENTATION_STYLE_ASSIGNMENT((#7139));
#6853=PRESENTATION_STYLE_ASSIGNMENT((#7140));
#6854=PRESENTATION_STYLE_ASSIGNMENT((#7141));
#6855=PRESENTATION_STYLE_ASSIGNMENT((#7142));
#6856=PRESENTATION_STYLE_ASSIGNMENT((#7143));
#6857=PRESENTATION_STYLE_ASSIGNMENT((#7144));
#6858=PRESENTATION_STYLE_ASSIGNMENT((#7145));
#6859=PRESENTATION_STYLE_ASSIGNMENT((#7146));
#6860=PRESENTATION_STYLE_ASSIGNMENT((#7147));
#6861=PRESENTATION_STYLE_ASSIGNMENT((#7148));
#6862=PRESENTATION_STYLE_ASSIGNMENT((#7149));
#6863=PRESENTATION_STYLE_ASSIGNMENT((#7150));
#6864=PRESENTATION_STYLE_ASSIGNMENT((#7151));
#6865=PRESENTATION_STYLE_ASSIGNMENT((#7152));
#6866=PRESENTATION_STYLE_ASSIGNMENT((#7153));
#6867=PRESENTATION_STYLE_ASSIGNMENT((#7154));
#6868=PRESENTATION_STYLE_ASSIGNMENT((#7155));
#6869=PRESENTATION_STYLE_ASSIGNMENT((#7156));
#6870=PRESENTATION_STYLE_ASSIGNMENT((#7157));
#6871=PRESENTATION_STYLE_ASSIGNMENT((#7158));
#6872=PRESENTATION_STYLE_ASSIGNMENT((#7159));
#6873=PRESENTATION_STYLE_ASSIGNMENT((#7160));
#6874=PRESENTATION_STYLE_ASSIGNMENT((#7161));
#6875=PRESENTATION_STYLE_ASSIGNMENT((#7162));
#6876=PRESENTATION_STYLE_ASSIGNMENT((#7163));
#6877=PRESENTATION_STYLE_ASSIGNMENT((#7164));
#6878=PRESENTATION_STYLE_ASSIGNMENT((#7165));
#6879=PRESENTATION_STYLE_ASSIGNMENT((#7166));
#6880=PRESENTATION_STYLE_ASSIGNMENT((#7167));
#6881=PRESENTATION_STYLE_ASSIGNMENT((#7168));
#6882=PRESENTATION_STYLE_ASSIGNMENT((#7169));
#6883=PRESENTATION_STYLE_ASSIGNMENT((#7170));
#6884=PRESENTATION_STYLE_ASSIGNMENT((#7171));
#6885=PRESENTATION_STYLE_ASSIGNMENT((#7172));
#6886=PRESENTATION_STYLE_ASSIGNMENT((#7173));
#6887=PRESENTATION_STYLE_ASSIGNMENT((#7174));
#6888=PRESENTATION_STYLE_ASSIGNMENT((#7175));
#6889=PRESENTATION_STYLE_ASSIGNMENT((#7176));
#6890=PRESENTATION_STYLE_ASSIGNMENT((#7177));
#6891=PRESENTATION_STYLE_ASSIGNMENT((#7178));
#6892=PRESENTATION_STYLE_ASSIGNMENT((#7179));
#6893=PRESENTATION_STYLE_ASSIGNMENT((#7180));
#6894=PRESENTATION_STYLE_ASSIGNMENT((#7181));
#6895=PRESENTATION_STYLE_ASSIGNMENT((#7182));
#6896=PRESENTATION_STYLE_ASSIGNMENT((#7183));
#6897=PRESENTATION_STYLE_ASSIGNMENT((#7184));
#6898=PRESENTATION_STYLE_ASSIGNMENT((#7185));
#6899=PRESENTATION_STYLE_ASSIGNMENT((#7186));
#6900=PRESENTATION_STYLE_ASSIGNMENT((#7187));
#6901=PRESENTATION_STYLE_ASSIGNMENT((#7188));
#6902=PRESENTATION_STYLE_ASSIGNMENT((#7189));
#6903=PRESENTATION_STYLE_ASSIGNMENT((#7190));
#6904=PRESENTATION_STYLE_ASSIGNMENT((#7191));
#6905=PRESENTATION_STYLE_ASSIGNMENT((#7192));
#6906=PRESENTATION_STYLE_ASSIGNMENT((#7193));
#6907=PRESENTATION_STYLE_ASSIGNMENT((#7194));
#6908=PRESENTATION_STYLE_ASSIGNMENT((#7195));
#6909=PRESENTATION_STYLE_ASSIGNMENT((#7196));
#6910=PRESENTATION_STYLE_ASSIGNMENT((#7197));
#6911=PRESENTATION_STYLE_ASSIGNMENT((#7198));
#6912=PRESENTATION_STYLE_ASSIGNMENT((#7199));
#6913=PRESENTATION_STYLE_ASSIGNMENT((#7200));
#6914=PRESENTATION_STYLE_ASSIGNMENT((#7201));
#6915=PRESENTATION_STYLE_ASSIGNMENT((#7202));
#6916=PRESENTATION_STYLE_ASSIGNMENT((#7203));
#6917=PRESENTATION_STYLE_ASSIGNMENT((#7204));
#6918=PRESENTATION_STYLE_ASSIGNMENT((#7205));
#6919=PRESENTATION_STYLE_ASSIGNMENT((#7206));
#6920=PRESENTATION_STYLE_ASSIGNMENT((#7207));
#6921=PRESENTATION_STYLE_ASSIGNMENT((#7208));
#6922=PRESENTATION_STYLE_ASSIGNMENT((#7209));
#6923=PRESENTATION_STYLE_ASSIGNMENT((#7210));
#6924=PRESENTATION_STYLE_ASSIGNMENT((#7211));
#6925=PRESENTATION_STYLE_ASSIGNMENT((#7212));
#6926=PRESENTATION_STYLE_ASSIGNMENT((#7213));
#6927=PRESENTATION_STYLE_ASSIGNMENT((#7214));
#6928=PRESENTATION_STYLE_ASSIGNMENT((#7215));
#6929=PRESENTATION_STYLE_ASSIGNMENT((#7216));
#6930=PRESENTATION_STYLE_ASSIGNMENT((#7217));
#6931=PRESENTATION_STYLE_ASSIGNMENT((#7218));
#6932=PRESENTATION_STYLE_ASSIGNMENT((#7219));
#6933=PRESENTATION_STYLE_ASSIGNMENT((#7220));
#6934=PRESENTATION_STYLE_ASSIGNMENT((#7221));
#6935=PRESENTATION_STYLE_ASSIGNMENT((#7222));
#6936=PRESENTATION_STYLE_ASSIGNMENT((#7223));
#6937=PRESENTATION_STYLE_ASSIGNMENT((#7224));
#6938=PRESENTATION_STYLE_ASSIGNMENT((#7225));
#6939=PRESENTATION_STYLE_ASSIGNMENT((#7226));
#6940=PRESENTATION_STYLE_ASSIGNMENT((#7227));
#6941=PRESENTATION_STYLE_ASSIGNMENT((#7228));
#6942=PRESENTATION_STYLE_ASSIGNMENT((#7229));
#6943=PRESENTATION_STYLE_ASSIGNMENT((#7230));
#6944=PRESENTATION_STYLE_ASSIGNMENT((#7231));
#6945=PRESENTATION_STYLE_ASSIGNMENT((#7232));
#6946=PRESENTATION_STYLE_ASSIGNMENT((#7233));
#6947=PRESENTATION_STYLE_ASSIGNMENT((#7234));
#6948=PRESENTATION_STYLE_ASSIGNMENT((#7235));
#6949=PRESENTATION_STYLE_ASSIGNMENT((#7236));
#6950=PRESENTATION_STYLE_ASSIGNMENT((#7237));
#6951=PRESENTATION_STYLE_ASSIGNMENT((#7238));
#6952=PRESENTATION_STYLE_ASSIGNMENT((#7239));
#6953=PRESENTATION_STYLE_ASSIGNMENT((#7240));
#6954=PRESENTATION_STYLE_ASSIGNMENT((#7241));
#6955=PRESENTATION_STYLE_ASSIGNMENT((#7242));
#6956=PRESENTATION_STYLE_ASSIGNMENT((#7243));
#6957=PRESENTATION_STYLE_ASSIGNMENT((#7244));
#6958=PRESENTATION_STYLE_ASSIGNMENT((#7245));
#6959=PRESENTATION_STYLE_ASSIGNMENT((#7246));
#6960=PRESENTATION_STYLE_ASSIGNMENT((#7247));
#6961=PRESENTATION_STYLE_ASSIGNMENT((#7248));
#6962=PRESENTATION_STYLE_ASSIGNMENT((#7249));
#6963=PRESENTATION_STYLE_ASSIGNMENT((#7250));
#6964=PRESENTATION_STYLE_ASSIGNMENT((#7251));
#6965=PRESENTATION_STYLE_ASSIGNMENT((#7252));
#6966=PRESENTATION_STYLE_ASSIGNMENT((#7253));
#6967=PRESENTATION_STYLE_ASSIGNMENT((#7254));
#6968=PRESENTATION_STYLE_ASSIGNMENT((#7255));
#6969=PRESENTATION_STYLE_ASSIGNMENT((#7256));
#6970=PRESENTATION_STYLE_ASSIGNMENT((#7257));
#6971=PRESENTATION_STYLE_ASSIGNMENT((#7258));
#6972=PRESENTATION_STYLE_ASSIGNMENT((#7259));
#6973=PRESENTATION_STYLE_ASSIGNMENT((#7260));
#6974=PRESENTATION_STYLE_ASSIGNMENT((#7261));
#6975=PRESENTATION_STYLE_ASSIGNMENT((#7262));
#6976=PRESENTATION_STYLE_ASSIGNMENT((#7263));
#6977=PRESENTATION_STYLE_ASSIGNMENT((#7264));
#6978=PRESENTATION_STYLE_ASSIGNMENT((#7265));
#6979=PRESENTATION_STYLE_ASSIGNMENT((#7266));
#6980=PRESENTATION_STYLE_ASSIGNMENT((#7267));
#6981=PRESENTATION_STYLE_ASSIGNMENT((#7268));
#6982=PRESENTATION_STYLE_ASSIGNMENT((#7269));
#6983=PRESENTATION_STYLE_ASSIGNMENT((#7270));
#6984=PRESENTATION_STYLE_ASSIGNMENT((#7271));
#6985=PRESENTATION_STYLE_ASSIGNMENT((#7272));
#6986=PRESENTATION_STYLE_ASSIGNMENT((#7273));
#6987=PRESENTATION_STYLE_ASSIGNMENT((#7274));
#6988=PRESENTATION_STYLE_ASSIGNMENT((#7275));
#6989=PRESENTATION_STYLE_ASSIGNMENT((#7276));
#6990=PRESENTATION_STYLE_ASSIGNMENT((#7277));
#6991=PRESENTATION_STYLE_ASSIGNMENT((#7278));
#6992=PRESENTATION_STYLE_ASSIGNMENT((#7279));
#6993=PRESENTATION_STYLE_ASSIGNMENT((#7280));
#6994=PRESENTATION_STYLE_ASSIGNMENT((#7281));
#6995=PRESENTATION_STYLE_ASSIGNMENT((#7282));
#6996=PRESENTATION_STYLE_ASSIGNMENT((#7283));
#6997=PRESENTATION_STYLE_ASSIGNMENT((#7284));
#6998=PRESENTATION_STYLE_ASSIGNMENT((#7285));
#6999=PRESENTATION_STYLE_ASSIGNMENT((#7286));
#7000=PRESENTATION_STYLE_ASSIGNMENT((#7287));
#7001=PRESENTATION_STYLE_ASSIGNMENT((#7288));
#7002=PRESENTATION_STYLE_ASSIGNMENT((#7289));
#7003=PRESENTATION_STYLE_ASSIGNMENT((#7290));
#7004=PRESENTATION_STYLE_ASSIGNMENT((#7291));
#7005=PRESENTATION_STYLE_ASSIGNMENT((#7292));
#7006=PRESENTATION_STYLE_ASSIGNMENT((#7293));
#7007=PRESENTATION_STYLE_ASSIGNMENT((#7294));
#7008=PRESENTATION_STYLE_ASSIGNMENT((#7295));
#7009=PRESENTATION_STYLE_ASSIGNMENT((#7296));
#7010=PRESENTATION_STYLE_ASSIGNMENT((#7297));
#7011=PRESENTATION_STYLE_ASSIGNMENT((#7298));
#7012=PRESENTATION_STYLE_ASSIGNMENT((#7299));
#7013=PRESENTATION_STYLE_ASSIGNMENT((#7300));
#7014=PRESENTATION_STYLE_ASSIGNMENT((#7301));
#7015=PRESENTATION_STYLE_ASSIGNMENT((#7302));
#7016=PRESENTATION_STYLE_ASSIGNMENT((#7303));
#7017=PRESENTATION_STYLE_ASSIGNMENT((#7304));
#7018=PRESENTATION_STYLE_ASSIGNMENT((#7305));
#7019=PRESENTATION_STYLE_ASSIGNMENT((#7306));
#7020=PRESENTATION_STYLE_ASSIGNMENT((#7307));
#7021=PRESENTATION_STYLE_ASSIGNMENT((#7308));
#7022=PRESENTATION_STYLE_ASSIGNMENT((#7309));
#7023=PRESENTATION_STYLE_ASSIGNMENT((#7310));
#7024=PRESENTATION_STYLE_ASSIGNMENT((#7311));
#7025=PRESENTATION_STYLE_ASSIGNMENT((#7312));
#7026=PRESENTATION_STYLE_ASSIGNMENT((#7313));
#7027=PRESENTATION_STYLE_ASSIGNMENT((#7314));
#7028=PRESENTATION_STYLE_ASSIGNMENT((#7315));
#7029=PRESENTATION_STYLE_ASSIGNMENT((#7316));
#7030=PRESENTATION_STYLE_ASSIGNMENT((#7317));
#7031=PRESENTATION_STYLE_ASSIGNMENT((#7318));
#7032=PRESENTATION_STYLE_ASSIGNMENT((#7319));
#7033=PRESENTATION_STYLE_ASSIGNMENT((#7320));
#7034=PRESENTATION_STYLE_ASSIGNMENT((#7321));
#7035=PRESENTATION_STYLE_ASSIGNMENT((#7322));
#7036=PRESENTATION_STYLE_ASSIGNMENT((#7323));
#7037=PRESENTATION_STYLE_ASSIGNMENT((#7324));
#7038=PRESENTATION_STYLE_ASSIGNMENT((#7325));
#7039=PRESENTATION_STYLE_ASSIGNMENT((#7326));
#7040=PRESENTATION_STYLE_ASSIGNMENT((#7327));
#7041=PRESENTATION_STYLE_ASSIGNMENT((#7328));
#7042=PRESENTATION_STYLE_ASSIGNMENT((#7329));
#7043=PRESENTATION_STYLE_ASSIGNMENT((#7330));
#7044=PRESENTATION_STYLE_ASSIGNMENT((#7331));
#7045=PRESENTATION_STYLE_ASSIGNMENT((#7332));
#7046=PRESENTATION_STYLE_ASSIGNMENT((#7333));
#7047=PRESENTATION_STYLE_ASSIGNMENT((#7334));
#7048=PRESENTATION_STYLE_ASSIGNMENT((#7335));
#7049=PRESENTATION_STYLE_ASSIGNMENT((#7336));
#7050=PRESENTATION_STYLE_ASSIGNMENT((#7337));
#7051=PRESENTATION_STYLE_ASSIGNMENT((#7338));
#7052=PRESENTATION_STYLE_ASSIGNMENT((#7339));
#7053=SURFACE_STYLE_USAGE(.BOTH.,#7340);
#7054=SURFACE_STYLE_USAGE(.BOTH.,#7341);
#7055=SURFACE_STYLE_USAGE(.BOTH.,#7342);
#7056=SURFACE_STYLE_USAGE(.BOTH.,#7343);
#7057=SURFACE_STYLE_USAGE(.BOTH.,#7344);
#7058=SURFACE_STYLE_USAGE(.BOTH.,#7345);
#7059=SURFACE_STYLE_USAGE(.BOTH.,#7346);
#7060=SURFACE_STYLE_USAGE(.BOTH.,#7347);
#7061=SURFACE_STYLE_USAGE(.BOTH.,#7348);
#7062=SURFACE_STYLE_USAGE(.BOTH.,#7349);
#7063=SURFACE_STYLE_USAGE(.BOTH.,#7350);
#7064=SURFACE_STYLE_USAGE(.BOTH.,#7351);
#7065=SURFACE_STYLE_USAGE(.BOTH.,#7352);
#7066=SURFACE_STYLE_USAGE(.BOTH.,#7353);
#7067=SURFACE_STYLE_USAGE(.BOTH.,#7354);
#7068=SURFACE_STYLE_USAGE(.BOTH.,#7355);
#7069=SURFACE_STYLE_USAGE(.BOTH.,#7356);
#7070=SURFACE_STYLE_USAGE(.BOTH.,#7357);
#7071=SURFACE_STYLE_USAGE(.BOTH.,#7358);
#7072=SURFACE_STYLE_USAGE(.BOTH.,#7359);
#7073=SURFACE_STYLE_USAGE(.BOTH.,#7360);
#7074=SURFACE_STYLE_USAGE(.BOTH.,#7361);
#7075=SURFACE_STYLE_USAGE(.BOTH.,#7362);
#7076=SURFACE_STYLE_USAGE(.BOTH.,#7363);
#7077=SURFACE_STYLE_USAGE(.BOTH.,#7364);
#7078=SURFACE_STYLE_USAGE(.BOTH.,#7365);
#7079=SURFACE_STYLE_USAGE(.BOTH.,#7366);
#7080=SURFACE_STYLE_USAGE(.BOTH.,#7367);
#7081=SURFACE_STYLE_USAGE(.BOTH.,#7368);
#7082=SURFACE_STYLE_USAGE(.BOTH.,#7369);
#7083=SURFACE_STYLE_USAGE(.BOTH.,#7370);
#7084=SURFACE_STYLE_USAGE(.BOTH.,#7371);
#7085=SURFACE_STYLE_USAGE(.BOTH.,#7372);
#7086=SURFACE_STYLE_USAGE(.BOTH.,#7373);
#7087=SURFACE_STYLE_USAGE(.BOTH.,#7374);
#7088=SURFACE_STYLE_USAGE(.BOTH.,#7375);
#7089=SURFACE_STYLE_USAGE(.BOTH.,#7376);
#7090=SURFACE_STYLE_USAGE(.BOTH.,#7377);
#7091=SURFACE_STYLE_USAGE(.BOTH.,#7378);
#7092=SURFACE_STYLE_USAGE(.BOTH.,#7379);
#7093=SURFACE_STYLE_USAGE(.BOTH.,#7380);
#7094=SURFACE_STYLE_USAGE(.BOTH.,#7381);
#7095=SURFACE_STYLE_USAGE(.BOTH.,#7382);
#7096=SURFACE_STYLE_USAGE(.BOTH.,#7383);
#7097=SURFACE_STYLE_USAGE(.BOTH.,#7384);
#7098=SURFACE_STYLE_USAGE(.BOTH.,#7385);
#7099=SURFACE_STYLE_USAGE(.BOTH.,#7386);
#7100=SURFACE_STYLE_USAGE(.BOTH.,#7387);
#7101=SURFACE_STYLE_USAGE(.BOTH.,#7388);
#7102=SURFACE_STYLE_USAGE(.BOTH.,#7389);
#7103=SURFACE_STYLE_USAGE(.BOTH.,#7390);
#7104=SURFACE_STYLE_USAGE(.BOTH.,#7391);
#7105=SURFACE_STYLE_USAGE(.BOTH.,#7392);
#7106=SURFACE_STYLE_USAGE(.BOTH.,#7393);
#7107=SURFACE_STYLE_USAGE(.BOTH.,#7394);
#7108=SURFACE_STYLE_USAGE(.BOTH.,#7395);
#7109=SURFACE_STYLE_USAGE(.BOTH.,#7396);
#7110=SURFACE_STYLE_USAGE(.BOTH.,#7397);
#7111=SURFACE_STYLE_USAGE(.BOTH.,#7398);
#7112=SURFACE_STYLE_USAGE(.BOTH.,#7399);
#7113=SURFACE_STYLE_USAGE(.BOTH.,#7400);
#7114=SURFACE_STYLE_USAGE(.BOTH.,#7401);
#7115=SURFACE_STYLE_USAGE(.BOTH.,#7402);
#7116=SURFACE_STYLE_USAGE(.BOTH.,#7403);
#7117=SURFACE_STYLE_USAGE(.BOTH.,#7404);
#7118=SURFACE_STYLE_USAGE(.BOTH.,#7405);
#7119=SURFACE_STYLE_USAGE(.BOTH.,#7406);
#7120=SURFACE_STYLE_USAGE(.BOTH.,#7407);
#7121=SURFACE_STYLE_USAGE(.BOTH.,#7408);
#7122=SURFACE_STYLE_USAGE(.BOTH.,#7409);
#7123=SURFACE_STYLE_USAGE(.BOTH.,#7410);
#7124=SURFACE_STYLE_USAGE(.BOTH.,#7411);
#7125=SURFACE_STYLE_USAGE(.BOTH.,#7412);
#7126=SURFACE_STYLE_USAGE(.BOTH.,#7413);
#7127=SURFACE_STYLE_USAGE(.BOTH.,#7414);
#7128=SURFACE_STYLE_USAGE(.BOTH.,#7415);
#7129=SURFACE_STYLE_USAGE(.BOTH.,#7416);
#7130=SURFACE_STYLE_USAGE(.BOTH.,#7417);
#7131=SURFACE_STYLE_USAGE(.BOTH.,#7418);
#7132=SURFACE_STYLE_USAGE(.BOTH.,#7419);
#7133=SURFACE_STYLE_USAGE(.BOTH.,#7420);
#7134=SURFACE_STYLE_USAGE(.BOTH.,#7421);
#7135=SURFACE_STYLE_USAGE(.BOTH.,#7422);
#7136=SURFACE_STYLE_USAGE(.BOTH.,#7423);
#7137=SURFACE_STYLE_USAGE(.BOTH.,#7424);
#7138=SURFACE_STYLE_USAGE(.BOTH.,#7425);
#7139=SURFACE_STYLE_USAGE(.BOTH.,#7426);
#7140=SURFACE_STYLE_USAGE(.BOTH.,#7427);
#7141=SURFACE_STYLE_USAGE(.BOTH.,#7428);
#7142=SURFACE_STYLE_USAGE(.BOTH.,#7429);
#7143=SURFACE_STYLE_USAGE(.BOTH.,#7430);
#7144=SURFACE_STYLE_USAGE(.BOTH.,#7431);
#7145=SURFACE_STYLE_USAGE(.BOTH.,#7432);
#7146=SURFACE_STYLE_USAGE(.BOTH.,#7433);
#7147=SURFACE_STYLE_USAGE(.BOTH.,#7434);
#7148=SURFACE_STYLE_USAGE(.BOTH.,#7435);
#7149=SURFACE_STYLE_USAGE(.BOTH.,#7436);
#7150=SURFACE_STYLE_USAGE(.BOTH.,#7437);
#7151=SURFACE_STYLE_USAGE(.BOTH.,#7438);
#7152=SURFACE_STYLE_USAGE(.BOTH.,#7439);
#7153=SURFACE_STYLE_USAGE(.BOTH.,#7440);
#7154=SURFACE_STYLE_USAGE(.BOTH.,#7441);
#7155=SURFACE_STYLE_USAGE(.BOTH.,#7442);
#7156=SURFACE_STYLE_USAGE(.BOTH.,#7443);
#7157=SURFACE_STYLE_USAGE(.BOTH.,#7444);
#7158=SURFACE_STYLE_USAGE(.BOTH.,#7445);
#7159=SURFACE_STYLE_USAGE(.BOTH.,#7446);
#7160=SURFACE_STYLE_USAGE(.BOTH.,#7447);
#7161=SURFACE_STYLE_USAGE(.BOTH.,#7448);
#7162=SURFACE_STYLE_USAGE(.BOTH.,#7449);
#7163=SURFACE_STYLE_USAGE(.BOTH.,#7450);
#7164=SURFACE_STYLE_USAGE(.BOTH.,#7451);
#7165=SURFACE_STYLE_USAGE(.BOTH.,#7452);
#7166=SURFACE_STYLE_USAGE(.BOTH.,#7453);
#7167=SURFACE_STYLE_USAGE(.BOTH.,#7454);
#7168=SURFACE_STYLE_USAGE(.BOTH.,#7455);
#7169=SURFACE_STYLE_USAGE(.BOTH.,#7456);
#7170=SURFACE_STYLE_USAGE(.BOTH.,#7457);
#7171=SURFACE_STYLE_USAGE(.BOTH.,#7458);
#7172=SURFACE_STYLE_USAGE(.BOTH.,#7459);
#7173=SURFACE_STYLE_USAGE(.BOTH.,#7460);
#7174=SURFACE_STYLE_USAGE(.BOTH.,#7461);
#7175=SURFACE_STYLE_USAGE(.BOTH.,#7462);
#7176=SURFACE_STYLE_USAGE(.BOTH.,#7463);
#7177=SURFACE_STYLE_USAGE(.BOTH.,#7464);
#7178=SURFACE_STYLE_USAGE(.BOTH.,#7465);
#7179=SURFACE_STYLE_USAGE(.BOTH.,#7466);
#7180=SURFACE_STYLE_USAGE(.BOTH.,#7467);
#7181=SURFACE_STYLE_USAGE(.BOTH.,#7468);
#7182=SURFACE_STYLE_USAGE(.BOTH.,#7469);
#7183=SURFACE_STYLE_USAGE(.BOTH.,#7470);
#7184=SURFACE_STYLE_USAGE(.BOTH.,#7471);
#7185=SURFACE_STYLE_USAGE(.BOTH.,#7472);
#7186=SURFACE_STYLE_USAGE(.BOTH.,#7473);
#7187=SURFACE_STYLE_USAGE(.BOTH.,#7474);
#7188=SURFACE_STYLE_USAGE(.BOTH.,#7475);
#7189=SURFACE_STYLE_USAGE(.BOTH.,#7476);
#7190=SURFACE_STYLE_USAGE(.BOTH.,#7477);
#7191=SURFACE_STYLE_USAGE(.BOTH.,#7478);
#7192=SURFACE_STYLE_USAGE(.BOTH.,#7479);
#7193=SURFACE_STYLE_USAGE(.BOTH.,#7480);
#7194=SURFACE_STYLE_USAGE(.BOTH.,#7481);
#7195=SURFACE_STYLE_USAGE(.BOTH.,#7482);
#7196=SURFACE_STYLE_USAGE(.BOTH.,#7483);
#7197=SURFACE_STYLE_USAGE(.BOTH.,#7484);
#7198=SURFACE_STYLE_USAGE(.BOTH.,#7485);
#7199=SURFACE_STYLE_USAGE(.BOTH.,#7486);
#7200=SURFACE_STYLE_USAGE(.BOTH.,#7487);
#7201=SURFACE_STYLE_USAGE(.BOTH.,#7488);
#7202=SURFACE_STYLE_USAGE(.BOTH.,#7489);
#7203=SURFACE_STYLE_USAGE(.BOTH.,#7490);
#7204=SURFACE_STYLE_USAGE(.BOTH.,#7491);
#7205=SURFACE_STYLE_USAGE(.BOTH.,#7492);
#7206=SURFACE_STYLE_USAGE(.BOTH.,#7493);
#7207=SURFACE_STYLE_USAGE(.BOTH.,#7494);
#7208=SURFACE_STYLE_USAGE(.BOTH.,#7495);
#7209=SURFACE_STYLE_USAGE(.BOTH.,#7496);
#7210=SURFACE_STYLE_USAGE(.BOTH.,#7497);
#7211=SURFACE_STYLE_USAGE(.BOTH.,#7498);
#7212=SURFACE_STYLE_USAGE(.BOTH.,#7499);
#7213=SURFACE_STYLE_USAGE(.BOTH.,#7500);
#7214=SURFACE_STYLE_USAGE(.BOTH.,#7501);
#7215=SURFACE_STYLE_USAGE(.BOTH.,#7502);
#7216=SURFACE_STYLE_USAGE(.BOTH.,#7503);
#7217=SURFACE_STYLE_USAGE(.BOTH.,#7504);
#7218=SURFACE_STYLE_USAGE(.BOTH.,#7505);
#7219=SURFACE_STYLE_USAGE(.BOTH.,#7506);
#7220=SURFACE_STYLE_USAGE(.BOTH.,#7507);
#7221=SURFACE_STYLE_USAGE(.BOTH.,#7508);
#7222=SURFACE_STYLE_USAGE(.BOTH.,#7509);
#7223=SURFACE_STYLE_USAGE(.BOTH.,#7510);
#7224=SURFACE_STYLE_USAGE(.BOTH.,#7511);
#7225=SURFACE_STYLE_USAGE(.BOTH.,#7512);
#7226=SURFACE_STYLE_USAGE(.BOTH.,#7513);
#7227=SURFACE_STYLE_USAGE(.BOTH.,#7514);
#7228=SURFACE_STYLE_USAGE(.BOTH.,#7515);
#7229=SURFACE_STYLE_USAGE(.BOTH.,#7516);
#7230=SURFACE_STYLE_USAGE(.BOTH.,#7517);
#7231=SURFACE_STYLE_USAGE(.BOTH.,#7518);
#7232=SURFACE_STYLE_USAGE(.BOTH.,#7519);
#7233=SURFACE_STYLE_USAGE(.BOTH.,#7520);
#7234=SURFACE_STYLE_USAGE(.BOTH.,#7521);
#7235=SURFACE_STYLE_USAGE(.BOTH.,#7522);
#7236=SURFACE_STYLE_USAGE(.BOTH.,#7523);
#7237=SURFACE_STYLE_USAGE(.BOTH.,#7524);
#7238=SURFACE_STYLE_USAGE(.BOTH.,#7525);
#7239=SURFACE_STYLE_USAGE(.BOTH.,#7526);
#7240=SURFACE_STYLE_USAGE(.BOTH.,#7527);
#7241=SURFACE_STYLE_USAGE(.BOTH.,#7528);
#7242=SURFACE_STYLE_USAGE(.BOTH.,#7529);
#7243=SURFACE_STYLE_USAGE(.BOTH.,#7530);
#7244=SURFACE_STYLE_USAGE(.BOTH.,#7531);
#7245=SURFACE_STYLE_USAGE(.BOTH.,#7532);
#7246=SURFACE_STYLE_USAGE(.BOTH.,#7533);
#7247=SURFACE_STYLE_USAGE(.BOTH.,#7534);
#7248=SURFACE_STYLE_USAGE(.BOTH.,#7535);
#7249=SURFACE_STYLE_USAGE(.BOTH.,#7536);
#7250=SURFACE_STYLE_USAGE(.BOTH.,#7537);
#7251=SURFACE_STYLE_USAGE(.BOTH.,#7538);
#7252=SURFACE_STYLE_USAGE(.BOTH.,#7539);
#7253=SURFACE_STYLE_USAGE(.BOTH.,#7540);
#7254=SURFACE_STYLE_USAGE(.BOTH.,#7541);
#7255=SURFACE_STYLE_USAGE(.BOTH.,#7542);
#7256=SURFACE_STYLE_USAGE(.BOTH.,#7543);
#7257=SURFACE_STYLE_USAGE(.BOTH.,#7544);
#7258=SURFACE_STYLE_USAGE(.BOTH.,#7545);
#7259=SURFACE_STYLE_USAGE(.BOTH.,#7546);
#7260=SURFACE_STYLE_USAGE(.BOTH.,#7547);
#7261=SURFACE_STYLE_USAGE(.BOTH.,#7548);
#7262=SURFACE_STYLE_USAGE(.BOTH.,#7549);
#7263=SURFACE_STYLE_USAGE(.BOTH.,#7550);
#7264=SURFACE_STYLE_USAGE(.BOTH.,#7551);
#7265=SURFACE_STYLE_USAGE(.BOTH.,#7552);
#7266=SURFACE_STYLE_USAGE(.BOTH.,#7553);
#7267=SURFACE_STYLE_USAGE(.BOTH.,#7554);
#7268=SURFACE_STYLE_USAGE(.BOTH.,#7555);
#7269=SURFACE_STYLE_USAGE(.BOTH.,#7556);
#7270=SURFACE_STYLE_USAGE(.BOTH.,#7557);
#7271=SURFACE_STYLE_USAGE(.BOTH.,#7558);
#7272=SURFACE_STYLE_USAGE(.BOTH.,#7559);
#7273=SURFACE_STYLE_USAGE(.BOTH.,#7560);
#7274=SURFACE_STYLE_USAGE(.BOTH.,#7561);
#7275=SURFACE_STYLE_USAGE(.BOTH.,#7562);
#7276=SURFACE_STYLE_USAGE(.BOTH.,#7563);
#7277=SURFACE_STYLE_USAGE(.BOTH.,#7564);
#7278=SURFACE_STYLE_USAGE(.BOTH.,#7565);
#7279=SURFACE_STYLE_USAGE(.BOTH.,#7566);
#7280=SURFACE_STYLE_USAGE(.BOTH.,#7567);
#7281=SURFACE_STYLE_USAGE(.BOTH.,#7568);
#7282=SURFACE_STYLE_USAGE(.BOTH.,#7569);
#7283=SURFACE_STYLE_USAGE(.BOTH.,#7570);
#7284=SURFACE_STYLE_USAGE(.BOTH.,#7571);
#7285=SURFACE_STYLE_USAGE(.BOTH.,#7572);
#7286=SURFACE_STYLE_USAGE(.BOTH.,#7573);
#7287=SURFACE_STYLE_USAGE(.BOTH.,#7574);
#7288=SURFACE_STYLE_USAGE(.BOTH.,#7575);
#7289=SURFACE_STYLE_USAGE(.BOTH.,#7576);
#7290=SURFACE_STYLE_USAGE(.BOTH.,#7577);
#7291=SURFACE_STYLE_USAGE(.BOTH.,#7578);
#7292=SURFACE_STYLE_USAGE(.BOTH.,#7579);
#7293=SURFACE_STYLE_USAGE(.BOTH.,#7580);
#7294=SURFACE_STYLE_USAGE(.BOTH.,#7581);
#7295=SURFACE_STYLE_USAGE(.BOTH.,#7582);
#7296=SURFACE_STYLE_USAGE(.BOTH.,#7583);
#7297=SURFACE_STYLE_USAGE(.BOTH.,#7584);
#7298=SURFACE_STYLE_USAGE(.BOTH.,#7585);
#7299=SURFACE_STYLE_USAGE(.BOTH.,#7586);
#7300=SURFACE_STYLE_USAGE(.BOTH.,#7587);
#7301=SURFACE_STYLE_USAGE(.BOTH.,#7588);
#7302=SURFACE_STYLE_USAGE(.BOTH.,#7589);
#7303=SURFACE_STYLE_USAGE(.BOTH.,#7590);
#7304=SURFACE_STYLE_USAGE(.BOTH.,#7591);
#7305=SURFACE_STYLE_USAGE(.BOTH.,#7592);
#7306=SURFACE_STYLE_USAGE(.BOTH.,#7593);
#7307=SURFACE_STYLE_USAGE(.BOTH.,#7594);
#7308=SURFACE_STYLE_USAGE(.BOTH.,#7595);
#7309=SURFACE_STYLE_USAGE(.BOTH.,#7596);
#7310=SURFACE_STYLE_USAGE(.BOTH.,#7597);
#7311=SURFACE_STYLE_USAGE(.BOTH.,#7598);
#7312=SURFACE_STYLE_USAGE(.BOTH.,#7599);
#7313=SURFACE_STYLE_USAGE(.BOTH.,#7600);
#7314=SURFACE_STYLE_USAGE(.BOTH.,#7601);
#7315=SURFACE_STYLE_USAGE(.BOTH.,#7602);
#7316=SURFACE_STYLE_USAGE(.BOTH.,#7603);
#7317=SURFACE_STYLE_USAGE(.BOTH.,#7604);
#7318=SURFACE_STYLE_USAGE(.BOTH.,#7605);
#7319=SURFACE_STYLE_USAGE(.BOTH.,#7606);
#7320=SURFACE_STYLE_USAGE(.BOTH.,#7607);
#7321=SURFACE_STYLE_USAGE(.BOTH.,#7608);
#7322=SURFACE_STYLE_USAGE(.BOTH.,#7609);
#7323=SURFACE_STYLE_USAGE(.BOTH.,#7610);
#7324=SURFACE_STYLE_USAGE(.BOTH.,#7611);
#7325=SURFACE_STYLE_USAGE(.BOTH.,#7612);
#7326=SURFACE_STYLE_USAGE(.BOTH.,#7613);
#7327=SURFACE_STYLE_USAGE(.BOTH.,#7614);
#7328=SURFACE_STYLE_USAGE(.BOTH.,#7615);
#7329=SURFACE_STYLE_USAGE(.BOTH.,#7616);
#7330=SURFACE_STYLE_USAGE(.BOTH.,#7617);
#7331=SURFACE_STYLE_USAGE(.BOTH.,#7618);
#7332=SURFACE_STYLE_USAGE(.BOTH.,#7619);
#7333=SURFACE_STYLE_USAGE(.BOTH.,#7620);
#7334=SURFACE_STYLE_USAGE(.BOTH.,#7621);
#7335=SURFACE_STYLE_USAGE(.BOTH.,#7622);
#7336=SURFACE_STYLE_USAGE(.BOTH.,#7623);
#7337=SURFACE_STYLE_USAGE(.BOTH.,#7624);
#7338=SURFACE_STYLE_USAGE(.BOTH.,#7625);
#7339=SURFACE_STYLE_USAGE(.BOTH.,#7626);
#7340=SURFACE_SIDE_STYLE('',(#7627));
#7341=SURFACE_SIDE_STYLE('',(#7628));
#7342=SURFACE_SIDE_STYLE('',(#7629));
#7343=SURFACE_SIDE_STYLE('',(#7630));
#7344=SURFACE_SIDE_STYLE('',(#7631));
#7345=SURFACE_SIDE_STYLE('',(#7632));
#7346=SURFACE_SIDE_STYLE('',(#7633));
#7347=SURFACE_SIDE_STYLE('',(#7634));
#7348=SURFACE_SIDE_STYLE('',(#7635));
#7349=SURFACE_SIDE_STYLE('',(#7636));
#7350=SURFACE_SIDE_STYLE('',(#7637));
#7351=SURFACE_SIDE_STYLE('',(#7638));
#7352=SURFACE_SIDE_STYLE('',(#7639));
#7353=SURFACE_SIDE_STYLE('',(#7640));
#7354=SURFACE_SIDE_STYLE('',(#7641));
#7355=SURFACE_SIDE_STYLE('',(#7642));
#7356=SURFACE_SIDE_STYLE('',(#7643));
#7357=SURFACE_SIDE_STYLE('',(#7644));
#7358=SURFACE_SIDE_STYLE('',(#7645));
#7359=SURFACE_SIDE_STYLE('',(#7646));
#7360=SURFACE_SIDE_STYLE('',(#7647));
#7361=SURFACE_SIDE_STYLE('',(#7648));
#7362=SURFACE_SIDE_STYLE('',(#7649));
#7363=SURFACE_SIDE_STYLE('',(#7650));
#7364=SURFACE_SIDE_STYLE('',(#7651));
#7365=SURFACE_SIDE_STYLE('',(#7652));
#7366=SURFACE_SIDE_STYLE('',(#7653));
#7367=SURFACE_SIDE_STYLE('',(#7654));
#7368=SURFACE_SIDE_STYLE('',(#7655));
#7369=SURFACE_SIDE_STYLE('',(#7656));
#7370=SURFACE_SIDE_STYLE('',(#7657));
#7371=SURFACE_SIDE_STYLE('',(#7658));
#7372=SURFACE_SIDE_STYLE('',(#7659));
#7373=SURFACE_SIDE_STYLE('',(#7660));
#7374=SURFACE_SIDE_STYLE('',(#7661));
#7375=SURFACE_SIDE_STYLE('',(#7662));
#7376=SURFACE_SIDE_STYLE('',(#7663));
#7377=SURFACE_SIDE_STYLE('',(#7664));
#7378=SURFACE_SIDE_STYLE('',(#7665));
#7379=SURFACE_SIDE_STYLE('',(#7666));
#7380=SURFACE_SIDE_STYLE('',(#7667));
#7381=SURFACE_SIDE_STYLE('',(#7668));
#7382=SURFACE_SIDE_STYLE('',(#7669));
#7383=SURFACE_SIDE_STYLE('',(#7670));
#7384=SURFACE_SIDE_STYLE('',(#7671));
#7385=SURFACE_SIDE_STYLE('',(#7672));
#7386=SURFACE_SIDE_STYLE('',(#7673));
#7387=SURFACE_SIDE_STYLE('',(#7674));
#7388=SURFACE_SIDE_STYLE('',(#7675));
#7389=SURFACE_SIDE_STYLE('',(#7676));
#7390=SURFACE_SIDE_STYLE('',(#7677));
#7391=SURFACE_SIDE_STYLE('',(#7678));
#7392=SURFACE_SIDE_STYLE('',(#7679));
#7393=SURFACE_SIDE_STYLE('',(#7680));
#7394=SURFACE_SIDE_STYLE('',(#7681));
#7395=SURFACE_SIDE_STYLE('',(#7682));
#7396=SURFACE_SIDE_STYLE('',(#7683));
#7397=SURFACE_SIDE_STYLE('',(#7684));
#7398=SURFACE_SIDE_STYLE('',(#7685));
#7399=SURFACE_SIDE_STYLE('',(#7686));
#7400=SURFACE_SIDE_STYLE('',(#7687));
#7401=SURFACE_SIDE_STYLE('',(#7688));
#7402=SURFACE_SIDE_STYLE('',(#7689));
#7403=SURFACE_SIDE_STYLE('',(#7690));
#7404=SURFACE_SIDE_STYLE('',(#7691));
#7405=SURFACE_SIDE_STYLE('',(#7692));
#7406=SURFACE_SIDE_STYLE('',(#7693));
#7407=SURFACE_SIDE_STYLE('',(#7694));
#7408=SURFACE_SIDE_STYLE('',(#7695));
#7409=SURFACE_SIDE_STYLE('',(#7696));
#7410=SURFACE_SIDE_STYLE('',(#7697));
#7411=SURFACE_SIDE_STYLE('',(#7698));
#7412=SURFACE_SIDE_STYLE('',(#7699));
#7413=SURFACE_SIDE_STYLE('',(#7700));
#7414=SURFACE_SIDE_STYLE('',(#7701));
#7415=SURFACE_SIDE_STYLE('',(#7702));
#7416=SURFACE_SIDE_STYLE('',(#7703));
#7417=SURFACE_SIDE_STYLE('',(#7704));
#7418=SURFACE_SIDE_STYLE('',(#7705));
#7419=SURFACE_SIDE_STYLE('',(#7706));
#7420=SURFACE_SIDE_STYLE('',(#7707));
#7421=SURFACE_SIDE_STYLE('',(#7708));
#7422=SURFACE_SIDE_STYLE('',(#7709));
#7423=SURFACE_SIDE_STYLE('',(#7710));
#7424=SURFACE_SIDE_STYLE('',(#7711));
#7425=SURFACE_SIDE_STYLE('',(#7712));
#7426=SURFACE_SIDE_STYLE('',(#7713));
#7427=SURFACE_SIDE_STYLE('',(#7714));
#7428=SURFACE_SIDE_STYLE('',(#7715));
#7429=SURFACE_SIDE_STYLE('',(#7716));
#7430=SURFACE_SIDE_STYLE('',(#7717));
#7431=SURFACE_SIDE_STYLE('',(#7718));
#7432=SURFACE_SIDE_STYLE('',(#7719));
#7433=SURFACE_SIDE_STYLE('',(#7720));
#7434=SURFACE_SIDE_STYLE('',(#7721));
#7435=SURFACE_SIDE_STYLE('',(#7722));
#7436=SURFACE_SIDE_STYLE('',(#7723));
#7437=SURFACE_SIDE_STYLE('',(#7724));
#7438=SURFACE_SIDE_STYLE('',(#7725));
#7439=SURFACE_SIDE_STYLE('',(#7726));
#7440=SURFACE_SIDE_STYLE('',(#7727));
#7441=SURFACE_SIDE_STYLE('',(#7728));
#7442=SURFACE_SIDE_STYLE('',(#7729));
#7443=SURFACE_SIDE_STYLE('',(#7730));
#7444=SURFACE_SIDE_STYLE('',(#7731));
#7445=SURFACE_SIDE_STYLE('',(#7732));
#7446=SURFACE_SIDE_STYLE('',(#7733));
#7447=SURFACE_SIDE_STYLE('',(#7734));
#7448=SURFACE_SIDE_STYLE('',(#7735));
#7449=SURFACE_SIDE_STYLE('',(#7736));
#7450=SURFACE_SIDE_STYLE('',(#7737));
#7451=SURFACE_SIDE_STYLE('',(#7738));
#7452=SURFACE_SIDE_STYLE('',(#7739));
#7453=SURFACE_SIDE_STYLE('',(#7740));
#7454=SURFACE_SIDE_STYLE('',(#7741));
#7455=SURFACE_SIDE_STYLE('',(#7742));
#7456=SURFACE_SIDE_STYLE('',(#7743));
#7457=SURFACE_SIDE_STYLE('',(#7744));
#7458=SURFACE_SIDE_STYLE('',(#7745));
#7459=SURFACE_SIDE_STYLE('',(#7746));
#7460=SURFACE_SIDE_STYLE('',(#7747));
#7461=SURFACE_SIDE_STYLE('',(#7748));
#7462=SURFACE_SIDE_STYLE('',(#7749));
#7463=SURFACE_SIDE_STYLE('',(#7750));
#7464=SURFACE_SIDE_STYLE('',(#7751));
#7465=SURFACE_SIDE_STYLE('',(#7752));
#7466=SURFACE_SIDE_STYLE('',(#7753));
#7467=SURFACE_SIDE_STYLE('',(#7754));
#7468=SURFACE_SIDE_STYLE('',(#7755));
#7469=SURFACE_SIDE_STYLE('',(#7756));
#7470=SURFACE_SIDE_STYLE('',(#7757));
#7471=SURFACE_SIDE_STYLE('',(#7758));
#7472=SURFACE_SIDE_STYLE('',(#7759));
#7473=SURFACE_SIDE_STYLE('',(#7760));
#7474=SURFACE_SIDE_STYLE('',(#7761));
#7475=SURFACE_SIDE_STYLE('',(#7762));
#7476=SURFACE_SIDE_STYLE('',(#7763));
#7477=SURFACE_SIDE_STYLE('',(#7764));
#7478=SURFACE_SIDE_STYLE('',(#7765));
#7479=SURFACE_SIDE_STYLE('',(#7766));
#7480=SURFACE_SIDE_STYLE('',(#7767));
#7481=SURFACE_SIDE_STYLE('',(#7768));
#7482=SURFACE_SIDE_STYLE('',(#7769));
#7483=SURFACE_SIDE_STYLE('',(#7770));
#7484=SURFACE_SIDE_STYLE('',(#7771));
#7485=SURFACE_SIDE_STYLE('',(#7772));
#7486=SURFACE_SIDE_STYLE('',(#7773));
#7487=SURFACE_SIDE_STYLE('',(#7774));
#7488=SURFACE_SIDE_STYLE('',(#7775));
#7489=SURFACE_SIDE_STYLE('',(#7776));
#7490=SURFACE_SIDE_STYLE('',(#7777));
#7491=SURFACE_SIDE_STYLE('',(#7778));
#7492=SURFACE_SIDE_STYLE('',(#7779));
#7493=SURFACE_SIDE_STYLE('',(#7780));
#7494=SURFACE_SIDE_STYLE('',(#7781));
#7495=SURFACE_SIDE_STYLE('',(#7782));
#7496=SURFACE_SIDE_STYLE('',(#7783));
#7497=SURFACE_SIDE_STYLE('',(#7784));
#7498=SURFACE_SIDE_STYLE('',(#7785));
#7499=SURFACE_SIDE_STYLE('',(#7786));
#7500=SURFACE_SIDE_STYLE('',(#7787));
#7501=SURFACE_SIDE_STYLE('',(#7788));
#7502=SURFACE_SIDE_STYLE('',(#7789));
#7503=SURFACE_SIDE_STYLE('',(#7790));
#7504=SURFACE_SIDE_STYLE('',(#7791));
#7505=SURFACE_SIDE_STYLE('',(#7792));
#7506=SURFACE_SIDE_STYLE('',(#7793));
#7507=SURFACE_SIDE_STYLE('',(#7794));
#7508=SURFACE_SIDE_STYLE('',(#7795));
#7509=SURFACE_SIDE_STYLE('',(#7796));
#7510=SURFACE_SIDE_STYLE('',(#7797));
#7511=SURFACE_SIDE_STYLE('',(#7798));
#7512=SURFACE_SIDE_STYLE('',(#7799));
#7513=SURFACE_SIDE_STYLE('',(#7800));
#7514=SURFACE_SIDE_STYLE('',(#7801));
#7515=SURFACE_SIDE_STYLE('',(#7802));
#7516=SURFACE_SIDE_STYLE('',(#7803));
#7517=SURFACE_SIDE_STYLE('',(#7804));
#7518=SURFACE_SIDE_STYLE('',(#7805));
#7519=SURFACE_SIDE_STYLE('',(#7806));
#7520=SURFACE_SIDE_STYLE('',(#7807));
#7521=SURFACE_SIDE_STYLE('',(#7808));
#7522=SURFACE_SIDE_STYLE('',(#7809));
#7523=SURFACE_SIDE_STYLE('',(#7810));
#7524=SURFACE_SIDE_STYLE('',(#7811));
#7525=SURFACE_SIDE_STYLE('',(#7812));
#7526=SURFACE_SIDE_STYLE('',(#7813));
#7527=SURFACE_SIDE_STYLE('',(#7814));
#7528=SURFACE_SIDE_STYLE('',(#7815));
#7529=SURFACE_SIDE_STYLE('',(#7816));
#7530=SURFACE_SIDE_STYLE('',(#7817));
#7531=SURFACE_SIDE_STYLE('',(#7818));
#7532=SURFACE_SIDE_STYLE('',(#7819));
#7533=SURFACE_SIDE_STYLE('',(#7820));
#7534=SURFACE_SIDE_STYLE('',(#7821));
#7535=SURFACE_SIDE_STYLE('',(#7822));
#7536=SURFACE_SIDE_STYLE('',(#7823));
#7537=SURFACE_SIDE_STYLE('',(#7824));
#7538=SURFACE_SIDE_STYLE('',(#7825));
#7539=SURFACE_SIDE_STYLE('',(#7826));
#7540=SURFACE_SIDE_STYLE('',(#7827));
#7541=SURFACE_SIDE_STYLE('',(#7828));
#7542=SURFACE_SIDE_STYLE('',(#7829));
#7543=SURFACE_SIDE_STYLE('',(#7830));
#7544=SURFACE_SIDE_STYLE('',(#7831));
#7545=SURFACE_SIDE_STYLE('',(#7832));
#7546=SURFACE_SIDE_STYLE('',(#7833));
#7547=SURFACE_SIDE_STYLE('',(#7834));
#7548=SURFACE_SIDE_STYLE('',(#7835));
#7549=SURFACE_SIDE_STYLE('',(#7836));
#7550=SURFACE_SIDE_STYLE('',(#7837));
#7551=SURFACE_SIDE_STYLE('',(#7838));
#7552=SURFACE_SIDE_STYLE('',(#7839));
#7553=SURFACE_SIDE_STYLE('',(#7840));
#7554=SURFACE_SIDE_STYLE('',(#7841));
#7555=SURFACE_SIDE_STYLE('',(#7842));
#7556=SURFACE_SIDE_STYLE('',(#7843));
#7557=SURFACE_SIDE_STYLE('',(#7844));
#7558=SURFACE_SIDE_STYLE('',(#7845));
#7559=SURFACE_SIDE_STYLE('',(#7846));
#7560=SURFACE_SIDE_STYLE('',(#7847));
#7561=SURFACE_SIDE_STYLE('',(#7848));
#7562=SURFACE_SIDE_STYLE('',(#7849));
#7563=SURFACE_SIDE_STYLE('',(#7850));
#7564=SURFACE_SIDE_STYLE('',(#7851));
#7565=SURFACE_SIDE_STYLE('',(#7852));
#7566=SURFACE_SIDE_STYLE('',(#7853));
#7567=SURFACE_SIDE_STYLE('',(#7854));
#7568=SURFACE_SIDE_STYLE('',(#7855));
#7569=SURFACE_SIDE_STYLE('',(#7856));
#7570=SURFACE_SIDE_STYLE('',(#7857));
#7571=SURFACE_SIDE_STYLE('',(#7858));
#7572=SURFACE_SIDE_STYLE('',(#7859));
#7573=SURFACE_SIDE_STYLE('',(#7860));
#7574=SURFACE_SIDE_STYLE('',(#7861));
#7575=SURFACE_SIDE_STYLE('',(#7862));
#7576=SURFACE_SIDE_STYLE('',(#7863));
#7577=SURFACE_SIDE_STYLE('',(#7864));
#7578=SURFACE_SIDE_STYLE('',(#7865));
#7579=SURFACE_SIDE_STYLE('',(#7866));
#7580=SURFACE_SIDE_STYLE('',(#7867));
#7581=SURFACE_SIDE_STYLE('',(#7868));
#7582=SURFACE_SIDE_STYLE('',(#7869));
#7583=SURFACE_SIDE_STYLE('',(#7870));
#7584=SURFACE_SIDE_STYLE('',(#7871));
#7585=SURFACE_SIDE_STYLE('',(#7872));
#7586=SURFACE_SIDE_STYLE('',(#7873));
#7587=SURFACE_SIDE_STYLE('',(#7874));
#7588=SURFACE_SIDE_STYLE('',(#7875));
#7589=SURFACE_SIDE_STYLE('',(#7876));
#7590=SURFACE_SIDE_STYLE('',(#7877));
#7591=SURFACE_SIDE_STYLE('',(#7878));
#7592=SURFACE_SIDE_STYLE('',(#7879));
#7593=SURFACE_SIDE_STYLE('',(#7880));
#7594=SURFACE_SIDE_STYLE('',(#7881));
#7595=SURFACE_SIDE_STYLE('',(#7882));
#7596=SURFACE_SIDE_STYLE('',(#7883));
#7597=SURFACE_SIDE_STYLE('',(#7884));
#7598=SURFACE_SIDE_STYLE('',(#7885));
#7599=SURFACE_SIDE_STYLE('',(#7886));
#7600=SURFACE_SIDE_STYLE('',(#7887));
#7601=SURFACE_SIDE_STYLE('',(#7888));
#7602=SURFACE_SIDE_STYLE('',(#7889));
#7603=SURFACE_SIDE_STYLE('',(#7890));
#7604=SURFACE_SIDE_STYLE('',(#7891));
#7605=SURFACE_SIDE_STYLE('',(#7892));
#7606=SURFACE_SIDE_STYLE('',(#7893));
#7607=SURFACE_SIDE_STYLE('',(#7894));
#7608=SURFACE_SIDE_STYLE('',(#7895));
#7609=SURFACE_SIDE_STYLE('',(#7896));
#7610=SURFACE_SIDE_STYLE('',(#7897));
#7611=SURFACE_SIDE_STYLE('',(#7898));
#7612=SURFACE_SIDE_STYLE('',(#7899));
#7613=SURFACE_SIDE_STYLE('',(#7900));
#7614=SURFACE_SIDE_STYLE('',(#7901));
#7615=SURFACE_SIDE_STYLE('',(#7902));
#7616=SURFACE_SIDE_STYLE('',(#7903));
#7617=SURFACE_SIDE_STYLE('',(#7904));
#7618=SURFACE_SIDE_STYLE('',(#7905));
#7619=SURFACE_SIDE_STYLE('',(#7906));
#7620=SURFACE_SIDE_STYLE('',(#7907));
#7621=SURFACE_SIDE_STYLE('',(#7908));
#7622=SURFACE_SIDE_STYLE('',(#7909));
#7623=SURFACE_SIDE_STYLE('',(#7910));
#7624=SURFACE_SIDE_STYLE('',(#7911));
#7625=SURFACE_SIDE_STYLE('',(#7912));
#7626=SURFACE_SIDE_STYLE('',(#7913));
#7627=SURFACE_STYLE_FILL_AREA(#7914);
#7628=SURFACE_STYLE_FILL_AREA(#7915);
#7629=SURFACE_STYLE_FILL_AREA(#7916);
#7630=SURFACE_STYLE_FILL_AREA(#7917);
#7631=SURFACE_STYLE_FILL_AREA(#7918);
#7632=SURFACE_STYLE_FILL_AREA(#7919);
#7633=SURFACE_STYLE_FILL_AREA(#7920);
#7634=SURFACE_STYLE_FILL_AREA(#7921);
#7635=SURFACE_STYLE_FILL_AREA(#7922);
#7636=SURFACE_STYLE_FILL_AREA(#7923);
#7637=SURFACE_STYLE_FILL_AREA(#7924);
#7638=SURFACE_STYLE_FILL_AREA(#7925);
#7639=SURFACE_STYLE_FILL_AREA(#7926);
#7640=SURFACE_STYLE_FILL_AREA(#7927);
#7641=SURFACE_STYLE_FILL_AREA(#7928);
#7642=SURFACE_STYLE_FILL_AREA(#7929);
#7643=SURFACE_STYLE_FILL_AREA(#7930);
#7644=SURFACE_STYLE_FILL_AREA(#7931);
#7645=SURFACE_STYLE_FILL_AREA(#7932);
#7646=SURFACE_STYLE_FILL_AREA(#7933);
#7647=SURFACE_STYLE_FILL_AREA(#7934);
#7648=SURFACE_STYLE_FILL_AREA(#7935);
#7649=SURFACE_STYLE_FILL_AREA(#7936);
#7650=SURFACE_STYLE_FILL_AREA(#7937);
#7651=SURFACE_STYLE_FILL_AREA(#7938);
#7652=SURFACE_STYLE_FILL_AREA(#7939);
#7653=SURFACE_STYLE_FILL_AREA(#7940);
#7654=SURFACE_STYLE_FILL_AREA(#7941);
#7655=SURFACE_STYLE_FILL_AREA(#7942);
#7656=SURFACE_STYLE_FILL_AREA(#7943);
#7657=SURFACE_STYLE_FILL_AREA(#7944);
#7658=SURFACE_STYLE_FILL_AREA(#7945);
#7659=SURFACE_STYLE_FILL_AREA(#7946);
#7660=SURFACE_STYLE_FILL_AREA(#7947);
#7661=SURFACE_STYLE_FILL_AREA(#7948);
#7662=SURFACE_STYLE_FILL_AREA(#7949);
#7663=SURFACE_STYLE_FILL_AREA(#7950);
#7664=SURFACE_STYLE_FILL_AREA(#7951);
#7665=SURFACE_STYLE_FILL_AREA(#7952);
#7666=SURFACE_STYLE_FILL_AREA(#7953);
#7667=SURFACE_STYLE_FILL_AREA(#7954);
#7668=SURFACE_STYLE_FILL_AREA(#7955);
#7669=SURFACE_STYLE_FILL_AREA(#7956);
#7670=SURFACE_STYLE_FILL_AREA(#7957);
#7671=SURFACE_STYLE_FILL_AREA(#7958);
#7672=SURFACE_STYLE_FILL_AREA(#7959);
#7673=SURFACE_STYLE_FILL_AREA(#7960);
#7674=SURFACE_STYLE_FILL_AREA(#7961);
#7675=SURFACE_STYLE_FILL_AREA(#7962);
#7676=SURFACE_STYLE_FILL_AREA(#7963);
#7677=SURFACE_STYLE_FILL_AREA(#7964);
#7678=SURFACE_STYLE_FILL_AREA(#7965);
#7679=SURFACE_STYLE_FILL_AREA(#7966);
#7680=SURFACE_STYLE_FILL_AREA(#7967);
#7681=SURFACE_STYLE_FILL_AREA(#7968);
#7682=SURFACE_STYLE_FILL_AREA(#7969);
#7683=SURFACE_STYLE_FILL_AREA(#7970);
#7684=SURFACE_STYLE_FILL_AREA(#7971);
#7685=SURFACE_STYLE_FILL_AREA(#7972);
#7686=SURFACE_STYLE_FILL_AREA(#7973);
#7687=SURFACE_STYLE_FILL_AREA(#7974);
#7688=SURFACE_STYLE_FILL_AREA(#7975);
#7689=SURFACE_STYLE_FILL_AREA(#7976);
#7690=SURFACE_STYLE_FILL_AREA(#7977);
#7691=SURFACE_STYLE_FILL_AREA(#7978);
#7692=SURFACE_STYLE_FILL_AREA(#7979);
#7693=SURFACE_STYLE_FILL_AREA(#7980);
#7694=SURFACE_STYLE_FILL_AREA(#7981);
#7695=SURFACE_STYLE_FILL_AREA(#7982);
#7696=SURFACE_STYLE_FILL_AREA(#7983);
#7697=SURFACE_STYLE_FILL_AREA(#7984);
#7698=SURFACE_STYLE_FILL_AREA(#7985);
#7699=SURFACE_STYLE_FILL_AREA(#7986);
#7700=SURFACE_STYLE_FILL_AREA(#7987);
#7701=SURFACE_STYLE_FILL_AREA(#7988);
#7702=SURFACE_STYLE_FILL_AREA(#7989);
#7703=SURFACE_STYLE_FILL_AREA(#7990);
#7704=SURFACE_STYLE_FILL_AREA(#7991);
#7705=SURFACE_STYLE_FILL_AREA(#7992);
#7706=SURFACE_STYLE_FILL_AREA(#7993);
#7707=SURFACE_STYLE_FILL_AREA(#7994);
#7708=SURFACE_STYLE_FILL_AREA(#7995);
#7709=SURFACE_STYLE_FILL_AREA(#7996);
#7710=SURFACE_STYLE_FILL_AREA(#7997);
#7711=SURFACE_STYLE_FILL_AREA(#7998);
#7712=SURFACE_STYLE_FILL_AREA(#7999);
#7713=SURFACE_STYLE_FILL_AREA(#8000);
#7714=SURFACE_STYLE_FILL_AREA(#8001);
#7715=SURFACE_STYLE_FILL_AREA(#8002);
#7716=SURFACE_STYLE_FILL_AREA(#8003);
#7717=SURFACE_STYLE_FILL_AREA(#8004);
#7718=SURFACE_STYLE_FILL_AREA(#8005);
#7719=SURFACE_STYLE_FILL_AREA(#8006);
#7720=SURFACE_STYLE_FILL_AREA(#8007);
#7721=SURFACE_STYLE_FILL_AREA(#8008);
#7722=SURFACE_STYLE_FILL_AREA(#8009);
#7723=SURFACE_STYLE_FILL_AREA(#8010);
#7724=SURFACE_STYLE_FILL_AREA(#8011);
#7725=SURFACE_STYLE_FILL_AREA(#8012);
#7726=SURFACE_STYLE_FILL_AREA(#8013);
#7727=SURFACE_STYLE_FILL_AREA(#8014);
#7728=SURFACE_STYLE_FILL_AREA(#8015);
#7729=SURFACE_STYLE_FILL_AREA(#8016);
#7730=SURFACE_STYLE_FILL_AREA(#8017);
#7731=SURFACE_STYLE_FILL_AREA(#8018);
#7732=SURFACE_STYLE_FILL_AREA(#8019);
#7733=SURFACE_STYLE_FILL_AREA(#8020);
#7734=SURFACE_STYLE_FILL_AREA(#8021);
#7735=SURFACE_STYLE_FILL_AREA(#8022);
#7736=SURFACE_STYLE_FILL_AREA(#8023);
#7737=SURFACE_STYLE_FILL_AREA(#8024);
#7738=SURFACE_STYLE_FILL_AREA(#8025);
#7739=SURFACE_STYLE_FILL_AREA(#8026);
#7740=SURFACE_STYLE_FILL_AREA(#8027);
#7741=SURFACE_STYLE_FILL_AREA(#8028);
#7742=SURFACE_STYLE_FILL_AREA(#8029);
#7743=SURFACE_STYLE_FILL_AREA(#8030);
#7744=SURFACE_STYLE_FILL_AREA(#8031);
#7745=SURFACE_STYLE_FILL_AREA(#8032);
#7746=SURFACE_STYLE_FILL_AREA(#8033);
#7747=SURFACE_STYLE_FILL_AREA(#8034);
#7748=SURFACE_STYLE_FILL_AREA(#8035);
#7749=SURFACE_STYLE_FILL_AREA(#8036);
#7750=SURFACE_STYLE_FILL_AREA(#8037);
#7751=SURFACE_STYLE_FILL_AREA(#8038);
#7752=SURFACE_STYLE_FILL_AREA(#8039);
#7753=SURFACE_STYLE_FILL_AREA(#8040);
#7754=SURFACE_STYLE_FILL_AREA(#8041);
#7755=SURFACE_STYLE_FILL_AREA(#8042);
#7756=SURFACE_STYLE_FILL_AREA(#8043);
#7757=SURFACE_STYLE_FILL_AREA(#8044);
#7758=SURFACE_STYLE_FILL_AREA(#8045);
#7759=SURFACE_STYLE_FILL_AREA(#8046);
#7760=SURFACE_STYLE_FILL_AREA(#8047);
#7761=SURFACE_STYLE_FILL_AREA(#8048);
#7762=SURFACE_STYLE_FILL_AREA(#8049);
#7763=SURFACE_STYLE_FILL_AREA(#8050);
#7764=SURFACE_STYLE_FILL_AREA(#8051);
#7765=SURFACE_STYLE_FILL_AREA(#8052);
#7766=SURFACE_STYLE_FILL_AREA(#8053);
#7767=SURFACE_STYLE_FILL_AREA(#8054);
#7768=SURFACE_STYLE_FILL_AREA(#8055);
#7769=SURFACE_STYLE_FILL_AREA(#8056);
#7770=SURFACE_STYLE_FILL_AREA(#8057);
#7771=SURFACE_STYLE_FILL_AREA(#8058);
#7772=SURFACE_STYLE_FILL_AREA(#8059);
#7773=SURFACE_STYLE_FILL_AREA(#8060);
#7774=SURFACE_STYLE_FILL_AREA(#8061);
#7775=SURFACE_STYLE_FILL_AREA(#8062);
#7776=SURFACE_STYLE_FILL_AREA(#8063);
#7777=SURFACE_STYLE_FILL_AREA(#8064);
#7778=SURFACE_STYLE_FILL_AREA(#8065);
#7779=SURFACE_STYLE_FILL_AREA(#8066);
#7780=SURFACE_STYLE_FILL_AREA(#8067);
#7781=SURFACE_STYLE_FILL_AREA(#8068);
#7782=SURFACE_STYLE_FILL_AREA(#8069);
#7783=SURFACE_STYLE_FILL_AREA(#8070);
#7784=SURFACE_STYLE_FILL_AREA(#8071);
#7785=SURFACE_STYLE_FILL_AREA(#8072);
#7786=SURFACE_STYLE_FILL_AREA(#8073);
#7787=SURFACE_STYLE_FILL_AREA(#8074);
#7788=SURFACE_STYLE_FILL_AREA(#8075);
#7789=SURFACE_STYLE_FILL_AREA(#8076);
#7790=SURFACE_STYLE_FILL_AREA(#8077);
#7791=SURFACE_STYLE_FILL_AREA(#8078);
#7792=SURFACE_STYLE_FILL_AREA(#8079);
#7793=SURFACE_STYLE_FILL_AREA(#8080);
#7794=SURFACE_STYLE_FILL_AREA(#8081);
#7795=SURFACE_STYLE_FILL_AREA(#8082);
#7796=SURFACE_STYLE_FILL_AREA(#8083);
#7797=SURFACE_STYLE_FILL_AREA(#8084);
#7798=SURFACE_STYLE_FILL_AREA(#8085);
#7799=SURFACE_STYLE_FILL_AREA(#8086);
#7800=SURFACE_STYLE_FILL_AREA(#8087);
#7801=SURFACE_STYLE_FILL_AREA(#8088);
#7802=SURFACE_STYLE_FILL_AREA(#8089);
#7803=SURFACE_STYLE_FILL_AREA(#8090);
#7804=SURFACE_STYLE_FILL_AREA(#8091);
#7805=SURFACE_STYLE_FILL_AREA(#8092);
#7806=SURFACE_STYLE_FILL_AREA(#8093);
#7807=SURFACE_STYLE_FILL_AREA(#8094);
#7808=SURFACE_STYLE_FILL_AREA(#8095);
#7809=SURFACE_STYLE_FILL_AREA(#8096);
#7810=SURFACE_STYLE_FILL_AREA(#8097);
#7811=SURFACE_STYLE_FILL_AREA(#8098);
#7812=SURFACE_STYLE_FILL_AREA(#8099);
#7813=SURFACE_STYLE_FILL_AREA(#8100);
#7814=SURFACE_STYLE_FILL_AREA(#8101);
#7815=SURFACE_STYLE_FILL_AREA(#8102);
#7816=SURFACE_STYLE_FILL_AREA(#8103);
#7817=SURFACE_STYLE_FILL_AREA(#8104);
#7818=SURFACE_STYLE_FILL_AREA(#8105);
#7819=SURFACE_STYLE_FILL_AREA(#8106);
#7820=SURFACE_STYLE_FILL_AREA(#8107);
#7821=SURFACE_STYLE_FILL_AREA(#8108);
#7822=SURFACE_STYLE_FILL_AREA(#8109);
#7823=SURFACE_STYLE_FILL_AREA(#8110);
#7824=SURFACE_STYLE_FILL_AREA(#8111);
#7825=SURFACE_STYLE_FILL_AREA(#8112);
#7826=SURFACE_STYLE_FILL_AREA(#8113);
#7827=SURFACE_STYLE_FILL_AREA(#8114);
#7828=SURFACE_STYLE_FILL_AREA(#8115);
#7829=SURFACE_STYLE_FILL_AREA(#8116);
#7830=SURFACE_STYLE_FILL_AREA(#8117);
#7831=SURFACE_STYLE_FILL_AREA(#8118);
#7832=SURFACE_STYLE_FILL_AREA(#8119);
#7833=SURFACE_STYLE_FILL_AREA(#8120);
#7834=SURFACE_STYLE_FILL_AREA(#8121);
#7835=SURFACE_STYLE_FILL_AREA(#8122);
#7836=SURFACE_STYLE_FILL_AREA(#8123);
#7837=SURFACE_STYLE_FILL_AREA(#8124);
#7838=SURFACE_STYLE_FILL_AREA(#8125);
#7839=SURFACE_STYLE_FILL_AREA(#8126);
#7840=SURFACE_STYLE_FILL_AREA(#8127);
#7841=SURFACE_STYLE_FILL_AREA(#8128);
#7842=SURFACE_STYLE_FILL_AREA(#8129);
#7843=SURFACE_STYLE_FILL_AREA(#8130);
#7844=SURFACE_STYLE_FILL_AREA(#8131);
#7845=SURFACE_STYLE_FILL_AREA(#8132);
#7846=SURFACE_STYLE_FILL_AREA(#8133);
#7847=SURFACE_STYLE_FILL_AREA(#8134);
#7848=SURFACE_STYLE_FILL_AREA(#8135);
#7849=SURFACE_STYLE_FILL_AREA(#8136);
#7850=SURFACE_STYLE_FILL_AREA(#8137);
#7851=SURFACE_STYLE_FILL_AREA(#8138);
#7852=SURFACE_STYLE_FILL_AREA(#8139);
#7853=SURFACE_STYLE_FILL_AREA(#8140);
#7854=SURFACE_STYLE_FILL_AREA(#8141);
#7855=SURFACE_STYLE_FILL_AREA(#8142);
#7856=SURFACE_STYLE_FILL_AREA(#8143);
#7857=SURFACE_STYLE_FILL_AREA(#8144);
#7858=SURFACE_STYLE_FILL_AREA(#8145);
#7859=SURFACE_STYLE_FILL_AREA(#8146);
#7860=SURFACE_STYLE_FILL_AREA(#8147);
#7861=SURFACE_STYLE_FILL_AREA(#8148);
#7862=SURFACE_STYLE_FILL_AREA(#8149);
#7863=SURFACE_STYLE_FILL_AREA(#8150);
#7864=SURFACE_STYLE_FILL_AREA(#8151);
#7865=SURFACE_STYLE_FILL_AREA(#8152);
#7866=SURFACE_STYLE_FILL_AREA(#8153);
#7867=SURFACE_STYLE_FILL_AREA(#8154);
#7868=SURFACE_STYLE_FILL_AREA(#8155);
#7869=SURFACE_STYLE_FILL_AREA(#8156);
#7870=SURFACE_STYLE_FILL_AREA(#8157);
#7871=SURFACE_STYLE_FILL_AREA(#8158);
#7872=SURFACE_STYLE_FILL_AREA(#8159);
#7873=SURFACE_STYLE_FILL_AREA(#8160);
#7874=SURFACE_STYLE_FILL_AREA(#8161);
#7875=SURFACE_STYLE_FILL_AREA(#8162);
#7876=SURFACE_STYLE_FILL_AREA(#8163);
#7877=SURFACE_STYLE_FILL_AREA(#8164);
#7878=SURFACE_STYLE_FILL_AREA(#8165);
#7879=SURFACE_STYLE_FILL_AREA(#8166);
#7880=SURFACE_STYLE_FILL_AREA(#8167);
#7881=SURFACE_STYLE_FILL_AREA(#8168);
#7882=SURFACE_STYLE_FILL_AREA(#8169);
#7883=SURFACE_STYLE_FILL_AREA(#8170);
#7884=SURFACE_STYLE_FILL_AREA(#8171);
#7885=SURFACE_STYLE_FILL_AREA(#8172);
#7886=SURFACE_STYLE_FILL_AREA(#8173);
#7887=SURFACE_STYLE_FILL_AREA(#8174);
#7888=SURFACE_STYLE_FILL_AREA(#8175);
#7889=SURFACE_STYLE_FILL_AREA(#8176);
#7890=SURFACE_STYLE_FILL_AREA(#8177);
#7891=SURFACE_STYLE_FILL_AREA(#8178);
#7892=SURFACE_STYLE_FILL_AREA(#8179);
#7893=SURFACE_STYLE_FILL_AREA(#8180);
#7894=SURFACE_STYLE_FILL_AREA(#8181);
#7895=SURFACE_STYLE_FILL_AREA(#8182);
#7896=SURFACE_STYLE_FILL_AREA(#8183);
#7897=SURFACE_STYLE_FILL_AREA(#8184);
#7898=SURFACE_STYLE_FILL_AREA(#8185);
#7899=SURFACE_STYLE_FILL_AREA(#8186);
#7900=SURFACE_STYLE_FILL_AREA(#8187);
#7901=SURFACE_STYLE_FILL_AREA(#8188);
#7902=SURFACE_STYLE_FILL_AREA(#8189);
#7903=SURFACE_STYLE_FILL_AREA(#8190);
#7904=SURFACE_STYLE_FILL_AREA(#8191);
#7905=SURFACE_STYLE_FILL_AREA(#8192);
#7906=SURFACE_STYLE_FILL_AREA(#8193);
#7907=SURFACE_STYLE_FILL_AREA(#8194);
#7908=SURFACE_STYLE_FILL_AREA(#8195);
#7909=SURFACE_STYLE_FILL_AREA(#8196);
#7910=SURFACE_STYLE_FILL_AREA(#8197);
#7911=SURFACE_STYLE_FILL_AREA(#8198);
#7912=SURFACE_STYLE_FILL_AREA(#8199);
#7913=SURFACE_STYLE_FILL_AREA(#8200);
#7914=FILL_AREA_STYLE('',(#8201));
#7915=FILL_AREA_STYLE('',(#8202));
#7916=FILL_AREA_STYLE('',(#8203));
#7917=FILL_AREA_STYLE('',(#8204));
#7918=FILL_AREA_STYLE('',(#8205));
#7919=FILL_AREA_STYLE('',(#8206));
#7920=FILL_AREA_STYLE('',(#8207));
#7921=FILL_AREA_STYLE('',(#8208));
#7922=FILL_AREA_STYLE('',(#8209));
#7923=FILL_AREA_STYLE('',(#8210));
#7924=FILL_AREA_STYLE('',(#8211));
#7925=FILL_AREA_STYLE('',(#8212));
#7926=FILL_AREA_STYLE('',(#8213));
#7927=FILL_AREA_STYLE('',(#8214));
#7928=FILL_AREA_STYLE('',(#8215));
#7929=FILL_AREA_STYLE('',(#8216));
#7930=FILL_AREA_STYLE('',(#8217));
#7931=FILL_AREA_STYLE('',(#8218));
#7932=FILL_AREA_STYLE('',(#8219));
#7933=FILL_AREA_STYLE('',(#8220));
#7934=FILL_AREA_STYLE('',(#8221));
#7935=FILL_AREA_STYLE('',(#8222));
#7936=FILL_AREA_STYLE('',(#8223));
#7937=FILL_AREA_STYLE('',(#8224));
#7938=FILL_AREA_STYLE('',(#8225));
#7939=FILL_AREA_STYLE('',(#8226));
#7940=FILL_AREA_STYLE('',(#8227));
#7941=FILL_AREA_STYLE('',(#8228));
#7942=FILL_AREA_STYLE('',(#8229));
#7943=FILL_AREA_STYLE('',(#8230));
#7944=FILL_AREA_STYLE('',(#8231));
#7945=FILL_AREA_STYLE('',(#8232));
#7946=FILL_AREA_STYLE('',(#8233));
#7947=FILL_AREA_STYLE('',(#8234));
#7948=FILL_AREA_STYLE('',(#8235));
#7949=FILL_AREA_STYLE('',(#8236));
#7950=FILL_AREA_STYLE('',(#8237));
#7951=FILL_AREA_STYLE('',(#8238));
#7952=FILL_AREA_STYLE('',(#8239));
#7953=FILL_AREA_STYLE('',(#8240));
#7954=FILL_AREA_STYLE('',(#8241));
#7955=FILL_AREA_STYLE('',(#8242));
#7956=FILL_AREA_STYLE('',(#8243));
#7957=FILL_AREA_STYLE('',(#8244));
#7958=FILL_AREA_STYLE('',(#8245));
#7959=FILL_AREA_STYLE('',(#8246));
#7960=FILL_AREA_STYLE('',(#8247));
#7961=FILL_AREA_STYLE('',(#8248));
#7962=FILL_AREA_STYLE('',(#8249));
#7963=FILL_AREA_STYLE('',(#8250));
#7964=FILL_AREA_STYLE('',(#8251));
#7965=FILL_AREA_STYLE('',(#8252));
#7966=FILL_AREA_STYLE('',(#8253));
#7967=FILL_AREA_STYLE('',(#8254));
#7968=FILL_AREA_STYLE('',(#8255));
#7969=FILL_AREA_STYLE('',(#8256));
#7970=FILL_AREA_STYLE('',(#8257));
#7971=FILL_AREA_STYLE('',(#8258));
#7972=FILL_AREA_STYLE('',(#8259));
#7973=FILL_AREA_STYLE('',(#8260));
#7974=FILL_AREA_STYLE('',(#8261));
#7975=FILL_AREA_STYLE('',(#8262));
#7976=FILL_AREA_STYLE('',(#8263));
#7977=FILL_AREA_STYLE('',(#8264));
#7978=FILL_AREA_STYLE('',(#8265));
#7979=FILL_AREA_STYLE('',(#8266));
#7980=FILL_AREA_STYLE('',(#8267));
#7981=FILL_AREA_STYLE('',(#8268));
#7982=FILL_AREA_STYLE('',(#8269));
#7983=FILL_AREA_STYLE('',(#8270));
#7984=FILL_AREA_STYLE('',(#8271));
#7985=FILL_AREA_STYLE('',(#8272));
#7986=FILL_AREA_STYLE('',(#8273));
#7987=FILL_AREA_STYLE('',(#8274));
#7988=FILL_AREA_STYLE('',(#8275));
#7989=FILL_AREA_STYLE('',(#8276));
#7990=FILL_AREA_STYLE('',(#8277));
#7991=FILL_AREA_STYLE('',(#8278));
#7992=FILL_AREA_STYLE('',(#8279));
#7993=FILL_AREA_STYLE('',(#8280));
#7994=FILL_AREA_STYLE('',(#8281));
#7995=FILL_AREA_STYLE('',(#8282));
#7996=FILL_AREA_STYLE('',(#8283));
#7997=FILL_AREA_STYLE('',(#8284));
#7998=FILL_AREA_STYLE('',(#8285));
#7999=FILL_AREA_STYLE('',(#8286));
#8000=FILL_AREA_STYLE('',(#8287));
#8001=FILL_AREA_STYLE('',(#8288));
#8002=FILL_AREA_STYLE('',(#8289));
#8003=FILL_AREA_STYLE('',(#8290));
#8004=FILL_AREA_STYLE('',(#8291));
#8005=FILL_AREA_STYLE('',(#8292));
#8006=FILL_AREA_STYLE('',(#8293));
#8007=FILL_AREA_STYLE('',(#8294));
#8008=FILL_AREA_STYLE('',(#8295));
#8009=FILL_AREA_STYLE('',(#8296));
#8010=FILL_AREA_STYLE('',(#8297));
#8011=FILL_AREA_STYLE('',(#8298));
#8012=FILL_AREA_STYLE('',(#8299));
#8013=FILL_AREA_STYLE('',(#8300));
#8014=FILL_AREA_STYLE('',(#8301));
#8015=FILL_AREA_STYLE('',(#8302));
#8016=FILL_AREA_STYLE('',(#8303));
#8017=FILL_AREA_STYLE('',(#8304));
#8018=FILL_AREA_STYLE('',(#8305));
#8019=FILL_AREA_STYLE('',(#8306));
#8020=FILL_AREA_STYLE('',(#8307));
#8021=FILL_AREA_STYLE('',(#8308));
#8022=FILL_AREA_STYLE('',(#8309));
#8023=FILL_AREA_STYLE('',(#8310));
#8024=FILL_AREA_STYLE('',(#8311));
#8025=FILL_AREA_STYLE('',(#8312));
#8026=FILL_AREA_STYLE('',(#8313));
#8027=FILL_AREA_STYLE('',(#8314));
#8028=FILL_AREA_STYLE('',(#8315));
#8029=FILL_AREA_STYLE('',(#8316));
#8030=FILL_AREA_STYLE('',(#8317));
#8031=FILL_AREA_STYLE('',(#8318));
#8032=FILL_AREA_STYLE('',(#8319));
#8033=FILL_AREA_STYLE('',(#8320));
#8034=FILL_AREA_STYLE('',(#8321));
#8035=FILL_AREA_STYLE('',(#8322));
#8036=FILL_AREA_STYLE('',(#8323));
#8037=FILL_AREA_STYLE('',(#8324));
#8038=FILL_AREA_STYLE('',(#8325));
#8039=FILL_AREA_STYLE('',(#8326));
#8040=FILL_AREA_STYLE('',(#8327));
#8041=FILL_AREA_STYLE('',(#8328));
#8042=FILL_AREA_STYLE('',(#8329));
#8043=FILL_AREA_STYLE('',(#8330));
#8044=FILL_AREA_STYLE('',(#8331));
#8045=FILL_AREA_STYLE('',(#8332));
#8046=FILL_AREA_STYLE('',(#8333));
#8047=FILL_AREA_STYLE('',(#8334));
#8048=FILL_AREA_STYLE('',(#8335));
#8049=FILL_AREA_STYLE('',(#8336));
#8050=FILL_AREA_STYLE('',(#8337));
#8051=FILL_AREA_STYLE('',(#8338));
#8052=FILL_AREA_STYLE('',(#8339));
#8053=FILL_AREA_STYLE('',(#8340));
#8054=FILL_AREA_STYLE('',(#8341));
#8055=FILL_AREA_STYLE('',(#8342));
#8056=FILL_AREA_STYLE('',(#8343));
#8057=FILL_AREA_STYLE('',(#8344));
#8058=FILL_AREA_STYLE('',(#8345));
#8059=FILL_AREA_STYLE('',(#8346));
#8060=FILL_AREA_STYLE('',(#8347));
#8061=FILL_AREA_STYLE('',(#8348));
#8062=FILL_AREA_STYLE('',(#8349));
#8063=FILL_AREA_STYLE('',(#8350));
#8064=FILL_AREA_STYLE('',(#8351));
#8065=FILL_AREA_STYLE('',(#8352));
#8066=FILL_AREA_STYLE('',(#8353));
#8067=FILL_AREA_STYLE('',(#8354));
#8068=FILL_AREA_STYLE('',(#8355));
#8069=FILL_AREA_STYLE('',(#8356));
#8070=FILL_AREA_STYLE('',(#8357));
#8071=FILL_AREA_STYLE('',(#8358));
#8072=FILL_AREA_STYLE('',(#8359));
#8073=FILL_AREA_STYLE('',(#8360));
#8074=FILL_AREA_STYLE('',(#8361));
#8075=FILL_AREA_STYLE('',(#8362));
#8076=FILL_AREA_STYLE('',(#8363));
#8077=FILL_AREA_STYLE('',(#8364));
#8078=FILL_AREA_STYLE('',(#8365));
#8079=FILL_AREA_STYLE('',(#8366));
#8080=FILL_AREA_STYLE('',(#8367));
#8081=FILL_AREA_STYLE('',(#8368));
#8082=FILL_AREA_STYLE('',(#8369));
#8083=FILL_AREA_STYLE('',(#8370));
#8084=FILL_AREA_STYLE('',(#8371));
#8085=FILL_AREA_STYLE('',(#8372));
#8086=FILL_AREA_STYLE('',(#8373));
#8087=FILL_AREA_STYLE('',(#8374));
#8088=FILL_AREA_STYLE('',(#8375));
#8089=FILL_AREA_STYLE('',(#8376));
#8090=FILL_AREA_STYLE('',(#8377));
#8091=FILL_AREA_STYLE('',(#8378));
#8092=FILL_AREA_STYLE('',(#8379));
#8093=FILL_AREA_STYLE('',(#8380));
#8094=FILL_AREA_STYLE('',(#8381));
#8095=FILL_AREA_STYLE('',(#8382));
#8096=FILL_AREA_STYLE('',(#8383));
#8097=FILL_AREA_STYLE('',(#8384));
#8098=FILL_AREA_STYLE('',(#8385));
#8099=FILL_AREA_STYLE('',(#8386));
#8100=FILL_AREA_STYLE('',(#8387));
#8101=FILL_AREA_STYLE('',(#8388));
#8102=FILL_AREA_STYLE('',(#8389));
#8103=FILL_AREA_STYLE('',(#8390));
#8104=FILL_AREA_STYLE('',(#8391));
#8105=FILL_AREA_STYLE('',(#8392));
#8106=FILL_AREA_STYLE('',(#8393));
#8107=FILL_AREA_STYLE('',(#8394));
#8108=FILL_AREA_STYLE('',(#8395));
#8109=FILL_AREA_STYLE('',(#8396));
#8110=FILL_AREA_STYLE('',(#8397));
#8111=FILL_AREA_STYLE('',(#8398));
#8112=FILL_AREA_STYLE('',(#8399));
#8113=FILL_AREA_STYLE('',(#8400));
#8114=FILL_AREA_STYLE('',(#8401));
#8115=FILL_AREA_STYLE('',(#8402));
#8116=FILL_AREA_STYLE('',(#8403));
#8117=FILL_AREA_STYLE('',(#8404));
#8118=FILL_AREA_STYLE('',(#8405));
#8119=FILL_AREA_STYLE('',(#8406));
#8120=FILL_AREA_STYLE('',(#8407));
#8121=FILL_AREA_STYLE('',(#8408));
#8122=FILL_AREA_STYLE('',(#8409));
#8123=FILL_AREA_STYLE('',(#8410));
#8124=FILL_AREA_STYLE('',(#8411));
#8125=FILL_AREA_STYLE('',(#8412));
#8126=FILL_AREA_STYLE('',(#8413));
#8127=FILL_AREA_STYLE('',(#8414));
#8128=FILL_AREA_STYLE('',(#8415));
#8129=FILL_AREA_STYLE('',(#8416));
#8130=FILL_AREA_STYLE('',(#8417));
#8131=FILL_AREA_STYLE('',(#8418));
#8132=FILL_AREA_STYLE('',(#8419));
#8133=FILL_AREA_STYLE('',(#8420));
#8134=FILL_AREA_STYLE('',(#8421));
#8135=FILL_AREA_STYLE('',(#8422));
#8136=FILL_AREA_STYLE('',(#8423));
#8137=FILL_AREA_STYLE('',(#8424));
#8138=FILL_AREA_STYLE('',(#8425));
#8139=FILL_AREA_STYLE('',(#8426));
#8140=FILL_AREA_STYLE('',(#8427));
#8141=FILL_AREA_STYLE('',(#8428));
#8142=FILL_AREA_STYLE('',(#8429));
#8143=FILL_AREA_STYLE('',(#8430));
#8144=FILL_AREA_STYLE('',(#8431));
#8145=FILL_AREA_STYLE('',(#8432));
#8146=FILL_AREA_STYLE('',(#8433));
#8147=FILL_AREA_STYLE('',(#8434));
#8148=FILL_AREA_STYLE('',(#8435));
#8149=FILL_AREA_STYLE('',(#8436));
#8150=FILL_AREA_STYLE('',(#8437));
#8151=FILL_AREA_STYLE('',(#8438));
#8152=FILL_AREA_STYLE('',(#8439));
#8153=FILL_AREA_STYLE('',(#8440));
#8154=FILL_AREA_STYLE('',(#8441));
#8155=FILL_AREA_STYLE('',(#8442));
#8156=FILL_AREA_STYLE('',(#8443));
#8157=FILL_AREA_STYLE('',(#8444));
#8158=FILL_AREA_STYLE('',(#8445));
#8159=FILL_AREA_STYLE('',(#8446));
#8160=FILL_AREA_STYLE('',(#8447));
#8161=FILL_AREA_STYLE('',(#8448));
#8162=FILL_AREA_STYLE('',(#8449));
#8163=FILL_AREA_STYLE('',(#8450));
#8164=FILL_AREA_STYLE('',(#8451));
#8165=FILL_AREA_STYLE('',(#8452));
#8166=FILL_AREA_STYLE('',(#8453));
#8167=FILL_AREA_STYLE('',(#8454));
#8168=FILL_AREA_STYLE('',(#8455));
#8169=FILL_AREA_STYLE('',(#8456));
#8170=FILL_AREA_STYLE('',(#8457));
#8171=FILL_AREA_STYLE('',(#8458));
#8172=FILL_AREA_STYLE('',(#8459));
#8173=FILL_AREA_STYLE('',(#8460));
#8174=FILL_AREA_STYLE('',(#8461));
#8175=FILL_AREA_STYLE('',(#8462));
#8176=FILL_AREA_STYLE('',(#8463));
#8177=FILL_AREA_STYLE('',(#8464));
#8178=FILL_AREA_STYLE('',(#8465));
#8179=FILL_AREA_STYLE('',(#8466));
#8180=FILL_AREA_STYLE('',(#8467));
#8181=FILL_AREA_STYLE('',(#8468));
#8182=FILL_AREA_STYLE('',(#8469));
#8183=FILL_AREA_STYLE('',(#8470));
#8184=FILL_AREA_STYLE('',(#8471));
#8185=FILL_AREA_STYLE('',(#8472));
#8186=FILL_AREA_STYLE('',(#8473));
#8187=FILL_AREA_STYLE('',(#8474));
#8188=FILL_AREA_STYLE('',(#8475));
#8189=FILL_AREA_STYLE('',(#8476));
#8190=FILL_AREA_STYLE('',(#8477));
#8191=FILL_AREA_STYLE('',(#8478));
#8192=FILL_AREA_STYLE('',(#8479));
#8193=FILL_AREA_STYLE('',(#8480));
#8194=FILL_AREA_STYLE('',(#8481));
#8195=FILL_AREA_STYLE('',(#8482));
#8196=FILL_AREA_STYLE('',(#8483));
#8197=FILL_AREA_STYLE('',(#8484));
#8198=FILL_AREA_STYLE('',(#8485));
#8199=FILL_AREA_STYLE('',(#8486));
#8200=FILL_AREA_STYLE('',(#8487));
#8201=FILL_AREA_STYLE_COLOUR('',#8488);
#8202=FILL_AREA_STYLE_COLOUR('',#8489);
#8203=FILL_AREA_STYLE_COLOUR('',#8490);
#8204=FILL_AREA_STYLE_COLOUR('',#8490);
#8205=FILL_AREA_STYLE_COLOUR('',#8490);
#8206=FILL_AREA_STYLE_COLOUR('',#8490);
#8207=FILL_AREA_STYLE_COLOUR('',#8490);
#8208=FILL_AREA_STYLE_COLOUR('',#8490);
#8209=FILL_AREA_STYLE_COLOUR('',#8490);
#8210=FILL_AREA_STYLE_COLOUR('',#8490);
#8211=FILL_AREA_STYLE_COLOUR('',#8490);
#8212=FILL_AREA_STYLE_COLOUR('',#8490);
#8213=FILL_AREA_STYLE_COLOUR('',#8490);
#8214=FILL_AREA_STYLE_COLOUR('',#8490);
#8215=FILL_AREA_STYLE_COLOUR('',#8490);
#8216=FILL_AREA_STYLE_COLOUR('',#8490);
#8217=FILL_AREA_STYLE_COLOUR('',#8490);
#8218=FILL_AREA_STYLE_COLOUR('',#8490);
#8219=FILL_AREA_STYLE_COLOUR('',#8490);
#8220=FILL_AREA_STYLE_COLOUR('',#8490);
#8221=FILL_AREA_STYLE_COLOUR('',#8490);
#8222=FILL_AREA_STYLE_COLOUR('',#8490);
#8223=FILL_AREA_STYLE_COLOUR('',#8490);
#8224=FILL_AREA_STYLE_COLOUR('',#8490);
#8225=FILL_AREA_STYLE_COLOUR('',#8490);
#8226=FILL_AREA_STYLE_COLOUR('',#8490);
#8227=FILL_AREA_STYLE_COLOUR('',#8490);
#8228=FILL_AREA_STYLE_COLOUR('',#8490);
#8229=FILL_AREA_STYLE_COLOUR('',#8490);
#8230=FILL_AREA_STYLE_COLOUR('',#8490);
#8231=FILL_AREA_STYLE_COLOUR('',#8490);
#8232=FILL_AREA_STYLE_COLOUR('',#8490);
#8233=FILL_AREA_STYLE_COLOUR('',#8490);
#8234=FILL_AREA_STYLE_COLOUR('',#8490);
#8235=FILL_AREA_STYLE_COLOUR('',#8490);
#8236=FILL_AREA_STYLE_COLOUR('',#8490);
#8237=FILL_AREA_STYLE_COLOUR('',#8490);
#8238=FILL_AREA_STYLE_COLOUR('',#8490);
#8239=FILL_AREA_STYLE_COLOUR('',#8490);
#8240=FILL_AREA_STYLE_COLOUR('',#8490);
#8241=FILL_AREA_STYLE_COLOUR('',#8490);
#8242=FILL_AREA_STYLE_COLOUR('',#8490);
#8243=FILL_AREA_STYLE_COLOUR('',#8490);
#8244=FILL_AREA_STYLE_COLOUR('',#8490);
#8245=FILL_AREA_STYLE_COLOUR('',#8490);
#8246=FILL_AREA_STYLE_COLOUR('',#8490);
#8247=FILL_AREA_STYLE_COLOUR('',#8490);
#8248=FILL_AREA_STYLE_COLOUR('',#8490);
#8249=FILL_AREA_STYLE_COLOUR('',#8490);
#8250=FILL_AREA_STYLE_COLOUR('',#8490);
#8251=FILL_AREA_STYLE_COLOUR('',#8490);
#8252=FILL_AREA_STYLE_COLOUR('',#8490);
#8253=FILL_AREA_STYLE_COLOUR('',#8490);
#8254=FILL_AREA_STYLE_COLOUR('',#8490);
#8255=FILL_AREA_STYLE_COLOUR('',#8490);
#8256=FILL_AREA_STYLE_COLOUR('',#8490);
#8257=FILL_AREA_STYLE_COLOUR('',#8490);
#8258=FILL_AREA_STYLE_COLOUR('',#8490);
#8259=FILL_AREA_STYLE_COLOUR('',#8490);
#8260=FILL_AREA_STYLE_COLOUR('',#8490);
#8261=FILL_AREA_STYLE_COLOUR('',#8490);
#8262=FILL_AREA_STYLE_COLOUR('',#8490);
#8263=FILL_AREA_STYLE_COLOUR('',#8490);
#8264=FILL_AREA_STYLE_COLOUR('',#8490);
#8265=FILL_AREA_STYLE_COLOUR('',#8490);
#8266=FILL_AREA_STYLE_COLOUR('',#8490);
#8267=FILL_AREA_STYLE_COLOUR('',#8490);
#8268=FILL_AREA_STYLE_COLOUR('',#8490);
#8269=FILL_AREA_STYLE_COLOUR('',#8490);
#8270=FILL_AREA_STYLE_COLOUR('',#8490);
#8271=FILL_AREA_STYLE_COLOUR('',#8490);
#8272=FILL_AREA_STYLE_COLOUR('',#8490);
#8273=FILL_AREA_STYLE_COLOUR('',#8490);
#8274=FILL_AREA_STYLE_COLOUR('',#8490);
#8275=FILL_AREA_STYLE_COLOUR('',#8490);
#8276=FILL_AREA_STYLE_COLOUR('',#8490);
#8277=FILL_AREA_STYLE_COLOUR('',#8490);
#8278=FILL_AREA_STYLE_COLOUR('',#8490);
#8279=FILL_AREA_STYLE_COLOUR('',#8490);
#8280=FILL_AREA_STYLE_COLOUR('',#8490);
#8281=FILL_AREA_STYLE_COLOUR('',#8490);
#8282=FILL_AREA_STYLE_COLOUR('',#8490);
#8283=FILL_AREA_STYLE_COLOUR('',#8490);
#8284=FILL_AREA_STYLE_COLOUR('',#8490);
#8285=FILL_AREA_STYLE_COLOUR('',#8490);
#8286=FILL_AREA_STYLE_COLOUR('',#8490);
#8287=FILL_AREA_STYLE_COLOUR('',#8490);
#8288=FILL_AREA_STYLE_COLOUR('',#8490);
#8289=FILL_AREA_STYLE_COLOUR('',#8490);
#8290=FILL_AREA_STYLE_COLOUR('',#8490);
#8291=FILL_AREA_STYLE_COLOUR('',#8490);
#8292=FILL_AREA_STYLE_COLOUR('',#8490);
#8293=FILL_AREA_STYLE_COLOUR('',#8490);
#8294=FILL_AREA_STYLE_COLOUR('',#8490);
#8295=FILL_AREA_STYLE_COLOUR('',#8490);
#8296=FILL_AREA_STYLE_COLOUR('',#8490);
#8297=FILL_AREA_STYLE_COLOUR('',#8490);
#8298=FILL_AREA_STYLE_COLOUR('',#8490);
#8299=FILL_AREA_STYLE_COLOUR('',#8490);
#8300=FILL_AREA_STYLE_COLOUR('',#8490);
#8301=FILL_AREA_STYLE_COLOUR('',#8490);
#8302=FILL_AREA_STYLE_COLOUR('',#8490);
#8303=FILL_AREA_STYLE_COLOUR('',#8490);
#8304=FILL_AREA_STYLE_COLOUR('',#8490);
#8305=FILL_AREA_STYLE_COLOUR('',#8490);
#8306=FILL_AREA_STYLE_COLOUR('',#8490);
#8307=FILL_AREA_STYLE_COLOUR('',#8490);
#8308=FILL_AREA_STYLE_COLOUR('',#8490);
#8309=FILL_AREA_STYLE_COLOUR('',#8490);
#8310=FILL_AREA_STYLE_COLOUR('',#8490);
#8311=FILL_AREA_STYLE_COLOUR('',#8490);
#8312=FILL_AREA_STYLE_COLOUR('',#8490);
#8313=FILL_AREA_STYLE_COLOUR('',#8490);
#8314=FILL_AREA_STYLE_COLOUR('',#8490);
#8315=FILL_AREA_STYLE_COLOUR('',#8490);
#8316=FILL_AREA_STYLE_COLOUR('',#8490);
#8317=FILL_AREA_STYLE_COLOUR('',#8490);
#8318=FILL_AREA_STYLE_COLOUR('',#8490);
#8319=FILL_AREA_STYLE_COLOUR('',#8490);
#8320=FILL_AREA_STYLE_COLOUR('',#8490);
#8321=FILL_AREA_STYLE_COLOUR('',#8490);
#8322=FILL_AREA_STYLE_COLOUR('',#8490);
#8323=FILL_AREA_STYLE_COLOUR('',#8490);
#8324=FILL_AREA_STYLE_COLOUR('',#8490);
#8325=FILL_AREA_STYLE_COLOUR('',#8490);
#8326=FILL_AREA_STYLE_COLOUR('',#8490);
#8327=FILL_AREA_STYLE_COLOUR('',#8490);
#8328=FILL_AREA_STYLE_COLOUR('',#8490);
#8329=FILL_AREA_STYLE_COLOUR('',#8490);
#8330=FILL_AREA_STYLE_COLOUR('',#8490);
#8331=FILL_AREA_STYLE_COLOUR('',#8490);
#8332=FILL_AREA_STYLE_COLOUR('',#8490);
#8333=FILL_AREA_STYLE_COLOUR('',#8490);
#8334=FILL_AREA_STYLE_COLOUR('',#8490);
#8335=FILL_AREA_STYLE_COLOUR('',#8490);
#8336=FILL_AREA_STYLE_COLOUR('',#8490);
#8337=FILL_AREA_STYLE_COLOUR('',#8490);
#8338=FILL_AREA_STYLE_COLOUR('',#8490);
#8339=FILL_AREA_STYLE_COLOUR('',#8490);
#8340=FILL_AREA_STYLE_COLOUR('',#8490);
#8341=FILL_AREA_STYLE_COLOUR('',#8490);
#8342=FILL_AREA_STYLE_COLOUR('',#8490);
#8343=FILL_AREA_STYLE_COLOUR('',#8490);
#8344=FILL_AREA_STYLE_COLOUR('',#8490);
#8345=FILL_AREA_STYLE_COLOUR('',#8490);
#8346=FILL_AREA_STYLE_COLOUR('',#8490);
#8347=FILL_AREA_STYLE_COLOUR('',#8490);
#8348=FILL_AREA_STYLE_COLOUR('',#8490);
#8349=FILL_AREA_STYLE_COLOUR('',#8490);
#8350=FILL_AREA_STYLE_COLOUR('',#8490);
#8351=FILL_AREA_STYLE_COLOUR('',#8490);
#8352=FILL_AREA_STYLE_COLOUR('',#8490);
#8353=FILL_AREA_STYLE_COLOUR('',#8490);
#8354=FILL_AREA_STYLE_COLOUR('',#8490);
#8355=FILL_AREA_STYLE_COLOUR('',#8490);
#8356=FILL_AREA_STYLE_COLOUR('',#8490);
#8357=FILL_AREA_STYLE_COLOUR('',#8490);
#8358=FILL_AREA_STYLE_COLOUR('',#8490);
#8359=FILL_AREA_STYLE_COLOUR('',#8490);
#8360=FILL_AREA_STYLE_COLOUR('',#8490);
#8361=FILL_AREA_STYLE_COLOUR('',#8490);
#8362=FILL_AREA_STYLE_COLOUR('',#8490);
#8363=FILL_AREA_STYLE_COLOUR('',#8490);
#8364=FILL_AREA_STYLE_COLOUR('',#8490);
#8365=FILL_AREA_STYLE_COLOUR('',#8490);
#8366=FILL_AREA_STYLE_COLOUR('',#8490);
#8367=FILL_AREA_STYLE_COLOUR('',#8490);
#8368=FILL_AREA_STYLE_COLOUR('',#8490);
#8369=FILL_AREA_STYLE_COLOUR('',#8490);
#8370=FILL_AREA_STYLE_COLOUR('',#8490);
#8371=FILL_AREA_STYLE_COLOUR('',#8490);
#8372=FILL_AREA_STYLE_COLOUR('',#8490);
#8373=FILL_AREA_STYLE_COLOUR('',#8490);
#8374=FILL_AREA_STYLE_COLOUR('',#8490);
#8375=FILL_AREA_STYLE_COLOUR('',#8490);
#8376=FILL_AREA_STYLE_COLOUR('',#8490);
#8377=FILL_AREA_STYLE_COLOUR('',#8490);
#8378=FILL_AREA_STYLE_COLOUR('',#8490);
#8379=FILL_AREA_STYLE_COLOUR('',#8490);
#8380=FILL_AREA_STYLE_COLOUR('',#8490);
#8381=FILL_AREA_STYLE_COLOUR('',#8490);
#8382=FILL_AREA_STYLE_COLOUR('',#8490);
#8383=FILL_AREA_STYLE_COLOUR('',#8490);
#8384=FILL_AREA_STYLE_COLOUR('',#8490);
#8385=FILL_AREA_STYLE_COLOUR('',#8490);
#8386=FILL_AREA_STYLE_COLOUR('',#8490);
#8387=FILL_AREA_STYLE_COLOUR('',#8490);
#8388=FILL_AREA_STYLE_COLOUR('',#8490);
#8389=FILL_AREA_STYLE_COLOUR('',#8490);
#8390=FILL_AREA_STYLE_COLOUR('',#8490);
#8391=FILL_AREA_STYLE_COLOUR('',#8490);
#8392=FILL_AREA_STYLE_COLOUR('',#8490);
#8393=FILL_AREA_STYLE_COLOUR('',#8490);
#8394=FILL_AREA_STYLE_COLOUR('',#8490);
#8395=FILL_AREA_STYLE_COLOUR('',#8490);
#8396=FILL_AREA_STYLE_COLOUR('',#8490);
#8397=FILL_AREA_STYLE_COLOUR('',#8490);
#8398=FILL_AREA_STYLE_COLOUR('',#8490);
#8399=FILL_AREA_STYLE_COLOUR('',#8490);
#8400=FILL_AREA_STYLE_COLOUR('',#8490);
#8401=FILL_AREA_STYLE_COLOUR('',#8490);
#8402=FILL_AREA_STYLE_COLOUR('',#8490);
#8403=FILL_AREA_STYLE_COLOUR('',#8490);
#8404=FILL_AREA_STYLE_COLOUR('',#8490);
#8405=FILL_AREA_STYLE_COLOUR('',#8490);
#8406=FILL_AREA_STYLE_COLOUR('',#8490);
#8407=FILL_AREA_STYLE_COLOUR('',#8490);
#8408=FILL_AREA_STYLE_COLOUR('',#8490);
#8409=FILL_AREA_STYLE_COLOUR('',#8490);
#8410=FILL_AREA_STYLE_COLOUR('',#8490);
#8411=FILL_AREA_STYLE_COLOUR('',#8490);
#8412=FILL_AREA_STYLE_COLOUR('',#8490);
#8413=FILL_AREA_STYLE_COLOUR('',#8490);
#8414=FILL_AREA_STYLE_COLOUR('',#8490);
#8415=FILL_AREA_STYLE_COLOUR('',#8490);
#8416=FILL_AREA_STYLE_COLOUR('',#8490);
#8417=FILL_AREA_STYLE_COLOUR('',#8490);
#8418=FILL_AREA_STYLE_COLOUR('',#8490);
#8419=FILL_AREA_STYLE_COLOUR('',#8490);
#8420=FILL_AREA_STYLE_COLOUR('',#8490);
#8421=FILL_AREA_STYLE_COLOUR('',#8490);
#8422=FILL_AREA_STYLE_COLOUR('',#8490);
#8423=FILL_AREA_STYLE_COLOUR('',#8490);
#8424=FILL_AREA_STYLE_COLOUR('',#8490);
#8425=FILL_AREA_STYLE_COLOUR('',#8490);
#8426=FILL_AREA_STYLE_COLOUR('',#8490);
#8427=FILL_AREA_STYLE_COLOUR('',#8490);
#8428=FILL_AREA_STYLE_COLOUR('',#8490);
#8429=FILL_AREA_STYLE_COLOUR('',#8490);
#8430=FILL_AREA_STYLE_COLOUR('',#8490);
#8431=FILL_AREA_STYLE_COLOUR('',#8490);
#8432=FILL_AREA_STYLE_COLOUR('',#8490);
#8433=FILL_AREA_STYLE_COLOUR('',#8490);
#8434=FILL_AREA_STYLE_COLOUR('',#8490);
#8435=FILL_AREA_STYLE_COLOUR('',#8490);
#8436=FILL_AREA_STYLE_COLOUR('',#8490);
#8437=FILL_AREA_STYLE_COLOUR('',#8490);
#8438=FILL_AREA_STYLE_COLOUR('',#8490);
#8439=FILL_AREA_STYLE_COLOUR('',#8490);
#8440=FILL_AREA_STYLE_COLOUR('',#8490);
#8441=FILL_AREA_STYLE_COLOUR('',#8490);
#8442=FILL_AREA_STYLE_COLOUR('',#8490);
#8443=FILL_AREA_STYLE_COLOUR('',#8490);
#8444=FILL_AREA_STYLE_COLOUR('',#8490);
#8445=FILL_AREA_STYLE_COLOUR('',#8490);
#8446=FILL_AREA_STYLE_COLOUR('',#8490);
#8447=FILL_AREA_STYLE_COLOUR('',#8490);
#8448=FILL_AREA_STYLE_COLOUR('',#8490);
#8449=FILL_AREA_STYLE_COLOUR('',#8490);
#8450=FILL_AREA_STYLE_COLOUR('',#8490);
#8451=FILL_AREA_STYLE_COLOUR('',#8490);
#8452=FILL_AREA_STYLE_COLOUR('',#8490);
#8453=FILL_AREA_STYLE_COLOUR('',#8490);
#8454=FILL_AREA_STYLE_COLOUR('',#8490);
#8455=FILL_AREA_STYLE_COLOUR('',#8490);
#8456=FILL_AREA_STYLE_COLOUR('',#8490);
#8457=FILL_AREA_STYLE_COLOUR('',#8490);
#8458=FILL_AREA_STYLE_COLOUR('',#8490);
#8459=FILL_AREA_STYLE_COLOUR('',#8490);
#8460=FILL_AREA_STYLE_COLOUR('',#8490);
#8461=FILL_AREA_STYLE_COLOUR('',#8490);
#8462=FILL_AREA_STYLE_COLOUR('',#8490);
#8463=FILL_AREA_STYLE_COLOUR('',#8490);
#8464=FILL_AREA_STYLE_COLOUR('',#8490);
#8465=FILL_AREA_STYLE_COLOUR('',#8490);
#8466=FILL_AREA_STYLE_COLOUR('',#8490);
#8467=FILL_AREA_STYLE_COLOUR('',#8490);
#8468=FILL_AREA_STYLE_COLOUR('',#8490);
#8469=FILL_AREA_STYLE_COLOUR('',#8490);
#8470=FILL_AREA_STYLE_COLOUR('',#8490);
#8471=FILL_AREA_STYLE_COLOUR('',#8490);
#8472=FILL_AREA_STYLE_COLOUR('',#8490);
#8473=FILL_AREA_STYLE_COLOUR('',#8490);
#8474=FILL_AREA_STYLE_COLOUR('',#8490);
#8475=FILL_AREA_STYLE_COLOUR('',#8490);
#8476=FILL_AREA_STYLE_COLOUR('',#8490);
#8477=FILL_AREA_STYLE_COLOUR('',#8490);
#8478=FILL_AREA_STYLE_COLOUR('',#8490);
#8479=FILL_AREA_STYLE_COLOUR('',#8490);
#8480=FILL_AREA_STYLE_COLOUR('',#8490);
#8481=FILL_AREA_STYLE_COLOUR('',#8490);
#8482=FILL_AREA_STYLE_COLOUR('',#8490);
#8483=FILL_AREA_STYLE_COLOUR('',#8490);
#8484=FILL_AREA_STYLE_COLOUR('',#8490);
#8485=FILL_AREA_STYLE_COLOUR('',#8490);
#8486=FILL_AREA_STYLE_COLOUR('',#8490);
#8487=FILL_AREA_STYLE_COLOUR('',#8490);
#8488=COLOUR_RGB('',0.6,0.580392156862745,0.529411764705882);
#8489=COLOUR_RGB('',0.4,0.4,0.4);
#8490=COLOUR_RGB('',0.729411764705882,0.250980392156863,0.105882352941176);
#8491=MANIFOLD_SOLID_BREP('Part 2',#6762);
#8492=MANIFOLD_SOLID_BREP('Part 1',#6763);
#8493=SHAPE_DEFINITION_REPRESENTATION(#13407,#8495);
#8494=SHAPE_DEFINITION_REPRESENTATION(#13408,#8496);
#8495=SHAPE_REPRESENTATION('Part 2',(#8497),#13397);
#8496=SHAPE_REPRESENTATION('Part 1',(#8530),#13398);
#8497=AXIS2_PLACEMENT_3D('',#9961,#8788,#8789);
#8498=AXIS2_PLACEMENT_3D('',#9962,#8790,#8791);
#8499=AXIS2_PLACEMENT_3D('',#9963,#8792,#8793);
#8500=AXIS2_PLACEMENT_3D('',#9965,#8794,#8795);
#8501=AXIS2_PLACEMENT_3D('',#10015,#8820,#8821);
#8502=AXIS2_PLACEMENT_3D('',#10016,#8822,#8823);
#8503=AXIS2_PLACEMENT_3D('',#10058,#8844,#8845);
#8504=AXIS2_PLACEMENT_3D('',#10068,#8850,#8851);
#8505=AXIS2_PLACEMENT_3D('',#10071,#8854,#8855);
#8506=AXIS2_PLACEMENT_3D('',#10073,#8857,#8858);
#8507=AXIS2_PLACEMENT_3D('',#10075,#8860,#8861);
#8508=AXIS2_PLACEMENT_3D('',#10076,#8862,#8863);
#8509=AXIS2_PLACEMENT_3D('',#10079,#8866,#8867);
#8510=AXIS2_PLACEMENT_3D('',#10081,#8869,#8870);
#8511=AXIS2_PLACEMENT_3D('',#10083,#8872,#8873);
#8512=AXIS2_PLACEMENT_3D('',#10084,#8874,#8875);
#8513=AXIS2_PLACEMENT_3D('',#10087,#8878,#8879);
#8514=AXIS2_PLACEMENT_3D('',#10089,#8881,#8882);
#8515=AXIS2_PLACEMENT_3D('',#10091,#8884,#8885);
#8516=AXIS2_PLACEMENT_3D('',#10092,#8886,#8887);
#8517=AXIS2_PLACEMENT_3D('',#10095,#8890,#8891);
#8518=AXIS2_PLACEMENT_3D('',#10097,#8893,#8894);
#8519=AXIS2_PLACEMENT_3D('',#10099,#8896,#8897);
#8520=AXIS2_PLACEMENT_3D('',#10100,#8898,#8899);
#8521=AXIS2_PLACEMENT_3D('',#10103,#8902,#8903);
#8522=AXIS2_PLACEMENT_3D('',#10105,#8905,#8906);
#8523=AXIS2_PLACEMENT_3D('',#10107,#8908,#8909);
#8524=AXIS2_PLACEMENT_3D('',#10108,#8910,#8911);
#8525=AXIS2_PLACEMENT_3D('',#10109,#8912,#8913);
#8526=AXIS2_PLACEMENT_3D('',#10112,#8916,#8917);
#8527=AXIS2_PLACEMENT_3D('',#10114,#8919,#8920);
#8528=AXIS2_PLACEMENT_3D('',#10116,#8922,#8923);
#8529=AXIS2_PLACEMENT_3D('',#10117,#8924,#8925);
#8530=AXIS2_PLACEMENT_3D('',#10118,#8926,#8927);
#8531=AXIS2_PLACEMENT_3D('',#10119,#8928,#8929);
#8532=AXIS2_PLACEMENT_3D('',#10129,#8930,#8931);
#8533=AXIS2_PLACEMENT_3D('',#10137,#8935,#8936);
#8534=AXIS2_PLACEMENT_3D('',#10167,#8943,#8944);
#8535=AXIS2_PLACEMENT_3D('',#10169,#8945,#8946);
#8536=AXIS2_PLACEMENT_3D('',#10170,#8947,#8948);
#8537=AXIS2_PLACEMENT_3D('',#10191,#8952,#8953);
#8538=AXIS2_PLACEMENT_3D('',#10227,#8969,#8970);
#8539=AXIS2_PLACEMENT_3D('',#10261,#8971,#8972);
#8540=AXIS2_PLACEMENT_3D('',#10281,#8978,#8979);
#8541=AXIS2_PLACEMENT_3D('',#10299,#8980,#8981);
#8542=AXIS2_PLACEMENT_3D('',#10313,#8986,#8987);
#8543=AXIS2_PLACEMENT_3D('',#10357,#8993,#8994);
#8544=AXIS2_PLACEMENT_3D('',#10380,#9002,#9003);
#8545=AXIS2_PLACEMENT_3D('',#10381,#9004,#9005);
#8546=AXIS2_PLACEMENT_3D('',#10392,#9006,#9007);
#8547=AXIS2_PLACEMENT_3D('',#10400,#9011,#9012);
#8548=AXIS2_PLACEMENT_3D('',#10446,#9019,#9020);
#8549=AXIS2_PLACEMENT_3D('',#10448,#9021,#9022);
#8550=AXIS2_PLACEMENT_3D('',#10480,#9024,#9025);
#8551=AXIS2_PLACEMENT_3D('',#10486,#9026,#9027);
#8552=AXIS2_PLACEMENT_3D('',#10504,#9028,#9029);
#8553=AXIS2_PLACEMENT_3D('',#10538,#9032,#9033);
#8554=AXIS2_PLACEMENT_3D('',#10551,#9034,#9035);
#8555=AXIS2_PLACEMENT_3D('',#10562,#9036,#9037);
#8556=AXIS2_PLACEMENT_3D('',#10641,#9057,#9058);
#8557=AXIS2_PLACEMENT_3D('',#10643,#9059,#9060);
#8558=AXIS2_PLACEMENT_3D('',#10647,#9062,#9063);
#8559=AXIS2_PLACEMENT_3D('',#10679,#9065,#9066);
#8560=AXIS2_PLACEMENT_3D('',#10685,#9067,#9068);
#8561=AXIS2_PLACEMENT_3D('',#10715,#9077,#9078);
#8562=AXIS2_PLACEMENT_3D('',#10747,#9080,#9081);
#8563=AXIS2_PLACEMENT_3D('',#10777,#9082,#9083);
#8564=AXIS2_PLACEMENT_3D('',#10781,#9085,#9086);
#8565=AXIS2_PLACEMENT_3D('',#10811,#9087,#9088);
#8566=AXIS2_PLACEMENT_3D('',#10832,#9093,#9094);
#8567=AXIS2_PLACEMENT_3D('',#10865,#9111,#9112);
#8568=AXIS2_PLACEMENT_3D('',#10881,#9122,#9123);
#8569=AXIS2_PLACEMENT_3D('',#10889,#9128,#9129);
#8570=AXIS2_PLACEMENT_3D('',#10900,#9136,#9137);
#8571=AXIS2_PLACEMENT_3D('',#10905,#9141,#9142);
#8572=AXIS2_PLACEMENT_3D('',#10909,#9145,#9146);
#8573=AXIS2_PLACEMENT_3D('',#10913,#9149,#9150);
#8574=AXIS2_PLACEMENT_3D('',#10915,#9152,#9153);
#8575=AXIS2_PLACEMENT_3D('',#10916,#9154,#9155);
#8576=AXIS2_PLACEMENT_3D('',#10920,#9158,#9159);
#8577=AXIS2_PLACEMENT_3D('',#10922,#9161,#9162);
#8578=AXIS2_PLACEMENT_3D('',#10923,#9163,#9164);
#8579=AXIS2_PLACEMENT_3D('',#10927,#9167,#9168);
#8580=AXIS2_PLACEMENT_3D('',#10931,#9171,#9172);
#8581=AXIS2_PLACEMENT_3D('',#10933,#9174,#9175);
#8582=AXIS2_PLACEMENT_3D('',#10934,#9176,#9177);
#8583=AXIS2_PLACEMENT_3D('',#10938,#9180,#9181);
#8584=AXIS2_PLACEMENT_3D('',#10940,#9183,#9184);
#8585=AXIS2_PLACEMENT_3D('',#10941,#9185,#9186);
#8586=AXIS2_PLACEMENT_3D('',#10945,#9189,#9190);
#8587=AXIS2_PLACEMENT_3D('',#10949,#9193,#9194);
#8588=AXIS2_PLACEMENT_3D('',#10951,#9196,#9197);
#8589=AXIS2_PLACEMENT_3D('',#10952,#9198,#9199);
#8590=AXIS2_PLACEMENT_3D('',#10958,#9203,#9204);
#8591=AXIS2_PLACEMENT_3D('',#10962,#9207,#9208);
#8592=AXIS2_PLACEMENT_3D('',#10966,#9211,#9212);
#8593=AXIS2_PLACEMENT_3D('',#10970,#9215,#9216);
#8594=AXIS2_PLACEMENT_3D('',#10974,#9219,#9220);
#8595=AXIS2_PLACEMENT_3D('',#10978,#9223,#9224);
#8596=AXIS2_PLACEMENT_3D('',#10982,#9227,#9228);
#8597=AXIS2_PLACEMENT_3D('',#10986,#9231,#9232);
#8598=AXIS2_PLACEMENT_3D('',#10990,#9235,#9236);
#8599=AXIS2_PLACEMENT_3D('',#10994,#9239,#9240);
#8600=AXIS2_PLACEMENT_3D('',#10996,#9242,#9243);
#8601=AXIS2_PLACEMENT_3D('',#10997,#9244,#9245);
#8602=AXIS2_PLACEMENT_3D('',#10998,#9246,#9247);
#8603=AXIS2_PLACEMENT_3D('',#11003,#9249,#9250);
#8604=AXIS2_PLACEMENT_3D('',#11006,#9252,#9253);
#8605=AXIS2_PLACEMENT_3D('',#11029,#9258,#9259);
#8606=AXIS2_PLACEMENT_3D('',#11030,#9260,#9261);
#8607=AXIS2_PLACEMENT_3D('',#11034,#9263,#9264);
#8608=AXIS2_PLACEMENT_3D('',#11080,#9269,#9270);
#8609=AXIS2_PLACEMENT_3D('',#11083,#9272,#9273);
#8610=AXIS2_PLACEMENT_3D('',#11097,#9275,#9276);
#8611=AXIS2_PLACEMENT_3D('',#11100,#9278,#9279);
#8612=AXIS2_PLACEMENT_3D('',#11153,#9284,#9285);
#8613=AXIS2_PLACEMENT_3D('',#11196,#9291,#9292);
#8614=AXIS2_PLACEMENT_3D('',#11199,#9294,#9295);
#8615=AXIS2_PLACEMENT_3D('',#11200,#9296,#9297);
#8616=AXIS2_PLACEMENT_3D('',#11204,#9300,#9301);
#8617=AXIS2_PLACEMENT_3D('',#11207,#9303,#9304);
#8618=AXIS2_PLACEMENT_3D('',#11208,#9305,#9306);
#8619=AXIS2_PLACEMENT_3D('',#11211,#9308,#9309);
#8620=AXIS2_PLACEMENT_3D('',#11237,#9310,#9311);
#8621=AXIS2_PLACEMENT_3D('',#11238,#9312,#9313);
#8622=AXIS2_PLACEMENT_3D('',#11239,#9314,#9315);
#8623=AXIS2_PLACEMENT_3D('',#11245,#9319,#9320);
#8624=AXIS2_PLACEMENT_3D('',#11249,#9323,#9324);
#8625=AXIS2_PLACEMENT_3D('',#11253,#9327,#9328);
#8626=AXIS2_PLACEMENT_3D('',#11257,#9331,#9332);
#8627=AXIS2_PLACEMENT_3D('',#11261,#9335,#9336);
#8628=AXIS2_PLACEMENT_3D('',#11265,#9339,#9340);
#8629=AXIS2_PLACEMENT_3D('',#11269,#9343,#9344);
#8630=AXIS2_PLACEMENT_3D('',#11271,#9346,#9347);
#8631=AXIS2_PLACEMENT_3D('',#11339,#9354,#9355);
#8632=AXIS2_PLACEMENT_3D('',#11342,#9357,#9358);
#8633=AXIS2_PLACEMENT_3D('',#11434,#9366,#9367);
#8634=AXIS2_PLACEMENT_3D('',#11437,#9369,#9370);
#8635=AXIS2_PLACEMENT_3D('',#11438,#9371,#9372);
#8636=AXIS2_PLACEMENT_3D('',#11442,#9375,#9376);
#8637=AXIS2_PLACEMENT_3D('',#11445,#9378,#9379);
#8638=AXIS2_PLACEMENT_3D('',#11537,#9387,#9388);
#8639=AXIS2_PLACEMENT_3D('',#11540,#9390,#9391);
#8640=AXIS2_PLACEMENT_3D('',#11632,#9399,#9400);
#8641=AXIS2_PLACEMENT_3D('',#11636,#9403,#9404);
#8642=AXIS2_PLACEMENT_3D('',#11639,#9406,#9407);
#8643=AXIS2_PLACEMENT_3D('',#11651,#9408,#9409);
#8644=AXIS2_PLACEMENT_3D('',#11652,#9410,#9411);
#8645=AXIS2_PLACEMENT_3D('',#11658,#9415,#9416);
#8646=AXIS2_PLACEMENT_3D('',#11662,#9419,#9420);
#8647=AXIS2_PLACEMENT_3D('',#11666,#9423,#9424);
#8648=AXIS2_PLACEMENT_3D('',#11668,#9426,#9427);
#8649=AXIS2_PLACEMENT_3D('',#11669,#9428,#9429);
#8650=AXIS2_PLACEMENT_3D('',#11670,#9430,#9431);
#8651=AXIS2_PLACEMENT_3D('',#11675,#9433,#9434);
#8652=AXIS2_PLACEMENT_3D('',#11746,#9440,#9441);
#8653=AXIS2_PLACEMENT_3D('',#11747,#9442,#9443);
#8654=AXIS2_PLACEMENT_3D('',#11751,#9445,#9446);
#8655=AXIS2_PLACEMENT_3D('',#11818,#9452,#9453);
#8656=AXIS2_PLACEMENT_3D('',#11821,#9455,#9456);
#8657=AXIS2_PLACEMENT_3D('',#11887,#9462,#9463);
#8658=AXIS2_PLACEMENT_3D('',#11891,#9466,#9467);
#8659=AXIS2_PLACEMENT_3D('',#11895,#9470,#9471);
#8660=AXIS2_PLACEMENT_3D('',#11899,#9474,#9475);
#8661=AXIS2_PLACEMENT_3D('',#11903,#9478,#9479);
#8662=AXIS2_PLACEMENT_3D('',#11933,#9484,#9485);
#8663=AXIS2_PLACEMENT_3D('',#11936,#9487,#9488);
#8664=AXIS2_PLACEMENT_3D('',#11962,#9489,#9490);
#8665=AXIS2_PLACEMENT_3D('',#11963,#9491,#9492);
#8666=AXIS2_PLACEMENT_3D('',#12031,#9499,#9500);
#8667=AXIS2_PLACEMENT_3D('',#12034,#9502,#9503);
#8668=AXIS2_PLACEMENT_3D('',#12126,#9511,#9512);
#8669=AXIS2_PLACEMENT_3D('',#12130,#9515,#9516);
#8670=AXIS2_PLACEMENT_3D('',#12134,#9519,#9520);
#8671=AXIS2_PLACEMENT_3D('',#12137,#9522,#9523);
#8672=AXIS2_PLACEMENT_3D('',#12190,#9528,#9529);
#8673=AXIS2_PLACEMENT_3D('',#12193,#9531,#9532);
#8674=AXIS2_PLACEMENT_3D('',#12207,#9534,#9535);
#8675=AXIS2_PLACEMENT_3D('',#12210,#9537,#9538);
#8676=AXIS2_PLACEMENT_3D('',#12302,#9546,#9547);
#8677=AXIS2_PLACEMENT_3D('',#12306,#9550,#9551);
#8678=AXIS2_PLACEMENT_3D('',#12309,#9553,#9554);
#8679=AXIS2_PLACEMENT_3D('',#12310,#9555,#9556);
#8680=AXIS2_PLACEMENT_3D('',#12313,#9558,#9559);
#8681=AXIS2_PLACEMENT_3D('',#12325,#9560,#9561);
#8682=AXIS2_PLACEMENT_3D('',#12341,#9564,#9565);
#8683=AXIS2_PLACEMENT_3D('',#12344,#9567,#9568);
#8684=AXIS2_PLACEMENT_3D('',#12358,#9570,#9571);
#8685=AXIS2_PLACEMENT_3D('',#12362,#9574,#9575);
#8686=AXIS2_PLACEMENT_3D('',#12366,#9578,#9579);
#8687=AXIS2_PLACEMENT_3D('',#12370,#9582,#9583);
#8688=AXIS2_PLACEMENT_3D('',#12374,#9586,#9587);
#8689=AXIS2_PLACEMENT_3D('',#12378,#9590,#9591);
#8690=AXIS2_PLACEMENT_3D('',#12434,#9598,#9599);
#8691=AXIS2_PLACEMENT_3D('',#12437,#9601,#9602);
#8692=AXIS2_PLACEMENT_3D('',#12438,#9603,#9604);
#8693=AXIS2_PLACEMENT_3D('',#12442,#9607,#9608);
#8694=AXIS2_PLACEMENT_3D('',#12446,#9611,#9612);
#8695=AXIS2_PLACEMENT_3D('',#12450,#9615,#9616);
#8696=AXIS2_PLACEMENT_3D('',#12453,#9618,#9619);
#8697=AXIS2_PLACEMENT_3D('',#12465,#9620,#9621);
#8698=AXIS2_PLACEMENT_3D('',#12466,#9622,#9623);
#8699=AXIS2_PLACEMENT_3D('',#12467,#9624,#9625);
#8700=AXIS2_PLACEMENT_3D('',#12472,#9627,#9628);
#8701=AXIS2_PLACEMENT_3D('',#12509,#9632,#9633);
#8702=AXIS2_PLACEMENT_3D('',#12515,#9637,#9638);
#8703=AXIS2_PLACEMENT_3D('',#12521,#9642,#9643);
#8704=AXIS2_PLACEMENT_3D('',#12559,#9650,#9651);
#8705=AXIS2_PLACEMENT_3D('',#12563,#9654,#9655);
#8706=AXIS2_PLACEMENT_3D('',#12567,#9658,#9659);
#8707=AXIS2_PLACEMENT_3D('',#12571,#9662,#9663);
#8708=AXIS2_PLACEMENT_3D('',#12575,#9666,#9667);
#8709=AXIS2_PLACEMENT_3D('',#12579,#9670,#9671);
#8710=AXIS2_PLACEMENT_3D('',#12583,#9674,#9675);
#8711=AXIS2_PLACEMENT_3D('',#12587,#9678,#9679);
#8712=AXIS2_PLACEMENT_3D('',#12617,#9684,#9685);
#8713=AXIS2_PLACEMENT_3D('',#12620,#9687,#9688);
#8714=AXIS2_PLACEMENT_3D('',#12646,#9689,#9690);
#8715=AXIS2_PLACEMENT_3D('',#12647,#9691,#9692);
#8716=AXIS2_PLACEMENT_3D('',#12741,#9701,#9702);
#8717=AXIS2_PLACEMENT_3D('',#12742,#9703,#9704);
#8718=AXIS2_PLACEMENT_3D('',#12743,#9705,#9706);
#8719=AXIS2_PLACEMENT_3D('',#12744,#9707,#9708);
#8720=AXIS2_PLACEMENT_3D('',#12750,#9712,#9713);
#8721=AXIS2_PLACEMENT_3D('',#12754,#9716,#9717);
#8722=AXIS2_PLACEMENT_3D('',#12758,#9720,#9721);
#8723=AXIS2_PLACEMENT_3D('',#12760,#9723,#9724);
#8724=AXIS2_PLACEMENT_3D('',#12761,#9725,#9726);
#8725=AXIS2_PLACEMENT_3D('',#12762,#9727,#9728);
#8726=AXIS2_PLACEMENT_3D('',#12767,#9730,#9731);
#8727=AXIS2_PLACEMENT_3D('',#12838,#9737,#9738);
#8728=AXIS2_PLACEMENT_3D('',#12839,#9739,#9740);
#8729=AXIS2_PLACEMENT_3D('',#12843,#9742,#9743);
#8730=AXIS2_PLACEMENT_3D('',#12910,#9749,#9750);
#8731=AXIS2_PLACEMENT_3D('',#12913,#9752,#9753);
#8732=AXIS2_PLACEMENT_3D('',#12966,#9758,#9759);
#8733=AXIS2_PLACEMENT_3D('',#12969,#9761,#9762);
#8734=AXIS2_PLACEMENT_3D('',#12970,#9763,#9764);
#8735=AXIS2_PLACEMENT_3D('',#12974,#9767,#9768);
#8736=AXIS2_PLACEMENT_3D('',#12978,#9771,#9772);
#8737=AXIS2_PLACEMENT_3D('',#12982,#9775,#9776);
#8738=AXIS2_PLACEMENT_3D('',#12986,#9779,#9780);
#8739=AXIS2_PLACEMENT_3D('',#13016,#9785,#9786);
#8740=AXIS2_PLACEMENT_3D('',#13019,#9788,#9789);
#8741=AXIS2_PLACEMENT_3D('',#13045,#9790,#9791);
#8742=AXIS2_PLACEMENT_3D('',#13046,#9792,#9793);
#8743=AXIS2_PLACEMENT_3D('',#13140,#9802,#9803);
#8744=AXIS2_PLACEMENT_3D('',#13141,#9804,#9805);
#8745=AXIS2_PLACEMENT_3D('',#13142,#9806,#9807);
#8746=AXIS2_PLACEMENT_3D('',#13143,#9808,#9809);
#8747=AXIS2_PLACEMENT_3D('',#13149,#9813,#9814);
#8748=AXIS2_PLACEMENT_3D('',#13153,#9817,#9818);
#8749=AXIS2_PLACEMENT_3D('',#13157,#9821,#9822);
#8750=AXIS2_PLACEMENT_3D('',#13159,#9824,#9825);
#8751=AXIS2_PLACEMENT_3D('',#13160,#9826,#9827);
#8752=AXIS2_PLACEMENT_3D('',#13163,#9829,#9830);
#8753=AXIS2_PLACEMENT_3D('',#13166,#9832,#9833);
#8754=AXIS2_PLACEMENT_3D('',#13170,#9836,#9837);
#8755=AXIS2_PLACEMENT_3D('',#13174,#9840,#9841);
#8756=AXIS2_PLACEMENT_3D('',#13178,#9844,#9845);
#8757=AXIS2_PLACEMENT_3D('',#13182,#9848,#9849);
#8758=AXIS2_PLACEMENT_3D('',#13186,#9852,#9853);
#8759=AXIS2_PLACEMENT_3D('',#13190,#9856,#9857);
#8760=AXIS2_PLACEMENT_3D('',#13194,#9860,#9861);
#8761=AXIS2_PLACEMENT_3D('',#13198,#9864,#9865);
#8762=AXIS2_PLACEMENT_3D('',#13202,#9868,#9869);
#8763=AXIS2_PLACEMENT_3D('',#13206,#9872,#9873);
#8764=AXIS2_PLACEMENT_3D('',#13210,#9876,#9877);
#8765=AXIS2_PLACEMENT_3D('',#13213,#9879,#9880);
#8766=AXIS2_PLACEMENT_3D('',#13227,#9882,#9883);
#8767=AXIS2_PLACEMENT_3D('',#13231,#9886,#9887);
#8768=AXIS2_PLACEMENT_3D('',#13235,#9890,#9891);
#8769=AXIS2_PLACEMENT_3D('',#13263,#9895,#9896);
#8770=AXIS2_PLACEMENT_3D('',#13279,#9899,#9900);
#8771=AXIS2_PLACEMENT_3D('',#13282,#9902,#9903);
#8772=AXIS2_PLACEMENT_3D('',#13283,#9904,#9905);
#8773=AXIS2_PLACEMENT_3D('',#13286,#9907,#9908);
#8774=AXIS2_PLACEMENT_3D('',#13287,#9909,#9910);
#8775=AXIS2_PLACEMENT_3D('',#13291,#9913,#9914);
#8776=AXIS2_PLACEMENT_3D('',#13295,#9917,#9918);
#8777=AXIS2_PLACEMENT_3D('',#13299,#9921,#9922);
#8778=AXIS2_PLACEMENT_3D('',#13303,#9925,#9926);
#8779=AXIS2_PLACEMENT_3D('',#13307,#9929,#9930);
#8780=AXIS2_PLACEMENT_3D('',#13363,#9937,#9938);
#8781=AXIS2_PLACEMENT_3D('',#13366,#9940,#9941);
#8782=AXIS2_PLACEMENT_3D('',#13367,#9942,#9943);
#8783=AXIS2_PLACEMENT_3D('',#13371,#9946,#9947);
#8784=AXIS2_PLACEMENT_3D('',#13375,#9950,#9951);
#8785=AXIS2_PLACEMENT_3D('',#13379,#9954,#9955);
#8786=AXIS2_PLACEMENT_3D('',#13382,#9957,#9958);
#8787=AXIS2_PLACEMENT_3D('',#13394,#9959,#9960);
#8788=DIRECTION('',(0.,0.,1.));
#8789=DIRECTION('',(1.,0.,0.));
#8790=DIRECTION('',(0.,0.,1.));
#8791=DIRECTION('',(1.,0.,0.));
#8792=DIRECTION('',(0.,0.,1.));
#8793=DIRECTION('',(1.,0.,0.));
#8794=DIRECTION('',(0.,0.,1.));
#8795=DIRECTION('',(1.,0.,0.));
#8796=DIRECTION('',(1.,0.,0.));
#8797=DIRECTION('',(-1.47636040508664E-16,-1.,0.));
#8798=DIRECTION('',(1.,0.,0.));
#8799=DIRECTION('',(-1.47636040508664E-16,-1.,0.));
#8800=DIRECTION('',(-2.44327250137578E-16,1.,0.));
#8801=DIRECTION('',(-1.,-1.22163625068789E-16,0.));
#8802=DIRECTION('',(-1.22163625068789E-16,1.,0.));
#8803=DIRECTION('',(-1.,0.,0.));
#8804=DIRECTION('',(0.,-1.,0.));
#8805=DIRECTION('',(1.,-1.83245437603184E-16,0.));
#8806=DIRECTION('',(-1.83245437603184E-16,-1.,0.));
#8807=DIRECTION('',(1.,0.,0.));
#8808=DIRECTION('',(1.,0.,0.));
#8809=DIRECTION('',(1.83245437603184E-16,1.,0.));
#8810=DIRECTION('',(1.,0.,0.));
#8811=DIRECTION('',(2.44327250137578E-16,1.,0.));
#8812=DIRECTION('',(0.,-1.,0.));
#8813=DIRECTION('',(1.,-1.83245437603184E-16,0.));
#8814=DIRECTION('',(0.,-1.,0.));
#8815=DIRECTION('',(1.,0.,0.));
#8816=DIRECTION('',(0.,-1.,0.));
#8817=DIRECTION('',(1.,0.,0.));
#8818=DIRECTION('',(0.,-1.,0.));
#8819=DIRECTION('',(1.,0.,0.));
#8820=DIRECTION('',(0.,0.,1.));
#8821=DIRECTION('',(1.,0.,0.));
#8822=DIRECTION('',(0.,0.,1.));
#8823=DIRECTION('',(1.,0.,0.));
#8824=DIRECTION('',(1.,-1.83245437603184E-16,0.));
#8825=DIRECTION('',(0.,-1.,0.));
#8826=DIRECTION('',(1.,0.,0.));
#8827=DIRECTION('',(0.,-1.,0.));
#8828=DIRECTION('',(1.,-1.83245437603184E-16,0.));
#8829=DIRECTION('',(0.,-1.,0.));
#8830=DIRECTION('',(1.,0.,0.));
#8831=DIRECTION('',(-1.83245437603184E-16,-1.,0.));
#8832=DIRECTION('',(1.,0.,0.));
#8833=DIRECTION('',(-1.47636040508664E-16,-1.,0.));
#8834=DIRECTION('',(1.,0.,0.));
#8835=DIRECTION('',(-1.47636040508664E-16,-1.,0.));
#8836=DIRECTION('',(-1.,-1.22163625068789E-16,0.));
#8837=DIRECTION('',(-2.44327250137578E-16,1.,0.));
#8838=DIRECTION('',(-1.,0.,0.));
#8839=DIRECTION('',(-1.22163625068789E-16,1.,0.));
#8840=DIRECTION('',(1.83245437603184E-16,1.,0.));
#8841=DIRECTION('',(1.,0.,0.));
#8842=DIRECTION('',(2.44327250137578E-16,1.,0.));
#8843=DIRECTION('',(1.,0.,0.));
#8844=DIRECTION('',(0.,0.,1.));
#8845=DIRECTION('',(1.,0.,0.));
#8846=DIRECTION('',(1.,0.,0.));
#8847=DIRECTION('',(0.,-1.,0.));
#8848=DIRECTION('',(1.,0.,0.));
#8849=DIRECTION('',(0.,-1.,0.));
#8850=DIRECTION('',(0.,1.,0.));
#8851=DIRECTION('',(0.,0.,1.));
#8852=DIRECTION('',(0.,0.,-1.));
#8853=DIRECTION('',(0.,0.,-1.));
#8854=DIRECTION('',(1.,-1.47636040508664E-16,0.));
#8855=DIRECTION('',(1.47636040508664E-16,1.,0.));
#8856=DIRECTION('',(0.,0.,-1.));
#8857=DIRECTION('',(0.,1.,0.));
#8858=DIRECTION('',(0.,0.,1.));
#8859=DIRECTION('',(0.,0.,-1.));
#8860=DIRECTION('',(1.,-1.47636040508664E-16,0.));
#8861=DIRECTION('',(1.47636040508664E-16,1.,0.));
#8862=DIRECTION('',(-1.22163625068789E-16,1.,0.));
#8863=DIRECTION('',(-1.,-1.22163625068789E-16,0.));
#8864=DIRECTION('',(0.,0.,1.));
#8865=DIRECTION('',(0.,0.,1.));
#8866=DIRECTION('',(1.,2.44327250137578E-16,0.));
#8867=DIRECTION('',(-2.44327250137578E-16,1.,0.));
#8868=DIRECTION('',(0.,0.,1.));
#8869=DIRECTION('',(0.,1.,0.));
#8870=DIRECTION('',(0.,0.,1.));
#8871=DIRECTION('',(0.,0.,1.));
#8872=DIRECTION('',(1.,1.22163625068789E-16,0.));
#8873=DIRECTION('',(-1.22163625068789E-16,1.,0.));
#8874=DIRECTION('',(-1.83245437603184E-16,-1.,0.));
#8875=DIRECTION('',(1.,-1.83245437603184E-16,0.));
#8876=DIRECTION('',(0.,0.,1.));
#8877=DIRECTION('',(0.,0.,1.));
#8878=DIRECTION('',(-1.,0.,0.));
#8879=DIRECTION('',(0.,0.,1.));
#8880=DIRECTION('',(0.,0.,1.));
#8881=DIRECTION('',(0.,-1.,0.));
#8882=DIRECTION('',(0.,0.,-1.));
#8883=DIRECTION('',(0.,0.,1.));
#8884=DIRECTION('',(-1.,1.83245437603184E-16,0.));
#8885=DIRECTION('',(-1.83245437603184E-16,-1.,0.));
#8886=DIRECTION('',(1.,-1.83245437603184E-16,0.));
#8887=DIRECTION('',(1.83245437603184E-16,1.,0.));
#8888=DIRECTION('',(0.,0.,1.));
#8889=DIRECTION('',(0.,0.,1.));
#8890=DIRECTION('',(0.,-1.,0.));
#8891=DIRECTION('',(0.,0.,-1.));
#8892=DIRECTION('',(0.,0.,1.));
#8893=DIRECTION('',(1.,-2.44327250137578E-16,0.));
#8894=DIRECTION('',(2.44327250137578E-16,1.,0.));
#8895=DIRECTION('',(0.,0.,1.));
#8896=DIRECTION('',(0.,-1.,0.));
#8897=DIRECTION('',(0.,0.,-1.));
#8898=DIRECTION('',(-1.83245437603184E-16,-1.,0.));
#8899=DIRECTION('',(1.,-1.83245437603184E-16,0.));
#8900=DIRECTION('',(0.,0.,1.));
#8901=DIRECTION('',(0.,0.,1.));
#8902=DIRECTION('',(-1.,0.,0.));
#8903=DIRECTION('',(0.,0.,1.));
#8904=DIRECTION('',(0.,0.,1.));
#8905=DIRECTION('',(0.,-1.,0.));
#8906=DIRECTION('',(0.,0.,-1.));
#8907=DIRECTION('',(0.,0.,1.));
#8908=DIRECTION('',(-1.,0.,0.));
#8909=DIRECTION('',(0.,0.,1.));
#8910=DIRECTION('',(0.,0.,1.));
#8911=DIRECTION('',(1.,0.,0.));
#8912=DIRECTION('',(0.,-1.,0.));
#8913=DIRECTION('',(0.,0.,-1.));
#8914=DIRECTION('',(0.,0.,1.));
#8915=DIRECTION('',(0.,0.,1.));
#8916=DIRECTION('',(-1.,0.,0.));
#8917=DIRECTION('',(0.,0.,1.));
#8918=DIRECTION('',(0.,0.,1.));
#8919=DIRECTION('',(0.,-1.,0.));
#8920=DIRECTION('',(0.,0.,-1.));
#8921=DIRECTION('',(0.,0.,1.));
#8922=DIRECTION('',(-1.,0.,0.));
#8923=DIRECTION('',(0.,0.,1.));
#8924=DIRECTION('',(0.,0.,1.));
#8925=DIRECTION('',(1.,0.,0.));
#8926=DIRECTION('',(0.,0.,1.));
#8927=DIRECTION('',(1.,0.,0.));
#8928=DIRECTION('',(1.,-1.47636040508664E-16,0.));
#8929=DIRECTION('',(1.47636040508664E-16,1.,0.));
#8930=DIRECTION('',(-1.,1.47636040508664E-16,0.));
#8931=DIRECTION('',(-1.47636040508664E-16,-1.,0.));
#8932=DIRECTION('',(-2.59192719605688E-17,-0.175561955409171,-0.984468384364327));
#8933=DIRECTION('',(-1.47636040508664E-16,-1.,0.));
#8934=DIRECTION('',(2.59348736323647E-17,0.175667631988834,0.984449533024134));
#8935=DIRECTION('',(-1.,1.47636040508664E-16,0.));
#8936=DIRECTION('',(-1.47636040508664E-16,-1.,0.));
#8937=DIRECTION('',(0.,0.,1.));
#8938=DIRECTION('',(-2.56952168707722E-17,-0.174044337563119,-0.98473781716872));
#8939=DIRECTION('',(-1.47636040508664E-16,-1.,0.));
#8940=DIRECTION('',(2.57532817663114E-17,0.174437635130156,0.984668224048181));
#8941=DIRECTION('',(1.47636040508664E-16,1.,0.));
#8942=DIRECTION('',(-2.55658202521403E-17,-0.173167880715684,-0.984892321570454));
#8943=DIRECTION('',(-1.,1.47636040508664E-16,0.));
#8944=DIRECTION('',(-1.47636040508664E-16,-1.,0.));
#8945=DIRECTION('',(-1.,1.47636040508664E-16,0.));
#8946=DIRECTION('',(-1.47636040508664E-16,-1.,0.));
#8947=DIRECTION('',(-1.,1.47636040508664E-16,0.));
#8948=DIRECTION('',(-1.47636040508664E-16,-1.,0.));
#8949=DIRECTION('',(1.47636040508664E-16,1.,0.));
#8950=DIRECTION('',(-2.59963941916022E-17,-0.176084336196192,-0.984375084277506));
#8951=DIRECTION('',(-1.47636040508664E-16,-1.,0.));
#8952=DIRECTION('',(-1.,1.47636040508664E-16,0.));
#8953=DIRECTION('',(-1.47636040508664E-16,-1.,0.));
#8954=DIRECTION('',(2.61938096440419E-17,0.177421512753891,0.984134953556737));
#8955=DIRECTION('',(-1.47636040508664E-16,-1.,0.));
#8956=DIRECTION('',(2.55931007224653E-17,0.173352662630934,0.984859814571986));
#8957=DIRECTION('',(1.47636040508664E-16,1.,0.));
#8958=DIRECTION('',(2.55426857228958E-17,0.173011180975127,0.984919860322449));
#8959=DIRECTION('',(1.47636040508664E-16,1.,0.));
#8960=DIRECTION('',(-2.57045866054394E-17,-0.174107802653586,-0.984726598125155));
#8961=DIRECTION('',(1.47636040508664E-16,1.,0.));
#8962=DIRECTION('',(-2.55931007224653E-17,-0.173352662630934,-0.984859814571986));
#8963=DIRECTION('',(-1.47636040508664E-16,-1.,0.));
#8964=DIRECTION('',(-2.59635644045088E-17,-0.175861966461943,-0.984414835702987));
#8965=DIRECTION('',(-2.55315291462327E-17,-0.172935612864355,-0.984933131640534));
#8966=DIRECTION('',(-1.47636040508664E-16,-1.,0.));
#8967=DIRECTION('',(2.557102865471E-17,0.173203159381732,0.984886118076697));
#8968=DIRECTION('',(1.47636040508664E-16,1.,0.));
#8969=DIRECTION('',(-1.,1.47636040508664E-16,0.));
#8970=DIRECTION('',(-1.47636040508664E-16,-1.,0.));
#8971=DIRECTION('',(-1.,1.47636040508664E-16,0.));
#8972=DIRECTION('',(-1.47636040508664E-16,-1.,0.));
#8973=DIRECTION('',(2.57770107178924E-17,0.174598361139193,0.984639737308782));
#8974=DIRECTION('',(1.47636040508664E-16,1.,0.));
#8975=DIRECTION('',(-2.57532817663114E-17,-0.174437635130156,-0.984668224048181));
#8976=DIRECTION('',(-1.47636040508664E-16,-1.,0.));
#8977=DIRECTION('',(2.55597656995575E-17,0.173126870725428,0.984899531237994));
#8978=DIRECTION('',(-1.,1.47636040508664E-16,0.));
#8979=DIRECTION('',(-1.47636040508664E-16,-1.,0.));
#8980=DIRECTION('',(-1.,1.47636040508664E-16,0.));
#8981=DIRECTION('',(-1.47636040508664E-16,-1.,0.));
#8982=DIRECTION('',(-2.55315291462327E-17,-0.172935612864356,-0.984933131640534));
#8983=DIRECTION('',(-1.47636040508664E-16,-1.,0.));
#8984=DIRECTION('',(2.55710286547101E-17,0.173203159381732,0.984886118076697));
#8985=DIRECTION('',(1.47636040508664E-16,1.,0.));
#8986=DIRECTION('',(-1.,1.47636040508664E-16,0.));
#8987=DIRECTION('',(-1.47636040508664E-16,-1.,0.));
#8988=DIRECTION('',(-1.47636040508664E-16,-1.,0.));
#8989=DIRECTION('',(0.,0.,-1.));
#8990=DIRECTION('',(-1.47636040508664E-16,-1.,0.));
#8991=DIRECTION('',(0.,0.,-1.));
#8992=DIRECTION('',(1.47636040508664E-16,1.,0.));
#8993=DIRECTION('',(-1.,1.47636040508664E-16,0.));
#8994=DIRECTION('',(-1.47636040508664E-16,-1.,0.));
#8995=DIRECTION('',(5.5585376282306E-17,0.376502756988012,-0.926415497485025));
#8996=DIRECTION('',(-1.47636040508664E-16,-1.,0.));
#8997=DIRECTION('',(-5.16954751209632E-17,-0.350154846627232,0.936691829463383));
#8998=DIRECTION('',(-1.47636040508664E-16,-1.,0.));
#8999=DIRECTION('',(-2.5798762083635E-17,-0.174745692140944,-0.984613600900466));
#9000=DIRECTION('',(-1.47636040508664E-16,-1.,0.));
#9001=DIRECTION('',(2.56920501720928E-17,0.174022888202458,0.984741607926503));
#9002=DIRECTION('',(0.,1.,0.));
#9003=DIRECTION('',(0.,0.,1.));
#9004=DIRECTION('',(0.,1.,0.));
#9005=DIRECTION('',(0.,0.,1.));
#9006=DIRECTION('',(0.,1.,0.));
#9007=DIRECTION('',(0.,0.,1.));
#9008=DIRECTION('',(-0.175561955409171,0.,-0.984468384364327));
#9009=DIRECTION('',(-1.,0.,0.));
#9010=DIRECTION('',(0.175667631988836,0.,0.984449533024134));
#9011=DIRECTION('',(0.,1.,0.));
#9012=DIRECTION('',(0.,0.,1.));
#9013=DIRECTION('',(0.,0.,1.));
#9014=DIRECTION('',(-0.174044337563119,0.,-0.98473781716872));
#9015=DIRECTION('',(-1.,0.,0.));
#9016=DIRECTION('',(0.174437635130157,0.,0.984668224048181));
#9017=DIRECTION('',(1.,0.,0.));
#9018=DIRECTION('',(-0.173167880715683,0.,-0.984892321570454));
#9019=DIRECTION('',(0.,1.,0.));
#9020=DIRECTION('',(0.,0.,1.));
#9021=DIRECTION('',(0.,1.,0.));
#9022=DIRECTION('',(0.,0.,1.));
#9023=DIRECTION('',(1.,0.,0.));
#9024=DIRECTION('',(0.,1.,0.));
#9025=DIRECTION('',(0.,0.,1.));
#9026=DIRECTION('',(0.,1.,0.));
#9027=DIRECTION('',(0.,0.,1.));
#9028=DIRECTION('',(0.,1.,0.));
#9029=DIRECTION('',(0.,0.,1.));
#9030=DIRECTION('',(-0.0623782861551811,0.,-0.998052578482889));
#9031=DIRECTION('',(-1.,0.,0.));
#9032=DIRECTION('',(0.,1.,0.));
#9033=DIRECTION('',(0.,0.,1.));
#9034=DIRECTION('',(0.,1.,0.));
#9035=DIRECTION('',(0.,0.,1.));
#9036=DIRECTION('',(0.,1.,0.));
#9037=DIRECTION('',(0.,0.,1.));
#9038=DIRECTION('',(0.17545326437829,0.,0.98448776123373));
#9039=DIRECTION('',(1.,0.,0.));
#9040=DIRECTION('',(-0.174807631551772,0.,-0.984602606106271));
#9041=DIRECTION('',(-1.,0.,0.));
#9042=DIRECTION('',(0.186398279525933,0.,0.982474265001263));
#9043=DIRECTION('',(-0.695426863544797,0.,-0.718596881053798));
#9044=DIRECTION('',(0.521976998891978,0.,-0.852959560956863));
#9045=DIRECTION('',(-1.,0.,0.));
#9046=DIRECTION('',(-0.504087536326909,0.,0.863652566556638));
#9047=DIRECTION('',(-0.174691224621179,0.,-0.98462326604664));
#9048=DIRECTION('',(-1.,0.,0.));
#9049=DIRECTION('',(0.174022888202458,0.,0.984741607926503));
#9050=DIRECTION('',(1.,0.,0.));
#9051=DIRECTION('',(-0.172416699752406,0.,-0.985024102063746));
#9052=DIRECTION('',(0.684174955260796,0.,0.729317921481357));
#9053=DIRECTION('',(1.,0.,0.));
#9054=DIRECTION('',(1.,0.,0.));
#9055=DIRECTION('',(1.,0.,0.));
#9056=DIRECTION('',(0.,0.,-1.));
#9057=DIRECTION('',(0.,1.,0.));
#9058=DIRECTION('',(0.,0.,1.));
#9059=DIRECTION('',(0.,1.,0.));
#9060=DIRECTION('',(0.,0.,1.));
#9061=DIRECTION('',(-1.,0.,0.));
#9062=DIRECTION('',(0.,1.,0.));
#9063=DIRECTION('',(0.,0.,1.));
#9064=DIRECTION('',(1.,0.,0.));
#9065=DIRECTION('',(0.,1.,0.));
#9066=DIRECTION('',(0.,0.,1.));
#9067=DIRECTION('',(0.,1.,0.));
#9068=DIRECTION('',(0.,0.,1.));
#9069=DIRECTION('',(1.,0.,0.));
#9070=DIRECTION('',(0.191210841639146,0.,-0.981548987080955));
#9071=DIRECTION('',(0.478245792272455,0.,0.878226031368743));
#9072=DIRECTION('',(1.,0.,0.));
#9073=DIRECTION('',(-0.515428574054251,0.,-0.856932544047898));
#9074=DIRECTION('',(-1.,0.,0.));
#9075=DIRECTION('',(0.531255022791189,0.,0.84721195739858));
#9076=DIRECTION('',(-0.237960901815229,0.,0.9712747341547));
#9077=DIRECTION('',(0.,1.,0.));
#9078=DIRECTION('',(0.,0.,1.));
#9079=DIRECTION('',(1.,0.,0.));
#9080=DIRECTION('',(0.,1.,0.));
#9081=DIRECTION('',(0.,0.,1.));
#9082=DIRECTION('',(0.,1.,0.));
#9083=DIRECTION('',(0.,0.,1.));
#9084=DIRECTION('',(-1.,0.,0.));
#9085=DIRECTION('',(0.,1.,0.));
#9086=DIRECTION('',(0.,0.,1.));
#9087=DIRECTION('',(0.,1.,0.));
#9088=DIRECTION('',(0.,0.,1.));
#9089=DIRECTION('',(1.,0.,0.));
#9090=DIRECTION('',(-0.17423603923107,0.,-0.984703916227141));
#9091=DIRECTION('',(-1.,0.,0.));
#9092=DIRECTION('',(0.174437635130157,0.,0.984668224048181));
#9093=DIRECTION('',(0.,0.,1.));
#9094=DIRECTION('',(1.,0.,0.));
#9095=DIRECTION('',(1.,0.,0.));
#9096=DIRECTION('',(0.,1.,0.));
#9097=DIRECTION('',(1.,0.,0.));
#9098=DIRECTION('',(0.,1.,0.));
#9099=DIRECTION('',(1.,0.,0.));
#9100=DIRECTION('',(-3.22739251344522E-16,-1.,0.));
#9101=DIRECTION('',(-1.,0.,0.));
#9102=DIRECTION('',(0.,1.,0.));
#9103=DIRECTION('',(1.,0.,0.));
#9104=DIRECTION('',(0.,-1.,0.));
#9105=DIRECTION('',(1.,0.,0.));
#9106=DIRECTION('',(-3.22739251344522E-16,-1.,0.));
#9107=DIRECTION('',(1.,0.,0.));
#9108=DIRECTION('',(0.,1.,0.));
#9109=DIRECTION('',(-1.,0.,0.));
#9110=DIRECTION('',(0.,1.,0.));
#9111=DIRECTION('',(0.,-1.,0.));
#9112=DIRECTION('',(0.,0.,-1.));
#9113=DIRECTION('',(0.,0.,-1.));
#9114=DIRECTION('',(1.,0.,0.));
#9115=DIRECTION('',(0.,0.,-1.));
#9116=DIRECTION('',(0.,0.,-1.));
#9117=DIRECTION('',(1.,0.,0.));
#9118=DIRECTION('',(0.,0.,-1.));
#9119=DIRECTION('',(0.,0.,1.));
#9120=DIRECTION('',(1.,0.,0.));
#9121=DIRECTION('',(0.,0.,1.));
#9122=DIRECTION('',(-1.,3.22739251344522E-16,0.));
#9123=DIRECTION('',(-3.22739251344522E-16,-1.,0.));
#9124=DIRECTION('',(0.,0.,1.));
#9125=DIRECTION('',(-3.22739251344522E-16,-1.,0.));
#9126=DIRECTION('',(0.,0.,-1.));
#9127=DIRECTION('',(-3.22739251344522E-16,-1.,0.));
#9128=DIRECTION('',(0.,-1.,0.));
#9129=DIRECTION('',(0.,0.,-1.));
#9130=DIRECTION('',(0.,0.,-1.));
#9131=DIRECTION('',(-1.,0.,0.));
#9132=DIRECTION('',(1.,0.,0.));
#9133=DIRECTION('',(0.,0.,1.));
#9134=DIRECTION('',(1.,0.,0.));
#9135=DIRECTION('',(0.,0.,-1.));
#9136=DIRECTION('',(-1.,3.22739251344522E-16,0.));
#9137=DIRECTION('',(-3.22739251344522E-16,-1.,0.));
#9138=DIRECTION('',(0.,0.,-1.));
#9139=DIRECTION('',(-3.22739251344522E-16,-1.,0.));
#9140=DIRECTION('',(-3.22739251344522E-16,-1.,0.));
#9141=DIRECTION('',(0.,0.,1.));
#9142=DIRECTION('',(1.,0.,0.));
#9143=DIRECTION('',(1.,0.,0.));
#9144=DIRECTION('',(-1.47636040508664E-16,-1.,0.));
#9145=DIRECTION('',(0.,1.,0.));
#9146=DIRECTION('',(0.,0.,1.));
#9147=DIRECTION('',(1.,0.,0.));
#9148=DIRECTION('',(0.,0.,-1.));
#9149=DIRECTION('',(1.,-1.47636040508664E-16,0.));
#9150=DIRECTION('',(1.47636040508664E-16,1.,0.));
#9151=DIRECTION('',(-1.47636040508664E-16,-1.,0.));
#9152=DIRECTION('',(0.,0.,1.));
#9153=DIRECTION('',(1.,0.,0.));
#9154=DIRECTION('',(0.,1.,0.));
#9155=DIRECTION('',(0.,0.,1.));
#9156=DIRECTION('',(0.,0.,-1.));
#9157=DIRECTION('',(1.,0.,0.));
#9158=DIRECTION('',(1.,0.,0.));
#9159=DIRECTION('',(0.,0.,-1.));
#9160=DIRECTION('',(0.,-1.,0.));
#9161=DIRECTION('',(0.,0.,1.));
#9162=DIRECTION('',(1.,0.,0.));
#9163=DIRECTION('',(-1.,0.,0.));
#9164=DIRECTION('',(0.,0.,1.));
#9165=DIRECTION('',(0.,0.,-1.));
#9166=DIRECTION('',(0.,1.,0.));
#9167=DIRECTION('',(0.,-1.,0.));
#9168=DIRECTION('',(0.,0.,-1.));
#9169=DIRECTION('',(0.,0.,-1.));
#9170=DIRECTION('',(-1.,0.,0.));
#9171=DIRECTION('',(-1.,0.,0.));
#9172=DIRECTION('',(0.,0.,1.));
#9173=DIRECTION('',(0.,1.,0.));
#9174=DIRECTION('',(0.,0.,1.));
#9175=DIRECTION('',(1.,0.,0.));
#9176=DIRECTION('',(0.,-1.,0.));
#9177=DIRECTION('',(0.,0.,-1.));
#9178=DIRECTION('',(-1.,0.,0.));
#9179=DIRECTION('',(0.,0.,-1.));
#9180=DIRECTION('',(-1.,0.,0.));
#9181=DIRECTION('',(0.,0.,1.));
#9182=DIRECTION('',(0.,1.,0.));
#9183=DIRECTION('',(0.,0.,1.));
#9184=DIRECTION('',(1.,0.,0.));
#9185=DIRECTION('',(-1.,0.,0.));
#9186=DIRECTION('',(0.,0.,1.));
#9187=DIRECTION('',(0.,1.,0.));
#9188=DIRECTION('',(0.,0.,-1.));
#9189=DIRECTION('',(-1.,0.,0.));
#9190=DIRECTION('',(0.,0.,1.));
#9191=DIRECTION('',(0.,0.,-1.));
#9192=DIRECTION('',(0.,1.,0.));
#9193=DIRECTION('',(0.,1.,0.));
#9194=DIRECTION('',(0.,0.,1.));
#9195=DIRECTION('',(1.,0.,0.));
#9196=DIRECTION('',(0.,0.,1.));
#9197=DIRECTION('',(1.,0.,0.));
#9198=DIRECTION('',(0.852959560956863,0.,0.521976998891978));
#9199=DIRECTION('',(0.521976998891978,0.,-0.852959560956863));
#9200=DIRECTION('',(0.,1.,0.));
#9201=DIRECTION('',(0.521976998891978,0.,-0.852959560956863));
#9202=DIRECTION('',(0.,1.,0.));
#9203=DIRECTION('',(0.718596881053798,0.,-0.695426863544797));
#9204=DIRECTION('',(-0.695426863544797,0.,-0.718596881053798));
#9205=DIRECTION('',(0.,1.,0.));
#9206=DIRECTION('',(-0.695426863544797,0.,-0.718596881053798));
#9207=DIRECTION('',(0.,0.,1.));
#9208=DIRECTION('',(1.,0.,0.));
#9209=DIRECTION('',(0.,1.,0.));
#9210=DIRECTION('',(1.,0.,0.));
#9211=DIRECTION('',(-0.729317921481357,0.,0.684174955260796));
#9212=DIRECTION('',(0.684174955260796,0.,0.729317921481357));
#9213=DIRECTION('',(0.,1.,0.));
#9214=DIRECTION('',(0.684174955260796,0.,0.729317921481357));
#9215=DIRECTION('',(0.985024102063746,0.,-0.172416699752406));
#9216=DIRECTION('',(-0.172416699752406,0.,-0.985024102063746));
#9217=DIRECTION('',(0.,1.,0.));
#9218=DIRECTION('',(-0.172416699752406,0.,-0.985024102063746));
#9219=DIRECTION('',(0.,0.,1.));
#9220=DIRECTION('',(1.,0.,0.));
#9221=DIRECTION('',(0.,1.,0.));
#9222=DIRECTION('',(1.,0.,0.));
#9223=DIRECTION('',(-0.984741607926503,0.,0.174022888202458));
#9224=DIRECTION('',(0.174022888202458,0.,0.984741607926503));
#9225=DIRECTION('',(0.,1.,0.));
#9226=DIRECTION('',(0.174022888202458,0.,0.984741607926503));
#9227=DIRECTION('',(0.,0.,-1.));
#9228=DIRECTION('',(-1.,0.,0.));
#9229=DIRECTION('',(0.,1.,0.));
#9230=DIRECTION('',(-1.,0.,0.));
#9231=DIRECTION('',(0.98462326604664,0.,-0.174691224621179));
#9232=DIRECTION('',(-0.174691224621179,0.,-0.98462326604664));
#9233=DIRECTION('',(0.,1.,0.));
#9234=DIRECTION('',(-0.174691224621179,0.,-0.98462326604664));
#9235=DIRECTION('',(-0.863652566556638,0.,-0.504087536326909));
#9236=DIRECTION('',(-0.504087536326909,0.,0.863652566556638));
#9237=DIRECTION('',(0.,1.,0.));
#9238=DIRECTION('',(-0.504087536326909,0.,0.863652566556638));
#9239=DIRECTION('',(0.,0.,-1.));
#9240=DIRECTION('',(-1.,0.,0.));
#9241=DIRECTION('',(-1.,0.,0.));
#9242=DIRECTION('',(0.,-1.,0.));
#9243=DIRECTION('',(1.,0.,0.));
#9244=DIRECTION('',(0.,1.,0.));
#9245=DIRECTION('',(0.99513575738406,0.,-0.0985130670299753));
#9246=DIRECTION('',(0.,1.,0.));
#9247=DIRECTION('',(0.,0.,1.));
#9248=DIRECTION('',(0.,1.,0.));
#9249=DIRECTION('',(0.,1.,0.));
#9250=DIRECTION('',(0.,0.,1.));
#9251=DIRECTION('',(0.,1.,0.));
#9252=DIRECTION('',(0.,0.,1.));
#9253=DIRECTION('',(1.,0.,0.));
#9254=DIRECTION('',(1.,0.,0.));
#9255=DIRECTION('',(0.,1.,0.));
#9256=DIRECTION('',(1.,0.,0.));
#9257=DIRECTION('',(0.,1.,0.));
#9258=DIRECTION('',(0.,1.,0.));
#9259=DIRECTION('',(-0.325706358736703,0.,0.945470976750994));
#9260=DIRECTION('',(0.,1.,0.));
#9261=DIRECTION('',(0.,0.,1.));
#9262=DIRECTION('',(0.,1.,0.));
#9263=DIRECTION('',(0.,1.,0.));
#9264=DIRECTION('',(0.,0.,1.));
#9265=DIRECTION('',(0.,1.,0.));
#9266=DIRECTION('',(0.,1.,0.));
#9267=DIRECTION('',(0.,1.,0.));
#9268=DIRECTION('',(0.,1.,0.));
#9269=DIRECTION('',(0.,1.,0.));
#9270=DIRECTION('',(-0.649088571293584,0.,0.760712841101065));
#9271=DIRECTION('',(0.,1.,0.));
#9272=DIRECTION('',(0.,1.,0.));
#9273=DIRECTION('',(0.,0.,1.));
#9274=DIRECTION('',(0.,1.,0.));
#9275=DIRECTION('',(0.,1.,0.));
#9276=DIRECTION('',(-0.99562723600279,0.,0.0934152392784222));
#9277=DIRECTION('',(0.,1.,0.));
#9278=DIRECTION('',(0.,1.,0.));
#9279=DIRECTION('',(0.,0.,1.));
#9280=DIRECTION('',(0.,1.,0.));
#9281=DIRECTION('',(0.,1.,0.));
#9282=DIRECTION('',(0.,1.,0.));
#9283=DIRECTION('',(0.,1.,0.));
#9284=DIRECTION('',(0.,0.,1.));
#9285=DIRECTION('',(1.,0.,0.));
#9286=DIRECTION('',(0.,1.,0.));
#9287=DIRECTION('',(1.,0.,0.));
#9288=DIRECTION('',(0.,1.,0.));
#9289=DIRECTION('',(0.,1.,0.));
#9290=DIRECTION('',(0.,1.,0.));
#9291=DIRECTION('',(0.,1.,0.));
#9292=DIRECTION('',(-0.998365080299793,0.,0.0571591325860379));
#9293=DIRECTION('',(0.,1.,0.));
#9294=DIRECTION('',(0.,1.,0.));
#9295=DIRECTION('',(0.,0.,1.));
#9296=DIRECTION('',(0.,0.,-1.));
#9297=DIRECTION('',(-1.,0.,0.));
#9298=DIRECTION('',(0.,1.,0.));
#9299=DIRECTION('',(-1.,0.,0.));
#9300=DIRECTION('',(0.,1.,0.));
#9301=DIRECTION('',(0.971575350718907,0.,-0.236730517414702));
#9302=DIRECTION('',(0.,1.,0.));
#9303=DIRECTION('',(0.,1.,0.));
#9304=DIRECTION('',(0.,0.,1.));
#9305=DIRECTION('',(0.,1.,0.));
#9306=DIRECTION('',(0.996118937750876,0.,-0.0880173951788367));
#9307=DIRECTION('',(0.,1.,0.));
#9308=DIRECTION('',(0.,1.,0.));
#9309=DIRECTION('',(0.,0.,1.));
#9310=DIRECTION('',(0.,-1.,0.));
#9311=DIRECTION('',(1.,0.,0.));
#9312=DIRECTION('',(0.,1.,0.));
#9313=DIRECTION('',(0.,0.,1.));
#9314=DIRECTION('',(0.981548987080955,0.,0.191210841639146));
#9315=DIRECTION('',(0.191210841639146,0.,-0.981548987080955));
#9316=DIRECTION('',(0.,1.,0.));
#9317=DIRECTION('',(0.191210841639146,0.,-0.981548987080955));
#9318=DIRECTION('',(0.,1.,0.));
#9319=DIRECTION('',(0.,0.,1.));
#9320=DIRECTION('',(1.,0.,0.));
#9321=DIRECTION('',(0.,1.,0.));
#9322=DIRECTION('',(1.,0.,0.));
#9323=DIRECTION('',(-0.9712747341547,0.,-0.237960901815229));
#9324=DIRECTION('',(-0.237960901815229,0.,0.9712747341547));
#9325=DIRECTION('',(0.,1.,0.));
#9326=DIRECTION('',(-0.237960901815229,0.,0.9712747341547));
#9327=DIRECTION('',(-0.84721195739858,0.,0.531255022791188));
#9328=DIRECTION('',(0.531255022791189,0.,0.847211957398581));
#9329=DIRECTION('',(0.,1.,0.));
#9330=DIRECTION('',(0.531255022791189,0.,0.84721195739858));
#9331=DIRECTION('',(0.,0.,-1.));
#9332=DIRECTION('',(-1.,0.,0.));
#9333=DIRECTION('',(0.,1.,0.));
#9334=DIRECTION('',(-1.,0.,0.));
#9335=DIRECTION('',(0.856932544047898,0.,-0.515428574054251));
#9336=DIRECTION('',(-0.515428574054251,0.,-0.856932544047898));
#9337=DIRECTION('',(0.,1.,0.));
#9338=DIRECTION('',(-0.515428574054251,0.,-0.856932544047898));
#9339=DIRECTION('',(0.,0.,1.));
#9340=DIRECTION('',(1.,0.,0.));
#9341=DIRECTION('',(0.,1.,0.));
#9342=DIRECTION('',(1.,0.,0.));
#9343=DIRECTION('',(-0.878226031368743,0.,0.478245792272455));
#9344=DIRECTION('',(0.478245792272455,0.,0.878226031368743));
#9345=DIRECTION('',(0.478245792272455,0.,0.878226031368743));
#9346=DIRECTION('',(0.,-1.,0.));
#9347=DIRECTION('',(1.,0.,0.));
#9348=DIRECTION('',(0.,1.,0.));
#9349=DIRECTION('',(0.,1.,0.));
#9350=DIRECTION('',(0.,1.,0.));
#9351=DIRECTION('',(0.,1.,0.));
#9352=DIRECTION('',(0.,1.,0.));
#9353=DIRECTION('',(0.,1.,0.));
#9354=DIRECTION('',(0.,1.,0.));
#9355=DIRECTION('',(0.688600971695705,0.,0.725140470377795));
#9356=DIRECTION('',(0.,1.,0.));
#9357=DIRECTION('',(0.,1.,0.));
#9358=DIRECTION('',(0.,0.,1.));
#9359=DIRECTION('',(0.,1.,0.));
#9360=DIRECTION('',(0.,1.,0.));
#9361=DIRECTION('',(0.,1.,0.));
#9362=DIRECTION('',(0.,1.,0.));
#9363=DIRECTION('',(0.,1.,0.));
#9364=DIRECTION('',(0.,1.,0.));
#9365=DIRECTION('',(0.,1.,0.));
#9366=DIRECTION('',(0.,1.,0.));
#9367=DIRECTION('',(0.994607524748394,0.,-0.103710518819807));
#9368=DIRECTION('',(0.,1.,0.));
#9369=DIRECTION('',(0.,1.,0.));
#9370=DIRECTION('',(0.,0.,1.));
#9371=DIRECTION('',(0.,0.,-1.));
#9372=DIRECTION('',(-1.,0.,0.));
#9373=DIRECTION('',(0.,1.,0.));
#9374=DIRECTION('',(-1.,0.,0.));
#9375=DIRECTION('',(0.,1.,0.));
#9376=DIRECTION('',(0.998791325624439,0.,-0.0491516821418695));
#9377=DIRECTION('',(0.,1.,0.));
#9378=DIRECTION('',(0.,1.,0.));
#9379=DIRECTION('',(0.,0.,1.));
#9380=DIRECTION('',(0.,1.,0.));
#9381=DIRECTION('',(0.,1.,0.));
#9382=DIRECTION('',(0.,1.,0.));
#9383=DIRECTION('',(0.,1.,0.));
#9384=DIRECTION('',(0.,1.,0.));
#9385=DIRECTION('',(0.,1.,0.));
#9386=DIRECTION('',(0.,1.,0.));
#9387=DIRECTION('',(0.,1.,0.));
#9388=DIRECTION('',(-0.675107456730557,0.,-0.737719405917181));
#9389=DIRECTION('',(0.,1.,0.));
#9390=DIRECTION('',(0.,1.,0.));
#9391=DIRECTION('',(0.,0.,1.));
#9392=DIRECTION('',(0.,1.,0.));
#9393=DIRECTION('',(0.,1.,0.));
#9394=DIRECTION('',(0.,1.,0.));
#9395=DIRECTION('',(0.,1.,0.));
#9396=DIRECTION('',(0.,1.,0.));
#9397=DIRECTION('',(0.,1.,0.));
#9398=DIRECTION('',(0.,1.,0.));
#9399=DIRECTION('',(0.,0.,1.));
#9400=DIRECTION('',(1.,0.,0.));
#9401=DIRECTION('',(0.,1.,0.));
#9402=DIRECTION('',(1.,0.,0.));
#9403=DIRECTION('',(0.,1.,0.));
#9404=DIRECTION('',(-0.997576159350321,0.,0.0695830891514882));
#9405=DIRECTION('',(0.,1.,0.));
#9406=DIRECTION('',(0.,1.,0.));
#9407=DIRECTION('',(0.,0.,1.));
#9408=DIRECTION('',(0.,-1.,0.));
#9409=DIRECTION('',(1.,0.,0.));
#9410=DIRECTION('',(0.984703916227141,0.,-0.17423603923107));
#9411=DIRECTION('',(-0.17423603923107,0.,-0.984703916227141));
#9412=DIRECTION('',(0.,1.,0.));
#9413=DIRECTION('',(-0.17423603923107,0.,-0.984703916227141));
#9414=DIRECTION('',(0.,1.,0.));
#9415=DIRECTION('',(0.,0.,1.));
#9416=DIRECTION('',(1.,0.,0.));
#9417=DIRECTION('',(0.,1.,0.));
#9418=DIRECTION('',(1.,0.,0.));
#9419=DIRECTION('',(-0.984668224048181,0.,0.174437635130157));
#9420=DIRECTION('',(0.174437635130157,0.,0.984668224048181));
#9421=DIRECTION('',(0.,1.,0.));
#9422=DIRECTION('',(0.174437635130157,0.,0.984668224048181));
#9423=DIRECTION('',(0.,0.,-1.));
#9424=DIRECTION('',(-1.,0.,0.));
#9425=DIRECTION('',(-1.,0.,0.));
#9426=DIRECTION('',(0.,-1.,0.));
#9427=DIRECTION('',(1.,0.,0.));
#9428=DIRECTION('',(0.,1.,0.));
#9429=DIRECTION('',(0.996200493785883,0.,-0.0870894722728399));
#9430=DIRECTION('',(0.,1.,0.));
#9431=DIRECTION('',(0.,0.,1.));
#9432=DIRECTION('',(0.,1.,0.));
#9433=DIRECTION('',(0.,1.,0.));
#9434=DIRECTION('',(0.,0.,1.));
#9435=DIRECTION('',(0.,1.,0.));
#9436=DIRECTION('',(0.,1.,0.));
#9437=DIRECTION('',(0.,1.,0.));
#9438=DIRECTION('',(0.,1.,0.));
#9439=DIRECTION('',(0.,1.,0.));
#9440=DIRECTION('',(0.,1.,0.));
#9441=DIRECTION('',(-0.996200493785882,0.,0.0870894722728622));
#9442=DIRECTION('',(0.,1.,0.));
#9443=DIRECTION('',(0.,0.,1.));
#9444=DIRECTION('',(0.,1.,0.));
#9445=DIRECTION('',(0.,1.,0.));
#9446=DIRECTION('',(0.,0.,1.));
#9447=DIRECTION('',(0.,1.,0.));
#9448=DIRECTION('',(0.,1.,0.));
#9449=DIRECTION('',(0.,1.,0.));
#9450=DIRECTION('',(0.,1.,0.));
#9451=DIRECTION('',(0.,1.,0.));
#9452=DIRECTION('',(0.,1.,0.));
#9453=DIRECTION('',(-0.996163771523034,0.,0.0875085156142264));
#9454=DIRECTION('',(0.,1.,0.));
#9455=DIRECTION('',(0.,1.,0.));
#9456=DIRECTION('',(0.,0.,1.));
#9457=DIRECTION('',(0.,1.,0.));
#9458=DIRECTION('',(0.,1.,0.));
#9459=DIRECTION('',(0.,1.,0.));
#9460=DIRECTION('',(0.,1.,0.));
#9461=DIRECTION('',(0.,1.,0.));
#9462=DIRECTION('',(-0.982474265001263,0.,0.186398279525933));
#9463=DIRECTION('',(0.186398279525933,0.,0.982474265001263));
#9464=DIRECTION('',(0.,1.,0.));
#9465=DIRECTION('',(0.186398279525933,0.,0.982474265001263));
#9466=DIRECTION('',(0.,0.,-1.));
#9467=DIRECTION('',(-1.,0.,0.));
#9468=DIRECTION('',(0.,1.,0.));
#9469=DIRECTION('',(-1.,0.,0.));
#9470=DIRECTION('',(0.984602606106271,0.,-0.174807631551772));
#9471=DIRECTION('',(-0.174807631551772,0.,-0.984602606106271));
#9472=DIRECTION('',(0.,1.,0.));
#9473=DIRECTION('',(-0.174807631551772,0.,-0.984602606106271));
#9474=DIRECTION('',(0.,0.,1.));
#9475=DIRECTION('',(1.,0.,0.));
#9476=DIRECTION('',(0.,1.,0.));
#9477=DIRECTION('',(1.,0.,0.));
#9478=DIRECTION('',(-0.98448776123373,0.,0.17545326437829));
#9479=DIRECTION('',(0.17545326437829,0.,0.98448776123373));
#9480=DIRECTION('',(0.,1.,0.));
#9481=DIRECTION('',(0.17545326437829,0.,0.98448776123373));
#9482=DIRECTION('',(0.,1.,0.));
#9483=DIRECTION('',(0.,1.,0.));
#9484=DIRECTION('',(0.,1.,0.));
#9485=DIRECTION('',(-0.256777923586541,0.,0.966470433049343));
#9486=DIRECTION('',(0.,1.,0.));
#9487=DIRECTION('',(0.,1.,0.));
#9488=DIRECTION('',(0.,0.,1.));
#9489=DIRECTION('',(0.,-1.,0.));
#9490=DIRECTION('',(1.,0.,0.));
#9491=DIRECTION('',(0.,1.,0.));
#9492=DIRECTION('',(0.,0.,1.));
#9493=DIRECTION('',(0.,1.,0.));
#9494=DIRECTION('',(0.,1.,0.));
#9495=DIRECTION('',(0.,1.,0.));
#9496=DIRECTION('',(0.,1.,0.));
#9497=DIRECTION('',(0.,1.,0.));
#9498=DIRECTION('',(0.,1.,0.));
#9499=DIRECTION('',(0.,1.,0.));
#9500=DIRECTION('',(0.62539157952298,0.,0.780311074035062));
#9501=DIRECTION('',(0.,1.,0.));
#9502=DIRECTION('',(0.,1.,0.));
#9503=DIRECTION('',(0.,0.,1.));
#9504=DIRECTION('',(0.,1.,0.));
#9505=DIRECTION('',(0.,1.,0.));
#9506=DIRECTION('',(0.,1.,0.));
#9507=DIRECTION('',(0.,1.,0.));
#9508=DIRECTION('',(0.,1.,0.));
#9509=DIRECTION('',(0.,1.,0.));
#9510=DIRECTION('',(0.,1.,0.));
#9511=DIRECTION('',(0.,0.,-1.));
#9512=DIRECTION('',(-1.,0.,0.));
#9513=DIRECTION('',(0.,1.,0.));
#9514=DIRECTION('',(-1.,0.,0.));
#9515=DIRECTION('',(0.998052578482889,0.,-0.0623782861551812));
#9516=DIRECTION('',(-0.0623782861551812,0.,-0.998052578482889));
#9517=DIRECTION('',(0.,1.,0.));
#9518=DIRECTION('',(-0.0623782861551811,0.,-0.998052578482889));
#9519=DIRECTION('',(0.,1.,0.));
#9520=DIRECTION('',(0.954549933312229,0.,0.298051043973377));
#9521=DIRECTION('',(0.,1.,0.));
#9522=DIRECTION('',(0.,1.,0.));
#9523=DIRECTION('',(0.,0.,1.));
#9524=DIRECTION('',(0.,1.,0.));
#9525=DIRECTION('',(0.,1.,0.));
#9526=DIRECTION('',(0.,1.,0.));
#9527=DIRECTION('',(0.,1.,0.));
#9528=DIRECTION('',(0.,1.,0.));
#9529=DIRECTION('',(-0.950307890281776,0.,0.311311602206215));
#9530=DIRECTION('',(0.,1.,0.));
#9531=DIRECTION('',(0.,1.,0.));
#9532=DIRECTION('',(0.,0.,1.));
#9533=DIRECTION('',(0.,1.,0.));
#9534=DIRECTION('',(0.,1.,0.));
#9535=DIRECTION('',(-0.627717582317808,0.,-0.77844115824453));
#9536=DIRECTION('',(0.,1.,0.));
#9537=DIRECTION('',(0.,1.,0.));
#9538=DIRECTION('',(0.,0.,1.));
#9539=DIRECTION('',(0.,1.,0.));
#9540=DIRECTION('',(0.,1.,0.));
#9541=DIRECTION('',(0.,1.,0.));
#9542=DIRECTION('',(0.,1.,0.));
#9543=DIRECTION('',(0.,1.,0.));
#9544=DIRECTION('',(0.,1.,0.));
#9545=DIRECTION('',(0.,1.,0.));
#9546=DIRECTION('',(0.,0.,1.));
#9547=DIRECTION('',(1.,0.,0.));
#9548=DIRECTION('',(0.,1.,0.));
#9549=DIRECTION('',(1.,0.,0.));
#9550=DIRECTION('',(0.,1.,0.));
#9551=DIRECTION('',(-0.997205823706096,0.,0.0747030465687021));
#9552=DIRECTION('',(0.,1.,0.));
#9553=DIRECTION('',(0.,1.,0.));
#9554=DIRECTION('',(0.,0.,1.));
#9555=DIRECTION('',(0.,1.,0.));
#9556=DIRECTION('',(-0.944302550536069,0.,-0.329078551490484));
#9557=DIRECTION('',(0.,1.,0.));
#9558=DIRECTION('',(0.,1.,0.));
#9559=DIRECTION('',(0.,0.,1.));
#9560=DIRECTION('',(0.,-1.,0.));
#9561=DIRECTION('',(1.,0.,0.));
#9562=DIRECTION('',(0.,1.,0.));
#9563=DIRECTION('',(0.,1.,0.));
#9564=DIRECTION('',(0.,1.,0.));
#9565=DIRECTION('',(-0.205201388825875,0.,0.97871977093749));
#9566=DIRECTION('',(0.,1.,0.));
#9567=DIRECTION('',(0.,1.,0.));
#9568=DIRECTION('',(0.,0.,1.));
#9569=DIRECTION('',(0.,1.,0.));
#9570=DIRECTION('',(0.984892321570454,0.,-0.173167880715683));
#9571=DIRECTION('',(-0.173167880715683,0.,-0.984892321570454));
#9572=DIRECTION('',(0.,1.,0.));
#9573=DIRECTION('',(-0.173167880715683,0.,-0.984892321570454));
#9574=DIRECTION('',(0.,0.,1.));
#9575=DIRECTION('',(1.,0.,0.));
#9576=DIRECTION('',(0.,1.,0.));
#9577=DIRECTION('',(1.,0.,0.));
#9578=DIRECTION('',(-0.984668224048181,0.,0.174437635130157));
#9579=DIRECTION('',(0.174437635130157,0.,0.984668224048181));
#9580=DIRECTION('',(0.,1.,0.));
#9581=DIRECTION('',(0.174437635130157,0.,0.984668224048181));
#9582=DIRECTION('',(0.,0.,-1.));
#9583=DIRECTION('',(-1.,0.,0.));
#9584=DIRECTION('',(0.,1.,0.));
#9585=DIRECTION('',(-1.,0.,0.));
#9586=DIRECTION('',(0.98473781716872,0.,-0.174044337563119));
#9587=DIRECTION('',(-0.174044337563119,0.,-0.98473781716872));
#9588=DIRECTION('',(0.,1.,0.));
#9589=DIRECTION('',(-0.174044337563119,0.,-0.98473781716872));
#9590=DIRECTION('',(-1.,0.,0.));
#9591=DIRECTION('',(0.,0.,1.));
#9592=DIRECTION('',(0.,1.,0.));
#9593=DIRECTION('',(0.,0.,1.));
#9594=DIRECTION('',(0.,1.,0.));
#9595=DIRECTION('',(0.,1.,0.));
#9596=DIRECTION('',(0.,1.,0.));
#9597=DIRECTION('',(0.,1.,0.));
#9598=DIRECTION('',(0.,1.,0.));
#9599=DIRECTION('',(0.995525190584142,0.,-0.0944965338645208));
#9600=DIRECTION('',(0.,1.,0.));
#9601=DIRECTION('',(0.,1.,0.));
#9602=DIRECTION('',(0.,0.,1.));
#9603=DIRECTION('',(-0.984449533024134,0.,0.175667631988836));
#9604=DIRECTION('',(0.175667631988836,0.,0.984449533024134));
#9605=DIRECTION('',(0.,1.,0.));
#9606=DIRECTION('',(0.175667631988836,0.,0.984449533024134));
#9607=DIRECTION('',(0.,0.,-1.));
#9608=DIRECTION('',(-1.,0.,0.));
#9609=DIRECTION('',(0.,1.,0.));
#9610=DIRECTION('',(-1.,0.,0.));
#9611=DIRECTION('',(0.984468384364327,0.,-0.175561955409171));
#9612=DIRECTION('',(-0.175561955409171,0.,-0.984468384364327));
#9613=DIRECTION('',(0.,1.,0.));
#9614=DIRECTION('',(-0.175561955409171,0.,-0.984468384364327));
#9615=DIRECTION('',(0.,1.,0.));
#9616=DIRECTION('',(0.995364069092908,0.,-0.0961788436133879));
#9617=DIRECTION('',(0.,1.,0.));
#9618=DIRECTION('',(0.,1.,0.));
#9619=DIRECTION('',(0.,0.,1.));
#9620=DIRECTION('',(0.,-1.,0.));
#9621=DIRECTION('',(1.,0.,0.));
#9622=DIRECTION('',(-1.,1.47636040508664E-16,0.));
#9623=DIRECTION('',(0.,0.996017868833502,-0.0891538275362818));
#9624=DIRECTION('',(-1.,1.47636040508664E-16,0.));
#9625=DIRECTION('',(-1.47636040508664E-16,-1.,0.));
#9626=DIRECTION('',(-1.,1.47636040508664E-16,0.));
#9627=DIRECTION('',(-1.,1.47636040508664E-16,0.));
#9628=DIRECTION('',(-1.47636040508664E-16,-1.,0.));
#9629=DIRECTION('',(-1.,1.47636040508664E-16,0.));
#9630=DIRECTION('',(-1.,1.47636040508664E-16,0.));
#9631=DIRECTION('',(-1.,1.47636040508664E-16,0.));
#9632=DIRECTION('',(0.,0.,1.));
#9633=DIRECTION('',(1.,0.,0.));
#9634=DIRECTION('',(1.47636040508664E-16,1.,0.));
#9635=DIRECTION('',(-1.,1.47636040508664E-16,0.));
#9636=DIRECTION('',(1.47636040508664E-16,1.,0.));
#9637=DIRECTION('',(1.45408986809838E-16,0.984915243654914,-0.173037460730855));
#9638=DIRECTION('',(0.,0.173037460730855,0.984915243654914));
#9639=DIRECTION('',(-2.55465655619769E-17,-0.173037460730855,-0.984915243654914));
#9640=DIRECTION('',(-1.,1.47636040508664E-16,0.));
#9641=DIRECTION('',(-2.55465655619769E-17,-0.173037460730855,-0.984915243654914));
#9642=DIRECTION('',(0.,0.,-1.));
#9643=DIRECTION('',(-1.,0.,0.));
#9644=DIRECTION('',(-1.47636040508664E-16,-1.,0.));
#9645=DIRECTION('',(-1.,1.47636040508664E-16,0.));
#9646=DIRECTION('',(-1.47636040508664E-16,-1.,0.));
#9647=DIRECTION('',(-1.,1.47636040508664E-16,0.));
#9648=DIRECTION('',(-1.,1.47636040508664E-16,0.));
#9649=DIRECTION('',(-1.,1.47636040508664E-16,0.));
#9650=DIRECTION('',(0.,0.,1.));
#9651=DIRECTION('',(1.,0.,0.));
#9652=DIRECTION('',(-1.,1.47636040508664E-16,0.));
#9653=DIRECTION('',(1.47636040508664E-16,1.,0.));
#9654=DIRECTION('',(-1.45383351918404E-16,-0.984741607926503,0.174022888202458));
#9655=DIRECTION('',(0.,-0.174022888202458,-0.984741607926503));
#9656=DIRECTION('',(-1.,1.47636040508664E-16,0.));
#9657=DIRECTION('',(2.56920501720928E-17,0.174022888202458,0.984741607926503));
#9658=DIRECTION('',(0.,0.,-1.));
#9659=DIRECTION('',(-1.,0.,0.));
#9660=DIRECTION('',(-1.,1.47636040508664E-16,0.));
#9661=DIRECTION('',(-1.47636040508664E-16,-1.,0.));
#9662=DIRECTION('',(1.45364453467923E-16,0.984613600900466,-0.174745692140944));
#9663=DIRECTION('',(0.,0.174745692140944,0.984613600900466));
#9664=DIRECTION('',(-1.,1.47636040508664E-16,0.));
#9665=DIRECTION('',(-2.5798762083635E-17,-0.174745692140944,-0.984613600900466));
#9666=DIRECTION('',(0.,0.,-1.));
#9667=DIRECTION('',(-1.,0.,0.));
#9668=DIRECTION('',(-1.,1.47636040508664E-16,0.));
#9669=DIRECTION('',(-1.47636040508664E-16,-1.,0.));
#9670=DIRECTION('',(-1.38289472878791E-16,-0.936691829463383,-0.350154846627232));
#9671=DIRECTION('',(0.,0.350154846627232,-0.936691829463383));
#9672=DIRECTION('',(-1.,1.47636040508664E-16,0.));
#9673=DIRECTION('',(-5.16954751209632E-17,-0.350154846627232,0.936691829463383));
#9674=DIRECTION('',(0.,0.,-1.));
#9675=DIRECTION('',(-1.,0.,0.));
#9676=DIRECTION('',(-1.,1.47636040508664E-16,0.));
#9677=DIRECTION('',(-1.47636040508664E-16,-1.,0.));
#9678=DIRECTION('',(1.36772315914554E-16,0.926415497485025,0.376502756988012));
#9679=DIRECTION('',(0.,-0.376502756988012,0.926415497485025));
#9680=DIRECTION('',(-1.,1.47636040508664E-16,0.));
#9681=DIRECTION('',(5.5585376282306E-17,0.376502756988012,-0.926415497485025));
#9682=DIRECTION('',(-1.,1.47636040508664E-16,0.));
#9683=DIRECTION('',(-1.,1.47636040508664E-16,0.));
#9684=DIRECTION('',(-1.,1.47636040508664E-16,0.));
#9685=DIRECTION('',(0.,0.9953950873935,-0.0958572897222003));
#9686=DIRECTION('',(-1.,1.47636040508664E-16,0.));
#9687=DIRECTION('',(-1.,1.47636040508664E-16,0.));
#9688=DIRECTION('',(-1.47636040508664E-16,-1.,0.));
#9689=DIRECTION('',(1.,-1.47636040508664E-16,0.));
#9690=DIRECTION('',(1.47636040508664E-16,1.,0.));
#9691=DIRECTION('',(1.,-1.47636040508664E-16,0.));
#9692=DIRECTION('',(1.47636040508664E-16,1.,0.));
#9693=DIRECTION('',(-1.,1.47636040508664E-16,0.));
#9694=DIRECTION('',(-1.,1.47636040508664E-16,0.));
#9695=DIRECTION('',(-1.,1.47636040508664E-16,0.));
#9696=DIRECTION('',(-1.,1.47636040508664E-16,0.));
#9697=DIRECTION('',(-1.,1.47636040508664E-16,0.));
#9698=DIRECTION('',(-1.,1.47636040508664E-16,0.));
#9699=DIRECTION('',(-1.,1.47636040508664E-16,0.));
#9700=DIRECTION('',(-1.,1.47636040508664E-16,0.));
#9701=DIRECTION('',(-1.,1.47636040508664E-16,0.));
#9702=DIRECTION('',(0.,-0.917603182361116,-0.397497672597906));
#9703=DIRECTION('',(-1.,1.47636040508664E-16,0.));
#9704=DIRECTION('',(-1.47636040508664E-16,-1.,0.));
#9705=DIRECTION('',(1.,-1.47636040508664E-16,0.));
#9706=DIRECTION('',(1.47636040508664E-16,1.,0.));
#9707=DIRECTION('',(1.45411627721208E-16,0.984933131640534,-0.172935612864356));
#9708=DIRECTION('',(0.,0.172935612864356,0.984933131640534));
#9709=DIRECTION('',(-1.,1.47636040508664E-16,0.));
#9710=DIRECTION('',(-2.55315291462327E-17,-0.172935612864356,-0.984933131640534));
#9711=DIRECTION('',(-1.,1.47636040508664E-16,0.));
#9712=DIRECTION('',(0.,0.,1.));
#9713=DIRECTION('',(1.,0.,0.));
#9714=DIRECTION('',(-1.,1.47636040508664E-16,0.));
#9715=DIRECTION('',(1.47636040508664E-16,1.,0.));
#9716=DIRECTION('',(-1.45404686824792E-16,-0.984886118076697,0.173203159381732));
#9717=DIRECTION('',(0.,-0.173203159381732,-0.984886118076697));
#9718=DIRECTION('',(-1.,1.47636040508664E-16,0.));
#9719=DIRECTION('',(2.55710286547101E-17,0.173203159381732,0.984886118076697));
#9720=DIRECTION('',(0.,0.,-1.));
#9721=DIRECTION('',(-1.,0.,0.));
#9722=DIRECTION('',(-1.47636040508664E-16,-1.,0.));
#9723=DIRECTION('',(1.,-1.47636040508664E-16,0.));
#9724=DIRECTION('',(1.47636040508664E-16,1.,0.));
#9725=DIRECTION('',(-1.,1.47636040508664E-16,0.));
#9726=DIRECTION('',(0.,0.996200493785884,-0.0870894722728353));
#9727=DIRECTION('',(-1.,1.47636040508664E-16,0.));
#9728=DIRECTION('',(-1.47636040508664E-16,-1.,0.));
#9729=DIRECTION('',(-1.,1.47636040508664E-16,0.));
#9730=DIRECTION('',(-1.,1.47636040508664E-16,0.));
#9731=DIRECTION('',(-1.47636040508664E-16,-1.,0.));
#9732=DIRECTION('',(-1.,1.47636040508664E-16,0.));
#9733=DIRECTION('',(-1.,1.47636040508664E-16,0.));
#9734=DIRECTION('',(-1.,1.47636040508664E-16,0.));
#9735=DIRECTION('',(-1.,1.47636040508664E-16,0.));
#9736=DIRECTION('',(-1.,1.47636040508664E-16,0.));
#9737=DIRECTION('',(-1.,1.47636040508664E-16,0.));
#9738=DIRECTION('',(0.,-0.996200493785884,0.0870894722728387));
#9739=DIRECTION('',(-1.,1.47636040508664E-16,0.));
#9740=DIRECTION('',(-1.47636040508664E-16,-1.,0.));
#9741=DIRECTION('',(-1.,1.47636040508664E-16,0.));
#9742=DIRECTION('',(-1.,1.47636040508664E-16,0.));
#9743=DIRECTION('',(-1.47636040508664E-16,-1.,0.));
#9744=DIRECTION('',(-1.,1.47636040508664E-16,0.));
#9745=DIRECTION('',(-1.,1.47636040508664E-16,0.));
#9746=DIRECTION('',(-1.,1.47636040508664E-16,0.));
#9747=DIRECTION('',(-1.,1.47636040508664E-16,0.));
#9748=DIRECTION('',(-1.,1.47636040508664E-16,0.));
#9749=DIRECTION('',(-1.,1.47636040508664E-16,0.));
#9750=DIRECTION('',(0.,-0.996090037993383,0.0883438521366446));
#9751=DIRECTION('',(-1.,1.47636040508664E-16,0.));
#9752=DIRECTION('',(-1.,1.47636040508664E-16,0.));
#9753=DIRECTION('',(-1.47636040508664E-16,-1.,0.));
#9754=DIRECTION('',(-1.,1.47636040508664E-16,0.));
#9755=DIRECTION('',(-1.,1.47636040508664E-16,0.));
#9756=DIRECTION('',(-1.,1.47636040508664E-16,0.));
#9757=DIRECTION('',(-1.,1.47636040508664E-16,0.));
#9758=DIRECTION('',(-1.,1.47636040508664E-16,0.));
#9759=DIRECTION('',(0.,0.625604298480728,-0.780140539725014));
#9760=DIRECTION('',(-1.,1.47636040508664E-16,0.));
#9761=DIRECTION('',(-1.,1.47636040508664E-16,0.));
#9762=DIRECTION('',(-1.47636040508664E-16,-1.,0.));
#9763=DIRECTION('',(-1.45406667090817E-16,-0.984899531237994,0.173126870725428));
#9764=DIRECTION('',(0.,-0.173126870725428,-0.984899531237994));
#9765=DIRECTION('',(-1.,1.47636040508664E-16,0.));
#9766=DIRECTION('',(2.55597656995575E-17,0.173126870725428,0.984899531237994));
#9767=DIRECTION('',(0.,0.,-1.));
#9768=DIRECTION('',(-1.,0.,0.));
#9769=DIRECTION('',(-1.,1.47636040508664E-16,0.));
#9770=DIRECTION('',(-1.47636040508664E-16,-1.,0.));
#9771=DIRECTION('',(1.45372517813172E-16,0.984668224048181,-0.174437635130156));
#9772=DIRECTION('',(0.,0.174437635130156,0.984668224048181));
#9773=DIRECTION('',(-1.,1.47636040508664E-16,0.));
#9774=DIRECTION('',(-2.57532817663114E-17,-0.174437635130156,-0.984668224048181));
#9775=DIRECTION('',(0.,0.,1.));
#9776=DIRECTION('',(1.,0.,0.));
#9777=DIRECTION('',(-1.,1.47636040508664E-16,0.));
#9778=DIRECTION('',(1.47636040508664E-16,1.,0.));
#9779=DIRECTION('',(-1.4536831214376E-16,-0.984639737308782,0.174598361139193));
#9780=DIRECTION('',(0.,-0.174598361139193,-0.984639737308782));
#9781=DIRECTION('',(-1.,1.47636040508664E-16,0.));
#9782=DIRECTION('',(2.57770107178924E-17,0.174598361139193,0.984639737308782));
#9783=DIRECTION('',(-1.,1.47636040508664E-16,0.));
#9784=DIRECTION('',(-1.,1.47636040508664E-16,0.));
#9785=DIRECTION('',(-1.,1.47636040508664E-16,0.));
#9786=DIRECTION('',(0.,-0.25677792358654,0.966470433049343));
#9787=DIRECTION('',(-1.,1.47636040508664E-16,0.));
#9788=DIRECTION('',(-1.,1.47636040508664E-16,0.));
#9789=DIRECTION('',(-1.47636040508664E-16,-1.,0.));
#9790=DIRECTION('',(1.,-1.47636040508664E-16,0.));
#9791=DIRECTION('',(1.47636040508664E-16,1.,0.));
#9792=DIRECTION('',(1.,-1.47636040508664E-16,0.));
#9793=DIRECTION('',(1.47636040508664E-16,1.,0.));
#9794=DIRECTION('',(-1.,1.47636040508664E-16,0.));
#9795=DIRECTION('',(-1.,1.47636040508664E-16,0.));
#9796=DIRECTION('',(-1.,1.47636040508664E-16,0.));
#9797=DIRECTION('',(-1.,1.47636040508664E-16,0.));
#9798=DIRECTION('',(-1.,1.47636040508664E-16,0.));
#9799=DIRECTION('',(-1.,1.47636040508664E-16,0.));
#9800=DIRECTION('',(-1.,1.47636040508664E-16,0.));
#9801=DIRECTION('',(-1.,1.47636040508664E-16,0.));
#9802=DIRECTION('',(-1.,1.47636040508664E-16,0.));
#9803=DIRECTION('',(0.,-0.917603182361121,-0.397497672597896));
#9804=DIRECTION('',(-1.,1.47636040508664E-16,0.));
#9805=DIRECTION('',(-1.47636040508664E-16,-1.,0.));
#9806=DIRECTION('',(1.,-1.47636040508664E-16,0.));
#9807=DIRECTION('',(1.47636040508664E-16,1.,0.));
#9808=DIRECTION('',(1.45411627721208E-16,0.984933131640534,-0.172935612864355));
#9809=DIRECTION('',(0.,0.172935612864355,0.984933131640534));
#9810=DIRECTION('',(-1.,1.47636040508664E-16,0.));
#9811=DIRECTION('',(-2.55315291462327E-17,-0.172935612864355,-0.984933131640534));
#9812=DIRECTION('',(-1.,1.47636040508664E-16,0.));
#9813=DIRECTION('',(0.,0.,1.));
#9814=DIRECTION('',(1.,0.,0.));
#9815=DIRECTION('',(-1.,1.47636040508664E-16,0.));
#9816=DIRECTION('',(1.47636040508664E-16,1.,0.));
#9817=DIRECTION('',(-1.45404686824792E-16,-0.984886118076697,0.173203159381732));
#9818=DIRECTION('',(0.,-0.173203159381732,-0.984886118076697));
#9819=DIRECTION('',(-1.,1.47636040508664E-16,0.));
#9820=DIRECTION('',(2.557102865471E-17,0.173203159381732,0.984886118076697));
#9821=DIRECTION('',(0.,0.,-1.));
#9822=DIRECTION('',(-1.,0.,0.));
#9823=DIRECTION('',(-1.47636040508664E-16,-1.,0.));
#9824=DIRECTION('',(1.,-1.47636040508664E-16,0.));
#9825=DIRECTION('',(1.47636040508664E-16,1.,0.));
#9826=DIRECTION('',(-1.,1.47636040508664E-16,0.));
#9827=DIRECTION('',(0.,-0.996914766737139,0.0784917056856109));
#9828=DIRECTION('',(-1.,1.47636040508664E-16,0.));
#9829=DIRECTION('',(-1.,1.47636040508664E-16,0.));
#9830=DIRECTION('',(-1.47636040508664E-16,-1.,0.));
#9831=DIRECTION('',(-1.,1.47636040508664E-16,0.));
#9832=DIRECTION('',(1.45335108561176E-16,0.984414835702987,-0.175861966461943));
#9833=DIRECTION('',(0.,0.175861966461943,0.984414835702987));
#9834=DIRECTION('',(-1.,1.47636040508664E-16,0.));
#9835=DIRECTION('',(-2.59635644045088E-17,-0.175861966461943,-0.984414835702987));
#9836=DIRECTION('',(0.,0.,-1.));
#9837=DIRECTION('',(-1.,0.,0.));
#9838=DIRECTION('',(-1.,1.47636040508664E-16,0.));
#9839=DIRECTION('',(-1.47636040508664E-16,-1.,0.));
#9840=DIRECTION('',(1.45400803479505E-16,0.984859814571986,-0.173352662630934));
#9841=DIRECTION('',(0.,0.173352662630934,0.984859814571986));
#9842=DIRECTION('',(-1.,1.47636040508664E-16,0.));
#9843=DIRECTION('',(-2.55931007224653E-17,-0.173352662630934,-0.984859814571986));
#9844=DIRECTION('',(0.,0.,1.));
#9845=DIRECTION('',(1.,0.,0.));
#9846=DIRECTION('',(-1.,1.47636040508664E-16,0.));
#9847=DIRECTION('',(1.47636040508664E-16,1.,0.));
#9848=DIRECTION('',(1.45381135930765E-16,0.984726598125155,-0.174107802653586));
#9849=DIRECTION('',(0.,0.174107802653586,0.984726598125155));
#9850=DIRECTION('',(-1.,1.47636040508664E-16,0.));
#9851=DIRECTION('',(-2.57045866054394E-17,-0.174107802653586,-0.984726598125155));
#9852=DIRECTION('',(0.,0.,1.));
#9853=DIRECTION('',(1.,0.,0.));
#9854=DIRECTION('',(-1.,1.47636040508664E-16,0.));
#9855=DIRECTION('',(1.47636040508664E-16,1.,0.));
#9856=DIRECTION('',(-1.45409668396353E-16,-0.984919860322449,0.173011180975127));
#9857=DIRECTION('',(0.,-0.173011180975127,-0.984919860322449));
#9858=DIRECTION('',(-1.,1.47636040508664E-16,0.));
#9859=DIRECTION('',(2.55426857228958E-17,0.173011180975127,0.984919860322449));
#9860=DIRECTION('',(0.,0.,1.));
#9861=DIRECTION('',(1.,0.,0.));
#9862=DIRECTION('',(-1.,1.47636040508664E-16,0.));
#9863=DIRECTION('',(1.47636040508664E-16,1.,0.));
#9864=DIRECTION('',(-1.45400803479505E-16,-0.984859814571986,0.173352662630934));
#9865=DIRECTION('',(0.,-0.173352662630934,-0.984859814571986));
#9866=DIRECTION('',(-1.,1.47636040508664E-16,0.));
#9867=DIRECTION('',(2.55931007224653E-17,0.173352662630934,0.984859814571986));
#9868=DIRECTION('',(0.,0.,-1.));
#9869=DIRECTION('',(-1.,0.,0.));
#9870=DIRECTION('',(-1.,1.47636040508664E-16,0.));
#9871=DIRECTION('',(-1.47636040508664E-16,-1.,0.));
#9872=DIRECTION('',(-1.45293787869295E-16,-0.984134953556737,0.177421512753891));
#9873=DIRECTION('',(0.,-0.177421512753891,-0.984134953556737));
#9874=DIRECTION('',(-1.,1.47636040508664E-16,0.));
#9875=DIRECTION('',(2.61938096440419E-17,0.177421512753891,0.984134953556737));
#9876=DIRECTION('',(-1.,1.47636040508664E-16,0.));
#9877=DIRECTION('',(0.,-0.996069248752624,0.0885779413250429));
#9878=DIRECTION('',(-1.,1.47636040508664E-16,0.));
#9879=DIRECTION('',(-1.,1.47636040508664E-16,0.));
#9880=DIRECTION('',(-1.47636040508664E-16,-1.,0.));
#9881=DIRECTION('',(-1.,1.47636040508664E-16,0.));
#9882=DIRECTION('',(0.,0.,-1.));
#9883=DIRECTION('',(-1.,0.,0.));
#9884=DIRECTION('',(-1.,1.47636040508664E-16,0.));
#9885=DIRECTION('',(-1.47636040508664E-16,-1.,0.));
#9886=DIRECTION('',(1.45329239818114E-16,0.984375084277506,-0.176084336196192));
#9887=DIRECTION('',(0.,0.176084336196192,0.984375084277506));
#9888=DIRECTION('',(-1.,1.47636040508664E-16,0.));
#9889=DIRECTION('',(-2.59963941916022E-17,-0.176084336196192,-0.984375084277506));
#9890=DIRECTION('',(0.,0.,1.));
#9891=DIRECTION('',(1.,0.,0.));
#9892=DIRECTION('',(-1.,1.47636040508664E-16,0.));
#9893=DIRECTION('',(1.47636040508664E-16,1.,0.));
#9894=DIRECTION('',(-1.,1.47636040508664E-16,0.));
#9895=DIRECTION('',(1.,-1.47636040508664E-16,0.));
#9896=DIRECTION('',(1.47636040508664E-16,1.,0.));
#9897=DIRECTION('',(-1.,1.47636040508664E-16,0.));
#9898=DIRECTION('',(-1.,1.47636040508664E-16,0.));
#9899=DIRECTION('',(-1.,1.47636040508664E-16,0.));
#9900=DIRECTION('',(0.,-0.205201388825879,0.978719770937489));
#9901=DIRECTION('',(-1.,1.47636040508664E-16,0.));
#9902=DIRECTION('',(-1.,1.47636040508664E-16,0.));
#9903=DIRECTION('',(-1.47636040508664E-16,-1.,0.));
#9904=DIRECTION('',(-1.,1.47636040508664E-16,0.));
#9905=DIRECTION('',(0.,-0.586849408117162,0.809696098664516));
#9906=DIRECTION('',(-1.,1.47636040508664E-16,0.));
#9907=DIRECTION('',(-1.,1.47636040508664E-16,0.));
#9908=DIRECTION('',(-1.47636040508664E-16,-1.,0.));
#9909=DIRECTION('',(1.45405602684048E-16,0.984892321570454,-0.173167880715684));
#9910=DIRECTION('',(0.,0.173167880715684,0.984892321570454));
#9911=DIRECTION('',(-1.,1.47636040508664E-16,0.));
#9912=DIRECTION('',(-2.55658202521403E-17,-0.173167880715684,-0.984892321570454));
#9913=DIRECTION('',(0.,0.,1.));
#9914=DIRECTION('',(1.,0.,0.));
#9915=DIRECTION('',(-1.,1.47636040508664E-16,0.));
#9916=DIRECTION('',(1.47636040508664E-16,1.,0.));
#9917=DIRECTION('',(-1.45372517813172E-16,-0.984668224048181,0.174437635130156));
#9918=DIRECTION('',(0.,-0.174437635130156,-0.984668224048181));
#9919=DIRECTION('',(-1.,1.47636040508664E-16,0.));
#9920=DIRECTION('',(2.57532817663114E-17,0.174437635130156,0.984668224048181));
#9921=DIRECTION('',(0.,0.,-1.));
#9922=DIRECTION('',(-1.,0.,0.));
#9923=DIRECTION('',(-1.,1.47636040508664E-16,0.));
#9924=DIRECTION('',(-1.47636040508664E-16,-1.,0.));
#9925=DIRECTION('',(1.45382792265935E-16,0.98473781716872,-0.174044337563119));
#9926=DIRECTION('',(0.,0.174044337563119,0.98473781716872));
#9927=DIRECTION('',(-1.,1.47636040508664E-16,0.));
#9928=DIRECTION('',(-2.56952168707722E-17,-0.174044337563119,-0.98473781716872));
#9929=DIRECTION('',(-1.47636040508664E-16,-1.,0.));
#9930=DIRECTION('',(1.,-1.47636040508664E-16,0.));
#9931=DIRECTION('',(-1.,1.47636040508664E-16,0.));
#9932=DIRECTION('',(0.,0.,1.));
#9933=DIRECTION('',(-1.,1.47636040508664E-16,0.));
#9934=DIRECTION('',(-1.,1.47636040508664E-16,0.));
#9935=DIRECTION('',(-1.,1.47636040508664E-16,0.));
#9936=DIRECTION('',(-1.,1.47636040508664E-16,0.));
#9937=DIRECTION('',(-1.,1.47636040508664E-16,0.));
#9938=DIRECTION('',(0.,0.995525190584141,-0.0944965338645301));
#9939=DIRECTION('',(-1.,1.47636040508664E-16,0.));
#9940=DIRECTION('',(-1.,1.47636040508664E-16,0.));
#9941=DIRECTION('',(-1.47636040508664E-16,-1.,0.));
#9942=DIRECTION('',(-1.45340231136287E-16,-0.984449533024134,0.175667631988835));
#9943=DIRECTION('',(0.,-0.175667631988835,-0.984449533024134));
#9944=DIRECTION('',(-1.,1.47636040508664E-16,0.));
#9945=DIRECTION('',(2.59348736323647E-17,0.175667631988834,0.984449533024134));
#9946=DIRECTION('',(0.,0.,-1.));
#9947=DIRECTION('',(-1.,0.,0.));
#9948=DIRECTION('',(-1.,1.47636040508664E-16,0.));
#9949=DIRECTION('',(-1.47636040508664E-16,-1.,0.));
#9950=DIRECTION('',(1.45343014273511E-16,0.984468384364327,-0.175561955409171));
#9951=DIRECTION('',(0.,0.175561955409171,0.984468384364327));
#9952=DIRECTION('',(-1.,1.47636040508664E-16,0.));
#9953=DIRECTION('',(-2.59192719605688E-17,-0.175561955409171,-0.984468384364327));
#9954=DIRECTION('',(-1.,1.47636040508664E-16,0.));
#9955=DIRECTION('',(0.,0.995364069092905,-0.0961788436134241));
#9956=DIRECTION('',(-1.,1.47636040508664E-16,0.));
#9957=DIRECTION('',(-1.,1.47636040508664E-16,0.));
#9958=DIRECTION('',(-1.47636040508664E-16,-1.,0.));
#9959=DIRECTION('',(1.,-1.47636040508664E-16,0.));
#9960=DIRECTION('',(1.47636040508664E-16,1.,0.));
#9961=CARTESIAN_POINT('',(0.,0.,0.));
#9962=CARTESIAN_POINT('',(0.,0.,0.017));
#9963=CARTESIAN_POINT('',(-0.0352570784986065,-0.009,0.017));
#9964=CARTESIAN_POINT('',(-0.0252570784986065,-0.009,0.017));
#9965=CARTESIAN_POINT('',(0.029119523242116,0.0116013055667281,0.017));
#9966=CARTESIAN_POINT('',(0.032719523242116,0.0116013055667281,0.017));
#9967=CARTESIAN_POINT('',(6.93889390390723E-18,0.0235,0.017));
#9968=CARTESIAN_POINT('',(-0.0495,0.0235,0.017));
#9969=CARTESIAN_POINT('',(0.0495,0.0235,0.017));
#9970=CARTESIAN_POINT('',(-0.0495,0.,0.017));
#9971=CARTESIAN_POINT('',(-0.0495,-0.0235,0.017));
#9972=CARTESIAN_POINT('',(0.,-0.0235,0.017));
#9973=CARTESIAN_POINT('',(0.0495,-0.0235,0.017));
#9974=CARTESIAN_POINT('',(0.0495,0.,0.017));
#9975=CARTESIAN_POINT('',(0.0134639208674431,0.0108561385422945,0.017));
#9976=CARTESIAN_POINT('',(0.0134639208674431,0.0037561385422945,0.017));
#9977=CARTESIAN_POINT('',(0.0134639208674431,0.0179561385422945,0.017));
#9978=CARTESIAN_POINT('',(0.00636392086744309,0.0037561385422945,0.017));
#9979=CARTESIAN_POINT('',(-0.000736079132556913,0.00375613854229451,0.017));
#9980=CARTESIAN_POINT('',(-0.000736079132556914,0.0108561385422945,0.017));
#9981=CARTESIAN_POINT('',(-0.000736079132556915,0.0179561385422945,0.017));
#9982=CARTESIAN_POINT('',(0.00636392086744308,0.0179561385422945,0.017));
#9983=CARTESIAN_POINT('',(-0.0205521322324872,-0.00873581878840924,0.017));
#9984=CARTESIAN_POINT('',(-0.0205521322324872,-0.00163581878840923,0.017));
#9985=CARTESIAN_POINT('',(-0.0205521322324872,-0.0158358187884092,0.017));
#9986=CARTESIAN_POINT('',(-0.0134521322324872,-0.00163581878840923,0.017));
#9987=CARTESIAN_POINT('',(-0.0063521322324872,-0.00163581878840924,0.017));
#9988=CARTESIAN_POINT('',(-0.0063521322324872,-0.00873581878840924,0.017));
#9989=CARTESIAN_POINT('',(-0.0063521322324872,-0.0158358187884092,0.017));
#9990=CARTESIAN_POINT('',(-0.0134521322324872,-0.0158358187884092,0.017));
#9991=CARTESIAN_POINT('',(0.0063208001665771,-0.0156698552429676,0.017));
#9992=CARTESIAN_POINT('',(-0.0007791998334229,-0.0156698552429676,0.017));
#9993=CARTESIAN_POINT('',(0.0134208001665771,-0.0156698552429676,0.017));
#9994=CARTESIAN_POINT('',(-0.000779199833422898,-0.00856985524296761,0.017));
#9995=CARTESIAN_POINT('',(-0.0007791998334229,-0.0014698552429676,0.017));
#9996=CARTESIAN_POINT('',(0.0063208001665771,-0.0014698552429676,0.017));
#9997=CARTESIAN_POINT('',(0.0134208001665771,-0.0014698552429676,0.017));
#9998=CARTESIAN_POINT('',(0.0134208001665771,-0.00856985524296761,0.017));
#9999=CARTESIAN_POINT('',(0.0191677147984505,-0.00871671177446842,0.017));
#10000=CARTESIAN_POINT('',(0.0191677147984505,-0.00161671177446842,0.017));
#10001=CARTESIAN_POINT('',(0.0191677147984505,-0.0158167117744684,0.017));
#10002=CARTESIAN_POINT('',(0.0262677147984504,-0.00161671177446842,0.017));
#10003=CARTESIAN_POINT('',(0.0333677147984505,-0.00161671177446842,0.017));
#10004=CARTESIAN_POINT('',(0.0333677147984505,-0.00871671177446842,0.017));
#10005=CARTESIAN_POINT('',(0.0333677147984505,-0.0158167117744684,0.017));
#10006=CARTESIAN_POINT('',(0.0262677147984504,-0.0158167117744684,0.017));
#10007=CARTESIAN_POINT('',(-0.03765,0.0108736446127296,0.017));
#10008=CARTESIAN_POINT('',(-0.03765,0.0168736446127296,0.017));
#10009=CARTESIAN_POINT('',(-0.03765,0.00487364461272957,0.017));
#10010=CARTESIAN_POINT('',(-0.02265,0.0168736446127296,0.017));
#10011=CARTESIAN_POINT('',(-0.00765,0.0168736446127296,0.017));
#10012=CARTESIAN_POINT('',(-0.00765,0.0108736446127296,0.017));
#10013=CARTESIAN_POINT('',(-0.00765,0.00487364461272957,0.017));
#10014=CARTESIAN_POINT('',(-0.02265,0.00487364461272957,0.017));
#10015=CARTESIAN_POINT('',(0.,0.,0.014));
#10016=CARTESIAN_POINT('',(-0.0352570784986065,-0.009,0.014));
#10017=CARTESIAN_POINT('',(-0.0252570784986065,-0.009,0.014));
#10018=CARTESIAN_POINT('',(0.0262677147984504,-0.00161671177446842,0.014));
#10019=CARTESIAN_POINT('',(0.0191677147984505,-0.00161671177446842,0.014));
#10020=CARTESIAN_POINT('',(0.0333677147984505,-0.00161671177446842,0.014));
#10021=CARTESIAN_POINT('',(0.0191677147984505,-0.00871671177446842,0.014));
#10022=CARTESIAN_POINT('',(0.0191677147984505,-0.0158167117744684,0.014));
#10023=CARTESIAN_POINT('',(0.0262677147984504,-0.0158167117744684,0.014));
#10024=CARTESIAN_POINT('',(0.0333677147984505,-0.0158167117744684,0.014));
#10025=CARTESIAN_POINT('',(0.0333677147984505,-0.00871671177446842,0.014));
#10026=CARTESIAN_POINT('',(-0.0134521322324872,-0.00163581878840923,0.014));
#10027=CARTESIAN_POINT('',(-0.0205521322324872,-0.00163581878840923,0.014));
#10028=CARTESIAN_POINT('',(-0.0063521322324872,-0.00163581878840924,0.014));
#10029=CARTESIAN_POINT('',(-0.0205521322324872,-0.00873581878840924,0.014));
#10030=CARTESIAN_POINT('',(-0.0205521322324872,-0.0158358187884092,0.014));
#10031=CARTESIAN_POINT('',(-0.0134521322324872,-0.0158358187884092,0.014));
#10032=CARTESIAN_POINT('',(-0.0063521322324872,-0.0158358187884092,0.014));
#10033=CARTESIAN_POINT('',(-0.0063521322324872,-0.00873581878840924,0.014));
#10034=CARTESIAN_POINT('',(6.93889390390723E-18,0.0235,0.014));
#10035=CARTESIAN_POINT('',(-0.0495,0.0235,0.014));
#10036=CARTESIAN_POINT('',(0.0495,0.0235,0.014));
#10037=CARTESIAN_POINT('',(0.0495,0.,0.014));
#10038=CARTESIAN_POINT('',(0.0495,-0.0235,0.014));
#10039=CARTESIAN_POINT('',(0.,-0.0235,0.014));
#10040=CARTESIAN_POINT('',(-0.0495,-0.0235,0.014));
#10041=CARTESIAN_POINT('',(-0.0495,0.,0.014));
#10042=CARTESIAN_POINT('',(0.00636392086744309,0.0037561385422945,0.014));
#10043=CARTESIAN_POINT('',(0.0134639208674431,0.0037561385422945,0.014));
#10044=CARTESIAN_POINT('',(-0.000736079132556913,0.00375613854229451,0.014));
#10045=CARTESIAN_POINT('',(0.0134639208674431,0.0108561385422945,0.014));
#10046=CARTESIAN_POINT('',(0.0134639208674431,0.0179561385422945,0.014));
#10047=CARTESIAN_POINT('',(0.00636392086744308,0.0179561385422945,0.014));
#10048=CARTESIAN_POINT('',(-0.000736079132556915,0.0179561385422945,0.014));
#10049=CARTESIAN_POINT('',(-0.000736079132556914,0.0108561385422945,0.014));
#10050=CARTESIAN_POINT('',(-0.000779199833422898,-0.00856985524296761,0.014));
#10051=CARTESIAN_POINT('',(-0.0007791998334229,-0.0156698552429676,0.014));
#10052=CARTESIAN_POINT('',(-0.0007791998334229,-0.0014698552429676,0.014));
#10053=CARTESIAN_POINT('',(0.0063208001665771,-0.0156698552429676,0.014));
#10054=CARTESIAN_POINT('',(0.0134208001665771,-0.0156698552429676,0.014));
#10055=CARTESIAN_POINT('',(0.0134208001665771,-0.00856985524296761,0.014));
#10056=CARTESIAN_POINT('',(0.0134208001665771,-0.0014698552429676,0.014));
#10057=CARTESIAN_POINT('',(0.0063208001665771,-0.0014698552429676,0.014));
#10058=CARTESIAN_POINT('',(0.029119523242116,0.0116013055667281,0.014));
#10059=CARTESIAN_POINT('',(0.032719523242116,0.0116013055667281,0.014));
#10060=CARTESIAN_POINT('',(-0.02265,0.0168736446127296,0.014));
#10061=CARTESIAN_POINT('',(-0.03765,0.0168736446127296,0.014));
#10062=CARTESIAN_POINT('',(-0.00765,0.0168736446127296,0.014));
#10063=CARTESIAN_POINT('',(-0.03765,0.0108736446127296,0.014));
#10064=CARTESIAN_POINT('',(-0.03765,0.00487364461272957,0.014));
#10065=CARTESIAN_POINT('',(-0.02265,0.00487364461272957,0.014));
#10066=CARTESIAN_POINT('',(-0.00765,0.00487364461272957,0.014));
#10067=CARTESIAN_POINT('',(-0.00765,0.0108736446127296,0.014));
#10068=CARTESIAN_POINT('',(6.93889390390723E-18,0.0235,0.017));
#10069=CARTESIAN_POINT('',(-0.0495,0.0235,0.017));
#10070=CARTESIAN_POINT('',(0.0495,0.0235,0.017));
#10071=CARTESIAN_POINT('',(-0.0495,0.,0.017));
#10072=CARTESIAN_POINT('',(-0.0495,-0.0235,0.017));
#10073=CARTESIAN_POINT('',(0.,-0.0235,0.017));
#10074=CARTESIAN_POINT('',(0.0495,-0.0235,0.017));
#10075=CARTESIAN_POINT('',(0.0495,0.,0.017));
#10076=CARTESIAN_POINT('',(0.00636392086744309,0.0037561385422945,0.014));
#10077=CARTESIAN_POINT('',(0.0134639208674431,0.0037561385422945,0.014));
#10078=CARTESIAN_POINT('',(-0.000736079132556913,0.00375613854229451,0.014));
#10079=CARTESIAN_POINT('',(0.0134639208674431,0.0108561385422945,0.014));
#10080=CARTESIAN_POINT('',(0.0134639208674431,0.0179561385422945,0.014));
#10081=CARTESIAN_POINT('',(0.00636392086744308,0.0179561385422945,0.014));
#10082=CARTESIAN_POINT('',(-0.000736079132556915,0.0179561385422945,0.014));
#10083=CARTESIAN_POINT('',(-0.000736079132556914,0.0108561385422945,0.014));
#10084=CARTESIAN_POINT('',(-0.0134521322324872,-0.00163581878840923,0.014));
#10085=CARTESIAN_POINT('',(-0.0205521322324872,-0.00163581878840923,0.014));
#10086=CARTESIAN_POINT('',(-0.0063521322324872,-0.00163581878840924,0.014));
#10087=CARTESIAN_POINT('',(-0.0205521322324872,-0.00873581878840924,0.014));
#10088=CARTESIAN_POINT('',(-0.0205521322324872,-0.0158358187884092,0.014));
#10089=CARTESIAN_POINT('',(-0.0134521322324872,-0.0158358187884092,0.014));
#10090=CARTESIAN_POINT('',(-0.0063521322324872,-0.0158358187884092,0.014));
#10091=CARTESIAN_POINT('',(-0.0063521322324872,-0.00873581878840924,0.014));
#10092=CARTESIAN_POINT('',(-0.000779199833422898,-0.00856985524296761,0.014));
#10093=CARTESIAN_POINT('',(-0.0007791998334229,-0.0156698552429676,0.014));
#10094=CARTESIAN_POINT('',(-0.0007791998334229,-0.0014698552429676,0.014));
#10095=CARTESIAN_POINT('',(0.0063208001665771,-0.0156698552429676,0.014));
#10096=CARTESIAN_POINT('',(0.0134208001665771,-0.0156698552429676,0.014));
#10097=CARTESIAN_POINT('',(0.0134208001665771,-0.00856985524296761,0.014));
#10098=CARTESIAN_POINT('',(0.0134208001665771,-0.0014698552429676,0.014));
#10099=CARTESIAN_POINT('',(0.0063208001665771,-0.0014698552429676,0.014));
#10100=CARTESIAN_POINT('',(0.0262677147984504,-0.00161671177446842,0.014));
#10101=CARTESIAN_POINT('',(0.0191677147984505,-0.00161671177446842,0.014));
#10102=CARTESIAN_POINT('',(0.0333677147984505,-0.00161671177446842,0.014));
#10103=CARTESIAN_POINT('',(0.0191677147984505,-0.00871671177446842,0.014));
#10104=CARTESIAN_POINT('',(0.0191677147984505,-0.0158167117744684,0.014));
#10105=CARTESIAN_POINT('',(0.0262677147984504,-0.0158167117744684,0.014));
#10106=CARTESIAN_POINT('',(0.0333677147984505,-0.0158167117744684,0.014));
#10107=CARTESIAN_POINT('',(0.0333677147984505,-0.00871671177446842,0.014));
#10108=CARTESIAN_POINT('',(0.029119523242116,0.0116013055667281,0.014));
#10109=CARTESIAN_POINT('',(-0.02265,0.0168736446127296,0.014));
#10110=CARTESIAN_POINT('',(-0.03765,0.0168736446127296,0.014));
#10111=CARTESIAN_POINT('',(-0.00765,0.0168736446127296,0.014));
#10112=CARTESIAN_POINT('',(-0.03765,0.0108736446127296,0.014));
#10113=CARTESIAN_POINT('',(-0.03765,0.00487364461272957,0.014));
#10114=CARTESIAN_POINT('',(-0.02265,0.00487364461272957,0.014));
#10115=CARTESIAN_POINT('',(-0.00765,0.00487364461272957,0.014));
#10116=CARTESIAN_POINT('',(-0.00765,0.0108736446127296,0.014));
#10117=CARTESIAN_POINT('',(-0.0352570784986065,-0.009,0.014));
#10118=CARTESIAN_POINT('',(0.,0.,0.));
#10119=CARTESIAN_POINT('',(0.0495,0.,-0.0019));
#10120=CARTESIAN_POINT('',(0.0495,0.0135440786326453,-0.00682938974438299));
#10121=CARTESIAN_POINT('',(0.0495,0.014419438818628,-0.00682938974438299));
#10122=CARTESIAN_POINT('',(0.0495,0.0149263140501303,-0.00733126291767972));
#10123=CARTESIAN_POINT('',(0.0495,0.0135440786326453,-0.00682938974438299));
#10124=CARTESIAN_POINT('',(0.0495,0.0149263140501303,-0.00733126291767972));
#10125=CARTESIAN_POINT('',(0.0495,0.0149263140501303,-0.00733126291767972));
#10126=CARTESIAN_POINT('',(0.0495,0.0154331892816327,-0.00783313609097645));
#10127=CARTESIAN_POINT('',(0.0495,0.0154331892816327,-0.00873017186251679));
#10128=CARTESIAN_POINT('',(0.0495,0.0154331892816327,-0.00873017186251679));
#10129=CARTESIAN_POINT('',(0.0495,0.0119019781611829,-0.00869978672261863));
#10130=CARTESIAN_POINT('',(0.0495,0.015369645840291,-0.00937039972180237));
#10131=CARTESIAN_POINT('',(0.0495,0.0150597022689467,-0.0111094842156544));
#10132=CARTESIAN_POINT('',(0.0495,0.0147495746601986,-0.0128485331184733));
#10133=CARTESIAN_POINT('',(0.0495,0.013842534772247,-0.0128485331184733));
#10134=CARTESIAN_POINT('',(0.0495,0.0129354948842954,-0.0128485331184733));
#10135=CARTESIAN_POINT('',(0.0495,0.0132239469074859,-0.011232034641692));
#10136=CARTESIAN_POINT('',(0.0495,0.0135122444580998,-0.00961550724779101));
#10137=CARTESIAN_POINT('',(0.0495,0.011635901711058,-0.00926425766692518));
#10138=CARTESIAN_POINT('',(0.0495,0.0135440786326453,-0.00929540443975131));
#10139=CARTESIAN_POINT('',(0.0495,0.0135440786326453,-0.00929540443975131));
#10140=CARTESIAN_POINT('',(0.0495,0.0135440786326453,-0.00884688655398115));
#10141=CARTESIAN_POINT('',(0.0495,0.0132931420459969,-0.008601785701906));
#10142=CARTESIAN_POINT('',(0.0495,0.0132931420459969,-0.008601785701906));
#10143=CARTESIAN_POINT('',(0.0495,0.0132931420459969,-0.008601785701906));
#10144=CARTESIAN_POINT('',(0.0495,0.0130422054593486,-0.00835668484983085));
#10145=CARTESIAN_POINT('',(0.0495,0.0125953549263136,-0.00835668484983085));
#10146=CARTESIAN_POINT('',(0.0495,0.0125953549263136,-0.00835668484983085));
#10147=CARTESIAN_POINT('',(0.0495,0.0125953549263136,-0.00835668484983085));
#10148=CARTESIAN_POINT('',(0.0495,0.012061802051048,-0.00835668484983085));
#10149=CARTESIAN_POINT('',(0.0495,0.0116983191547733,-0.00868682069140146));
#10150=CARTESIAN_POINT('',(0.0495,0.0116983191547733,-0.00868682069140146));
#10151=CARTESIAN_POINT('',(0.0495,0.0116983191547733,-0.00868682069140146));
#10152=CARTESIAN_POINT('',(0.0495,0.0113348362584985,-0.00901695653297206));
#10153=CARTESIAN_POINT('',(0.0495,0.0112281256834454,-0.00961553616491069));
#10154=CARTESIAN_POINT('',(0.0495,0.0112281256834454,-0.00961553616491069));
#10155=CARTESIAN_POINT('',(0.0495,0.0112281256834454,-0.00960469837213186));
#10156=CARTESIAN_POINT('',(0.0495,0.0112281256834454,-0.00959386057935302));
#10157=CARTESIAN_POINT('',(0.0495,0.0109405073366225,-0.0112211968489132));
#10158=CARTESIAN_POINT('',(0.0495,0.0106528889897997,-0.0128485331184733));
#10159=CARTESIAN_POINT('',(0.0495,0.00974001336727489,-0.0128485331184733));
#10160=CARTESIAN_POINT('',(0.0495,0.00882713774475011,-0.0128485331184733));
#10161=CARTESIAN_POINT('',(0.0495,0.00952659221716864,-0.00890024184150771));
#10162=CARTESIAN_POINT('',(0.0495,0.0102260466895872,-0.00495195056454207));
#10163=CARTESIAN_POINT('',(0.0495,0.0111380886357443,-0.00495195056454207));
#10164=CARTESIAN_POINT('',(0.0495,0.0120501305819015,-0.00495195056454207));
#10165=CARTESIAN_POINT('',(0.0495,0.011810031788032,-0.00631751245467504));
#10166=CARTESIAN_POINT('',(0.0495,0.011570104567059,-0.00768209850251766));
#10167=CARTESIAN_POINT('',(0.0495,0.0134489112089066,-0.00938201358484034));
#10168=CARTESIAN_POINT('',(0.0495,0.0124344903082803,-0.00705956755355184));
#10169=CARTESIAN_POINT('',(0.0495,0.0135177302415506,-0.0095078497947245));
#10170=CARTESIAN_POINT('',(0.0495,0.00775505571119519,-0.0109229254428192));
#10171=CARTESIAN_POINT('',(0.0495,0.00697125090394555,-0.0107993371737208));
#10172=CARTESIAN_POINT('',(0.0495,0.00696137003405562,-0.0109377468839283));
#10173=CARTESIAN_POINT('',(0.0495,0.00696137003405562,-0.0109377468839283));
#10174=CARTESIAN_POINT('',(0.0495,0.00696137003405562,-0.0111311598012121));
#10175=CARTESIAN_POINT('',(0.0495,0.00707308266731436,-0.0112161947907076));
#10176=CARTESIAN_POINT('',(0.0495,0.00707308266731436,-0.0112161947907076));
#10177=CARTESIAN_POINT('',(0.0495,0.00707308266731436,-0.0112161947907076));
#10178=CARTESIAN_POINT('',(0.0495,0.0071847953005731,-0.011301229780203));
#10179=CARTESIAN_POINT('',(0.0495,0.00744156762179468,-0.011301229780203));
#10180=CARTESIAN_POINT('',(0.0495,0.00744156762179468,-0.011301229780203));
#10181=CARTESIAN_POINT('',(0.0495,0.00776670140515967,-0.011301229780203));
#10182=CARTESIAN_POINT('',(0.0495,0.00809183518852467,-0.011301229780203));
#10183=CARTESIAN_POINT('',(0.0495,0.00795344491150265,-0.0120748814493382));
#10184=CARTESIAN_POINT('',(0.0495,0.00781505463448062,-0.0128485331184733));
#10185=CARTESIAN_POINT('',(0.0495,0.00735069689772601,-0.0128485331184733));
#10186=CARTESIAN_POINT('',(0.0495,0.00688633916097139,-0.0128485331184733));
#10187=CARTESIAN_POINT('',(0.0495,0.00688633916097139,-0.0128485331184733));
#10188=CARTESIAN_POINT('',(0.0495,0.00509393497062593,-0.0128485331184733));
#10189=CARTESIAN_POINT('',(0.0495,0.00509393497062593,-0.0113445809513184));
#10190=CARTESIAN_POINT('',(0.0495,0.00509393497062593,-0.0113445809513184));
#10191=CARTESIAN_POINT('',(0.0495,0.00897210253825148,-0.0114339991911278));
#10192=CARTESIAN_POINT('',(0.0495,0.00514763329416251,-0.0107777398845685));
#10193=CARTESIAN_POINT('',(0.0495,0.00536071140825874,-0.00959386057935302));
#10194=CARTESIAN_POINT('',(0.0495,0.00557413255836499,-0.00841004013735741));
#10195=CARTESIAN_POINT('',(0.0495,0.00521148333845788,-0.00841004013735741));
#10196=CARTESIAN_POINT('',(0.0495,0.00484883411855078,-0.00841004013735741));
#10197=CARTESIAN_POINT('',(0.0495,0.00498222233736718,-0.0076522283192067));
#10198=CARTESIAN_POINT('',(0.0495,0.00511561055618359,-0.00689441650105599));
#10199=CARTESIAN_POINT('',(0.0495,0.0054782597760907,-0.00689441650105599));
#10200=CARTESIAN_POINT('',(0.0495,0.0058409089959978,-0.00689441650105599));
#10201=CARTESIAN_POINT('',(0.0495,0.00596846148024099,-0.00616828438487418));
#10202=CARTESIAN_POINT('',(0.0495,0.00609601396448418,-0.00544215226869237));
#10203=CARTESIAN_POINT('',(0.0495,0.00700888958700896,-0.00544215226869237));
#10204=CARTESIAN_POINT('',(0.0495,0.00792176520953375,-0.00544215226869237));
#10205=CARTESIAN_POINT('',(0.0495,0.00779337904892296,-0.00616828438487418));
#10206=CARTESIAN_POINT('',(0.0495,0.00766499288831216,-0.00689441650105599));
#10207=CARTESIAN_POINT('',(0.0495,0.00826273884388319,-0.00689441650105599));
#10208=CARTESIAN_POINT('',(0.0495,0.00886048479945421,-0.00689441650105599));
#10209=CARTESIAN_POINT('',(0.0495,0.0087270965806378,-0.0076522283192067));
#10210=CARTESIAN_POINT('',(0.0495,0.0085937083618214,-0.00841004013735741));
#10211=CARTESIAN_POINT('',(0.0495,0.00799596240625037,-0.00841004013735741));
#10212=CARTESIAN_POINT('',(0.0495,0.00739821645067935,-0.00841004013735741));
#10213=CARTESIAN_POINT('',(0.0495,0.0071847953005731,-0.00960469837213186));
#10214=CARTESIAN_POINT('',(0.0495,0.00369585970215647,-0.00987147480976467));
#10215=CARTESIAN_POINT('',(0.0495,0.00421857478464325,-0.00689441650105599));
#10216=CARTESIAN_POINT('',(0.0495,0.00317314461966967,-0.0128485331184733));
#10217=CARTESIAN_POINT('',(0.0495,0.00226026899714489,-0.0128485331184733));
#10218=CARTESIAN_POINT('',(0.0495,0.0013473933746201,-0.0128485331184733));
#10219=CARTESIAN_POINT('',(0.0495,0.0018709421334745,-0.00987147480976467));
#10220=CARTESIAN_POINT('',(0.0495,0.00239449089232889,-0.00689441650105599));
#10221=CARTESIAN_POINT('',(0.0495,0.00330653283848608,-0.00689441650105599));
#10222=CARTESIAN_POINT('',(0.0495,0.00342824958815604,-0.00627582863629491));
#10223=CARTESIAN_POINT('',(0.0495,0.00300140728794355,-0.00627582863629491));
#10224=CARTESIAN_POINT('',(0.0495,0.00275130437766278,-0.00604573395883661));
#10225=CARTESIAN_POINT('',(0.0495,0.00342824958815604,-0.00627582863629491));
#10226=CARTESIAN_POINT('',(0.0495,0.00275130437766278,-0.00604573395883661));
#10227=CARTESIAN_POINT('',(0.0495,0.00325626700678194,-0.00548520790491504));
#10228=CARTESIAN_POINT('',(0.0495,0.00250120146738202,-0.00546382785425003));
#10229=CARTESIAN_POINT('',(0.0495,0.00250120146738202,-0.00546382785425003));
#10230=CARTESIAN_POINT('',(0.0495,0.00250120146738202,-0.00498363026651097));
#10231=CARTESIAN_POINT('',(0.0495,0.00287468848006796,-0.00464265663216153));
#10232=CARTESIAN_POINT('',(0.0495,0.00287468848006796,-0.00464265663216153));
#10233=CARTESIAN_POINT('',(0.0495,0.00287468848006796,-0.00464265663216153));
#10234=CARTESIAN_POINT('',(0.0495,0.0032481754927539,-0.00430168299781209));
#10235=CARTESIAN_POINT('',(0.0495,0.00378172836801952,-0.00430168299781209));
#10236=CARTESIAN_POINT('',(0.0495,0.00378172836801952,-0.00430168299781209));
#10237=CARTESIAN_POINT('',(0.0495,0.00378172836801952,-0.00430168299781209));
#10238=CARTESIAN_POINT('',(0.0495,0.00420857066823203,-0.00430168299781209));
#10239=CARTESIAN_POINT('',(0.0495,0.00445367152030717,-0.00453094399890279));
#10240=CARTESIAN_POINT('',(0.0495,0.00445367152030717,-0.00453094399890279));
#10241=CARTESIAN_POINT('',(0.0495,0.00445367152030717,-0.00453094399890279));
#10242=CARTESIAN_POINT('',(0.0495,0.00469877237238232,-0.00476020499999349));
#10243=CARTESIAN_POINT('',(0.0495,0.00469877237238232,-0.00512202054353299));
#10244=CARTESIAN_POINT('',(0.0495,0.00469877237238232,-0.00512202054353299));
#10245=CARTESIAN_POINT('',(0.0495,0.00469877237238232,-0.00512202054353299));
#10246=CARTESIAN_POINT('',(0.0495,0.00469877237238232,-0.00559221401486082));
#10247=CARTESIAN_POINT('',(0.0495,0.00432528535969638,-0.00593402132557787));
#10248=CARTESIAN_POINT('',(0.0495,0.00432528535969638,-0.00593402132557787));
#10249=CARTESIAN_POINT('',(0.0495,0.00432528535969638,-0.00593402132557787));
#10250=CARTESIAN_POINT('',(0.0495,0.00395179834701044,-0.00627582863629491));
#10251=CARTESIAN_POINT('',(0.0495,0.00342824958815604,-0.00627582863629491));
#10252=CARTESIAN_POINT('',(0.0495,-0.00572718428085507,-0.00986063701698584));
#10253=CARTESIAN_POINT('',(0.0495,-0.00556711841827538,-0.00894359301262305));
#10254=CARTESIAN_POINT('',(0.0495,-0.00509775862331515,-0.00824997427477773));
#10255=CARTESIAN_POINT('',(0.0495,-0.00572718428085507,-0.00986063701698584));
#10256=CARTESIAN_POINT('',(0.0495,-0.00509775862331515,-0.00824997427477773));
#10257=CARTESIAN_POINT('',(0.0495,-0.00509775862331515,-0.00824997427477773));
#10258=CARTESIAN_POINT('',(0.0495,-0.00462839882835492,-0.00755635553693241));
#10259=CARTESIAN_POINT('',(0.0495,-0.0039664597924785,-0.00718286852424648));
#10260=CARTESIAN_POINT('',(0.0495,-0.0039664597924785,-0.00718286852424648));
#10261=CARTESIAN_POINT('',(0.0495,-0.00256749563527073,-0.00960776411675269));
#10262=CARTESIAN_POINT('',(0.0495,-0.00256921820037664,-0.00680938151156054));
#10263=CARTESIAN_POINT('',(0.0495,-0.00256921820037664,-0.00680938151156054));
#10264=CARTESIAN_POINT('',(0.0495,-0.00198231003758445,-0.00680938151156054));
#10265=CARTESIAN_POINT('',(0.0495,-0.0015396278863875,-0.00705448236363568));
#10266=CARTESIAN_POINT('',(0.0495,-0.0015396278863875,-0.00705448236363568));
#10267=CARTESIAN_POINT('',(0.0495,-0.0015396278863875,-0.00705448236363568));
#10268=CARTESIAN_POINT('',(0.0495,-0.00109694573519055,-0.00729958321571083));
#10269=CARTESIAN_POINT('',(0.0495,-0.000893528701495535,-0.0077164213995121));
#10270=CARTESIAN_POINT('',(0.0495,-0.000893528701495535,-0.0077164213995121));
#10271=CARTESIAN_POINT('',(0.0495,-0.000648427849420387,-0.00633418598202709));
#10272=CARTESIAN_POINT('',(0.0495,-0.000403326997345239,-0.00495195056454207));
#10273=CARTESIAN_POINT('',(0.0495,0.000509548625179545,-0.00495195056454207));
#10274=CARTESIAN_POINT('',(0.0495,0.00142242424770433,-0.00495195056454207));
#10275=CARTESIAN_POINT('',(0.0495,0.000722969775285794,-0.00890024184150771));
#10276=CARTESIAN_POINT('',(0.0495,2.35153028672632E-5,-0.0128485331184733));
#10277=CARTESIAN_POINT('',(0.0495,-0.000888526643289917,-0.0128485331184733));
#10278=CARTESIAN_POINT('',(0.0495,-0.0018005685894471,-0.0128485331184733));
#10279=CARTESIAN_POINT('',(0.0495,-0.00172553771636287,-0.0124216908182608));
#10280=CARTESIAN_POINT('',(0.0495,-0.00165064366560782,-0.0119956268850766));
#10281=CARTESIAN_POINT('',(0.0495,-0.00361087928386485,-0.0104138632267335));
#10282=CARTESIAN_POINT('',(0.0495,-0.00250502512007125,-0.0126776294631148));
#10283=CARTESIAN_POINT('',(0.0495,-0.00250502512007125,-0.0126776294631148));
#10284=CARTESIAN_POINT('',(0.0495,-0.00301773608614681,-0.0129335681079688));
#10285=CARTESIAN_POINT('',(0.0495,-0.00364632806731912,-0.0129335681079688));
#10286=CARTESIAN_POINT('',(0.0495,-0.00364632806731912,-0.0129335681079688));
#10287=CARTESIAN_POINT('',(0.0495,-0.00364632806731912,-0.0129335681079688));
#10288=CARTESIAN_POINT('',(0.0495,-0.00427658740122665,-0.0129335681079688));
#10289=CARTESIAN_POINT('',(0.0495,-0.00476178704717133,-0.0126459497611459));
#10290=CARTESIAN_POINT('',(0.0495,-0.00476178704717133,-0.0126459497611459));
#10291=CARTESIAN_POINT('',(0.0495,-0.00476178704717133,-0.0126459497611459));
#10292=CARTESIAN_POINT('',(0.0495,-0.00524698669311601,-0.0123583314143231));
#10293=CARTESIAN_POINT('',(0.0495,-0.00551959886532204,-0.0118247785390574));
#10294=CARTESIAN_POINT('',(0.0495,-0.00551959886532204,-0.0118247785390574));
#10295=CARTESIAN_POINT('',(0.0495,-0.00551959886532204,-0.0118247785390574));
#10296=CARTESIAN_POINT('',(0.0495,-0.00579221103752807,-0.0112912256637918));
#10297=CARTESIAN_POINT('',(0.0495,-0.00579221103752807,-0.0105759313403888));
#10298=CARTESIAN_POINT('',(0.0495,-0.00579221103752807,-0.0105759313403888));
#10299=CARTESIAN_POINT('',(0.0495,-0.00148750875633563,-0.0106115510999182));
#10300=CARTESIAN_POINT('',(0.0495,-0.00669841724911203,-0.00987147480976467));
#10301=CARTESIAN_POINT('',(0.0495,-0.00617570216662524,-0.006894416501056));
#10302=CARTESIAN_POINT('',(0.0495,-0.00722113233159883,-0.0128485331184733));
#10303=CARTESIAN_POINT('',(0.0495,-0.00813400795412361,-0.0128485331184733));
#10304=CARTESIAN_POINT('',(0.0495,-0.00904688357664839,-0.0128485331184733));
#10305=CARTESIAN_POINT('',(0.0495,-0.008523334817794,-0.00987147480976467));
#10306=CARTESIAN_POINT('',(0.0495,-0.0079997860589396,-0.006894416501056));
#10307=CARTESIAN_POINT('',(0.0495,-0.00708774411278242,-0.006894416501056));
#10308=CARTESIAN_POINT('',(0.0495,-0.00696602736311245,-0.00627582863629491));
#10309=CARTESIAN_POINT('',(0.0495,-0.00739286966332495,-0.00627582863629491));
#10310=CARTESIAN_POINT('',(0.0495,-0.00764297257360571,-0.00604573395883661));
#10311=CARTESIAN_POINT('',(0.0495,-0.00696602736311245,-0.00627582863629491));
#10312=CARTESIAN_POINT('',(0.0495,-0.00764297257360571,-0.00604573395883661));
#10313=CARTESIAN_POINT('',(0.0495,-0.00713800994448657,-0.00548520790491504));
#10314=CARTESIAN_POINT('',(0.0495,-0.00789307548388648,-0.00546382785425003));
#10315=CARTESIAN_POINT('',(0.0495,-0.00789307548388648,-0.00546382785425003));
#10316=CARTESIAN_POINT('',(0.0495,-0.00789307548388648,-0.00498363026651097));
#10317=CARTESIAN_POINT('',(0.0495,-0.00751958847120054,-0.00464265663216153));
#10318=CARTESIAN_POINT('',(0.0495,-0.00751958847120054,-0.00464265663216153));
#10319=CARTESIAN_POINT('',(0.0495,-0.00751958847120054,-0.00464265663216153));
#10320=CARTESIAN_POINT('',(0.0495,-0.0071461014585146,-0.00430168299781209));
#10321=CARTESIAN_POINT('',(0.0495,-0.00661254858324897,-0.00430168299781209));
#10322=CARTESIAN_POINT('',(0.0495,-0.00661254858324897,-0.00430168299781209));
#10323=CARTESIAN_POINT('',(0.0495,-0.00661254858324897,-0.00430168299781209));
#10324=CARTESIAN_POINT('',(0.0495,-0.00618570628303647,-0.00430168299781209));
#10325=CARTESIAN_POINT('',(0.0495,-0.00594060543096132,-0.00453094399890279));
#10326=CARTESIAN_POINT('',(0.0495,-0.00594060543096132,-0.00453094399890279));
#10327=CARTESIAN_POINT('',(0.0495,-0.00594060543096132,-0.00453094399890279));
#10328=CARTESIAN_POINT('',(0.0495,-0.00569550457888618,-0.00476020499999349));
#10329=CARTESIAN_POINT('',(0.0495,-0.00569550457888618,-0.00512202054353299));
#10330=CARTESIAN_POINT('',(0.0495,-0.00569550457888618,-0.00512202054353299));
#10331=CARTESIAN_POINT('',(0.0495,-0.00569550457888618,-0.00512202054353299));
#10332=CARTESIAN_POINT('',(0.0495,-0.00569550457888618,-0.00559221401486083));
#10333=CARTESIAN_POINT('',(0.0495,-0.00606899159157212,-0.00593402132557787));
#10334=CARTESIAN_POINT('',(0.0495,-0.00606899159157212,-0.00593402132557787));
#10335=CARTESIAN_POINT('',(0.0495,-0.00606899159157212,-0.00593402132557787));
#10336=CARTESIAN_POINT('',(0.0495,-0.00644247860425805,-0.00627582863629491));
#10337=CARTESIAN_POINT('',(0.0495,-0.00696602736311245,-0.00627582863629491));
#10338=CARTESIAN_POINT('',(0.0495,0.,-0.0159));
#10339=CARTESIAN_POINT('',(0.0495,0.0235,-0.0159));
#10340=CARTESIAN_POINT('',(0.0495,-0.0235,-0.0159));
#10341=CARTESIAN_POINT('',(0.0495,0.0235,-0.0019));
#10342=CARTESIAN_POINT('',(0.0495,0.0235,-0.0019));
#10343=CARTESIAN_POINT('',(0.0495,0.,-0.0019));
#10344=CARTESIAN_POINT('',(0.0495,-0.0235,-0.0019));
#10345=CARTESIAN_POINT('',(0.0495,-0.0235,-0.0019));
#10346=CARTESIAN_POINT('',(0.0495,-0.0131494049816205,-0.00535711727919691));
#10347=CARTESIAN_POINT('',(0.0495,-0.0146808684689064,-0.00535711727919691));
#10348=CARTESIAN_POINT('',(0.0495,-0.0116179414943346,-0.00535711727919691));
#10349=CARTESIAN_POINT('',(0.0495,-0.0116179414943346,-0.00535711727919691));
#10350=CARTESIAN_POINT('',(0.0495,-0.0104557966378967,-0.00535711727919691));
#10351=CARTESIAN_POINT('',(0.0495,-0.00984721288954683,-0.00588566809625692));
#10352=CARTESIAN_POINT('',(0.0495,-0.00984721288954683,-0.00588566809625692));
#10353=CARTESIAN_POINT('',(0.0495,-0.00984721288954683,-0.00588566809625692));
#10354=CARTESIAN_POINT('',(0.0495,-0.00923862914119698,-0.00641421891331693));
#10355=CARTESIAN_POINT('',(0.0495,-0.00923862914119698,-0.0072562320445955));
#10356=CARTESIAN_POINT('',(0.0495,-0.00923862914119698,-0.0072562320445955));
#10357=CARTESIAN_POINT('',(0.0495,-0.01155380438313,-0.00727275406978154));
#10358=CARTESIAN_POINT('',(0.0495,-0.00928198031231231,-0.0077164213995121));
#10359=CARTESIAN_POINT('',(0.0495,-0.00928198031231231,-0.0077164213995121));
#10360=CARTESIAN_POINT('',(0.0495,-0.0094086991201879,-0.00846339542488398));
#10361=CARTESIAN_POINT('',(0.0495,-0.00993224787904229,-0.00905030358767617));
#10362=CARTESIAN_POINT('',(0.0495,-0.00993224787904229,-0.00905030358767617));
#10363=CARTESIAN_POINT('',(0.0495,-0.00993224787904229,-0.00905030358767617));
#10364=CARTESIAN_POINT('',(0.0495,-0.0104557966378967,-0.00963721175046836));
#10365=CARTESIAN_POINT('',(0.0495,-0.0113294894711441,-0.00988231260254351));
#10366=CARTESIAN_POINT('',(0.0495,-0.0113294894711441,-0.00988231260254351));
#10367=CARTESIAN_POINT('',(0.0495,-0.0107267414573675,-0.0113654228605084));
#10368=CARTESIAN_POINT('',(0.0495,-0.0101239934435909,-0.0128485331184733));
#10369=CARTESIAN_POINT('',(0.0495,-0.01115358375758,-0.0128485331184733));
#10370=CARTESIAN_POINT('',(0.0495,-0.0121831740715692,-0.0128485331184733));
#10371=CARTESIAN_POINT('',(0.0495,-0.0127117248886292,-0.0114346179990194));
#10372=CARTESIAN_POINT('',(0.0495,-0.0132402757056892,-0.0100207028795655));
#10373=CARTESIAN_POINT('',(0.0495,-0.013458698914001,-0.0100207028795655));
#10374=CARTESIAN_POINT('',(0.0495,-0.0136771221223129,-0.0100207028795655));
#10375=CARTESIAN_POINT('',(0.0495,-0.0139280587089613,-0.0114346179990194));
#10376=CARTESIAN_POINT('',(0.0495,-0.0141789952956096,-0.0128485331184733));
#10377=CARTESIAN_POINT('',(0.0495,-0.0150918709181344,-0.0128485331184733));
#10378=CARTESIAN_POINT('',(0.0495,-0.0160047465406592,-0.0128485331184733));
#10379=CARTESIAN_POINT('',(0.0495,-0.0153428075047828,-0.00910282519883513));
#10380=CARTESIAN_POINT('',(0.,-0.0235,-0.0019));
#10381=CARTESIAN_POINT('',(0.0049086344359989,-0.0235,-0.00852778505344972));
#10382=CARTESIAN_POINT('',(0.00369460440469749,-0.0235,-0.00578389316045996));
#10383=CARTESIAN_POINT('',(0.00493816317281293,-0.0235,-0.00552602522657577));
#10384=CARTESIAN_POINT('',(0.00493816317281293,-0.0235,-0.00552602522657577));
#10385=CARTESIAN_POINT('',(0.00591918248650279,-0.0235,-0.00552602522657577));
#10386=CARTESIAN_POINT('',(0.00648723938433463,-0.0235,-0.00608847629975796));
#10387=CARTESIAN_POINT('',(0.00648723938433463,-0.0235,-0.00608847629975796));
#10388=CARTESIAN_POINT('',(0.00648723938433463,-0.0235,-0.00608847629975796));
#10389=CARTESIAN_POINT('',(0.00705529628216648,-0.0235,-0.00665092737294015));
#10390=CARTESIAN_POINT('',(0.00705529628216648,-0.0235,-0.00765623859344519));
#10391=CARTESIAN_POINT('',(0.00705529628216648,-0.0235,-0.00765623859344519));
#10392=CARTESIAN_POINT('',(0.00309785525920009,-0.0235,-0.00762218585770666));
#10393=CARTESIAN_POINT('',(0.00698408291855603,-0.0235,-0.00837374426160212));
#10394=CARTESIAN_POINT('',(0.0066367280416588,-0.0235,-0.0103227425184651));
#10395=CARTESIAN_POINT('',(0.00628916691338011,-0.0235,-0.0122717008883289));
#10396=CARTESIAN_POINT('',(0.00527264404357575,-0.0235,-0.0122717008883289));
#10397=CARTESIAN_POINT('',(0.0042561211737714,-0.0235,-0.0122717008883289));
#10398=CARTESIAN_POINT('',(0.00457939039523492,-0.0235,-0.0104600852223816));
#10399=CARTESIAN_POINT('',(0.00490248649872541,-0.0235,-0.00864843714891416));
#10400=CARTESIAN_POINT('',(0.00279966242307529,-0.0235,-0.00825479047835193));
#10401=CARTESIAN_POINT('',(0.00493816317281293,-0.0235,-0.00828969677885636));
#10402=CARTESIAN_POINT('',(0.00493816317281293,-0.0235,-0.00828969677885636));
#10403=CARTESIAN_POINT('',(0.00493816317281293,-0.0235,-0.00778704116860383));
#10404=CARTESIAN_POINT('',(0.00465693763622183,-0.0235,-0.00751235576077067));
#10405=CARTESIAN_POINT('',(0.00465693763622183,-0.0235,-0.00751235576077067));
#10406=CARTESIAN_POINT('',(0.00465693763622183,-0.0235,-0.00751235576077067));
#10407=CARTESIAN_POINT('',(0.00437571209963074,-0.0235,-0.00723767035293751));
#10408=CARTESIAN_POINT('',(0.00387492509759477,-0.0235,-0.00723767035293751));
#10409=CARTESIAN_POINT('',(0.00387492509759477,-0.0235,-0.00723767035293751));
#10410=CARTESIAN_POINT('',(0.00387492509759477,-0.0235,-0.00723767035293751));
#10411=CARTESIAN_POINT('',(0.00327697046829809,-0.0235,-0.00723767035293751));
#10412=CARTESIAN_POINT('',(0.00286961387708973,-0.0235,-0.00760765477981483));
#10413=CARTESIAN_POINT('',(0.00286961387708973,-0.0235,-0.00760765477981483));
#10414=CARTESIAN_POINT('',(0.00286961387708973,-0.0235,-0.00760765477981483));
#10415=CARTESIAN_POINT('',(0.00246225728588137,-0.0235,-0.00797763920669215));
#10416=CARTESIAN_POINT('',(0.00234266636002203,-0.0235,-0.00864846955643436));
#10417=CARTESIAN_POINT('',(0.00234266636002203,-0.0235,-0.00864846955643436));
#10418=CARTESIAN_POINT('',(0.00234266636002203,-0.0235,-0.00863632360302677));
#10419=CARTESIAN_POINT('',(0.00234266636002203,-0.0235,-0.00862417764961919));
#10420=CARTESIAN_POINT('',(0.00202033144266679,-0.0235,-0.0104479392689741));
#10421=CARTESIAN_POINT('',(0.00169799652531155,-0.0235,-0.0122717008883289));
#10422=CARTESIAN_POINT('',(0.000674933526749265,-0.0235,-0.0122717008883289));
#10423=CARTESIAN_POINT('',(-0.000348129471813022,-0.0235,-0.0122717008883289));
#10424=CARTESIAN_POINT('',(0.000435751675030592,-0.0235,-0.0078468366315335));
#10425=CARTESIAN_POINT('',(0.00121963282187421,-0.0235,-0.00342197237473808));
#10426=CARTESIAN_POINT('',(0.00224176151632821,-0.0235,-0.00342197237473808));
#10427=CARTESIAN_POINT('',(0.00326389021078222,-0.0235,-0.00342197237473808));
#10428=CARTESIAN_POINT('',(0.00299481062759872,-0.0235,-0.00495236250409427));
#10429=CARTESIAN_POINT('',(0.00272573104441522,-0.0235,-0.00648275263345046));
#10430=CARTESIAN_POINT('',(0.00272573104441522,-0.0235,-0.00648275263345046));
#10431=CARTESIAN_POINT('',(0.00312000737810772,-0.0235,-0.00604176109434415));
#10432=CARTESIAN_POINT('',(0.00369460440469749,-0.0235,-0.00578389316045996));
#10433=CARTESIAN_POINT('',(-0.00270911595342663,-0.0235,-0.0121222122310048));
#10434=CARTESIAN_POINT('',(-0.00338461782371022,-0.0235,-0.0123669999073731));
#10435=CARTESIAN_POINT('',(-0.00424604621154074,-0.0235,-0.0123669999073731));
#10436=CARTESIAN_POINT('',(-0.00270911595342663,-0.0235,-0.0121222122310048));
#10437=CARTESIAN_POINT('',(-0.00424604621154074,-0.0235,-0.0123669999073731));
#10438=CARTESIAN_POINT('',(-0.00424604621154074,-0.0235,-0.0123669999073731));
#10439=CARTESIAN_POINT('',(-0.00503459887892574,-0.0235,-0.0123669999073731));
#10440=CARTESIAN_POINT('',(-0.00566245123968726,-0.0235,-0.0121156721022468));
#10441=CARTESIAN_POINT('',(-0.00566245123968726,-0.0235,-0.0121156721022468));
#10442=CARTESIAN_POINT('',(-0.00566245123968726,-0.0235,-0.0121156721022468));
#10443=CARTESIAN_POINT('',(-0.00629030360044876,-0.0235,-0.0118643442971206));
#10444=CARTESIAN_POINT('',(-0.00664907637802677,-0.0235,-0.011415878325148));
#10445=CARTESIAN_POINT('',(-0.00664907637802677,-0.0235,-0.011415878325148));
#10446=CARTESIAN_POINT('',(-0.00540302538663076,-0.0235,-0.0104053047167367));
#10447=CARTESIAN_POINT('',(-0.00700775134525029,-0.0235,-0.010382531547757));
#10448=CARTESIAN_POINT('',(-0.00358237703390422,-0.0235,-0.0105219052444272));
#10449=CARTESIAN_POINT('',(-0.00698313984223004,-0.0235,-0.0100835606667464));
#10450=CARTESIAN_POINT('',(-0.00599693211045008,-0.0235,-0.0100835606667464));
#10451=CARTESIAN_POINT('',(-0.00501030697211057,-0.0235,-0.0100835606667464));
#10452=CARTESIAN_POINT('',(-0.00501030697211057,-0.0235,-0.0100835606667464));
#10453=CARTESIAN_POINT('',(-0.00503459887892574,-0.0235,-0.0104535450936237));
#10454=CARTESIAN_POINT('',(-0.00478981120255741,-0.0235,-0.0106749751672851));
#10455=CARTESIAN_POINT('',(-0.00478981120255741,-0.0235,-0.0106749751672851));
#10456=CARTESIAN_POINT('',(-0.00478981120255741,-0.0235,-0.0106749751672851));
#10457=CARTESIAN_POINT('',(-0.00454502352618909,-0.0235,-0.0108964052409466));
#10458=CARTESIAN_POINT('',(-0.00409095172956693,-0.0235,-0.0108964052409466));
#10459=CARTESIAN_POINT('',(-0.00409095172956693,-0.0235,-0.0108964052409466));
#10460=CARTESIAN_POINT('',(-0.00409095172956693,-0.0235,-0.0108964052409466));
#10461=CARTESIAN_POINT('',(-0.00370788704517373,-0.0235,-0.0108964052409466));
#10462=CARTESIAN_POINT('',(-0.00345655924004748,-0.0235,-0.010752522408272));
#10463=CARTESIAN_POINT('',(-0.00345655924004748,-0.0235,-0.010752522408272));
#10464=CARTESIAN_POINT('',(-0.00345655924004748,-0.0235,-0.010752522408272));
#10465=CARTESIAN_POINT('',(-0.00320523143492121,-0.0235,-0.0106086395755975));
#10466=CARTESIAN_POINT('',(-0.00320523143492121,-0.0235,-0.0103470344252802));
#10467=CARTESIAN_POINT('',(-0.00320523143492121,-0.0235,-0.0103470344252802));
#10468=CARTESIAN_POINT('',(-0.00320523143492121,-0.0235,-0.0103470344252802));
#10469=CARTESIAN_POINT('',(-0.00320523143492121,-0.0235,-0.0100947723160457));
#10470=CARTESIAN_POINT('',(-0.00347431101810472,-0.0235,-0.00994528365872153));
#10471=CARTESIAN_POINT('',(-0.00347431101810472,-0.0235,-0.00994528365872153));
#10472=CARTESIAN_POINT('',(-0.00347431101810472,-0.0235,-0.00994528365872153));
#10473=CARTESIAN_POINT('',(-0.00374339060128823,-0.0235,-0.00979579500139736));
#10474=CARTESIAN_POINT('',(-0.00436563713740008,-0.0235,-0.00958090505649387));
#10475=CARTESIAN_POINT('',(-0.00436563713740008,-0.0235,-0.00958090505649387));
#10476=CARTESIAN_POINT('',(-0.00436563713740008,-0.0235,-0.00958090505649387));
#10477=CARTESIAN_POINT('',(-0.00501030697211057,-0.0235,-0.00936601511159038));
#10478=CARTESIAN_POINT('',(-0.00544756129478376,-0.0235,-0.00915673099133654));
#10479=CARTESIAN_POINT('',(-0.00544756129478376,-0.0235,-0.00915673099133654));
#10480=CARTESIAN_POINT('',(-0.00454431723107268,-0.0235,-0.00727798873288864));
#10481=CARTESIAN_POINT('',(-0.00619500458140461,-0.0235,-0.00855223623328193));
#10482=CARTESIAN_POINT('',(-0.00619500458140461,-0.0235,-0.00855223623328193));
#10483=CARTESIAN_POINT('',(-0.00650519354535226,-0.0235,-0.00815702559548116));
#10484=CARTESIAN_POINT('',(-0.00650519354535226,-0.0235,-0.00755907096618448));
#10485=CARTESIAN_POINT('',(-0.00650519354535226,-0.0235,-0.00755907096618448));
#10486=CARTESIAN_POINT('',(-0.00476214700251373,-0.0235,-0.00754484288335614));
#10487=CARTESIAN_POINT('',(-0.00615856672118184,-0.0235,-0.00650143871561598));
#10488=CARTESIAN_POINT('',(-0.00615856672118184,-0.0235,-0.00650143871561598));
#10489=CARTESIAN_POINT('',(-0.00581193989701143,-0.0235,-0.00602868083682829));
#10490=CARTESIAN_POINT('',(-0.00518408753624991,-0.0235,-0.00576614138240272));
#10491=CARTESIAN_POINT('',(-0.00518408753624991,-0.0235,-0.00576614138240272));
#10492=CARTESIAN_POINT('',(-0.00518408753624991,-0.0235,-0.00576614138240272));
#10493=CARTESIAN_POINT('',(-0.0045562351754884,-0.0235,-0.00550360192797714));
#10494=CARTESIAN_POINT('',(-0.00373217895198892,-0.0235,-0.00550360192797714));
#10495=CARTESIAN_POINT('',(-0.00373217895198892,-0.0235,-0.00550360192797714));
#10496=CARTESIAN_POINT('',(-0.00373217895198892,-0.0235,-0.00550360192797714));
#10497=CARTESIAN_POINT('',(-0.00290625412027288,-0.0235,-0.00550360192797714));
#10498=CARTESIAN_POINT('',(-0.00229615353756861,-0.0235,-0.00577268151116065));
#10499=CARTESIAN_POINT('',(-0.00229615353756861,-0.0235,-0.00577268151116065));
#10500=CARTESIAN_POINT('',(-0.00229615353756861,-0.0235,-0.00577268151116065));
#10501=CARTESIAN_POINT('',(-0.00168605295486434,-0.0235,-0.00604176109434415));
#10502=CARTESIAN_POINT('',(-0.00135157208410151,-0.0235,-0.0065201247977815));
#10503=CARTESIAN_POINT('',(-0.00135157208410151,-0.0235,-0.0065201247977815));
#10504=CARTESIAN_POINT('',(-0.00284897742487324,-0.0235,-0.00757426915239666));
#10505=CARTESIAN_POINT('',(-0.00101745922612755,-0.0235,-0.0075964386759225));
#10506=CARTESIAN_POINT('',(-0.00102269703798834,-0.0235,-0.00768613632491002));
#10507=CARTESIAN_POINT('',(-0.001028302862638,-0.0235,-0.00777582951930452));
#10508=CARTESIAN_POINT('',(-0.00195513253804785,-0.0235,-0.00777582951930452));
#10509=CARTESIAN_POINT('',(-0.0028819622134577,-0.0235,-0.00777582951930452));
#10510=CARTESIAN_POINT('',(-0.0028819622134577,-0.0235,-0.00777582951930452));
#10511=CARTESIAN_POINT('',(-0.00285767030664253,-0.0235,-0.00741705674172652));
#10512=CARTESIAN_POINT('',(-0.00309685215836119,-0.0235,-0.00720123249271475));
#10513=CARTESIAN_POINT('',(-0.00309685215836119,-0.0235,-0.00720123249271475));
#10514=CARTESIAN_POINT('',(-0.00309685215836119,-0.0235,-0.00720123249271475));
#10515=CARTESIAN_POINT('',(-0.00333603401007986,-0.0235,-0.00698540824370298));
#10516=CARTESIAN_POINT('',(-0.00377889415740272,-0.0235,-0.00698540824370298));
#10517=CARTESIAN_POINT('',(-0.00377889415740272,-0.0235,-0.00698540824370298));
#10518=CARTESIAN_POINT('',(-0.00377889415740272,-0.0235,-0.00698540824370298));
#10519=CARTESIAN_POINT('',(-0.00412645528568141,-0.0235,-0.00698540824370298));
#10520=CARTESIAN_POINT('',(-0.00434788535934283,-0.0235,-0.00712929107637749));
#10521=CARTESIAN_POINT('',(-0.00434788535934283,-0.0235,-0.00712929107637749));
#10522=CARTESIAN_POINT('',(-0.00434788535934283,-0.0235,-0.00712929107637749));
#10523=CARTESIAN_POINT('',(-0.00456931543300426,-0.0235,-0.007273173909052));
#10524=CARTESIAN_POINT('',(-0.00456931543300426,-0.0235,-0.00752356741006999));
#10525=CARTESIAN_POINT('',(-0.00456931543300426,-0.0235,-0.00752356741006999));
#10526=CARTESIAN_POINT('',(-0.00456931543300426,-0.0235,-0.00752356741006999));
#10527=CARTESIAN_POINT('',(-0.00456931543300426,-0.0235,-0.00778704116860383));
#10528=CARTESIAN_POINT('',(-0.00427594394300558,-0.0235,-0.00796082173274318));
#10529=CARTESIAN_POINT('',(-0.00427594394300558,-0.0235,-0.00796082173274318));
#10530=CARTESIAN_POINT('',(-0.00427594394300558,-0.0235,-0.00796082173274318));
#10531=CARTESIAN_POINT('',(-0.0039825724530069,-0.0235,-0.00813460229688253));
#10532=CARTESIAN_POINT('',(-0.00336032591689505,-0.0235,-0.00834949224178602));
#10533=CARTESIAN_POINT('',(-0.00336032591689505,-0.0235,-0.00834949224178602));
#10534=CARTESIAN_POINT('',(-0.00336032591689505,-0.0235,-0.00834949224178602));
#10535=CARTESIAN_POINT('',(-0.00271565608218456,-0.0235,-0.00856438218668952));
#10536=CARTESIAN_POINT('',(-0.00229054771291895,-0.0235,-0.00877366630694336));
#10537=CARTESIAN_POINT('',(-0.00229054771291895,-0.0235,-0.00877366630694336));
#10538=CARTESIAN_POINT('',(-0.00324073993261721,-0.0235,-0.0107031497583359));
#10539=CARTESIAN_POINT('',(-0.00156085620435535,-0.0235,-0.00935947498283244));
#10540=CARTESIAN_POINT('',(-0.00156085620435535,-0.0235,-0.00935947498283244));
#10541=CARTESIAN_POINT('',(-0.00125627306505735,-0.0235,-0.0097359995384677));
#10542=CARTESIAN_POINT('',(-0.00125627306505735,-0.0235,-0.0102984506116499));
#10543=CARTESIAN_POINT('',(-0.00125627306505735,-0.0235,-0.0102984506116499));
#10544=CARTESIAN_POINT('',(-0.00125627306505735,-0.0235,-0.0102984506116499));
#10545=CARTESIAN_POINT('',(-0.00125627306505735,-0.0235,-0.0109449890545769));
#10546=CARTESIAN_POINT('',(-0.00164494357410019,-0.0235,-0.0114112068046067));
#10547=CARTESIAN_POINT('',(-0.00164494357410019,-0.0235,-0.0114112068046067));
#10548=CARTESIAN_POINT('',(-0.00164494357410019,-0.0235,-0.0114112068046067));
#10549=CARTESIAN_POINT('',(-0.00203361408314303,-0.0235,-0.0118774245546364));
#10550=CARTESIAN_POINT('',(-0.00270911595342663,-0.0235,-0.0121222122310048));
#10551=CARTESIAN_POINT('',(-0.0101433326315814,-0.0235,-0.00976825184401374));
#10552=CARTESIAN_POINT('',(-0.0150223097963969,-0.0235,-0.0097359995384677));
#10553=CARTESIAN_POINT('',(-0.0149494340759513,-0.0235,-0.00892315496426752));
#10554=CARTESIAN_POINT('',(-0.0149494340759513,-0.0235,-0.00892315496426752));
#10555=CARTESIAN_POINT('',(-0.0147700476871623,-0.0235,-0.00789542044516386));
#10556=CARTESIAN_POINT('',(-0.0142440344742029,-0.0235,-0.00711807942707818));
#10557=CARTESIAN_POINT('',(-0.0142440344742029,-0.0235,-0.00711807942707818));
#10558=CARTESIAN_POINT('',(-0.0142440344742029,-0.0235,-0.00711807942707818));
#10559=CARTESIAN_POINT('',(-0.0137180212612434,-0.0235,-0.0063407384089925));
#10560=CARTESIAN_POINT('',(-0.0129761837992723,-0.0235,-0.00592217016848482));
#10561=CARTESIAN_POINT('',(-0.0129761837992723,-0.0235,-0.00592217016848482));
#10562=CARTESIAN_POINT('',(-0.0114083596288823,-0.0235,-0.0086397593940669));
#10563=CARTESIAN_POINT('',(-0.0114102901138016,-0.0235,-0.00550360192797714));
#10564=CARTESIAN_POINT('',(-0.0114102901138016,-0.0235,-0.00550360192797714));
#10565=CARTESIAN_POINT('',(-0.0107039562079449,-0.0235,-0.00550360192797714));
#10566=CARTESIAN_POINT('',(-0.0102255925045075,-0.0235,-0.00579043328921789));
#10567=CARTESIAN_POINT('',(-0.0102255925045075,-0.0235,-0.00579043328921789));
#10568=CARTESIAN_POINT('',(-0.0102255925045075,-0.0235,-0.00579043328921789));
#10569=CARTESIAN_POINT('',(-0.00974722880107019,-0.0235,-0.00607726465045864));
#10570=CARTESIAN_POINT('',(-0.00953233885616669,-0.0235,-0.00654254809638012));
#10571=CARTESIAN_POINT('',(-0.0095323388561667,-0.0235,-0.00654254809638012));
#10572=CARTESIAN_POINT('',(-0.00944825148642185,-0.0235,-0.00607072452170071));
#10573=CARTESIAN_POINT('',(-0.009364164116677,-0.0235,-0.0055989009470213));
#10574=CARTESIAN_POINT('',(-0.00834203542222299,-0.0235,-0.0055989009470213));
#10575=CARTESIAN_POINT('',(-0.00731990672776899,-0.0235,-0.0055989009470213));
#10576=CARTESIAN_POINT('',(-0.00791225553241601,-0.0235,-0.00893530091767511));
#10577=CARTESIAN_POINT('',(-0.00850460433706303,-0.0235,-0.0122717008883289));
#10578=CARTESIAN_POINT('',(-0.00952673303151704,-0.0235,-0.0122717008883289));
#10579=CARTESIAN_POINT('',(-0.010548861725971,-0.0235,-0.0122717008883289));
#10580=CARTESIAN_POINT('',(-0.0104591685315765,-0.0235,-0.0117989430095412));
#10581=CARTESIAN_POINT('',(-0.010369475337182,-0.0235,-0.0113261851307535));
#10582=CARTESIAN_POINT('',(-0.010369475337182,-0.0235,-0.0113261851307535));
#10583=CARTESIAN_POINT('',(-0.0107525400215752,-0.0235,-0.0117933371848916));
#10584=CARTESIAN_POINT('',(-0.0113383486974643,-0.0235,-0.0120801685461323));
#10585=CARTESIAN_POINT('',(-0.0113383486974643,-0.0235,-0.0120801685461323));
#10586=CARTESIAN_POINT('',(-0.0113383486974643,-0.0235,-0.0120801685461323));
#10587=CARTESIAN_POINT('',(-0.0119241573733534,-0.0235,-0.0123669999073731));
#10588=CARTESIAN_POINT('',(-0.0126304912792101,-0.0235,-0.0123669999073731));
#10589=CARTESIAN_POINT('',(-0.0126304912792101,-0.0235,-0.0123669999073731));
#10590=CARTESIAN_POINT('',(-0.0126304912792101,-0.0235,-0.0123669999073731));
#10591=CARTESIAN_POINT('',(-0.0133349565768503,-0.0235,-0.0123669999073731));
#10592=CARTESIAN_POINT('',(-0.0138796558719752,-0.0235,-0.0120446649900178));
#10593=CARTESIAN_POINT('',(-0.0138796558719752,-0.0235,-0.0120446649900178));
#10594=CARTESIAN_POINT('',(-0.0138796558719752,-0.0235,-0.0120446649900178));
#10595=CARTESIAN_POINT('',(-0.0144243551671001,-0.0235,-0.0117223300726626));
#10596=CARTESIAN_POINT('',(-0.0147233324817485,-0.0235,-0.0111299812680156));
#10597=CARTESIAN_POINT('',(-0.0147233324817485,-0.0235,-0.0111299812680156));
#10598=CARTESIAN_POINT('',(-0.0147233324817485,-0.0235,-0.0111299812680156));
#10599=CARTESIAN_POINT('',(-0.0150223097963969,-0.0235,-0.0105376324633686));
#10600=CARTESIAN_POINT('',(-0.0150223097963969,-0.0235,-0.0097359995384677));
#10601=CARTESIAN_POINT('',(-0.0426300618918461,-0.0235,-0.00593338181778413));
#10602=CARTESIAN_POINT('',(-0.0406390598371099,-0.0235,-0.00387604417136024));
#10603=CARTESIAN_POINT('',(-0.0446210639465824,-0.0235,-0.00799071946420802));
#10604=CARTESIAN_POINT('',(-0.0433111695867794,-0.0235,-0.0101312101762685));
#10605=CARTESIAN_POINT('',(-0.0420012752269764,-0.0235,-0.0122717008883289));
#10606=CARTESIAN_POINT('',(-0.0432513741238497,-0.0235,-0.0122717008883289));
#10607=CARTESIAN_POINT('',(-0.0445014730207231,-0.0235,-0.0122717008883289));
#10608=CARTESIAN_POINT('',(-0.0455833971781068,-0.0235,-0.0104180415375092));
#10609=CARTESIAN_POINT('',(-0.0466653213354904,-0.0235,-0.00856438218668952));
#10610=CARTESIAN_POINT('',(-0.0469941963816036,-0.0235,-0.0104180415375092));
#10611=CARTESIAN_POINT('',(-0.0473230714277168,-0.0235,-0.0122717008883289));
#10612=CARTESIAN_POINT('',(-0.0483461344262791,-0.0235,-0.0122717008883289));
#10613=CARTESIAN_POINT('',(-0.0493691974248414,-0.0235,-0.0122717008883289));
#10614=CARTESIAN_POINT('',(-0.0486273599628702,-0.0235,-0.00807387252984459));
#10615=CARTESIAN_POINT('',(-0.047885522500899,-0.0235,-0.00387604417136024));
#10616=CARTESIAN_POINT('',(-0.046863393806445,-0.0235,-0.00387604417136024));
#10617=CARTESIAN_POINT('',(-0.045841265111991,-0.0235,-0.00387604417136024));
#10618=CARTESIAN_POINT('',(-0.0461636000293462,-0.0235,-0.00571755756877236));
#10619=CARTESIAN_POINT('',(-0.0464859349467014,-0.0235,-0.00755907096618448));
#10620=CARTESIAN_POINT('',(-0.044758406650499,-0.0235,-0.00571755756877236));
#10621=CARTESIAN_POINT('',(-0.0430308783542966,-0.0235,-0.00387604417136024));
#10622=CARTESIAN_POINT('',(-0.0418349690957032,-0.0235,-0.00387604417136024));
#10623=CARTESIAN_POINT('',(0.,-0.0235,-0.0159));
#10624=CARTESIAN_POINT('',(-0.0495,-0.0235,-0.0159));
#10625=CARTESIAN_POINT('',(0.,-0.0235,-0.0019));
#10626=CARTESIAN_POINT('',(-0.0495,-0.0235,-0.0019));
#10627=CARTESIAN_POINT('',(-0.0495,-0.0235,-0.0019));
#10628=CARTESIAN_POINT('',(-0.0387013131165453,-0.0235,-0.00592217016848482));
#10629=CARTESIAN_POINT('',(-0.0378641766355299,-0.0235,-0.00550360192797714));
#10630=CARTESIAN_POINT('',(-0.0368700770643242,-0.0235,-0.00550360192797714));
#10631=CARTESIAN_POINT('',(-0.0387013131165453,-0.0235,-0.00592217016848482));
#10632=CARTESIAN_POINT('',(-0.0368700770643242,-0.0235,-0.00550360192797714));
#10633=CARTESIAN_POINT('',(-0.0368700770643242,-0.0235,-0.00550360192797714));
#10634=CARTESIAN_POINT('',(-0.0355788687866867,-0.0235,-0.00550360192797714));
#10635=CARTESIAN_POINT('',(-0.0348192795466582,-0.0235,-0.00620246140096764));
#10636=CARTESIAN_POINT('',(-0.0348192795466582,-0.0235,-0.00620246140096764));
#10637=CARTESIAN_POINT('',(-0.0348192795466582,-0.0235,-0.00620246140096764));
#10638=CARTESIAN_POINT('',(-0.0340596903066299,-0.0235,-0.00690132087395813));
#10639=CARTESIAN_POINT('',(-0.0340596903066299,-0.0235,-0.00811031039006735));
#10640=CARTESIAN_POINT('',(-0.0340596903066299,-0.0235,-0.00811031039006735));
#10641=CARTESIAN_POINT('',(-0.0378237264349039,-0.0235,-0.0081522943044464));
#10642=CARTESIAN_POINT('',(-0.0341191661780411,-0.0235,-0.00881483317231575));
#10643=CARTESIAN_POINT('',(-0.0389341982490474,-0.0235,-0.00794128647340513));
#10644=CARTESIAN_POINT('',(-0.0342636034241422,-0.0235,-0.00940151866770487));
#10645=CARTESIAN_POINT('',(-0.0365776398784338,-0.0235,-0.00940151866770487));
#10646=CARTESIAN_POINT('',(-0.0388924694626278,-0.0235,-0.00940151866770487));
#10647=CARTESIAN_POINT('',(-0.0371673690343187,-0.0235,-0.00959323095272557));
#10648=CARTESIAN_POINT('',(-0.038903122803933,-0.0235,-0.00962948887012423));
#10649=CARTESIAN_POINT('',(-0.038903122803933,-0.0235,-0.00962948887012423));
#10650=CARTESIAN_POINT('',(-0.038903122803933,-0.0235,-0.0101545677789754));
#10651=CARTESIAN_POINT('',(-0.0386162914426922,-0.0235,-0.0104301874909168));
#10652=CARTESIAN_POINT('',(-0.0386162914426922,-0.0235,-0.0104301874909168));
#10653=CARTESIAN_POINT('',(-0.0386162914426922,-0.0235,-0.0104301874909168));
#10654=CARTESIAN_POINT('',(-0.0383294600814515,-0.0235,-0.0107058072028582));
#10655=CARTESIAN_POINT('',(-0.0378510963780141,-0.0235,-0.0107058072028582));
#10656=CARTESIAN_POINT('',(-0.0378510963780141,-0.0235,-0.0107058072028582));
#10657=CARTESIAN_POINT('',(-0.0378510963780141,-0.0235,-0.0107058072028582));
#10658=CARTESIAN_POINT('',(-0.0370868356174442,-0.0235,-0.0107058072028582));
#10659=CARTESIAN_POINT('',(-0.0366794790262359,-0.0235,-0.0100592687599312));
#10660=CARTESIAN_POINT('',(-0.0366794790262359,-0.0235,-0.0100592687599312));
#10661=CARTESIAN_POINT('',(-0.0355910147400943,-0.0235,-0.0100592687599312));
#10662=CARTESIAN_POINT('',(-0.0345025504539527,-0.0235,-0.0100592687599312));
#10663=CARTESIAN_POINT('',(-0.0345025504539527,-0.0235,-0.0100592687599312));
#10664=CARTESIAN_POINT('',(-0.0349341989519762,-0.0235,-0.0110757916297356));
#10665=CARTESIAN_POINT('',(-0.0359021380081502,-0.0235,-0.0117213957685543));
#10666=CARTESIAN_POINT('',(-0.0359021380081502,-0.0235,-0.0117213957685543));
#10667=CARTESIAN_POINT('',(-0.0359021380081502,-0.0235,-0.0117213957685543));
#10668=CARTESIAN_POINT('',(-0.0368700770643242,-0.0235,-0.0123669999073731));
#10669=CARTESIAN_POINT('',(-0.0380790665804335,-0.0235,-0.0123669999073731));
#10670=CARTESIAN_POINT('',(-0.0380790665804335,-0.0235,-0.0123669999073731));
#10671=CARTESIAN_POINT('',(-0.0380790665804335,-0.0235,-0.0123669999073731));
#10672=CARTESIAN_POINT('',(-0.039370274858071,-0.0235,-0.0123669999073731));
#10673=CARTESIAN_POINT('',(-0.040142010051507,-0.0235,-0.0116494543522171));
#10674=CARTESIAN_POINT('',(-0.040142010051507,-0.0235,-0.0116494543522171));
#10675=CARTESIAN_POINT('',(-0.040142010051507,-0.0235,-0.0116494543522171));
#10676=CARTESIAN_POINT('',(-0.040913745244943,-0.0235,-0.010931908797061));
#10677=CARTESIAN_POINT('',(-0.040913745244943,-0.0235,-0.00970049598235321));
#10678=CARTESIAN_POINT('',(-0.040913745244943,-0.0235,-0.00970049598235321));
#10679=CARTESIAN_POINT('',(-0.0366782281534131,-0.0235,-0.00971966160333367));
#10680=CARTESIAN_POINT('',(-0.0408408695244975,-0.0235,-0.00893436661356684));
#10681=CARTESIAN_POINT('',(-0.0408408695244975,-0.0235,-0.00893436661356684));
#10682=CARTESIAN_POINT('',(-0.0406614831357084,-0.0235,-0.00789542044516386));
#10683=CARTESIAN_POINT('',(-0.0400999663666345,-0.0235,-0.00711807942707818));
#10684=CARTESIAN_POINT('',(-0.0400999663666345,-0.0235,-0.00711807942707818));
#10685=CARTESIAN_POINT('',(-0.0370024028830525,-0.0235,-0.00932184969457997));
#10686=CARTESIAN_POINT('',(-0.0320995202874667,-0.0235,-0.0055989009470213));
#10687=CARTESIAN_POINT('',(-0.0332356340831303,-0.0235,-0.0055989009470213));
#10688=CARTESIAN_POINT('',(-0.030963406491803,-0.0235,-0.0055989009470213));
#10689=CARTESIAN_POINT('',(-0.0305569842047029,-0.0235,-0.00768520202080175));
#10690=CARTESIAN_POINT('',(-0.0301505619176028,-0.0235,-0.00977150309458219));
#10691=CARTESIAN_POINT('',(-0.0290144481219391,-0.0235,-0.00768520202080174));
#10692=CARTESIAN_POINT('',(-0.0278783343262754,-0.0235,-0.0055989009470213));
#10693=CARTESIAN_POINT('',(-0.0267721182620765,-0.0235,-0.0055989009470213));
#10694=CARTESIAN_POINT('',(-0.0256659021978777,-0.0235,-0.0055989009470213));
#10695=CARTESIAN_POINT('',(-0.0286257776128962,-0.0235,-0.0105198806853113));
#10696=CARTESIAN_POINT('',(-0.0315856530279148,-0.0235,-0.0154408604236013));
#10697=CARTESIAN_POINT('',(-0.032686263267464,-0.0235,-0.0154408604236013));
#10698=CARTESIAN_POINT('',(-0.0337868735070132,-0.0235,-0.0154408604236013));
#10699=CARTESIAN_POINT('',(-0.0327217668235785,-0.0235,-0.0137422955547554));
#10700=CARTESIAN_POINT('',(-0.0316566601401438,-0.0235,-0.0120437306859096));
#10701=CARTESIAN_POINT('',(-0.0324461471116371,-0.0235,-0.00882131581646544));
#10702=CARTESIAN_POINT('',(-0.0210373596454781,-0.0235,-0.0120269132119606));
#10703=CARTESIAN_POINT('',(-0.0217791971074493,-0.0235,-0.0123557882580738));
#10704=CARTESIAN_POINT('',(-0.0227714280704385,-0.0235,-0.0123557882580738));
#10705=CARTESIAN_POINT('',(-0.0210373596454781,-0.0235,-0.0120269132119606));
#10706=CARTESIAN_POINT('',(-0.0227714280704385,-0.0235,-0.0123557882580738));
#10707=CARTESIAN_POINT('',(-0.0227714280704385,-0.0235,-0.0123557882580738));
#10708=CARTESIAN_POINT('',(-0.0241355120685215,-0.0235,-0.0123557882580738));
#10709=CARTESIAN_POINT('',(-0.0249904003275941,-0.0235,-0.0117634394534267));
#10710=CARTESIAN_POINT('',(-0.0249904003275941,-0.0235,-0.0117634394534267));
#10711=CARTESIAN_POINT('',(-0.0249904003275941,-0.0235,-0.0117634394534267));
#10712=CARTESIAN_POINT('',(-0.0258452885866667,-0.0235,-0.0111710906487797));
#10713=CARTESIAN_POINT('',(-0.0258452885866667,-0.0235,-0.0100835606667464));
#10714=CARTESIAN_POINT('',(-0.0258452885866667,-0.0235,-0.0100835606667464));
#10715=CARTESIAN_POINT('',(-0.0225424634712619,-0.0235,-0.0101785092967451));
#10716=CARTESIAN_POINT('',(-0.0258205984124489,-0.0235,-0.00976029144528287));
#10717=CARTESIAN_POINT('',(-0.0247568243005251,-0.0235,-0.00976029144528287));
#10718=CARTESIAN_POINT('',(-0.0236926519211987,-0.0235,-0.00976029144528287));
#10719=CARTESIAN_POINT('',(-0.0236926519211987,-0.0235,-0.00976029144528287));
#10720=CARTESIAN_POINT('',(-0.0237281554773131,-0.0235,-0.010214363241905));
#10721=CARTESIAN_POINT('',(-0.0234768276721869,-0.0235,-0.0104778370004389));
#10722=CARTESIAN_POINT('',(-0.0234768276721869,-0.0235,-0.0104778370004389));
#10723=CARTESIAN_POINT('',(-0.0234768276721869,-0.0235,-0.0104778370004389));
#10724=CARTESIAN_POINT('',(-0.0232254998670606,-0.0235,-0.0107413107589727));
#10725=CARTESIAN_POINT('',(-0.0227116326075088,-0.0235,-0.0107413107589727));
#10726=CARTESIAN_POINT('',(-0.0227116326075088,-0.0235,-0.0107413107589727));
#10727=CARTESIAN_POINT('',(-0.0227116326075088,-0.0235,-0.0107413107589727));
#10728=CARTESIAN_POINT('',(-0.0222444805533707,-0.0235,-0.0107413107589727));
#10729=CARTESIAN_POINT('',(-0.0219754009701872,-0.0235,-0.0105376324633686));
#10730=CARTESIAN_POINT('',(-0.0219754009701872,-0.0235,-0.0105376324633686));
#10731=CARTESIAN_POINT('',(-0.0219754009701872,-0.0235,-0.0105376324633686));
#10732=CARTESIAN_POINT('',(-0.0217063213870038,-0.0235,-0.0103339541677644));
#10733=CARTESIAN_POINT('',(-0.0217063213870038,-0.0235,-0.00996396974088706));
#10734=CARTESIAN_POINT('',(-0.0217063213870038,-0.0235,-0.00996396974088706));
#10735=CARTESIAN_POINT('',(-0.0217063213870038,-0.0235,-0.00996396974088706));
#10736=CARTESIAN_POINT('',(-0.0217063213870038,-0.0235,-0.00958090505649387));
#10737=CARTESIAN_POINT('',(-0.0220473423865245,-0.0235,-0.0093417232047752));
#10738=CARTESIAN_POINT('',(-0.0220473423865245,-0.0235,-0.0093417232047752));
#10739=CARTESIAN_POINT('',(-0.0220473423865245,-0.0235,-0.0093417232047752));
#10740=CARTESIAN_POINT('',(-0.0223883633860453,-0.0235,-0.00910254135305653));
#10741=CARTESIAN_POINT('',(-0.0231059089412013,-0.0235,-0.00880356403840819));
#10742=CARTESIAN_POINT('',(-0.0231059089412013,-0.0235,-0.00880356403840819));
#10743=CARTESIAN_POINT('',(-0.0231059089412013,-0.0235,-0.00880356403840819));
#10744=CARTESIAN_POINT('',(-0.0237991625895421,-0.0235,-0.00851579837305916));
#10745=CARTESIAN_POINT('',(-0.0242364169122153,-0.0235,-0.00825886474328325));
#10746=CARTESIAN_POINT('',(-0.0242364169122153,-0.0235,-0.00825886474328325));
#10747=CARTESIAN_POINT('',(-0.0229466022968519,-0.0235,-0.00609983375852817));
#10748=CARTESIAN_POINT('',(-0.0249960061522438,-0.0235,-0.00756000527029275));
#10749=CARTESIAN_POINT('',(-0.0249960061522438,-0.0235,-0.00756000527029275));
#10750=CARTESIAN_POINT('',(-0.025318341069599,-0.0235,-0.00711807942707818));
#10751=CARTESIAN_POINT('',(-0.025318341069599,-0.0235,-0.00644724907733596));
#10752=CARTESIAN_POINT('',(-0.025318341069599,-0.0235,-0.00644724907733596));
#10753=CARTESIAN_POINT('',(-0.025318341069599,-0.0235,-0.00644724907733596));
#10754=CARTESIAN_POINT('',(-0.0253314213271149,-0.0235,-0.00562319285383648));
#10755=CARTESIAN_POINT('',(-0.0249128530866072,-0.0235,-0.00501309227113221));
#10756=CARTESIAN_POINT('',(-0.0249128530866072,-0.0235,-0.00501309227113221));
#10757=CARTESIAN_POINT('',(-0.0249128530866072,-0.0235,-0.00501309227113221));
#10758=CARTESIAN_POINT('',(-0.0244942848460995,-0.0235,-0.00440299168842795));
#10759=CARTESIAN_POINT('',(-0.0237524473841284,-0.0235,-0.00407972246696443));
#10760=CARTESIAN_POINT('',(-0.0237524473841284,-0.0235,-0.00407972246696443));
#10761=CARTESIAN_POINT('',(-0.0237524473841284,-0.0235,-0.00407972246696443));
#10762=CARTESIAN_POINT('',(-0.0230106099221572,-0.0235,-0.00375645324550091));
#10763=CARTESIAN_POINT('',(-0.0220538825152824,-0.0235,-0.00375645324550091));
#10764=CARTESIAN_POINT('',(-0.0220538825152824,-0.0235,-0.00375645324550091));
#10765=CARTESIAN_POINT('',(-0.0220538825152824,-0.0235,-0.00375645324550091));
#10766=CARTESIAN_POINT('',(-0.0211924541274519,-0.0235,-0.00375645324550091));
#10767=CARTESIAN_POINT('',(-0.020522558081818,-0.0235,-0.00402553282868442));
#10768=CARTESIAN_POINT('',(-0.020522558081818,-0.0235,-0.00402553282868442));
#10769=CARTESIAN_POINT('',(-0.020522558081818,-0.0235,-0.00402553282868442));
#10770=CARTESIAN_POINT('',(-0.019852662036184,-0.0235,-0.00429461241186792));
#10771=CARTESIAN_POINT('',(-0.0194826776093068,-0.0235,-0.0048028738467701));
#10772=CARTESIAN_POINT('',(-0.0194826776093068,-0.0235,-0.0048028738467701));
#10773=CARTESIAN_POINT('',(-0.0194826776093068,-0.0235,-0.0048028738467701));
#10774=CARTESIAN_POINT('',(-0.0191126931824294,-0.0235,-0.00531113528167227));
#10775=CARTESIAN_POINT('',(-0.0191126931824294,-0.0235,-0.00600438893001311));
#10776=CARTESIAN_POINT('',(-0.0191126931824294,-0.0235,-0.00600438893001311));
#10777=CARTESIAN_POINT('',(-0.0214498364375477,-0.0235,-0.00604507496230496));
#10778=CARTESIAN_POINT('',(-0.0191233767771949,-0.0235,-0.00626786268854696));
#10779=CARTESIAN_POINT('',(-0.0202123691178703,-0.0235,-0.00626786268854696));
#10780=CARTESIAN_POINT('',(-0.0213002557115799,-0.0235,-0.00626786268854696));
#10781=CARTESIAN_POINT('',(-0.0218958245960905,-0.0235,-0.00614547003934411));
#10782=CARTESIAN_POINT('',(-0.0212877531464961,-0.0235,-0.00612397985587245));
#10783=CARTESIAN_POINT('',(-0.0212877531464961,-0.0235,-0.00612397985587245));
#10784=CARTESIAN_POINT('',(-0.0212877531464961,-0.0235,-0.00578949898510962));
#10785=CARTESIAN_POINT('',(-0.0215213291735651,-0.0235,-0.00558021486485578));
#10786=CARTESIAN_POINT('',(-0.0215213291735651,-0.0235,-0.00558021486485578));
#10787=CARTESIAN_POINT('',(-0.0215213291735651,-0.0235,-0.00558021486485578));
#10788=CARTESIAN_POINT('',(-0.0217549052006341,-0.0235,-0.00537093074460194));
#10789=CARTESIAN_POINT('',(-0.0221622617918425,-0.0235,-0.00537093074460194));
#10790=CARTESIAN_POINT('',(-0.0221622617918425,-0.0235,-0.00537093074460194));
#10791=CARTESIAN_POINT('',(-0.0221622617918425,-0.0235,-0.00537093074460194));
#10792=CARTESIAN_POINT('',(-0.0225920416816495,-0.0235,-0.00537093074460194));
#10793=CARTESIAN_POINT('',(-0.022861121264833,-0.0235,-0.00558021486485578));
#10794=CARTESIAN_POINT('',(-0.022861121264833,-0.0235,-0.00558021486485578));
#10795=CARTESIAN_POINT('',(-0.022861121264833,-0.0235,-0.00558021486485578));
#10796=CARTESIAN_POINT('',(-0.0231302008480165,-0.0235,-0.00578949898510962));
#10797=CARTESIAN_POINT('',(-0.0231302008480165,-0.0235,-0.00614827176268763));
#10798=CARTESIAN_POINT('',(-0.0231302008480165,-0.0235,-0.00614827176268763));
#10799=CARTESIAN_POINT('',(-0.0231302008480165,-0.0235,-0.00614827176268763));
#10800=CARTESIAN_POINT('',(-0.0231302008480165,-0.0235,-0.00650704454026563));
#10801=CARTESIAN_POINT('',(-0.0227957199772537,-0.0235,-0.00675276652074224));
#10802=CARTESIAN_POINT('',(-0.0227957199772537,-0.0235,-0.00675276652074224));
#10803=CARTESIAN_POINT('',(-0.0227957199772537,-0.0235,-0.00675276652074224));
#10804=CARTESIAN_POINT('',(-0.0224612391064908,-0.0235,-0.00699848850121884));
#10805=CARTESIAN_POINT('',(-0.0217549052006341,-0.0235,-0.0073198891144658));
#10806=CARTESIAN_POINT('',(-0.0217549052006341,-0.0235,-0.0073198891144658));
#10807=CARTESIAN_POINT('',(-0.0217549052006341,-0.0235,-0.0073198891144658));
#10808=CARTESIAN_POINT('',(-0.0210485712947774,-0.0235,-0.00764315833592932));
#10809=CARTESIAN_POINT('',(-0.0206001053228049,-0.0235,-0.00791877804787076));
#10810=CARTESIAN_POINT('',(-0.0206001053228049,-0.0235,-0.00791877804787076));
#10811=CARTESIAN_POINT('',(-0.0219753694539242,-0.0235,-0.0101277096345464));
#10812=CARTESIAN_POINT('',(-0.0198293044334771,-0.0235,-0.00865407538108402));
#10813=CARTESIAN_POINT('',(-0.0198293044334771,-0.0235,-0.00865407538108402));
#10814=CARTESIAN_POINT('',(-0.0195069695161219,-0.0235,-0.00911375300235584));
#10815=CARTESIAN_POINT('',(-0.0195069695161219,-0.0235,-0.00978458335209805));
#10816=CARTESIAN_POINT('',(-0.0195069695161219,-0.0235,-0.00978458335209805));
#10817=CARTESIAN_POINT('',(-0.0195069695161219,-0.0235,-0.00978458335209805));
#10818=CARTESIAN_POINT('',(-0.0195069695161219,-0.0235,-0.0105264208140692));
#10819=CARTESIAN_POINT('',(-0.0199012458498144,-0.0235,-0.0111122294899583));
#10820=CARTESIAN_POINT('',(-0.0199012458498144,-0.0235,-0.0111122294899583));
#10821=CARTESIAN_POINT('',(-0.0199012458498144,-0.0235,-0.0111122294899583));
#10822=CARTESIAN_POINT('',(-0.0202955221835069,-0.0235,-0.0116980381658474));
#10823=CARTESIAN_POINT('',(-0.0210373596454781,-0.0235,-0.0120269132119606));
#10824=CARTESIAN_POINT('',(-0.0160799420469653,-0.0235,-0.00342197237473808));
#10825=CARTESIAN_POINT('',(-0.0171020707414193,-0.0235,-0.00342197237473808));
#10826=CARTESIAN_POINT('',(-0.0150578133525113,-0.0235,-0.00342197237473808));
#10827=CARTESIAN_POINT('',(-0.0158407601952467,-0.0235,-0.0078468366315335));
#10828=CARTESIAN_POINT('',(-0.016623707037982,-0.0235,-0.0122717008883289));
#10829=CARTESIAN_POINT('',(-0.0176467700365443,-0.0235,-0.0122717008883289));
#10830=CARTESIAN_POINT('',(-0.0186698330351065,-0.0235,-0.0122717008883289));
#10831=CARTESIAN_POINT('',(-0.0178859518882629,-0.0235,-0.0078468366315335));
#10832=CARTESIAN_POINT('',(0.,0.,-0.0139));
#10833=CARTESIAN_POINT('',(-6.93889390390723E-18,-0.0215,-0.0139));
#10834=CARTESIAN_POINT('',(-0.0444182324477334,-0.0215,-0.0139));
#10835=CARTESIAN_POINT('',(0.0444891535558916,-0.0215,-0.0139));
#10836=CARTESIAN_POINT('',(0.0444891535558916,-0.02,-0.0139));
#10837=CARTESIAN_POINT('',(0.0444891535558916,-0.0185,-0.0139));
#10838=CARTESIAN_POINT('',(0.0459891535558916,-0.0185,-0.0139));
#10839=CARTESIAN_POINT('',(0.0474891535558916,-0.0185,-0.0139));
#10840=CARTESIAN_POINT('',(0.0474891535558916,-0.02,-0.0139));
#10841=CARTESIAN_POINT('',(0.0474891535558916,-0.0215,-0.0139));
#10842=CARTESIAN_POINT('',(-6.93889390390723E-18,-0.0215,-0.0139));
#10843=CARTESIAN_POINT('',(0.0475,-0.0215,-0.0139));
#10844=CARTESIAN_POINT('',(0.0475,0.,-0.0139));
#10845=CARTESIAN_POINT('',(0.0475,0.0184947280343323,-0.0139));
#10846=CARTESIAN_POINT('',(0.046,0.0184947280343323,-0.0139));
#10847=CARTESIAN_POINT('',(0.0445,0.0184947280343323,-0.0139));
#10848=CARTESIAN_POINT('',(0.0445,0.0199947280343322,-0.0139));
#10849=CARTESIAN_POINT('',(0.0445,0.0214973640171662,-0.0139));
#10850=CARTESIAN_POINT('',(6.93889390390723E-18,0.0215,-0.0139));
#10851=CARTESIAN_POINT('',(-0.0445,0.0215,-0.0139));
#10852=CARTESIAN_POINT('',(-0.0445,0.02,-0.0139));
#10853=CARTESIAN_POINT('',(-0.0445,0.0185,-0.0139));
#10854=CARTESIAN_POINT('',(-0.046,0.0185,-0.0139));
#10855=CARTESIAN_POINT('',(-0.0475,0.0185,-0.0139));
#10856=CARTESIAN_POINT('',(-0.0475,0.,-0.0139));
#10857=CARTESIAN_POINT('',(-0.0475,-0.0215,-0.0139));
#10858=CARTESIAN_POINT('',(-6.93889390390723E-18,-0.0215,-0.0139));
#10859=CARTESIAN_POINT('',(-0.0474182324477335,-0.0215,-0.0139));
#10860=CARTESIAN_POINT('',(-0.0474182324477335,-0.02,-0.0139));
#10861=CARTESIAN_POINT('',(-0.0474182324477335,-0.0185,-0.0139));
#10862=CARTESIAN_POINT('',(-0.0459182324477334,-0.0185,-0.0139));
#10863=CARTESIAN_POINT('',(-0.0444182324477334,-0.0185,-0.0139));
#10864=CARTESIAN_POINT('',(-0.0444182324477334,-0.02,-0.0139));
#10865=CARTESIAN_POINT('',(-6.93889390390723E-18,-0.0215,-0.0139));
#10866=CARTESIAN_POINT('',(0.0474891535558916,-0.0215,-0.0104));
#10867=CARTESIAN_POINT('',(0.0474891535558916,-0.0215,-0.0104));
#10868=CARTESIAN_POINT('',(-6.93889390390723E-18,-0.0215,-0.0104));
#10869=CARTESIAN_POINT('',(0.0444891535558916,-0.0215,-0.0104));
#10870=CARTESIAN_POINT('',(0.0444891535558916,-0.0215,-0.0104));
#10871=CARTESIAN_POINT('',(-0.0444182324477334,-0.0215,-0.0104));
#10872=CARTESIAN_POINT('',(-0.0444182324477334,-0.0215,-0.0104));
#10873=CARTESIAN_POINT('',(-6.93889390390723E-18,-0.0215,-0.0104));
#10874=CARTESIAN_POINT('',(-0.0474182324477335,-0.0215,-0.0104));
#10875=CARTESIAN_POINT('',(-0.0474182324477335,-0.0215,-0.0104));
#10876=CARTESIAN_POINT('',(-0.0475,-0.0215,-0.0139));
#10877=CARTESIAN_POINT('',(-0.0475,-0.0215,-0.0019));
#10878=CARTESIAN_POINT('',(-6.93889390390723E-18,-0.0215,-0.0019));
#10879=CARTESIAN_POINT('',(0.0475,-0.0215,-0.0019));
#10880=CARTESIAN_POINT('',(0.0475,-0.0215,-0.0139));
#10881=CARTESIAN_POINT('',(0.0475,0.,-0.0139));
#10882=CARTESIAN_POINT('',(0.0475,0.0215,-0.0139));
#10883=CARTESIAN_POINT('',(0.0475,0.0214973640171662,-0.0104));
#10884=CARTESIAN_POINT('',(0.0475,0.0215,-0.0019));
#10885=CARTESIAN_POINT('',(0.0475,0.,-0.0104));
#10886=CARTESIAN_POINT('',(0.0475,0.0184947280343323,-0.0104));
#10887=CARTESIAN_POINT('',(0.0475,0.0184947280343323,-0.0104));
#10888=CARTESIAN_POINT('',(0.0475,0.,-0.0019));
#10889=CARTESIAN_POINT('',(6.93889390390723E-18,0.0215,-0.0139));
#10890=CARTESIAN_POINT('',(0.0445,0.0215,-0.0139));
#10891=CARTESIAN_POINT('',(0.0445,0.0215,-0.0104));
#10892=CARTESIAN_POINT('',(6.93889390390723E-18,0.0215,-0.0104));
#10893=CARTESIAN_POINT('',(6.93889390390723E-18,0.0215,-0.0019));
#10894=CARTESIAN_POINT('',(-0.0475,0.0215,-0.0019));
#10895=CARTESIAN_POINT('',(-0.0475,0.0215,-0.0139));
#10896=CARTESIAN_POINT('',(-0.0475,0.0215,-0.0104));
#10897=CARTESIAN_POINT('',(6.93889390390723E-18,0.0215,-0.0104));
#10898=CARTESIAN_POINT('',(-0.0445,0.0215,-0.0104));
#10899=CARTESIAN_POINT('',(-0.0445,0.0215,-0.0104));
#10900=CARTESIAN_POINT('',(-0.0475,0.,-0.0139));
#10901=CARTESIAN_POINT('',(-0.0475,0.0185,-0.0104));
#10902=CARTESIAN_POINT('',(-0.0475,0.0185,-0.0104));
#10903=CARTESIAN_POINT('',(-0.0475,0.,-0.0104));
#10904=CARTESIAN_POINT('',(-0.0475,0.,-0.0019));
#10905=CARTESIAN_POINT('',(0.,0.,-0.0019));
#10906=CARTESIAN_POINT('',(6.93889390390723E-18,0.0235,-0.0019));
#10907=CARTESIAN_POINT('',(-0.0495,0.0235,-0.0019));
#10908=CARTESIAN_POINT('',(-0.0495,0.,-0.0019));
#10909=CARTESIAN_POINT('',(6.93889390390723E-18,0.0235,-0.0019));
#10910=CARTESIAN_POINT('',(6.93889390390723E-18,0.0235,-0.0159));
#10911=CARTESIAN_POINT('',(-0.0495,0.0235,-0.0159));
#10912=CARTESIAN_POINT('',(-0.0495,0.0235,-0.0019));
#10913=CARTESIAN_POINT('',(-0.0495,0.,-0.0019));
#10914=CARTESIAN_POINT('',(-0.0495,0.,-0.0159));
#10915=CARTESIAN_POINT('',(0.,0.,-0.0159));
#10916=CARTESIAN_POINT('',(-0.046,0.0185,-0.0104));
#10917=CARTESIAN_POINT('',(-0.0445,0.0185,-0.0104));
#10918=CARTESIAN_POINT('',(-0.0445,0.0185,-0.0104));
#10919=CARTESIAN_POINT('',(-0.046,0.0185,-0.0104));
#10920=CARTESIAN_POINT('',(-0.0445,0.02,-0.0104));
#10921=CARTESIAN_POINT('',(-0.0445,0.02,-0.0104));
#10922=CARTESIAN_POINT('',(0.,0.,-0.0104));
#10923=CARTESIAN_POINT('',(-0.0444182324477334,-0.02,-0.0104));
#10924=CARTESIAN_POINT('',(-0.0444182324477334,-0.0185,-0.0104));
#10925=CARTESIAN_POINT('',(-0.0444182324477334,-0.0185,-0.0104));
#10926=CARTESIAN_POINT('',(-0.0444182324477334,-0.02,-0.0104));
#10927=CARTESIAN_POINT('',(-0.0459182324477334,-0.0185,-0.0104));
#10928=CARTESIAN_POINT('',(-0.0474182324477335,-0.0185,-0.0104));
#10929=CARTESIAN_POINT('',(-0.0474182324477335,-0.0185,-0.0104));
#10930=CARTESIAN_POINT('',(-0.0459182324477334,-0.0185,-0.0104));
#10931=CARTESIAN_POINT('',(-0.0474182324477335,-0.02,-0.0104));
#10932=CARTESIAN_POINT('',(-0.0474182324477335,-0.02,-0.0104));
#10933=CARTESIAN_POINT('',(0.,0.,-0.0104));
#10934=CARTESIAN_POINT('',(0.046,0.0184947280343323,-0.0104));
#10935=CARTESIAN_POINT('',(0.046,0.0184947280343323,-0.0104));
#10936=CARTESIAN_POINT('',(0.0445,0.0184947280343323,-0.0104));
#10937=CARTESIAN_POINT('',(0.0445,0.0184947280343323,-0.0104));
#10938=CARTESIAN_POINT('',(0.0445,0.0199947280343322,-0.0104));
#10939=CARTESIAN_POINT('',(0.0445,0.0199947280343322,-0.0104));
#10940=CARTESIAN_POINT('',(0.,0.,-0.0104));
#10941=CARTESIAN_POINT('',(0.0444891535558916,-0.02,-0.0104));
#10942=CARTESIAN_POINT('',(0.0444891535558916,-0.02,-0.0104));
#10943=CARTESIAN_POINT('',(0.0444891535558916,-0.0185,-0.0104));
#10944=CARTESIAN_POINT('',(0.0444891535558916,-0.0185,-0.0104));
#10945=CARTESIAN_POINT('',(0.0474891535558916,-0.02,-0.0104));
#10946=CARTESIAN_POINT('',(0.0474891535558916,-0.0185,-0.0104));
#10947=CARTESIAN_POINT('',(0.0474891535558916,-0.0185,-0.0104));
#10948=CARTESIAN_POINT('',(0.0474891535558916,-0.02,-0.0104));
#10949=CARTESIAN_POINT('',(0.0459891535558916,-0.0185,-0.0104));
#10950=CARTESIAN_POINT('',(0.0459891535558916,-0.0185,-0.0104));
#10951=CARTESIAN_POINT('',(0.,3.02719656677456E-5,-0.0104));
#10952=CARTESIAN_POINT('',(-0.0433111695867794,-0.0255,-0.0101312101762685));
#10953=CARTESIAN_POINT('',(-0.0446210639465824,-0.0255,-0.00799071946420802));
#10954=CARTESIAN_POINT('',(-0.0446210639465824,-0.0255,-0.00799071946420802));
#10955=CARTESIAN_POINT('',(-0.0433111695867794,-0.0255,-0.0101312101762685));
#10956=CARTESIAN_POINT('',(-0.0420012752269764,-0.0255,-0.0122717008883289));
#10957=CARTESIAN_POINT('',(-0.0420012752269764,-0.0255,-0.0122717008883289));
#10958=CARTESIAN_POINT('',(-0.0426300618918461,-0.0255,-0.00593338181778413));
#10959=CARTESIAN_POINT('',(-0.0406390598371099,-0.0255,-0.00387604417136024));
#10960=CARTESIAN_POINT('',(-0.0406390598371099,-0.0255,-0.00387604417136024));
#10961=CARTESIAN_POINT('',(-0.0426300618918461,-0.0255,-0.00593338181778413));
#10962=CARTESIAN_POINT('',(-0.0418349690957032,-0.0255,-0.00387604417136024));
#10963=CARTESIAN_POINT('',(-0.0430308783542966,-0.0255,-0.00387604417136024));
#10964=CARTESIAN_POINT('',(-0.0430308783542966,-0.0255,-0.00387604417136024));
#10965=CARTESIAN_POINT('',(-0.0418349690957032,-0.0255,-0.00387604417136024));
#10966=CARTESIAN_POINT('',(-0.044758406650499,-0.0255,-0.00571755756877236));
#10967=CARTESIAN_POINT('',(-0.0464859349467014,-0.0255,-0.00755907096618448));
#10968=CARTESIAN_POINT('',(-0.0464859349467014,-0.0255,-0.00755907096618448));
#10969=CARTESIAN_POINT('',(-0.044758406650499,-0.0255,-0.00571755756877236));
#10970=CARTESIAN_POINT('',(-0.0461636000293462,-0.0255,-0.00571755756877236));
#10971=CARTESIAN_POINT('',(-0.045841265111991,-0.0255,-0.00387604417136024));
#10972=CARTESIAN_POINT('',(-0.045841265111991,-0.0255,-0.00387604417136024));
#10973=CARTESIAN_POINT('',(-0.0461636000293462,-0.0255,-0.00571755756877236));
#10974=CARTESIAN_POINT('',(-0.046863393806445,-0.0255,-0.00387604417136024));
#10975=CARTESIAN_POINT('',(-0.047885522500899,-0.0255,-0.00387604417136024));
#10976=CARTESIAN_POINT('',(-0.047885522500899,-0.0255,-0.00387604417136024));
#10977=CARTESIAN_POINT('',(-0.046863393806445,-0.0255,-0.00387604417136024));
#10978=CARTESIAN_POINT('',(-0.0486273599628702,-0.0255,-0.00807387252984459));
#10979=CARTESIAN_POINT('',(-0.0493691974248414,-0.0255,-0.0122717008883289));
#10980=CARTESIAN_POINT('',(-0.0493691974248414,-0.0255,-0.0122717008883289));
#10981=CARTESIAN_POINT('',(-0.0486273599628702,-0.0255,-0.00807387252984459));
#10982=CARTESIAN_POINT('',(-0.0483461344262791,-0.0255,-0.0122717008883289));
#10983=CARTESIAN_POINT('',(-0.0473230714277168,-0.0255,-0.0122717008883289));
#10984=CARTESIAN_POINT('',(-0.0473230714277168,-0.0255,-0.0122717008883289));
#10985=CARTESIAN_POINT('',(-0.0483461344262791,-0.0255,-0.0122717008883289));
#10986=CARTESIAN_POINT('',(-0.0469941963816036,-0.0255,-0.0104180415375092));
#10987=CARTESIAN_POINT('',(-0.0466653213354904,-0.0255,-0.00856438218668952));
#10988=CARTESIAN_POINT('',(-0.0466653213354904,-0.0255,-0.00856438218668952));
#10989=CARTESIAN_POINT('',(-0.0469941963816036,-0.0255,-0.0104180415375092));
#10990=CARTESIAN_POINT('',(-0.0455833971781068,-0.0255,-0.0104180415375092));
#10991=CARTESIAN_POINT('',(-0.0445014730207231,-0.0255,-0.0122717008883289));
#10992=CARTESIAN_POINT('',(-0.0445014730207231,-0.0255,-0.0122717008883289));
#10993=CARTESIAN_POINT('',(-0.0455833971781068,-0.0255,-0.0104180415375092));
#10994=CARTESIAN_POINT('',(-0.0432513741238497,-0.0255,-0.0122717008883289));
#10995=CARTESIAN_POINT('',(-0.0432513741238497,-0.0255,-0.0122717008883289));
#10996=CARTESIAN_POINT('',(0.,-0.0255,-0.0089));
#10997=CARTESIAN_POINT('',(-0.0382167140834806,-0.0255,-0.00801265913579867));
#10998=CARTESIAN_POINT('',(-0.0382167140834806,-0.0235,-0.00801265913579867));
#10999=CARTESIAN_POINT('',(-0.0361305254940312,-0.0235,-0.00836070389108534));
#11000=CARTESIAN_POINT('',(-0.0361058163037544,-0.0235,-0.00813460229688253));
#11001=CARTESIAN_POINT('',(-0.0361305254940312,-0.0255,-0.00836070389108534));
#11002=CARTESIAN_POINT('',(-0.0361305254940312,-0.0255,-0.00836070389108534));
#11003=CARTESIAN_POINT('',(-0.0382167140834806,-0.0255,-0.00801265913579867));
#11004=CARTESIAN_POINT('',(-0.0361058163037544,-0.0255,-0.00813460229688253));
#11005=CARTESIAN_POINT('',(-0.0361058163037544,-0.0255,-0.00813460229688253));
#11006=CARTESIAN_POINT('',(-0.0374157106635574,-0.0255,-0.00836070389108534));
#11007=CARTESIAN_POINT('',(-0.0374157106635574,-0.0235,-0.00836070389108534));
#11008=CARTESIAN_POINT('',(-0.0387013131165453,-0.0235,-0.00836070389108534));
#11009=CARTESIAN_POINT('',(-0.0387013131165453,-0.0255,-0.00836070389108534));
#11010=CARTESIAN_POINT('',(-0.0387013131165453,-0.0255,-0.00836070389108534));
#11011=CARTESIAN_POINT('',(-0.0374157106635574,-0.0255,-0.00836070389108534));
#11012=CARTESIAN_POINT('',(-0.0381211102653059,-0.0255,-0.00745816612249066));
#11013=CARTESIAN_POINT('',(-0.0381211102653059,-0.0235,-0.00745816612249066));
#11014=CARTESIAN_POINT('',(-0.0383883212402728,-0.0255,-0.00766994172036657));
#11015=CARTESIAN_POINT('',(-0.0383883212402728,-0.0235,-0.00766994172036657));
#11016=CARTESIAN_POINT('',(-0.038581722190686,-0.0255,-0.00797078764323146));
#11017=CARTESIAN_POINT('',(-0.038581722190686,-0.0235,-0.00797078764323146));
#11018=CARTESIAN_POINT('',(-0.0387013131165453,-0.0255,-0.00836070389108534));
#11019=CARTESIAN_POINT('',(-0.0387013131165453,-0.0235,-0.00836070389108534));
#11020=CARTESIAN_POINT('',(-0.0381211102653059,-0.0235,-0.00745816612249066));
#11021=CARTESIAN_POINT('',(-0.0385219267277563,-0.0235,-0.00777582951930452));
#11022=CARTESIAN_POINT('',(-0.0387013131165453,-0.0235,-0.00836070389108534));
#11023=CARTESIAN_POINT('',(-0.0381211102653059,-0.0235,-0.00745816612249066));
#11024=CARTESIAN_POINT('',(-0.0381211102653059,-0.0255,-0.00745816612249066));
#11025=CARTESIAN_POINT('',(-0.0381211102653059,-0.0255,-0.00745816612249066));
#11026=CARTESIAN_POINT('',(-0.0381211102653059,-0.0255,-0.00745816612249066));
#11027=CARTESIAN_POINT('',(-0.0385219267277563,-0.0255,-0.00777582951930452));
#11028=CARTESIAN_POINT('',(-0.0387013131165453,-0.0255,-0.00836070389108534));
#11029=CARTESIAN_POINT('',(-0.0372169169617919,-0.0255,-0.00858960285882415));
#11030=CARTESIAN_POINT('',(-0.0372169169617919,-0.0235,-0.00858960285882415));
#11031=CARTESIAN_POINT('',(-0.0371933462857877,-0.0235,-0.0071405027256768));
#11032=CARTESIAN_POINT('',(-0.0371933462857877,-0.0255,-0.0071405027256768));
#11033=CARTESIAN_POINT('',(-0.0371933462857877,-0.0255,-0.0071405027256768));
#11034=CARTESIAN_POINT('',(-0.0372169169617919,-0.0255,-0.00858960285882415));
#11035=CARTESIAN_POINT('',(-0.0364047936184028,-0.0255,-0.00739837065956099));
#11036=CARTESIAN_POINT('',(-0.0364047936184028,-0.0235,-0.00739837065956099));
#11037=CARTESIAN_POINT('',(-0.0366041118281683,-0.0255,-0.0072264587036382));
#11038=CARTESIAN_POINT('',(-0.0366041118281683,-0.0235,-0.0072264587036382));
#11039=CARTESIAN_POINT('',(-0.0368669627172966,-0.0255,-0.0071405027256768));
#11040=CARTESIAN_POINT('',(-0.0368669627172966,-0.0235,-0.0071405027256768));
#11041=CARTESIAN_POINT('',(-0.0371933462857877,-0.0255,-0.0071405027256768));
#11042=CARTESIAN_POINT('',(-0.0371933462857877,-0.0235,-0.0071405027256768));
#11043=CARTESIAN_POINT('',(-0.0364047936184028,-0.0235,-0.00739837065956099));
#11044=CARTESIAN_POINT('',(-0.0367037709330511,-0.0235,-0.0071405027256768));
#11045=CARTESIAN_POINT('',(-0.0371933462857877,-0.0235,-0.0071405027256768));
#11046=CARTESIAN_POINT('',(-0.0364047936184028,-0.0235,-0.00739837065956099));
#11047=CARTESIAN_POINT('',(-0.0364047936184028,-0.0255,-0.00739837065956099));
#11048=CARTESIAN_POINT('',(-0.0364047936184028,-0.0255,-0.00739837065956099));
#11049=CARTESIAN_POINT('',(-0.0364047936184028,-0.0255,-0.00739837065956099));
#11050=CARTESIAN_POINT('',(-0.0367037709330511,-0.0255,-0.0071405027256768));
#11051=CARTESIAN_POINT('',(-0.0371933462857877,-0.0255,-0.0071405027256768));
#11052=CARTESIAN_POINT('',(-0.0368700770643242,-0.0255,-0.00550360192797714));
#11053=CARTESIAN_POINT('',(-0.0368700770643242,-0.0235,-0.00550360192797714));
#11054=CARTESIAN_POINT('',(-0.0360092715458992,-0.0255,-0.00550360192797714));
#11055=CARTESIAN_POINT('',(-0.0360092715458992,-0.0235,-0.00550360192797714));
#11056=CARTESIAN_POINT('',(-0.0353256723733439,-0.0255,-0.00573655508564064));
#11057=CARTESIAN_POINT('',(-0.0353256723733439,-0.0235,-0.00573655508564064));
#11058=CARTESIAN_POINT('',(-0.0348192795466582,-0.0255,-0.00620246140096764));
#11059=CARTESIAN_POINT('',(-0.0348192795466582,-0.0235,-0.00620246140096764));
#11060=CARTESIAN_POINT('',(-0.0368700770643242,-0.0255,-0.00550360192797714));
#11061=CARTESIAN_POINT('',(-0.0368700770643242,-0.0255,-0.00550360192797714));
#11062=CARTESIAN_POINT('',(-0.0368700770643242,-0.0255,-0.00550360192797714));
#11063=CARTESIAN_POINT('',(-0.0355788687866867,-0.0255,-0.00550360192797714));
#11064=CARTESIAN_POINT('',(-0.0348192795466582,-0.0255,-0.00620246140096764));
#11065=CARTESIAN_POINT('',(-0.0348192795466582,-0.0255,-0.00620246140096764));
#11066=CARTESIAN_POINT('',(-0.0348192795466582,-0.0255,-0.00620246140096764));
#11067=CARTESIAN_POINT('',(-0.0387013131165453,-0.0255,-0.00592217016848482));
#11068=CARTESIAN_POINT('',(-0.0387013131165453,-0.0235,-0.00592217016848482));
#11069=CARTESIAN_POINT('',(-0.0381432221292017,-0.0255,-0.00564312467481303));
#11070=CARTESIAN_POINT('',(-0.0381432221292017,-0.0235,-0.00564312467481303));
#11071=CARTESIAN_POINT('',(-0.0375328101117947,-0.0255,-0.00550360192797714));
#11072=CARTESIAN_POINT('',(-0.0375328101117947,-0.0235,-0.00550360192797714));
#11073=CARTESIAN_POINT('',(-0.0368700770643242,-0.0255,-0.00550360192797714));
#11074=CARTESIAN_POINT('',(-0.0368700770643242,-0.0235,-0.00550360192797714));
#11075=CARTESIAN_POINT('',(-0.0387013131165453,-0.0255,-0.00592217016848482));
#11076=CARTESIAN_POINT('',(-0.0387013131165453,-0.0255,-0.00592217016848482));
#11077=CARTESIAN_POINT('',(-0.0387013131165453,-0.0255,-0.00592217016848482));
#11078=CARTESIAN_POINT('',(-0.0378641766355299,-0.0255,-0.00550360192797714));
#11079=CARTESIAN_POINT('',(-0.0368700770643242,-0.0255,-0.00550360192797714));
#11080=CARTESIAN_POINT('',(-0.0370024028830525,-0.0255,-0.00932184969457997));
#11081=CARTESIAN_POINT('',(-0.0400999663666345,-0.0255,-0.00711807942707818));
#11082=CARTESIAN_POINT('',(-0.0400999663666345,-0.0255,-0.00711807942707818));
#11083=CARTESIAN_POINT('',(-0.0370024028830525,-0.0255,-0.00932184969457997));
#11084=CARTESIAN_POINT('',(-0.0408408695244975,-0.0255,-0.00893436661356684));
#11085=CARTESIAN_POINT('',(-0.0408408695244975,-0.0235,-0.00893436661356684));
#11086=CARTESIAN_POINT('',(-0.0407212785986381,-0.0255,-0.00824173583463152));
#11087=CARTESIAN_POINT('',(-0.0407212785986381,-0.0235,-0.00824173583463152));
#11088=CARTESIAN_POINT('',(-0.0404743108793505,-0.0255,-0.00763630677246863));
#11089=CARTESIAN_POINT('',(-0.0404743108793505,-0.0235,-0.00763630677246863));
#11090=CARTESIAN_POINT('',(-0.0400999663666345,-0.0255,-0.00711807942707818));
#11091=CARTESIAN_POINT('',(-0.0400999663666345,-0.0235,-0.00711807942707818));
#11092=CARTESIAN_POINT('',(-0.0408408695244975,-0.0255,-0.00893436661356684));
#11093=CARTESIAN_POINT('',(-0.0408408695244975,-0.0255,-0.00893436661356684));
#11094=CARTESIAN_POINT('',(-0.0408408695244975,-0.0255,-0.00893436661356684));
#11095=CARTESIAN_POINT('',(-0.0406614831357084,-0.0255,-0.00789542044516386));
#11096=CARTESIAN_POINT('',(-0.0400999663666345,-0.0255,-0.00711807942707818));
#11097=CARTESIAN_POINT('',(-0.0366782281534131,-0.0254999999999997,-0.00971966160333367));
#11098=CARTESIAN_POINT('',(-0.040913745244943,-0.0255,-0.00970049598235321));
#11099=CARTESIAN_POINT('',(-0.040913745244943,-0.0255,-0.00970049598235321));
#11100=CARTESIAN_POINT('',(-0.0366782281534131,-0.0255,-0.00971966160333367));
#11101=CARTESIAN_POINT('',(-0.040142010051507,-0.0255,-0.0116494543522171));
#11102=CARTESIAN_POINT('',(-0.040142010051507,-0.0235,-0.0116494543522171));
#11103=CARTESIAN_POINT('',(-0.0406565001804643,-0.0255,-0.0111710906487797));
#11104=CARTESIAN_POINT('',(-0.0406565001804643,-0.0235,-0.0111710906487797));
#11105=CARTESIAN_POINT('',(-0.040913745244943,-0.0255,-0.0105214378588251));
#11106=CARTESIAN_POINT('',(-0.040913745244943,-0.0235,-0.0105214378588251));
#11107=CARTESIAN_POINT('',(-0.040913745244943,-0.0255,-0.00970049598235321));
#11108=CARTESIAN_POINT('',(-0.040913745244943,-0.0235,-0.00970049598235321));
#11109=CARTESIAN_POINT('',(-0.040142010051507,-0.0255,-0.0116494543522171));
#11110=CARTESIAN_POINT('',(-0.040142010051507,-0.0255,-0.0116494543522171));
#11111=CARTESIAN_POINT('',(-0.040142010051507,-0.0255,-0.0116494543522171));
#11112=CARTESIAN_POINT('',(-0.040913745244943,-0.0255,-0.010931908797061));
#11113=CARTESIAN_POINT('',(-0.040913745244943,-0.0255,-0.00970049598235321));
#11114=CARTESIAN_POINT('',(-0.0380790665804335,-0.0255,-0.0123669999073731));
#11115=CARTESIAN_POINT('',(-0.0380790665804335,-0.0235,-0.0123669999073731));
#11116=CARTESIAN_POINT('',(-0.0389398720988585,-0.0255,-0.0123669999073731));
#11117=CARTESIAN_POINT('',(-0.0389398720988585,-0.0235,-0.0123669999073731));
#11118=CARTESIAN_POINT('',(-0.0396275199225496,-0.0255,-0.0121278180556544));
#11119=CARTESIAN_POINT('',(-0.0396275199225496,-0.0235,-0.0121278180556544));
#11120=CARTESIAN_POINT('',(-0.040142010051507,-0.0255,-0.0116494543522171));
#11121=CARTESIAN_POINT('',(-0.040142010051507,-0.0235,-0.0116494543522171));
#11122=CARTESIAN_POINT('',(-0.0380790665804335,-0.0255,-0.0123669999073731));
#11123=CARTESIAN_POINT('',(-0.0380790665804335,-0.0255,-0.0123669999073731));
#11124=CARTESIAN_POINT('',(-0.0380790665804335,-0.0255,-0.0123669999073731));
#11125=CARTESIAN_POINT('',(-0.039370274858071,-0.0255,-0.0123669999073731));
#11126=CARTESIAN_POINT('',(-0.040142010051507,-0.0255,-0.0116494543522171));
#11127=CARTESIAN_POINT('',(-0.0359021380081502,-0.0255,-0.0117213957685543));
#11128=CARTESIAN_POINT('',(-0.0359021380081502,-0.0235,-0.0117213957685543));
#11129=CARTESIAN_POINT('',(-0.0365474307122662,-0.0255,-0.0121517985277668));
#11130=CARTESIAN_POINT('',(-0.0365474307122662,-0.0235,-0.0121517985277668));
#11131=CARTESIAN_POINT('',(-0.037273073569694,-0.0255,-0.0123669999073731));
#11132=CARTESIAN_POINT('',(-0.037273073569694,-0.0235,-0.0123669999073731));
#11133=CARTESIAN_POINT('',(-0.0380790665804335,-0.0255,-0.0123669999073731));
#11134=CARTESIAN_POINT('',(-0.0380790665804335,-0.0235,-0.0123669999073731));
#11135=CARTESIAN_POINT('',(-0.0359021380081502,-0.0255,-0.0117213957685543));
#11136=CARTESIAN_POINT('',(-0.0359021380081502,-0.0255,-0.0117213957685543));
#11137=CARTESIAN_POINT('',(-0.0359021380081502,-0.0255,-0.0117213957685543));
#11138=CARTESIAN_POINT('',(-0.0368700770643242,-0.0255,-0.0123669999073731));
#11139=CARTESIAN_POINT('',(-0.0380790665804335,-0.0255,-0.0123669999073731));
#11140=CARTESIAN_POINT('',(-0.0345025504539527,-0.0255,-0.0100592687599312));
#11141=CARTESIAN_POINT('',(-0.0345025504539527,-0.0235,-0.0100592687599312));
#11142=CARTESIAN_POINT('',(-0.0347903161193017,-0.0255,-0.0107369506731341));
#11143=CARTESIAN_POINT('',(-0.0347903161193017,-0.0235,-0.0107369506731341));
#11144=CARTESIAN_POINT('',(-0.0352568453040342,-0.0255,-0.0112909930093418));
#11145=CARTESIAN_POINT('',(-0.0352568453040342,-0.0235,-0.0112909930093418));
#11146=CARTESIAN_POINT('',(-0.0359021380081502,-0.0255,-0.0117213957685543));
#11147=CARTESIAN_POINT('',(-0.0359021380081502,-0.0235,-0.0117213957685543));
#11148=CARTESIAN_POINT('',(-0.0345025504539527,-0.0255,-0.0100592687599312));
#11149=CARTESIAN_POINT('',(-0.0345025504539527,-0.0255,-0.0100592687599312));
#11150=CARTESIAN_POINT('',(-0.0345025504539527,-0.0255,-0.0100592687599312));
#11151=CARTESIAN_POINT('',(-0.0349341989519762,-0.0255,-0.0110757916297356));
#11152=CARTESIAN_POINT('',(-0.0359021380081502,-0.0255,-0.0117213957685543));
#11153=CARTESIAN_POINT('',(-0.0355910147400943,-0.0255,-0.0100592687599312));
#11154=CARTESIAN_POINT('',(-0.0366794790262359,-0.0255,-0.0100592687599312));
#11155=CARTESIAN_POINT('',(-0.0366794790262359,-0.0255,-0.0100592687599312));
#11156=CARTESIAN_POINT('',(-0.0355910147400943,-0.0255,-0.0100592687599312));
#11157=CARTESIAN_POINT('',(-0.0378510963780141,-0.0255,-0.0107058072028582));
#11158=CARTESIAN_POINT('',(-0.0378510963780141,-0.0235,-0.0107058072028582));
#11159=CARTESIAN_POINT('',(-0.0373415892043009,-0.0255,-0.0107058072028582));
#11160=CARTESIAN_POINT('',(-0.0373415892043009,-0.0235,-0.0107058072028582));
#11161=CARTESIAN_POINT('',(-0.0369510500870415,-0.0255,-0.0104902943885492));
#11162=CARTESIAN_POINT('',(-0.0369510500870415,-0.0235,-0.0104902943885492));
#11163=CARTESIAN_POINT('',(-0.0366794790262359,-0.0255,-0.0100592687599312));
#11164=CARTESIAN_POINT('',(-0.0366794790262359,-0.0235,-0.0100592687599312));
#11165=CARTESIAN_POINT('',(-0.0378510963780141,-0.0255,-0.0107058072028582));
#11166=CARTESIAN_POINT('',(-0.0378510963780141,-0.0255,-0.0107058072028582));
#11167=CARTESIAN_POINT('',(-0.0378510963780141,-0.0255,-0.0107058072028582));
#11168=CARTESIAN_POINT('',(-0.0370868356174442,-0.0255,-0.0107058072028582));
#11169=CARTESIAN_POINT('',(-0.0366794790262359,-0.0255,-0.0100592687599312));
#11170=CARTESIAN_POINT('',(-0.0386162914426922,-0.0255,-0.0104301874909168));
#11171=CARTESIAN_POINT('',(-0.0386162914426922,-0.0235,-0.0104301874909168));
#11172=CARTESIAN_POINT('',(-0.0384250705351984,-0.0255,-0.0106139339655444));
#11173=CARTESIAN_POINT('',(-0.0384250705351984,-0.0235,-0.0106139339655444));
#11174=CARTESIAN_POINT('',(-0.038170005513639,-0.0255,-0.0107058072028582));
#11175=CARTESIAN_POINT('',(-0.038170005513639,-0.0235,-0.0107058072028582));
#11176=CARTESIAN_POINT('',(-0.0378510963780141,-0.0255,-0.0107058072028582));
#11177=CARTESIAN_POINT('',(-0.0378510963780141,-0.0235,-0.0107058072028582));
#11178=CARTESIAN_POINT('',(-0.0386162914426922,-0.0255,-0.0104301874909168));
#11179=CARTESIAN_POINT('',(-0.0386162914426922,-0.0255,-0.0104301874909168));
#11180=CARTESIAN_POINT('',(-0.0386162914426922,-0.0255,-0.0104301874909168));
#11181=CARTESIAN_POINT('',(-0.0383294600814515,-0.0255,-0.0107058072028582));
#11182=CARTESIAN_POINT('',(-0.0378510963780141,-0.0255,-0.0107058072028582));
#11183=CARTESIAN_POINT('',(-0.038903122803933,-0.0255,-0.00962948887012423));
#11184=CARTESIAN_POINT('',(-0.038903122803933,-0.0235,-0.00962948887012423));
#11185=CARTESIAN_POINT('',(-0.038903122803933,-0.0255,-0.00997954147602498));
#11186=CARTESIAN_POINT('',(-0.038903122803933,-0.0235,-0.00997954147602498));
#11187=CARTESIAN_POINT('',(-0.038807512350186,-0.0255,-0.0102464410162892));
#11188=CARTESIAN_POINT('',(-0.038807512350186,-0.0235,-0.0102464410162892));
#11189=CARTESIAN_POINT('',(-0.0386162914426922,-0.0255,-0.0104301874909168));
#11190=CARTESIAN_POINT('',(-0.0386162914426922,-0.0235,-0.0104301874909168));
#11191=CARTESIAN_POINT('',(-0.038903122803933,-0.0255,-0.00962948887012423));
#11192=CARTESIAN_POINT('',(-0.038903122803933,-0.0255,-0.00962948887012423));
#11193=CARTESIAN_POINT('',(-0.038903122803933,-0.0255,-0.00962948887012423));
#11194=CARTESIAN_POINT('',(-0.038903122803933,-0.0255,-0.0101545677789754));
#11195=CARTESIAN_POINT('',(-0.0386162914426922,-0.0255,-0.0104301874909168));
#11196=CARTESIAN_POINT('',(-0.0371673690343187,-0.0254999999999994,-0.00959323095272557));
#11197=CARTESIAN_POINT('',(-0.0388924694626278,-0.0255,-0.00940151866770487));
#11198=CARTESIAN_POINT('',(-0.0388924694626278,-0.0255,-0.00940151866770487));
#11199=CARTESIAN_POINT('',(-0.0371673690343187,-0.0255,-0.00959323095272557));
#11200=CARTESIAN_POINT('',(-0.0365776398784338,-0.0255,-0.00940151866770487));
#11201=CARTESIAN_POINT('',(-0.0342636034241422,-0.0255,-0.00940151866770487));
#11202=CARTESIAN_POINT('',(-0.0342636034241422,-0.0255,-0.00940151866770487));
#11203=CARTESIAN_POINT('',(-0.0365776398784338,-0.0255,-0.00940151866770487));
#11204=CARTESIAN_POINT('',(-0.0389341982490474,-0.0254999999999994,-0.00794128647340513));
#11205=CARTESIAN_POINT('',(-0.0341194857695595,-0.0255,-0.0088147756877075));
#11206=CARTESIAN_POINT('',(-0.0341191661780411,-0.0255,-0.00881483317231575));
#11207=CARTESIAN_POINT('',(-0.0389341982490474,-0.0255,-0.00794128647340513));
#11208=CARTESIAN_POINT('',(-0.0378237264349039,-0.0254999999999998,-0.0081522943044464));
#11209=CARTESIAN_POINT('',(-0.0340596903066299,-0.0255,-0.00811031039006735));
#11210=CARTESIAN_POINT('',(-0.0340596903066299,-0.0255,-0.00811031039006735));
#11211=CARTESIAN_POINT('',(-0.0378237264349039,-0.0255,-0.0081522943044464));
#11212=CARTESIAN_POINT('',(-0.0348192795466582,-0.0255,-0.00620246140096764));
#11213=CARTESIAN_POINT('',(-0.0348192795466582,-0.0235,-0.00620246140096764));
#11214=CARTESIAN_POINT('',(-0.0343128867199726,-0.0255,-0.00666836771629463));
#11215=CARTESIAN_POINT('',(-0.0343128867199726,-0.0235,-0.00666836771629463));
#11216=CARTESIAN_POINT('',(-0.0340596903066299,-0.0255,-0.00730431737932787));
#11217=CARTESIAN_POINT('',(-0.0340596903066299,-0.0235,-0.00730431737932787));
#11218=CARTESIAN_POINT('',(-0.0340596903066299,-0.0255,-0.00811031039006735));
#11219=CARTESIAN_POINT('',(-0.0340596903066299,-0.0235,-0.00811031039006735));
#11220=CARTESIAN_POINT('',(-0.0348192795466582,-0.0255,-0.00620246140096764));
#11221=CARTESIAN_POINT('',(-0.0340596903066299,-0.0255,-0.00690132087395813));
#11222=CARTESIAN_POINT('',(-0.0340596903066299,-0.0255,-0.00811031039006735));
#11223=CARTESIAN_POINT('',(-0.0361058163037544,-0.0255,-0.00813460229688253));
#11224=CARTESIAN_POINT('',(-0.0361058163037544,-0.0235,-0.00813460229688253));
#11225=CARTESIAN_POINT('',(-0.0361058163037544,-0.0255,-0.00781569316125764));
#11226=CARTESIAN_POINT('',(-0.0361058163037544,-0.0235,-0.00781569316125764));
#11227=CARTESIAN_POINT('',(-0.0362054754086372,-0.0255,-0.00757028261548379));
#11228=CARTESIAN_POINT('',(-0.0362054754086372,-0.0235,-0.00757028261548379));
#11229=CARTESIAN_POINT('',(-0.0364047936184028,-0.0255,-0.00739837065956099));
#11230=CARTESIAN_POINT('',(-0.0364047936184028,-0.0235,-0.00739837065956099));
#11231=CARTESIAN_POINT('',(-0.0361058163037544,-0.0235,-0.00813460229688253));
#11232=CARTESIAN_POINT('',(-0.0361058163037544,-0.0235,-0.00765623859344519));
#11233=CARTESIAN_POINT('',(-0.0364047936184028,-0.0235,-0.00739837065956099));
#11234=CARTESIAN_POINT('',(-0.0361058163037544,-0.0255,-0.00813460229688253));
#11235=CARTESIAN_POINT('',(-0.0361058163037544,-0.0255,-0.00765623859344519));
#11236=CARTESIAN_POINT('',(-0.0364047936184028,-0.0255,-0.00739837065956099));
#11237=CARTESIAN_POINT('',(0.,-0.0255,-0.0089));
#11238=CARTESIAN_POINT('',(0.,-0.0235,-0.0019));
#11239=CARTESIAN_POINT('',(-0.0305569842047029,-0.0255,-0.00768520202080175));
#11240=CARTESIAN_POINT('',(-0.030963406491803,-0.0255,-0.0055989009470213));
#11241=CARTESIAN_POINT('',(-0.030963406491803,-0.0255,-0.0055989009470213));
#11242=CARTESIAN_POINT('',(-0.0305569842047029,-0.0255,-0.00768520202080175));
#11243=CARTESIAN_POINT('',(-0.0301505619176028,-0.0255,-0.00977150309458219));
#11244=CARTESIAN_POINT('',(-0.0301505619176028,-0.0255,-0.00977150309458219));
#11245=CARTESIAN_POINT('',(-0.0320995202874667,-0.0255,-0.0055989009470213));
#11246=CARTESIAN_POINT('',(-0.0332356340831303,-0.0255,-0.0055989009470213));
#11247=CARTESIAN_POINT('',(-0.0332356340831303,-0.0255,-0.0055989009470213));
#11248=CARTESIAN_POINT('',(-0.0320995202874667,-0.0255,-0.0055989009470213));
#11249=CARTESIAN_POINT('',(-0.0324461471116371,-0.0255,-0.00882131581646544));
#11250=CARTESIAN_POINT('',(-0.0316566601401438,-0.0255,-0.0120437306859096));
#11251=CARTESIAN_POINT('',(-0.0316566601401438,-0.0255,-0.0120437306859096));
#11252=CARTESIAN_POINT('',(-0.0324461471116371,-0.0255,-0.00882131581646544));
#11253=CARTESIAN_POINT('',(-0.0327217668235785,-0.0255,-0.0137422955547554));
#11254=CARTESIAN_POINT('',(-0.0337868735070132,-0.0255,-0.0154408604236013));
#11255=CARTESIAN_POINT('',(-0.0337868735070132,-0.0255,-0.0154408604236013));
#11256=CARTESIAN_POINT('',(-0.0327217668235785,-0.0255,-0.0137422955547554));
#11257=CARTESIAN_POINT('',(-0.032686263267464,-0.0255,-0.0154408604236013));
#11258=CARTESIAN_POINT('',(-0.0315856530279148,-0.0255,-0.0154408604236013));
#11259=CARTESIAN_POINT('',(-0.0315856530279148,-0.0255,-0.0154408604236013));
#11260=CARTESIAN_POINT('',(-0.032686263267464,-0.0255,-0.0154408604236013));
#11261=CARTESIAN_POINT('',(-0.0286257776128962,-0.0255,-0.0105198806853113));
#11262=CARTESIAN_POINT('',(-0.0256659021978777,-0.0255,-0.0055989009470213));
#11263=CARTESIAN_POINT('',(-0.0256659021978777,-0.0255,-0.0055989009470213));
#11264=CARTESIAN_POINT('',(-0.0286257776128962,-0.0255,-0.0105198806853113));
#11265=CARTESIAN_POINT('',(-0.0267721182620765,-0.0255,-0.0055989009470213));
#11266=CARTESIAN_POINT('',(-0.0278783343262754,-0.0255,-0.0055989009470213));
#11267=CARTESIAN_POINT('',(-0.0278783343262754,-0.0255,-0.0055989009470213));
#11268=CARTESIAN_POINT('',(-0.0267721182620765,-0.0255,-0.0055989009470213));
#11269=CARTESIAN_POINT('',(-0.0290144481219391,-0.0255,-0.00768520202080174));
#11270=CARTESIAN_POINT('',(-0.0290144481219391,-0.0255,-0.00768520202080174));
#11271=CARTESIAN_POINT('',(0.,-0.0255,-0.0089));
#11272=CARTESIAN_POINT('',(-0.0227714280704385,-0.0255,-0.0123557882580738));
#11273=CARTESIAN_POINT('',(-0.0227714280704385,-0.0235,-0.0123557882580738));
#11274=CARTESIAN_POINT('',(-0.0236808174024938,-0.0255,-0.0123557882580738));
#11275=CARTESIAN_POINT('',(-0.0236808174024938,-0.0235,-0.0123557882580738));
#11276=CARTESIAN_POINT('',(-0.0244204748215457,-0.0255,-0.0121583386565248));
#11277=CARTESIAN_POINT('',(-0.0244204748215457,-0.0235,-0.0121583386565248));
#11278=CARTESIAN_POINT('',(-0.0249904003275941,-0.0255,-0.0117634394534267));
#11279=CARTESIAN_POINT('',(-0.0249904003275941,-0.0235,-0.0117634394534267));
#11280=CARTESIAN_POINT('',(-0.0227714280704385,-0.0255,-0.0123557882580738));
#11281=CARTESIAN_POINT('',(-0.0227714280704385,-0.0255,-0.0123557882580738));
#11282=CARTESIAN_POINT('',(-0.0227714280704385,-0.0255,-0.0123557882580738));
#11283=CARTESIAN_POINT('',(-0.0241355120685215,-0.0255,-0.0123557882580738));
#11284=CARTESIAN_POINT('',(-0.0249904003275941,-0.0255,-0.0117634394534267));
#11285=CARTESIAN_POINT('',(-0.0249904003275941,-0.0255,-0.0117634394534267));
#11286=CARTESIAN_POINT('',(-0.0249904003275941,-0.0255,-0.0117634394534267));
#11287=CARTESIAN_POINT('',(-0.0210373596454781,-0.0255,-0.0120269132119606));
#11288=CARTESIAN_POINT('',(-0.0210373596454781,-0.0235,-0.0120269132119606));
#11289=CARTESIAN_POINT('',(-0.0215319179534589,-0.0255,-0.0122461632427027));
#11290=CARTESIAN_POINT('',(-0.0215319179534589,-0.0235,-0.0122461632427027));
#11291=CARTESIAN_POINT('',(-0.022109940761779,-0.0255,-0.0123557882580738));
#11292=CARTESIAN_POINT('',(-0.022109940761779,-0.0235,-0.0123557882580738));
#11293=CARTESIAN_POINT('',(-0.0227714280704385,-0.0255,-0.0123557882580738));
#11294=CARTESIAN_POINT('',(-0.0227714280704385,-0.0235,-0.0123557882580738));
#11295=CARTESIAN_POINT('',(-0.0210373596454781,-0.0255,-0.0120269132119606));
#11296=CARTESIAN_POINT('',(-0.0210373596454781,-0.0255,-0.0120269132119606));
#11297=CARTESIAN_POINT('',(-0.0210373596454781,-0.0255,-0.0120269132119606));
#11298=CARTESIAN_POINT('',(-0.0217791971074493,-0.0255,-0.0123557882580738));
#11299=CARTESIAN_POINT('',(-0.0227714280704385,-0.0255,-0.0123557882580738));
#11300=CARTESIAN_POINT('',(-0.0199012458498144,-0.0255,-0.0111122294899583));
#11301=CARTESIAN_POINT('',(-0.0199012458498144,-0.0235,-0.0111122294899583));
#11302=CARTESIAN_POINT('',(-0.0201640967389427,-0.0255,-0.0115027686072177));
#11303=CARTESIAN_POINT('',(-0.0201640967389427,-0.0235,-0.0115027686072177));
#11304=CARTESIAN_POINT('',(-0.0205428013374973,-0.0255,-0.0118076631812185));
#11305=CARTESIAN_POINT('',(-0.0205428013374973,-0.0235,-0.0118076631812185));
#11306=CARTESIAN_POINT('',(-0.0210373596454781,-0.0255,-0.0120269132119606));
#11307=CARTESIAN_POINT('',(-0.0210373596454781,-0.0235,-0.0120269132119606));
#11308=CARTESIAN_POINT('',(-0.0199012458498144,-0.0255,-0.0111122294899583));
#11309=CARTESIAN_POINT('',(-0.0199012458498144,-0.0255,-0.0111122294899583));
#11310=CARTESIAN_POINT('',(-0.0199012458498144,-0.0255,-0.0111122294899583));
#11311=CARTESIAN_POINT('',(-0.0202955221835069,-0.0255,-0.0116980381658474));
#11312=CARTESIAN_POINT('',(-0.0210373596454781,-0.0255,-0.0120269132119606));
#11313=CARTESIAN_POINT('',(-0.0195069695161219,-0.0255,-0.00978458335209805));
#11314=CARTESIAN_POINT('',(-0.0195069695161219,-0.0235,-0.00978458335209805));
#11315=CARTESIAN_POINT('',(-0.0195069695161219,-0.0255,-0.0102791416600788));
#11316=CARTESIAN_POINT('',(-0.0195069695161219,-0.0235,-0.0102791416600788));
#11317=CARTESIAN_POINT('',(-0.0196383949606861,-0.0255,-0.0107216903726989));
#11318=CARTESIAN_POINT('',(-0.0196383949606861,-0.0235,-0.0107216903726989));
#11319=CARTESIAN_POINT('',(-0.0199012458498144,-0.0255,-0.0111122294899583));
#11320=CARTESIAN_POINT('',(-0.0199012458498144,-0.0235,-0.0111122294899583));
#11321=CARTESIAN_POINT('',(-0.0195069695161219,-0.0255,-0.00978458335209805));
#11322=CARTESIAN_POINT('',(-0.0195069695161219,-0.0255,-0.00978458335209805));
#11323=CARTESIAN_POINT('',(-0.0195069695161219,-0.0255,-0.00978458335209805));
#11324=CARTESIAN_POINT('',(-0.0195069695161219,-0.0255,-0.0105264208140692));
#11325=CARTESIAN_POINT('',(-0.0199012458498144,-0.0255,-0.0111122294899583));
#11326=CARTESIAN_POINT('',(-0.0198293044334771,-0.0255,-0.00865407538108402));
#11327=CARTESIAN_POINT('',(-0.0198293044334771,-0.0235,-0.00865407538108402));
#11328=CARTESIAN_POINT('',(-0.0196144144885737,-0.0255,-0.00896052712859857));
#11329=CARTESIAN_POINT('',(-0.0196144144885737,-0.0235,-0.00896052712859857));
#11330=CARTESIAN_POINT('',(-0.0195069695161219,-0.0255,-0.00933736311893658));
#11331=CARTESIAN_POINT('',(-0.0195069695161219,-0.0235,-0.00933736311893658));
#11332=CARTESIAN_POINT('',(-0.0195069695161219,-0.0255,-0.00978458335209805));
#11333=CARTESIAN_POINT('',(-0.0195069695161219,-0.0235,-0.00978458335209805));
#11334=CARTESIAN_POINT('',(-0.0198293044334771,-0.0255,-0.00865407538108402));
#11335=CARTESIAN_POINT('',(-0.0198293044334771,-0.0255,-0.00865407538108402));
#11336=CARTESIAN_POINT('',(-0.0198293044334771,-0.0255,-0.00865407538108402));
#11337=CARTESIAN_POINT('',(-0.0195069695161219,-0.0255,-0.00911375300235584));
#11338=CARTESIAN_POINT('',(-0.0195069695161219,-0.0255,-0.00978458335209805));
#11339=CARTESIAN_POINT('',(-0.0219753694539242,-0.0255,-0.0101277096345464));
#11340=CARTESIAN_POINT('',(-0.0206001053228049,-0.0255,-0.00791877804787076));
#11341=CARTESIAN_POINT('',(-0.0206001053228049,-0.0255,-0.00791877804787076));
#11342=CARTESIAN_POINT('',(-0.0219753694539242,-0.0255,-0.0101277096345464));
#11343=CARTESIAN_POINT('',(-0.0217549052006341,-0.0255,-0.0073198891144658));
#11344=CARTESIAN_POINT('',(-0.0217549052006341,-0.0235,-0.0073198891144658));
#11345=CARTESIAN_POINT('',(-0.021284015930063,-0.0255,-0.00753540192877481));
#11346=CARTESIAN_POINT('',(-0.021284015930063,-0.0235,-0.00753540192877481));
#11347=CARTESIAN_POINT('',(-0.0208990826374532,-0.0255,-0.00773503157324313));
#11348=CARTESIAN_POINT('',(-0.0208990826374532,-0.0235,-0.00773503157324313));
#11349=CARTESIAN_POINT('',(-0.0206001053228049,-0.0255,-0.00791877804787076));
#11350=CARTESIAN_POINT('',(-0.0206001053228049,-0.0235,-0.00791877804787076));
#11351=CARTESIAN_POINT('',(-0.0217549052006341,-0.0255,-0.0073198891144658));
#11352=CARTESIAN_POINT('',(-0.0217549052006341,-0.0255,-0.0073198891144658));
#11353=CARTESIAN_POINT('',(-0.0217549052006341,-0.0255,-0.0073198891144658));
#11354=CARTESIAN_POINT('',(-0.0210485712947774,-0.0255,-0.00764315833592932));
#11355=CARTESIAN_POINT('',(-0.0206001053228049,-0.0255,-0.00791877804787076));
#11356=CARTESIAN_POINT('',(-0.0227957199772537,-0.0255,-0.00675276652074224));
#11357=CARTESIAN_POINT('',(-0.0227957199772537,-0.0235,-0.00675276652074224));
#11358=CARTESIAN_POINT('',(-0.0225727327300784,-0.0255,-0.00691658117439331));
#11359=CARTESIAN_POINT('',(-0.0225727327300784,-0.0235,-0.00691658117439331));
#11360=CARTESIAN_POINT('',(-0.0222257944712052,-0.0255,-0.00710562203896783));
#11361=CARTESIAN_POINT('',(-0.0222257944712052,-0.0235,-0.00710562203896783));
#11362=CARTESIAN_POINT('',(-0.0217549052006341,-0.0255,-0.0073198891144658));
#11363=CARTESIAN_POINT('',(-0.0217549052006341,-0.0235,-0.0073198891144658));
#11364=CARTESIAN_POINT('',(-0.0227957199772537,-0.0255,-0.00675276652074224));
#11365=CARTESIAN_POINT('',(-0.0227957199772537,-0.0255,-0.00675276652074224));
#11366=CARTESIAN_POINT('',(-0.0227957199772537,-0.0255,-0.00675276652074224));
#11367=CARTESIAN_POINT('',(-0.0224612391064908,-0.0255,-0.00699848850121884));
#11368=CARTESIAN_POINT('',(-0.0217549052006341,-0.0255,-0.0073198891144658));
#11369=CARTESIAN_POINT('',(-0.0231302008480165,-0.0255,-0.00614827176268763));
#11370=CARTESIAN_POINT('',(-0.0231302008480165,-0.0235,-0.00614827176268763));
#11371=CARTESIAN_POINT('',(-0.0231302008480165,-0.0255,-0.0063874536144063));
#11372=CARTESIAN_POINT('',(-0.0231302008480165,-0.0235,-0.0063874536144063));
#11373=CARTESIAN_POINT('',(-0.0230187072244289,-0.0255,-0.00658895186709117));
#11374=CARTESIAN_POINT('',(-0.0230187072244289,-0.0235,-0.00658895186709117));
#11375=CARTESIAN_POINT('',(-0.0227957199772537,-0.0255,-0.00675276652074224));
#11376=CARTESIAN_POINT('',(-0.0227957199772537,-0.0235,-0.00675276652074224));
#11377=CARTESIAN_POINT('',(-0.0231302008480165,-0.0255,-0.00614827176268763));
#11378=CARTESIAN_POINT('',(-0.0231302008480165,-0.0255,-0.00614827176268763));
#11379=CARTESIAN_POINT('',(-0.0231302008480165,-0.0255,-0.00614827176268763));
#11380=CARTESIAN_POINT('',(-0.0231302008480165,-0.0255,-0.00650704454026563));
#11381=CARTESIAN_POINT('',(-0.0227957199772537,-0.0255,-0.00675276652074224));
#11382=CARTESIAN_POINT('',(-0.022861121264833,-0.0255,-0.00558021486485578));
#11383=CARTESIAN_POINT('',(-0.022861121264833,-0.0235,-0.00558021486485578));
#11384=CARTESIAN_POINT('',(-0.023040507653622,-0.0255,-0.00571973761169167));
#11385=CARTESIAN_POINT('',(-0.023040507653622,-0.0235,-0.00571973761169167));
#11386=CARTESIAN_POINT('',(-0.0231302008480165,-0.0255,-0.00590908991096896));
#11387=CARTESIAN_POINT('',(-0.0231302008480165,-0.0235,-0.00590908991096896));
#11388=CARTESIAN_POINT('',(-0.0231302008480165,-0.0255,-0.00614827176268763));
#11389=CARTESIAN_POINT('',(-0.0231302008480165,-0.0235,-0.00614827176268763));
#11390=CARTESIAN_POINT('',(-0.022861121264833,-0.0255,-0.00558021486485578));
#11391=CARTESIAN_POINT('',(-0.022861121264833,-0.0255,-0.00558021486485578));
#11392=CARTESIAN_POINT('',(-0.022861121264833,-0.0255,-0.00558021486485578));
#11393=CARTESIAN_POINT('',(-0.0231302008480165,-0.0255,-0.00578949898510962));
#11394=CARTESIAN_POINT('',(-0.0231302008480165,-0.0255,-0.00614827176268763));
#11395=CARTESIAN_POINT('',(-0.0221622617918425,-0.0255,-0.00537093074460194));
#11396=CARTESIAN_POINT('',(-0.0221622617918425,-0.0235,-0.00537093074460194));
#11397=CARTESIAN_POINT('',(-0.0224487817183805,-0.0255,-0.00537093074460194));
#11398=CARTESIAN_POINT('',(-0.0224487817183805,-0.0235,-0.00537093074460194));
#11399=CARTESIAN_POINT('',(-0.022681734876044,-0.0255,-0.00544069211801989));
#11400=CARTESIAN_POINT('',(-0.022681734876044,-0.0235,-0.00544069211801989));
#11401=CARTESIAN_POINT('',(-0.022861121264833,-0.0255,-0.00558021486485578));
#11402=CARTESIAN_POINT('',(-0.022861121264833,-0.0235,-0.00558021486485578));
#11403=CARTESIAN_POINT('',(-0.0221622617918425,-0.0255,-0.00537093074460194));
#11404=CARTESIAN_POINT('',(-0.0221622617918425,-0.0255,-0.00537093074460194));
#11405=CARTESIAN_POINT('',(-0.0221622617918425,-0.0255,-0.00537093074460194));
#11406=CARTESIAN_POINT('',(-0.0225920416816495,-0.0255,-0.00537093074460194));
#11407=CARTESIAN_POINT('',(-0.022861121264833,-0.0255,-0.00558021486485578));
#11408=CARTESIAN_POINT('',(-0.0215213291735651,-0.0255,-0.00558021486485578));
#11409=CARTESIAN_POINT('',(-0.0215213291735651,-0.0235,-0.00558021486485578));
#11410=CARTESIAN_POINT('',(-0.0216770465249444,-0.0255,-0.00544069211801989));
#11411=CARTESIAN_POINT('',(-0.0216770465249444,-0.0235,-0.00544069211801989));
#11412=CARTESIAN_POINT('',(-0.0218906907310369,-0.0255,-0.00537093074460194));
#11413=CARTESIAN_POINT('',(-0.0218906907310369,-0.0235,-0.00537093074460194));
#11414=CARTESIAN_POINT('',(-0.0221622617918425,-0.0255,-0.00537093074460194));
#11415=CARTESIAN_POINT('',(-0.0221622617918425,-0.0235,-0.00537093074460194));
#11416=CARTESIAN_POINT('',(-0.0215213291735651,-0.0255,-0.00558021486485578));
#11417=CARTESIAN_POINT('',(-0.0215213291735651,-0.0255,-0.00558021486485578));
#11418=CARTESIAN_POINT('',(-0.0215213291735651,-0.0255,-0.00558021486485578));
#11419=CARTESIAN_POINT('',(-0.0217549052006341,-0.0255,-0.00537093074460194));
#11420=CARTESIAN_POINT('',(-0.0221622617918425,-0.0255,-0.00537093074460194));
#11421=CARTESIAN_POINT('',(-0.0212877531464961,-0.0255,-0.00612397985587245));
#11422=CARTESIAN_POINT('',(-0.0212877531464961,-0.0235,-0.00612397985587245));
#11423=CARTESIAN_POINT('',(-0.0212877531464961,-0.0255,-0.00590099260869723));
#11424=CARTESIAN_POINT('',(-0.0212877531464961,-0.0235,-0.00590099260869723));
#11425=CARTESIAN_POINT('',(-0.0213656118221858,-0.0255,-0.00571973761169167));
#11426=CARTESIAN_POINT('',(-0.0213656118221858,-0.0235,-0.00571973761169167));
#11427=CARTESIAN_POINT('',(-0.0215213291735651,-0.0255,-0.00558021486485578));
#11428=CARTESIAN_POINT('',(-0.0215213291735651,-0.0235,-0.00558021486485578));
#11429=CARTESIAN_POINT('',(-0.0212877531464961,-0.0255,-0.00612397985587245));
#11430=CARTESIAN_POINT('',(-0.0212877531464961,-0.0255,-0.00612397985587245));
#11431=CARTESIAN_POINT('',(-0.0212877531464961,-0.0255,-0.00612397985587245));
#11432=CARTESIAN_POINT('',(-0.0212877531464961,-0.0255,-0.00578949898510962));
#11433=CARTESIAN_POINT('',(-0.0215213291735651,-0.0255,-0.00558021486485578));
#11434=CARTESIAN_POINT('',(-0.0218958245960905,-0.0254999999999998,-0.00614547003934411));
#11435=CARTESIAN_POINT('',(-0.0213002557115799,-0.0255,-0.00626786268854696));
#11436=CARTESIAN_POINT('',(-0.0213002557115799,-0.0255,-0.00626786268854696));
#11437=CARTESIAN_POINT('',(-0.0218958245960905,-0.0255,-0.00614547003934411));
#11438=CARTESIAN_POINT('',(-0.0202123691178703,-0.0255,-0.00626786268854696));
#11439=CARTESIAN_POINT('',(-0.0191233767771949,-0.0255,-0.00626786268854696));
#11440=CARTESIAN_POINT('',(-0.0191233767771949,-0.0255,-0.00626786268854696));
#11441=CARTESIAN_POINT('',(-0.0202123691178703,-0.0255,-0.00626786268854696));
#11442=CARTESIAN_POINT('',(-0.0214498364375477,-0.0255,-0.00604507496230496));
#11443=CARTESIAN_POINT('',(-0.0191126931824294,-0.0255,-0.00600438893001311));
#11444=CARTESIAN_POINT('',(-0.0191126931824294,-0.0255,-0.00600438893001311));
#11445=CARTESIAN_POINT('',(-0.0214498364375477,-0.0255,-0.00604507496230496));
#11446=CARTESIAN_POINT('',(-0.0194826776093068,-0.0255,-0.0048028738467701));
#11447=CARTESIAN_POINT('',(-0.0194826776093068,-0.0235,-0.0048028738467701));
#11448=CARTESIAN_POINT('',(-0.0192360213247219,-0.0255,-0.00514171480337155));
#11449=CARTESIAN_POINT('',(-0.0192360213247219,-0.0235,-0.00514171480337155));
#11450=CARTESIAN_POINT('',(-0.0191126931824294,-0.0255,-0.00554221983111922));
#11451=CARTESIAN_POINT('',(-0.0191126931824294,-0.0235,-0.00554221983111922));
#11452=CARTESIAN_POINT('',(-0.0191126931824294,-0.0255,-0.00600438893001311));
#11453=CARTESIAN_POINT('',(-0.0191126931824294,-0.0235,-0.00600438893001311));
#11454=CARTESIAN_POINT('',(-0.0194826776093068,-0.0255,-0.0048028738467701));
#11455=CARTESIAN_POINT('',(-0.0194826776093068,-0.0255,-0.0048028738467701));
#11456=CARTESIAN_POINT('',(-0.0194826776093068,-0.0255,-0.0048028738467701));
#11457=CARTESIAN_POINT('',(-0.0191126931824294,-0.0255,-0.00531113528167227));
#11458=CARTESIAN_POINT('',(-0.0191126931824294,-0.0255,-0.00600438893001311));
#11459=CARTESIAN_POINT('',(-0.020522558081818,-0.0255,-0.00402553282868442));
#11460=CARTESIAN_POINT('',(-0.020522558081818,-0.0235,-0.00402553282868442));
#11461=CARTESIAN_POINT('',(-0.020075960718062,-0.0255,-0.00420491921747342));
#11462=CARTESIAN_POINT('',(-0.020075960718062,-0.0235,-0.00420491921747342));
#11463=CARTESIAN_POINT('',(-0.0197293338938916,-0.0255,-0.00446403289016865));
#11464=CARTESIAN_POINT('',(-0.0197293338938916,-0.0235,-0.00446403289016865));
#11465=CARTESIAN_POINT('',(-0.0194826776093068,-0.0255,-0.0048028738467701));
#11466=CARTESIAN_POINT('',(-0.0194826776093068,-0.0235,-0.0048028738467701));
#11467=CARTESIAN_POINT('',(-0.020522558081818,-0.0255,-0.00402553282868442));
#11468=CARTESIAN_POINT('',(-0.020522558081818,-0.0255,-0.00402553282868442));
#11469=CARTESIAN_POINT('',(-0.020522558081818,-0.0255,-0.00402553282868442));
#11470=CARTESIAN_POINT('',(-0.019852662036184,-0.0255,-0.00429461241186792));
#11471=CARTESIAN_POINT('',(-0.0194826776093068,-0.0255,-0.0048028738467701));
#11472=CARTESIAN_POINT('',(-0.0220538825152824,-0.0255,-0.00375645324550091));
#11473=CARTESIAN_POINT('',(-0.0220538825152824,-0.0235,-0.00375645324550091));
#11474=CARTESIAN_POINT('',(-0.0214795969233954,-0.0255,-0.00375645324550091));
#11475=CARTESIAN_POINT('',(-0.0214795969233954,-0.0235,-0.00375645324550091));
#11476=CARTESIAN_POINT('',(-0.020969155445574,-0.0255,-0.00384614643989541));
#11477=CARTESIAN_POINT('',(-0.020969155445574,-0.0235,-0.00384614643989541));
#11478=CARTESIAN_POINT('',(-0.020522558081818,-0.0255,-0.00402553282868442));
#11479=CARTESIAN_POINT('',(-0.020522558081818,-0.0235,-0.00402553282868442));
#11480=CARTESIAN_POINT('',(-0.0220538825152824,-0.0255,-0.00375645324550091));
#11481=CARTESIAN_POINT('',(-0.0220538825152824,-0.0255,-0.00375645324550091));
#11482=CARTESIAN_POINT('',(-0.0220538825152824,-0.0255,-0.00375645324550091));
#11483=CARTESIAN_POINT('',(-0.0211924541274519,-0.0255,-0.00375645324550091));
#11484=CARTESIAN_POINT('',(-0.020522558081818,-0.0255,-0.00402553282868442));
#11485=CARTESIAN_POINT('',(-0.0237524473841284,-0.0255,-0.00407972246696443));
#11486=CARTESIAN_POINT('',(-0.0237524473841284,-0.0235,-0.00407972246696443));
#11487=CARTESIAN_POINT('',(-0.0232578890761476,-0.0255,-0.00386420965265542));
#11488=CARTESIAN_POINT('',(-0.0232578890761476,-0.0235,-0.00386420965265542));
#11489=CARTESIAN_POINT('',(-0.0226917007865322,-0.0255,-0.00375645324550091));
#11490=CARTESIAN_POINT('',(-0.0226917007865322,-0.0235,-0.00375645324550091));
#11491=CARTESIAN_POINT('',(-0.0220538825152824,-0.0255,-0.00375645324550091));
#11492=CARTESIAN_POINT('',(-0.0220538825152824,-0.0235,-0.00375645324550091));
#11493=CARTESIAN_POINT('',(-0.0237524473841284,-0.0255,-0.00407972246696443));
#11494=CARTESIAN_POINT('',(-0.0237524473841284,-0.0255,-0.00407972246696443));
#11495=CARTESIAN_POINT('',(-0.0237524473841284,-0.0255,-0.00407972246696443));
#11496=CARTESIAN_POINT('',(-0.0230106099221572,-0.0255,-0.00375645324550091));
#11497=CARTESIAN_POINT('',(-0.0220538825152824,-0.0255,-0.00375645324550091));
#11498=CARTESIAN_POINT('',(-0.0249128530866072,-0.0255,-0.00501309227113221));
#11499=CARTESIAN_POINT('',(-0.0249128530866072,-0.0235,-0.00501309227113221));
#11500=CARTESIAN_POINT('',(-0.0246338075929354,-0.0255,-0.00460635854932937));
#11501=CARTESIAN_POINT('',(-0.0246338075929354,-0.0235,-0.00460635854932937));
#11502=CARTESIAN_POINT('',(-0.0242470056921091,-0.0255,-0.00429523528127344));
#11503=CARTESIAN_POINT('',(-0.0242470056921091,-0.0235,-0.00429523528127344));
#11504=CARTESIAN_POINT('',(-0.0237524473841284,-0.0255,-0.00407972246696443));
#11505=CARTESIAN_POINT('',(-0.0237524473841284,-0.0235,-0.00407972246696443));
#11506=CARTESIAN_POINT('',(-0.0249128530866072,-0.0255,-0.00501309227113221));
#11507=CARTESIAN_POINT('',(-0.0249128530866072,-0.0255,-0.00501309227113221));
#11508=CARTESIAN_POINT('',(-0.0249128530866072,-0.0255,-0.00501309227113221));
#11509=CARTESIAN_POINT('',(-0.0244942848460995,-0.0255,-0.00440299168842795));
#11510=CARTESIAN_POINT('',(-0.0237524473841284,-0.0255,-0.00407972246696443));
#11511=CARTESIAN_POINT('',(-0.025318341069599,-0.0255,-0.00644724907733596));
#11512=CARTESIAN_POINT('',(-0.025318341069599,-0.0235,-0.00644724907733596));
#11513=CARTESIAN_POINT('',(-0.0253270612412763,-0.0255,-0.00589787826166964));
#11514=CARTESIAN_POINT('',(-0.0253270612412763,-0.0235,-0.00589787826166964));
#11515=CARTESIAN_POINT('',(-0.025191898580279,-0.0255,-0.00541982599293506));
#11516=CARTESIAN_POINT('',(-0.025191898580279,-0.0235,-0.00541982599293506));
#11517=CARTESIAN_POINT('',(-0.0249128530866072,-0.0255,-0.00501309227113221));
#11518=CARTESIAN_POINT('',(-0.0249128530866072,-0.0235,-0.00501309227113221));
#11519=CARTESIAN_POINT('',(-0.025318341069599,-0.0255,-0.00644724907733596));
#11520=CARTESIAN_POINT('',(-0.025318341069599,-0.0255,-0.00644724907733596));
#11521=CARTESIAN_POINT('',(-0.025318341069599,-0.0255,-0.00644724907733596));
#11522=CARTESIAN_POINT('',(-0.0253314213271149,-0.0255,-0.00562319285383648));
#11523=CARTESIAN_POINT('',(-0.0249128530866072,-0.0255,-0.00501309227113221));
#11524=CARTESIAN_POINT('',(-0.0249960061522438,-0.0255,-0.00756000527029275));
#11525=CARTESIAN_POINT('',(-0.0249960061522438,-0.0235,-0.00756000527029275));
#11526=CARTESIAN_POINT('',(-0.0252108960971473,-0.0255,-0.00726538804148304));
#11527=CARTESIAN_POINT('',(-0.0252108960971473,-0.0235,-0.00726538804148304));
#11528=CARTESIAN_POINT('',(-0.025318341069599,-0.0255,-0.00689446931049744));
#11529=CARTESIAN_POINT('',(-0.025318341069599,-0.0235,-0.00689446931049744));
#11530=CARTESIAN_POINT('',(-0.025318341069599,-0.0255,-0.00644724907733596));
#11531=CARTESIAN_POINT('',(-0.025318341069599,-0.0235,-0.00644724907733596));
#11532=CARTESIAN_POINT('',(-0.0249960061522438,-0.0255,-0.00756000527029275));
#11533=CARTESIAN_POINT('',(-0.0249960061522438,-0.0255,-0.00756000527029275));
#11534=CARTESIAN_POINT('',(-0.0249960061522438,-0.0255,-0.00756000527029275));
#11535=CARTESIAN_POINT('',(-0.025318341069599,-0.0255,-0.00711807942707818));
#11536=CARTESIAN_POINT('',(-0.025318341069599,-0.0255,-0.00644724907733596));
#11537=CARTESIAN_POINT('',(-0.0229466022968519,-0.0255,-0.00609983375852817));
#11538=CARTESIAN_POINT('',(-0.0242364169122153,-0.0255,-0.00825886474328325));
#11539=CARTESIAN_POINT('',(-0.0242364169122153,-0.0255,-0.00825886474328325));
#11540=CARTESIAN_POINT('',(-0.0229466022968519,-0.0255,-0.00609983375852817));
#11541=CARTESIAN_POINT('',(-0.0231059089412013,-0.0255,-0.00880356403840819));
#11542=CARTESIAN_POINT('',(-0.0231059089412013,-0.0235,-0.00880356403840819));
#11543=CARTESIAN_POINT('',(-0.0235680780400952,-0.0255,-0.00861172026150884));
#11544=CARTESIAN_POINT('',(-0.0235680780400952,-0.0235,-0.00861172026150884));
#11545=CARTESIAN_POINT('',(-0.0239449140304332,-0.0255,-0.00843015382980052));
#11546=CARTESIAN_POINT('',(-0.0239449140304332,-0.0235,-0.00843015382980052));
#11547=CARTESIAN_POINT('',(-0.0242364169122153,-0.0255,-0.00825886474328325));
#11548=CARTESIAN_POINT('',(-0.0242364169122153,-0.0235,-0.00825886474328325));
#11549=CARTESIAN_POINT('',(-0.0231059089412013,-0.0255,-0.00880356403840819));
#11550=CARTESIAN_POINT('',(-0.0231059089412013,-0.0255,-0.00880356403840819));
#11551=CARTESIAN_POINT('',(-0.0231059089412013,-0.0255,-0.00880356403840819));
#11552=CARTESIAN_POINT('',(-0.0237991625895421,-0.0255,-0.00851579837305916));
#11553=CARTESIAN_POINT('',(-0.0242364169122153,-0.0255,-0.00825886474328325));
#11554=CARTESIAN_POINT('',(-0.0220473423865245,-0.0255,-0.0093417232047752));
#11555=CARTESIAN_POINT('',(-0.0220473423865245,-0.0235,-0.0093417232047752));
#11556=CARTESIAN_POINT('',(-0.0222746897195384,-0.0255,-0.00918226863696275));
#11557=CARTESIAN_POINT('',(-0.0222746897195384,-0.0235,-0.00918226863696275));
#11558=CARTESIAN_POINT('',(-0.022627545237764,-0.0255,-0.00900288224817375));
#11559=CARTESIAN_POINT('',(-0.022627545237764,-0.0235,-0.00900288224817375));
#11560=CARTESIAN_POINT('',(-0.0231059089412013,-0.0255,-0.00880356403840819));
#11561=CARTESIAN_POINT('',(-0.0231059089412013,-0.0235,-0.00880356403840819));
#11562=CARTESIAN_POINT('',(-0.0220473423865245,-0.0255,-0.0093417232047752));
#11563=CARTESIAN_POINT('',(-0.0220473423865245,-0.0255,-0.0093417232047752));
#11564=CARTESIAN_POINT('',(-0.0220473423865245,-0.0255,-0.0093417232047752));
#11565=CARTESIAN_POINT('',(-0.0223883633860453,-0.0255,-0.00910254135305653));
#11566=CARTESIAN_POINT('',(-0.0231059089412013,-0.0255,-0.00880356403840819));
#11567=CARTESIAN_POINT('',(-0.0217063213870038,-0.0255,-0.00996396974088706));
#11568=CARTESIAN_POINT('',(-0.0217063213870038,-0.0235,-0.00996396974088706));
#11569=CARTESIAN_POINT('',(-0.0217063213870038,-0.0255,-0.00970859328462493));
#11570=CARTESIAN_POINT('',(-0.0217063213870038,-0.0235,-0.00970859328462493));
#11571=CARTESIAN_POINT('',(-0.0218199950535107,-0.0255,-0.00950117777258765));
#11572=CARTESIAN_POINT('',(-0.0218199950535107,-0.0235,-0.00950117777258765));
#11573=CARTESIAN_POINT('',(-0.0220473423865245,-0.0255,-0.0093417232047752));
#11574=CARTESIAN_POINT('',(-0.0220473423865245,-0.0235,-0.0093417232047752));
#11575=CARTESIAN_POINT('',(-0.0217063213870038,-0.0255,-0.00996396974088706));
#11576=CARTESIAN_POINT('',(-0.0217063213870038,-0.0255,-0.00996396974088706));
#11577=CARTESIAN_POINT('',(-0.0217063213870038,-0.0255,-0.00996396974088706));
#11578=CARTESIAN_POINT('',(-0.0217063213870038,-0.0255,-0.00958090505649387));
#11579=CARTESIAN_POINT('',(-0.0220473423865245,-0.0255,-0.0093417232047752));
#11580=CARTESIAN_POINT('',(-0.0219754009701872,-0.0255,-0.0105376324633686));
#11581=CARTESIAN_POINT('',(-0.0219754009701872,-0.0235,-0.0105376324633686));
#11582=CARTESIAN_POINT('',(-0.0217960145813983,-0.0255,-0.0104018469329658));
#11583=CARTESIAN_POINT('',(-0.0217960145813983,-0.0235,-0.0104018469329658));
#11584=CARTESIAN_POINT('',(-0.0217063213870038,-0.0255,-0.0102106260254719));
#11585=CARTESIAN_POINT('',(-0.0217063213870038,-0.0235,-0.0102106260254719));
#11586=CARTESIAN_POINT('',(-0.0217063213870038,-0.0255,-0.00996396974088706));
#11587=CARTESIAN_POINT('',(-0.0217063213870038,-0.0235,-0.00996396974088706));
#11588=CARTESIAN_POINT('',(-0.0219754009701872,-0.0255,-0.0105376324633686));
#11589=CARTESIAN_POINT('',(-0.0219754009701872,-0.0255,-0.0105376324633686));
#11590=CARTESIAN_POINT('',(-0.0219754009701872,-0.0255,-0.0105376324633686));
#11591=CARTESIAN_POINT('',(-0.0217063213870038,-0.0255,-0.0103339541677644));
#11592=CARTESIAN_POINT('',(-0.0217063213870038,-0.0255,-0.00996396974088706));
#11593=CARTESIAN_POINT('',(-0.0227116326075088,-0.0255,-0.0107413107589727));
#11594=CARTESIAN_POINT('',(-0.0227116326075088,-0.0235,-0.0107413107589727));
#11595=CARTESIAN_POINT('',(-0.0224001979047501,-0.0255,-0.0107413107589727));
#11596=CARTESIAN_POINT('',(-0.0224001979047501,-0.0235,-0.0107413107589727));
#11597=CARTESIAN_POINT('',(-0.0221547873589763,-0.0255,-0.0106734179937713));
#11598=CARTESIAN_POINT('',(-0.0221547873589763,-0.0235,-0.0106734179937713));
#11599=CARTESIAN_POINT('',(-0.0219754009701872,-0.0255,-0.0105376324633686));
#11600=CARTESIAN_POINT('',(-0.0219754009701872,-0.0235,-0.0105376324633686));
#11601=CARTESIAN_POINT('',(-0.0227116326075088,-0.0255,-0.0107413107589727));
#11602=CARTESIAN_POINT('',(-0.0227116326075088,-0.0255,-0.0107413107589727));
#11603=CARTESIAN_POINT('',(-0.0227116326075088,-0.0255,-0.0107413107589727));
#11604=CARTESIAN_POINT('',(-0.0222444805533707,-0.0255,-0.0107413107589727));
#11605=CARTESIAN_POINT('',(-0.0219754009701872,-0.0255,-0.0105376324633686));
#11606=CARTESIAN_POINT('',(-0.0234768276721869,-0.0255,-0.0104778370004389));
#11607=CARTESIAN_POINT('',(-0.0234768276721869,-0.0235,-0.0104778370004389));
#11608=CARTESIAN_POINT('',(-0.0233092758021027,-0.0255,-0.0106534861727948));
#11609=CARTESIAN_POINT('',(-0.0233092758021027,-0.0235,-0.0106534861727948));
#11610=CARTESIAN_POINT('',(-0.0230542107805434,-0.0255,-0.0107413107589727));
#11611=CARTESIAN_POINT('',(-0.0230542107805434,-0.0235,-0.0107413107589727));
#11612=CARTESIAN_POINT('',(-0.0227116326075088,-0.0255,-0.0107413107589727));
#11613=CARTESIAN_POINT('',(-0.0227116326075088,-0.0235,-0.0107413107589727));
#11614=CARTESIAN_POINT('',(-0.0234768276721869,-0.0255,-0.0104778370004389));
#11615=CARTESIAN_POINT('',(-0.0234768276721869,-0.0255,-0.0104778370004389));
#11616=CARTESIAN_POINT('',(-0.0234768276721869,-0.0255,-0.0104778370004389));
#11617=CARTESIAN_POINT('',(-0.0232254998670606,-0.0255,-0.0107413107589727));
#11618=CARTESIAN_POINT('',(-0.0227116326075088,-0.0255,-0.0107413107589727));
#11619=CARTESIAN_POINT('',(-0.0236926519211987,-0.0255,-0.00976029144528287));
#11620=CARTESIAN_POINT('',(-0.0236926519211987,-0.0235,-0.00976029144528287));
#11621=CARTESIAN_POINT('',(-0.0237163209586083,-0.0255,-0.0100630059763643));
#11622=CARTESIAN_POINT('',(-0.0237163209586083,-0.0235,-0.0100630059763643));
#11623=CARTESIAN_POINT('',(-0.0236443795422711,-0.0255,-0.010302187828083));
#11624=CARTESIAN_POINT('',(-0.0236443795422711,-0.0235,-0.010302187828083));
#11625=CARTESIAN_POINT('',(-0.0234768276721869,-0.0255,-0.0104778370004389));
#11626=CARTESIAN_POINT('',(-0.0234768276721869,-0.0235,-0.0104778370004389));
#11627=CARTESIAN_POINT('',(-0.0236926519211987,-0.0255,-0.00976029144528287));
#11628=CARTESIAN_POINT('',(-0.0236926519211987,-0.0255,-0.00976029144528287));
#11629=CARTESIAN_POINT('',(-0.0236926519211987,-0.0255,-0.00976029144528287));
#11630=CARTESIAN_POINT('',(-0.0237281554773131,-0.0255,-0.010214363241905));
#11631=CARTESIAN_POINT('',(-0.0234768276721869,-0.0255,-0.0104778370004389));
#11632=CARTESIAN_POINT('',(-0.0247568243005251,-0.0255,-0.00976029144528287));
#11633=CARTESIAN_POINT('',(-0.0258205984124489,-0.0255,-0.00976029144528287));
#11634=CARTESIAN_POINT('',(-0.0258205984124489,-0.0255,-0.00976029144528287));
#11635=CARTESIAN_POINT('',(-0.0247568243005251,-0.0255,-0.00976029144528287));
#11636=CARTESIAN_POINT('',(-0.0225424634712619,-0.025499999999999,-0.0101785092967451));
#11637=CARTESIAN_POINT('',(-0.0258452885866667,-0.0255,-0.0100835606667464));
#11638=CARTESIAN_POINT('',(-0.0258452885866667,-0.0255,-0.0100835606667464));
#11639=CARTESIAN_POINT('',(-0.0225424634712619,-0.0255,-0.0101785092967451));
#11640=CARTESIAN_POINT('',(-0.0249904003275941,-0.0255,-0.0117634394534267));
#11641=CARTESIAN_POINT('',(-0.0249904003275941,-0.0235,-0.0117634394534267));
#11642=CARTESIAN_POINT('',(-0.0255603258336425,-0.0255,-0.0113685402503287));
#11643=CARTESIAN_POINT('',(-0.0255603258336425,-0.0235,-0.0113685402503287));
#11644=CARTESIAN_POINT('',(-0.0258452885866667,-0.0255,-0.0108085806547686));
#11645=CARTESIAN_POINT('',(-0.0258452885866667,-0.0235,-0.0108085806547686));
#11646=CARTESIAN_POINT('',(-0.0258452885866667,-0.0255,-0.0100835606667464));
#11647=CARTESIAN_POINT('',(-0.0258452885866667,-0.0235,-0.0100835606667464));
#11648=CARTESIAN_POINT('',(-0.0249904003275941,-0.0255,-0.0117634394534267));
#11649=CARTESIAN_POINT('',(-0.0258452885866667,-0.0255,-0.0111710906487797));
#11650=CARTESIAN_POINT('',(-0.0258452885866667,-0.0255,-0.0100835606667464));
#11651=CARTESIAN_POINT('',(0.,-0.0255,-0.0089));
#11652=CARTESIAN_POINT('',(-0.0158407601952467,-0.0255,-0.0078468366315335));
#11653=CARTESIAN_POINT('',(-0.0150578133525113,-0.0255,-0.00342197237473808));
#11654=CARTESIAN_POINT('',(-0.0150578133525113,-0.0255,-0.00342197237473808));
#11655=CARTESIAN_POINT('',(-0.0158407601952467,-0.0255,-0.0078468366315335));
#11656=CARTESIAN_POINT('',(-0.016623707037982,-0.0255,-0.0122717008883289));
#11657=CARTESIAN_POINT('',(-0.016623707037982,-0.0255,-0.0122717008883289));
#11658=CARTESIAN_POINT('',(-0.0160799420469653,-0.0255,-0.00342197237473808));
#11659=CARTESIAN_POINT('',(-0.0171020707414193,-0.0255,-0.00342197237473808));
#11660=CARTESIAN_POINT('',(-0.0171020707414193,-0.0255,-0.00342197237473808));
#11661=CARTESIAN_POINT('',(-0.0160799420469653,-0.0255,-0.00342197237473808));
#11662=CARTESIAN_POINT('',(-0.0178859518882629,-0.0255,-0.0078468366315335));
#11663=CARTESIAN_POINT('',(-0.0186698330351065,-0.0255,-0.0122717008883289));
#11664=CARTESIAN_POINT('',(-0.0186698330351065,-0.0255,-0.0122717008883289));
#11665=CARTESIAN_POINT('',(-0.0178859518882629,-0.0255,-0.0078468366315335));
#11666=CARTESIAN_POINT('',(-0.0176467700365443,-0.0255,-0.0122717008883289));
#11667=CARTESIAN_POINT('',(-0.0176467700365443,-0.0255,-0.0122717008883289));
#11668=CARTESIAN_POINT('',(0.,-0.0255,-0.0089));
#11669=CARTESIAN_POINT('',(-0.0123582353225412,-0.0254999999999997,-0.0085155721630075));
#11670=CARTESIAN_POINT('',(-0.0123582353225412,-0.0235,-0.0085155721630075));
#11671=CARTESIAN_POINT('',(-0.00995090709667437,-0.0235,-0.00893436661356684));
#11672=CARTESIAN_POINT('',(-0.00991540354055988,-0.0235,-0.00854009027987434));
#11673=CARTESIAN_POINT('',(-0.00995090709667437,-0.0255,-0.00893436661356684));
#11674=CARTESIAN_POINT('',(-0.00995090709667437,-0.0255,-0.00893436661356684));
#11675=CARTESIAN_POINT('',(-0.0123582353225412,-0.0255,-0.0085155721630075));
#11676=CARTESIAN_POINT('',(-0.00991540354055988,-0.0255,-0.00854009027987434));
#11677=CARTESIAN_POINT('',(-0.00991540354055988,-0.0255,-0.00854009027987434));
#11678=CARTESIAN_POINT('',(-0.0105965112354931,-0.0255,-0.0101433561296761));
#11679=CARTESIAN_POINT('',(-0.0105965112354931,-0.0235,-0.0101433561296761));
#11680=CARTESIAN_POINT('',(-0.0102620303647303,-0.0255,-0.00984811603146083));
#11681=CARTESIAN_POINT('',(-0.0102620303647303,-0.0235,-0.00984811603146083));
#11682=CARTESIAN_POINT('',(-0.010046828985124,-0.0255,-0.00944511952609109));
#11683=CARTESIAN_POINT('',(-0.010046828985124,-0.0235,-0.00944511952609109));
#11684=CARTESIAN_POINT('',(-0.00995090709667437,-0.0255,-0.00893436661356684));
#11685=CARTESIAN_POINT('',(-0.00995090709667437,-0.0235,-0.00893436661356684));
#11686=CARTESIAN_POINT('',(-0.0105965112354931,-0.0235,-0.0101433561296761));
#11687=CARTESIAN_POINT('',(-0.0100947899293489,-0.0235,-0.00970049598235321));
#11688=CARTESIAN_POINT('',(-0.00995090709667437,-0.0235,-0.00893436661356684));
#11689=CARTESIAN_POINT('',(-0.0105965112354931,-0.0235,-0.0101433561296761));
#11690=CARTESIAN_POINT('',(-0.0105965112354931,-0.0255,-0.0101433561296761));
#11691=CARTESIAN_POINT('',(-0.0105965112354931,-0.0255,-0.0101433561296761));
#11692=CARTESIAN_POINT('',(-0.0105965112354931,-0.0255,-0.0101433561296761));
#11693=CARTESIAN_POINT('',(-0.0100947899293489,-0.0255,-0.00970049598235321));
#11694=CARTESIAN_POINT('',(-0.00995090709667437,-0.0255,-0.00893436661356684));
#11695=CARTESIAN_POINT('',(-0.0117092674284499,-0.0255,-0.0105862162769989));
#11696=CARTESIAN_POINT('',(-0.0117092674284499,-0.0235,-0.0105862162769989));
#11697=CARTESIAN_POINT('',(-0.0113019108372415,-0.0255,-0.0105862162769989));
#11698=CARTESIAN_POINT('',(-0.0113019108372415,-0.0235,-0.0105862162769989));
#11699=CARTESIAN_POINT('',(-0.0109309921062559,-0.0255,-0.0104385962278913));
#11700=CARTESIAN_POINT('',(-0.0109309921062559,-0.0235,-0.0104385962278913));
#11701=CARTESIAN_POINT('',(-0.0105965112354931,-0.0255,-0.0101433561296761));
#11702=CARTESIAN_POINT('',(-0.0105965112354931,-0.0235,-0.0101433561296761));
#11703=CARTESIAN_POINT('',(-0.0117092674284499,-0.0235,-0.0105862162769989));
#11704=CARTESIAN_POINT('',(-0.0110982325416374,-0.0235,-0.0105862162769989));
#11705=CARTESIAN_POINT('',(-0.0105965112354931,-0.0235,-0.0101433561296761));
#11706=CARTESIAN_POINT('',(-0.0117092674284499,-0.0235,-0.0105862162769989));
#11707=CARTESIAN_POINT('',(-0.0117092674284499,-0.0255,-0.0105862162769989));
#11708=CARTESIAN_POINT('',(-0.0117092674284499,-0.0255,-0.0105862162769989));
#11709=CARTESIAN_POINT('',(-0.0117092674284499,-0.0255,-0.0105862162769989));
#11710=CARTESIAN_POINT('',(-0.0110982325416374,-0.0255,-0.0105862162769989));
#11711=CARTESIAN_POINT('',(-0.0105965112354931,-0.0255,-0.0101433561296761));
#11712=CARTESIAN_POINT('',(-0.0125641556875225,-0.0255,-0.0102451952774781));
#11713=CARTESIAN_POINT('',(-0.0125641556875225,-0.0235,-0.0102451952774781));
#11714=CARTESIAN_POINT('',(-0.0123368083545087,-0.0255,-0.010472542610492));
#11715=CARTESIAN_POINT('',(-0.0123368083545087,-0.0235,-0.010472542610492));
#11716=CARTESIAN_POINT('',(-0.0120518456014845,-0.0255,-0.0105862162769989));
#11717=CARTESIAN_POINT('',(-0.0120518456014845,-0.0235,-0.0105862162769989));
#11718=CARTESIAN_POINT('',(-0.0117092674284499,-0.0255,-0.0105862162769989));
#11719=CARTESIAN_POINT('',(-0.0117092674284499,-0.0235,-0.0105862162769989));
#11720=CARTESIAN_POINT('',(-0.0125641556875225,-0.0235,-0.0102451952774781));
#11721=CARTESIAN_POINT('',(-0.0122231346880017,-0.0235,-0.0105862162769989));
#11722=CARTESIAN_POINT('',(-0.0117092674284499,-0.0235,-0.0105862162769989));
#11723=CARTESIAN_POINT('',(-0.0125641556875225,-0.0235,-0.0102451952774781));
#11724=CARTESIAN_POINT('',(-0.0125641556875225,-0.0255,-0.0102451952774781));
#11725=CARTESIAN_POINT('',(-0.0125641556875225,-0.0255,-0.0102451952774781));
#11726=CARTESIAN_POINT('',(-0.0125641556875225,-0.0255,-0.0102451952774781));
#11727=CARTESIAN_POINT('',(-0.0122231346880017,-0.0255,-0.0105862162769989));
#11728=CARTESIAN_POINT('',(-0.0117092674284499,-0.0255,-0.0105862162769989));
#11729=CARTESIAN_POINT('',(-0.0129051766870433,-0.0255,-0.00931743129796002));
#11730=CARTESIAN_POINT('',(-0.0129051766870433,-0.0235,-0.00931743129796002));
#11731=CARTESIAN_POINT('',(-0.0129051766870433,-0.0255,-0.00970859328462493));
#11732=CARTESIAN_POINT('',(-0.0129051766870433,-0.0235,-0.00970859328462493));
#11733=CARTESIAN_POINT('',(-0.0127915030205364,-0.0255,-0.0100178479444643));
#11734=CARTESIAN_POINT('',(-0.0127915030205364,-0.0235,-0.0100178479444643));
#11735=CARTESIAN_POINT('',(-0.0125641556875225,-0.0255,-0.0102451952774781));
#11736=CARTESIAN_POINT('',(-0.0125641556875225,-0.0235,-0.0102451952774781));
#11737=CARTESIAN_POINT('',(-0.0129051766870433,-0.0235,-0.00931743129796002));
#11738=CARTESIAN_POINT('',(-0.0129051766870433,-0.0235,-0.00990417427795739));
#11739=CARTESIAN_POINT('',(-0.0125641556875225,-0.0235,-0.0102451952774781));
#11740=CARTESIAN_POINT('',(-0.0129051766870433,-0.0235,-0.00931743129796002));
#11741=CARTESIAN_POINT('',(-0.0129051766870433,-0.0255,-0.00931743129796002));
#11742=CARTESIAN_POINT('',(-0.0129051766870433,-0.0255,-0.00931743129796002));
#11743=CARTESIAN_POINT('',(-0.0129051766870433,-0.0255,-0.00931743129796002));
#11744=CARTESIAN_POINT('',(-0.0129051766870433,-0.0255,-0.00990417427795739));
#11745=CARTESIAN_POINT('',(-0.0125641556875225,-0.0255,-0.0102451952774781));
#11746=CARTESIAN_POINT('',(-0.0104623449050636,-0.0254999999999997,-0.00934194941482677));
#11747=CARTESIAN_POINT('',(-0.0104623449050636,-0.0235,-0.00934194941482677));
#11748=CARTESIAN_POINT('',(-0.0128696731309288,-0.0235,-0.00892315496426752));
#11749=CARTESIAN_POINT('',(-0.0128696731309288,-0.0255,-0.00892315496426752));
#11750=CARTESIAN_POINT('',(-0.0128696731309288,-0.0255,-0.00892315496426752));
#11751=CARTESIAN_POINT('',(-0.0104623449050636,-0.0255,-0.00934194941482677));
#11752=CARTESIAN_POINT('',(-0.0122352806414093,-0.0255,-0.00772070557691624));
#11753=CARTESIAN_POINT('',(-0.0122352806414093,-0.0235,-0.00772070557691624));
#11754=CARTESIAN_POINT('',(-0.0125697615121722,-0.0255,-0.00801158558929285));
#11755=CARTESIAN_POINT('',(-0.0125697615121722,-0.0235,-0.00801158558929285));
#11756=CARTESIAN_POINT('',(-0.0127812256753453,-0.0255,-0.00841240205174328));
#11757=CARTESIAN_POINT('',(-0.0127812256753453,-0.0235,-0.00841240205174328));
#11758=CARTESIAN_POINT('',(-0.0128696731309288,-0.0255,-0.00892315496426752));
#11759=CARTESIAN_POINT('',(-0.0128696731309288,-0.0235,-0.00892315496426752));
#11760=CARTESIAN_POINT('',(-0.0122352806414093,-0.0235,-0.00772070557691624));
#11761=CARTESIAN_POINT('',(-0.0127370019475536,-0.0235,-0.00815702559548116));
#11762=CARTESIAN_POINT('',(-0.0128696731309288,-0.0235,-0.00892315496426752));
#11763=CARTESIAN_POINT('',(-0.0122352806414093,-0.0235,-0.00772070557691624));
#11764=CARTESIAN_POINT('',(-0.0122352806414093,-0.0255,-0.00772070557691624));
#11765=CARTESIAN_POINT('',(-0.0122352806414093,-0.0255,-0.00772070557691624));
#11766=CARTESIAN_POINT('',(-0.0122352806414093,-0.0255,-0.00772070557691624));
#11767=CARTESIAN_POINT('',(-0.0127370019475536,-0.0255,-0.00815702559548116));
#11768=CARTESIAN_POINT('',(-0.0128696731309288,-0.0255,-0.00892315496426752));
#11769=CARTESIAN_POINT('',(-0.0111225244484525,-0.0255,-0.00728438555835131));
#11770=CARTESIAN_POINT('',(-0.0111225244484525,-0.0235,-0.00728438555835131));
#11771=CARTESIAN_POINT('',(-0.0115298810396609,-0.0255,-0.00728438555835131));
#11772=CARTESIAN_POINT('',(-0.0115298810396609,-0.0235,-0.00728438555835131));
#11773=CARTESIAN_POINT('',(-0.0119007997706465,-0.0255,-0.00742982556453962));
#11774=CARTESIAN_POINT('',(-0.0119007997706465,-0.0235,-0.00742982556453962));
#11775=CARTESIAN_POINT('',(-0.0122352806414093,-0.0255,-0.00772070557691624));
#11776=CARTESIAN_POINT('',(-0.0122352806414093,-0.0235,-0.00772070557691624));
#11777=CARTESIAN_POINT('',(-0.0111225244484525,-0.0235,-0.00728438555835131));
#11778=CARTESIAN_POINT('',(-0.0117335593352651,-0.0235,-0.00728438555835131));
#11779=CARTESIAN_POINT('',(-0.0122352806414093,-0.0235,-0.00772070557691624));
#11780=CARTESIAN_POINT('',(-0.0111225244484525,-0.0235,-0.00728438555835131));
#11781=CARTESIAN_POINT('',(-0.0111225244484525,-0.0255,-0.00728438555835131));
#11782=CARTESIAN_POINT('',(-0.0111225244484525,-0.0255,-0.00728438555835131));
#11783=CARTESIAN_POINT('',(-0.0111225244484525,-0.0255,-0.00728438555835131));
#11784=CARTESIAN_POINT('',(-0.0117335593352651,-0.0255,-0.00728438555835131));
#11785=CARTESIAN_POINT('',(-0.0122352806414093,-0.0255,-0.00772070557691624));
#11786=CARTESIAN_POINT('',(-0.0102564245400806,-0.0255,-0.00761980073322242));
#11787=CARTESIAN_POINT('',(-0.0102564245400806,-0.0235,-0.00761980073322242));
#11788=CARTESIAN_POINT('',(-0.0104837718730945,-0.0255,-0.00739619061664168));
#11789=CARTESIAN_POINT('',(-0.0104837718730945,-0.0235,-0.00739619061664168));
#11790=CARTESIAN_POINT('',(-0.0107724718425518,-0.0255,-0.00728438555835131));
#11791=CARTESIAN_POINT('',(-0.0107724718425518,-0.0235,-0.00728438555835131));
#11792=CARTESIAN_POINT('',(-0.0111225244484525,-0.0255,-0.00728438555835131));
#11793=CARTESIAN_POINT('',(-0.0111225244484525,-0.0235,-0.00728438555835131));
#11794=CARTESIAN_POINT('',(-0.0102564245400806,-0.0235,-0.00761980073322242));
#11795=CARTESIAN_POINT('',(-0.0105974455396014,-0.0235,-0.00728438555835131));
#11796=CARTESIAN_POINT('',(-0.0111225244484525,-0.0235,-0.00728438555835131));
#11797=CARTESIAN_POINT('',(-0.0102564245400806,-0.0235,-0.00761980073322242));
#11798=CARTESIAN_POINT('',(-0.0102564245400806,-0.0255,-0.00761980073322242));
#11799=CARTESIAN_POINT('',(-0.0102564245400806,-0.0255,-0.00761980073322242));
#11800=CARTESIAN_POINT('',(-0.0102564245400806,-0.0255,-0.00761980073322242));
#11801=CARTESIAN_POINT('',(-0.0105974455396014,-0.0255,-0.00728438555835131));
#11802=CARTESIAN_POINT('',(-0.0111225244484525,-0.0255,-0.00728438555835131));
#11803=CARTESIAN_POINT('',(-0.0149494340759513,-0.0255,-0.00892315496426752));
#11804=CARTESIAN_POINT('',(-0.0149494340759513,-0.0235,-0.00892315496426752));
#11805=CARTESIAN_POINT('',(-0.014829843150092,-0.0255,-0.00823799861819841));
#11806=CARTESIAN_POINT('',(-0.014829843150092,-0.0235,-0.00823799861819841));
#11807=CARTESIAN_POINT('',(-0.0145947099495092,-0.0255,-0.00763630677246863));
#11808=CARTESIAN_POINT('',(-0.0145947099495092,-0.0235,-0.00763630677246863));
#11809=CARTESIAN_POINT('',(-0.0142440344742029,-0.0255,-0.00711807942707818));
#11810=CARTESIAN_POINT('',(-0.0142440344742029,-0.0235,-0.00711807942707818));
#11811=CARTESIAN_POINT('',(-0.0149494340759513,-0.0255,-0.00892315496426752));
#11812=CARTESIAN_POINT('',(-0.0149494340759513,-0.0255,-0.00892315496426752));
#11813=CARTESIAN_POINT('',(-0.0149494340759513,-0.0255,-0.00892315496426752));
#11814=CARTESIAN_POINT('',(-0.0147700476871623,-0.0255,-0.00789542044516386));
#11815=CARTESIAN_POINT('',(-0.0142440344742029,-0.0255,-0.00711807942707818));
#11816=CARTESIAN_POINT('',(-0.0142440344742029,-0.0255,-0.00711807942707818));
#11817=CARTESIAN_POINT('',(-0.0142440344742029,-0.0255,-0.00711807942707818));
#11818=CARTESIAN_POINT('',(-0.0101433326315814,-0.0254999999999997,-0.00976825184401374));
#11819=CARTESIAN_POINT('',(-0.0150223097963969,-0.0255,-0.0097359995384677));
#11820=CARTESIAN_POINT('',(-0.0150223097963969,-0.0255,-0.0097359995384677));
#11821=CARTESIAN_POINT('',(-0.0101433326315814,-0.0255,-0.00976825184401374));
#11822=CARTESIAN_POINT('',(-0.0147233324817485,-0.0255,-0.0111299812680156));
#11823=CARTESIAN_POINT('',(-0.0147233324817485,-0.0235,-0.0111299812680156));
#11824=CARTESIAN_POINT('',(-0.0149226506915141,-0.0255,-0.0107350820649176));
#11825=CARTESIAN_POINT('',(-0.0149226506915141,-0.0235,-0.0107350820649176));
#11826=CARTESIAN_POINT('',(-0.0150223097963969,-0.0255,-0.0102704214884016));
#11827=CARTESIAN_POINT('',(-0.0150223097963969,-0.0235,-0.0102704214884016));
#11828=CARTESIAN_POINT('',(-0.0150223097963969,-0.0255,-0.0097359995384677));
#11829=CARTESIAN_POINT('',(-0.0150223097963969,-0.0235,-0.0097359995384677));
#11830=CARTESIAN_POINT('',(-0.0147233324817485,-0.0255,-0.0111299812680156));
#11831=CARTESIAN_POINT('',(-0.0147233324817485,-0.0255,-0.0111299812680156));
#11832=CARTESIAN_POINT('',(-0.0147233324817485,-0.0255,-0.0111299812680156));
#11833=CARTESIAN_POINT('',(-0.0150223097963969,-0.0255,-0.0105376324633686));
#11834=CARTESIAN_POINT('',(-0.0150223097963969,-0.0255,-0.0097359995384677));
#11835=CARTESIAN_POINT('',(-0.0138796558719752,-0.0255,-0.0120446649900178));
#11836=CARTESIAN_POINT('',(-0.0138796558719752,-0.0235,-0.0120446649900178));
#11837=CARTESIAN_POINT('',(-0.0142427887353918,-0.0255,-0.0118297750451143));
#11838=CARTESIAN_POINT('',(-0.0142427887353918,-0.0235,-0.0118297750451143));
#11839=CARTESIAN_POINT('',(-0.0145240142719829,-0.0255,-0.0115248804711136));
#11840=CARTESIAN_POINT('',(-0.0145240142719829,-0.0235,-0.0115248804711136));
#11841=CARTESIAN_POINT('',(-0.0147233324817485,-0.0255,-0.0111299812680156));
#11842=CARTESIAN_POINT('',(-0.0147233324817485,-0.0235,-0.0111299812680156));
#11843=CARTESIAN_POINT('',(-0.0138796558719752,-0.0255,-0.0120446649900178));
#11844=CARTESIAN_POINT('',(-0.0138796558719752,-0.0255,-0.0120446649900178));
#11845=CARTESIAN_POINT('',(-0.0138796558719752,-0.0255,-0.0120446649900178));
#11846=CARTESIAN_POINT('',(-0.0144243551671001,-0.0255,-0.0117223300726626));
#11847=CARTESIAN_POINT('',(-0.0147233324817485,-0.0255,-0.0111299812680156));
#11848=CARTESIAN_POINT('',(-0.0126304912792101,-0.0255,-0.0123669999073731));
#11849=CARTESIAN_POINT('',(-0.0126304912792101,-0.0235,-0.0123669999073731));
#11850=CARTESIAN_POINT('',(-0.0131001348109702,-0.0255,-0.0123669999073731));
#11851=CARTESIAN_POINT('',(-0.0131001348109702,-0.0235,-0.0123669999073731));
#11852=CARTESIAN_POINT('',(-0.0135165230085586,-0.0255,-0.0122595549349213));
#11853=CARTESIAN_POINT('',(-0.0135165230085586,-0.0235,-0.0122595549349213));
#11854=CARTESIAN_POINT('',(-0.0138796558719752,-0.0255,-0.0120446649900178));
#11855=CARTESIAN_POINT('',(-0.0138796558719752,-0.0235,-0.0120446649900178));
#11856=CARTESIAN_POINT('',(-0.0126304912792101,-0.0255,-0.0123669999073731));
#11857=CARTESIAN_POINT('',(-0.0126304912792101,-0.0255,-0.0123669999073731));
#11858=CARTESIAN_POINT('',(-0.0126304912792101,-0.0255,-0.0123669999073731));
#11859=CARTESIAN_POINT('',(-0.0133349565768503,-0.0255,-0.0123669999073731));
#11860=CARTESIAN_POINT('',(-0.0138796558719752,-0.0255,-0.0120446649900178));
#11861=CARTESIAN_POINT('',(-0.0113383486974643,-0.0255,-0.0120801685461323));
#11862=CARTESIAN_POINT('',(-0.0113383486974643,-0.0235,-0.0120801685461323));
#11863=CARTESIAN_POINT('',(-0.0117288878147237,-0.0255,-0.0122713894536262));
#11864=CARTESIAN_POINT('',(-0.0117288878147237,-0.0235,-0.0122713894536262));
#11865=CARTESIAN_POINT('',(-0.012159602008639,-0.0255,-0.0123669999073731));
#11866=CARTESIAN_POINT('',(-0.012159602008639,-0.0235,-0.0123669999073731));
#11867=CARTESIAN_POINT('',(-0.0126304912792101,-0.0255,-0.0123669999073731));
#11868=CARTESIAN_POINT('',(-0.0126304912792101,-0.0235,-0.0123669999073731));
#11869=CARTESIAN_POINT('',(-0.0113383486974643,-0.0255,-0.0120801685461323));
#11870=CARTESIAN_POINT('',(-0.0113383486974643,-0.0255,-0.0120801685461323));
#11871=CARTESIAN_POINT('',(-0.0113383486974643,-0.0255,-0.0120801685461323));
#11872=CARTESIAN_POINT('',(-0.0119241573733534,-0.0255,-0.0123669999073731));
#11873=CARTESIAN_POINT('',(-0.0126304912792101,-0.0255,-0.0123669999073731));
#11874=CARTESIAN_POINT('',(-0.010369475337182,-0.0255,-0.0113261851307535));
#11875=CARTESIAN_POINT('',(-0.010369475337182,-0.0235,-0.0113261851307535));
#11876=CARTESIAN_POINT('',(-0.0106248517934442,-0.0255,-0.0116376198335122));
#11877=CARTESIAN_POINT('',(-0.0106248517934442,-0.0235,-0.0116376198335122));
#11878=CARTESIAN_POINT('',(-0.0109478095802049,-0.0255,-0.0118889476386385));
#11879=CARTESIAN_POINT('',(-0.0109478095802049,-0.0235,-0.0118889476386385));
#11880=CARTESIAN_POINT('',(-0.0113383486974643,-0.0255,-0.0120801685461323));
#11881=CARTESIAN_POINT('',(-0.0113383486974643,-0.0235,-0.0120801685461323));
#11882=CARTESIAN_POINT('',(-0.010369475337182,-0.0255,-0.0113261851307535));
#11883=CARTESIAN_POINT('',(-0.010369475337182,-0.0255,-0.0113261851307535));
#11884=CARTESIAN_POINT('',(-0.010369475337182,-0.0255,-0.0113261851307535));
#11885=CARTESIAN_POINT('',(-0.0107525400215752,-0.0255,-0.0117933371848916));
#11886=CARTESIAN_POINT('',(-0.0113383486974643,-0.0255,-0.0120801685461323));
#11887=CARTESIAN_POINT('',(-0.0104591685315765,-0.0255,-0.0117989430095412));
#11888=CARTESIAN_POINT('',(-0.010548861725971,-0.0255,-0.0122717008883289));
#11889=CARTESIAN_POINT('',(-0.010548861725971,-0.0255,-0.0122717008883289));
#11890=CARTESIAN_POINT('',(-0.0104591685315765,-0.0255,-0.0117989430095412));
#11891=CARTESIAN_POINT('',(-0.00952673303151704,-0.0255,-0.0122717008883289));
#11892=CARTESIAN_POINT('',(-0.00850460433706303,-0.0255,-0.0122717008883289));
#11893=CARTESIAN_POINT('',(-0.00850460433706303,-0.0255,-0.0122717008883289));
#11894=CARTESIAN_POINT('',(-0.00952673303151704,-0.0255,-0.0122717008883289));
#11895=CARTESIAN_POINT('',(-0.00791225553241601,-0.0255,-0.00893530091767511));
#11896=CARTESIAN_POINT('',(-0.00731990672776899,-0.0255,-0.0055989009470213));
#11897=CARTESIAN_POINT('',(-0.00731990672776899,-0.0255,-0.0055989009470213));
#11898=CARTESIAN_POINT('',(-0.00791225553241601,-0.0255,-0.00893530091767511));
#11899=CARTESIAN_POINT('',(-0.00834203542222299,-0.0255,-0.0055989009470213));
#11900=CARTESIAN_POINT('',(-0.009364164116677,-0.0255,-0.0055989009470213));
#11901=CARTESIAN_POINT('',(-0.009364164116677,-0.0255,-0.0055989009470213));
#11902=CARTESIAN_POINT('',(-0.00834203542222299,-0.0255,-0.0055989009470213));
#11903=CARTESIAN_POINT('',(-0.00944825148642185,-0.0255,-0.00607072452170071));
#11904=CARTESIAN_POINT('',(-0.0095323388561667,-0.0255,-0.00654254809638012));
#11905=CARTESIAN_POINT('',(-0.0095323388561667,-0.0255,-0.00654254809638012));
#11906=CARTESIAN_POINT('',(-0.00944825148642185,-0.0255,-0.00607072452170071));
#11907=CARTESIAN_POINT('',(-0.0102255925045075,-0.0255,-0.00579043328921789));
#11908=CARTESIAN_POINT('',(-0.0102255925045075,-0.0235,-0.00579043328921789));
#11909=CARTESIAN_POINT('',(-0.00990668336888263,-0.0255,-0.00598165419671172));
#11910=CARTESIAN_POINT('',(-0.00990668336888263,-0.0235,-0.00598165419671172));
#11911=CARTESIAN_POINT('',(-0.00967559881943569,-0.0255,-0.00623235913243247));
#11912=CARTESIAN_POINT('',(-0.00967559881943569,-0.0235,-0.00623235913243247));
#11913=CARTESIAN_POINT('',(-0.00953233885616669,-0.0255,-0.00654254809638012));
#11914=CARTESIAN_POINT('',(-0.00953233885616669,-0.0235,-0.00654254809638012));
#11915=CARTESIAN_POINT('',(-0.0102255925045075,-0.0255,-0.00579043328921789));
#11916=CARTESIAN_POINT('',(-0.0102255925045075,-0.0255,-0.00579043328921789));
#11917=CARTESIAN_POINT('',(-0.0102255925045075,-0.0255,-0.00579043328921789));
#11918=CARTESIAN_POINT('',(-0.00974722880107019,-0.0255,-0.00607726465045864));
#11919=CARTESIAN_POINT('',(-0.00953233885616669,-0.0255,-0.00654254809638012));
#11920=CARTESIAN_POINT('',(-0.0114102901138016,-0.0255,-0.00550360192797714));
#11921=CARTESIAN_POINT('',(-0.0114102901138016,-0.0235,-0.00550360192797714));
#11922=CARTESIAN_POINT('',(-0.0109394008432304,-0.0255,-0.00550360192797714));
#11923=CARTESIAN_POINT('',(-0.0109394008432304,-0.0235,-0.00550360192797714));
#11924=CARTESIAN_POINT('',(-0.0105445016401324,-0.0255,-0.00559921238172406));
#11925=CARTESIAN_POINT('',(-0.0105445016401324,-0.0235,-0.00559921238172406));
#11926=CARTESIAN_POINT('',(-0.0102255925045075,-0.0255,-0.00579043328921789));
#11927=CARTESIAN_POINT('',(-0.0102255925045075,-0.0235,-0.00579043328921789));
#11928=CARTESIAN_POINT('',(-0.0114102901138016,-0.0255,-0.00550360192797714));
#11929=CARTESIAN_POINT('',(-0.0114102901138016,-0.0255,-0.00550360192797714));
#11930=CARTESIAN_POINT('',(-0.0114102901138016,-0.0255,-0.00550360192797714));
#11931=CARTESIAN_POINT('',(-0.0107039562079449,-0.0255,-0.00550360192797714));
#11932=CARTESIAN_POINT('',(-0.0102255925045075,-0.0255,-0.00579043328921789));
#11933=CARTESIAN_POINT('',(-0.0114083596288823,-0.0255,-0.0086397593940669));
#11934=CARTESIAN_POINT('',(-0.0129761837992723,-0.0255,-0.00592217016848482));
#11935=CARTESIAN_POINT('',(-0.0129761837992723,-0.0255,-0.00592217016848482));
#11936=CARTESIAN_POINT('',(-0.0114083596288823,-0.0255,-0.0086397593940669));
#11937=CARTESIAN_POINT('',(-0.0142440344742029,-0.0255,-0.00711807942707818));
#11938=CARTESIAN_POINT('',(-0.0142440344742029,-0.0235,-0.00711807942707818));
#11939=CARTESIAN_POINT('',(-0.0138933589988966,-0.0255,-0.00659985208168773));
#11940=CARTESIAN_POINT('',(-0.0138933589988966,-0.0235,-0.00659985208168773));
#11941=CARTESIAN_POINT('',(-0.013470742107253,-0.0255,-0.00620121566215661));
#11942=CARTESIAN_POINT('',(-0.013470742107253,-0.0235,-0.00620121566215661));
#11943=CARTESIAN_POINT('',(-0.0129761837992723,-0.0255,-0.00592217016848482));
#11944=CARTESIAN_POINT('',(-0.0129761837992723,-0.0235,-0.00592217016848482));
#11945=CARTESIAN_POINT('',(-0.0142440344742029,-0.0255,-0.00711807942707818));
#11946=CARTESIAN_POINT('',(-0.0137180212612434,-0.0255,-0.0063407384089925));
#11947=CARTESIAN_POINT('',(-0.0129761837992723,-0.0255,-0.00592217016848482));
#11948=CARTESIAN_POINT('',(-0.00991540354055988,-0.0255,-0.00854009027987434));
#11949=CARTESIAN_POINT('',(-0.00991540354055988,-0.0235,-0.00854009027987434));
#11950=CARTESIAN_POINT('',(-0.00991540354055988,-0.0255,-0.00815017403202047));
#11951=CARTESIAN_POINT('',(-0.00991540354055988,-0.0235,-0.00815017403202047));
#11952=CARTESIAN_POINT('',(-0.0100290772070668,-0.0255,-0.00784341084980316));
#11953=CARTESIAN_POINT('',(-0.0100290772070668,-0.0235,-0.00784341084980316));
#11954=CARTESIAN_POINT('',(-0.0102564245400806,-0.0255,-0.00761980073322242));
#11955=CARTESIAN_POINT('',(-0.0102564245400806,-0.0235,-0.00761980073322242));
#11956=CARTESIAN_POINT('',(-0.00991540354055988,-0.0235,-0.00854009027987434));
#11957=CARTESIAN_POINT('',(-0.00991540354055988,-0.0235,-0.00795521590809353));
#11958=CARTESIAN_POINT('',(-0.0102564245400806,-0.0235,-0.00761980073322242));
#11959=CARTESIAN_POINT('',(-0.00991540354055988,-0.0255,-0.00854009027987434));
#11960=CARTESIAN_POINT('',(-0.00991540354055988,-0.0255,-0.00795521590809353));
#11961=CARTESIAN_POINT('',(-0.0102564245400806,-0.0255,-0.00761980073322242));
#11962=CARTESIAN_POINT('',(0.,-0.0255,-0.0089));
#11963=CARTESIAN_POINT('',(0.,-0.0235,-0.0019));
#11964=CARTESIAN_POINT('',(-0.00424604621154074,-0.0255,-0.0123669999073731));
#11965=CARTESIAN_POINT('',(-0.00424604621154074,-0.0235,-0.0123669999073731));
#11966=CARTESIAN_POINT('',(-0.00477174798979741,-0.0255,-0.0123669999073731));
#11967=CARTESIAN_POINT('',(-0.00477174798979741,-0.0235,-0.0123669999073731));
#11968=CARTESIAN_POINT('',(-0.00524388299917958,-0.0255,-0.012283223972331));
#11969=CARTESIAN_POINT('',(-0.00524388299917958,-0.0235,-0.012283223972331));
#11970=CARTESIAN_POINT('',(-0.00566245123968726,-0.0255,-0.0121156721022468));
#11971=CARTESIAN_POINT('',(-0.00566245123968726,-0.0235,-0.0121156721022468));
#11972=CARTESIAN_POINT('',(-0.00424604621154074,-0.0255,-0.0123669999073731));
#11973=CARTESIAN_POINT('',(-0.00424604621154074,-0.0255,-0.0123669999073731));
#11974=CARTESIAN_POINT('',(-0.00424604621154074,-0.0255,-0.0123669999073731));
#11975=CARTESIAN_POINT('',(-0.00503459887892574,-0.0255,-0.0123669999073731));
#11976=CARTESIAN_POINT('',(-0.00566245123968726,-0.0255,-0.0121156721022468));
#11977=CARTESIAN_POINT('',(-0.00566245123968726,-0.0255,-0.0121156721022468));
#11978=CARTESIAN_POINT('',(-0.00566245123968726,-0.0255,-0.0121156721022468));
#11979=CARTESIAN_POINT('',(-0.00270911595342663,-0.0255,-0.0121222122310048));
#11980=CARTESIAN_POINT('',(-0.00270911595342663,-0.0235,-0.0121222122310048));
#11981=CARTESIAN_POINT('',(-0.00315945053361569,-0.0255,-0.0122854040152503));
#11982=CARTESIAN_POINT('',(-0.00315945053361569,-0.0235,-0.0122854040152503));
#11983=CARTESIAN_POINT('',(-0.00367176061965373,-0.0255,-0.0123669999073731));
#11984=CARTESIAN_POINT('',(-0.00367176061965373,-0.0235,-0.0123669999073731));
#11985=CARTESIAN_POINT('',(-0.00424604621154074,-0.0255,-0.0123669999073731));
#11986=CARTESIAN_POINT('',(-0.00424604621154074,-0.0235,-0.0123669999073731));
#11987=CARTESIAN_POINT('',(-0.00270911595342663,-0.0255,-0.0121222122310048));
#11988=CARTESIAN_POINT('',(-0.00270911595342663,-0.0255,-0.0121222122310048));
#11989=CARTESIAN_POINT('',(-0.00270911595342663,-0.0255,-0.0121222122310048));
#11990=CARTESIAN_POINT('',(-0.00338461782371022,-0.0255,-0.0123669999073731));
#11991=CARTESIAN_POINT('',(-0.00424604621154074,-0.0255,-0.0123669999073731));
#11992=CARTESIAN_POINT('',(-0.00164494357410019,-0.0255,-0.0114112068046067));
#11993=CARTESIAN_POINT('',(-0.00164494357410019,-0.0235,-0.0114112068046067));
#11994=CARTESIAN_POINT('',(-0.00190405724679542,-0.0255,-0.0117220186379598));
#11995=CARTESIAN_POINT('',(-0.00190405724679542,-0.0235,-0.0117220186379598));
#11996=CARTESIAN_POINT('',(-0.00225878137323757,-0.0255,-0.0119590204467592));
#11997=CARTESIAN_POINT('',(-0.00225878137323757,-0.0235,-0.0119590204467592));
#11998=CARTESIAN_POINT('',(-0.00270911595342663,-0.0255,-0.0121222122310048));
#11999=CARTESIAN_POINT('',(-0.00270911595342663,-0.0235,-0.0121222122310048));
#12000=CARTESIAN_POINT('',(-0.00164494357410019,-0.0255,-0.0114112068046067));
#12001=CARTESIAN_POINT('',(-0.00164494357410019,-0.0255,-0.0114112068046067));
#12002=CARTESIAN_POINT('',(-0.00164494357410019,-0.0255,-0.0114112068046067));
#12003=CARTESIAN_POINT('',(-0.00203361408314303,-0.0255,-0.0118774245546364));
#12004=CARTESIAN_POINT('',(-0.00270911595342663,-0.0255,-0.0121222122310048));
#12005=CARTESIAN_POINT('',(-0.00125627306505735,-0.0255,-0.0102984506116499));
#12006=CARTESIAN_POINT('',(-0.00125627306505735,-0.0235,-0.0102984506116499));
#12007=CARTESIAN_POINT('',(-0.00125627306505735,-0.0255,-0.0107294762402679));
#12008=CARTESIAN_POINT('',(-0.00125627306505735,-0.0235,-0.0107294762402679));
#12009=CARTESIAN_POINT('',(-0.00138582990140497,-0.0255,-0.0111003949712535));
#12010=CARTESIAN_POINT('',(-0.00138582990140497,-0.0235,-0.0111003949712535));
#12011=CARTESIAN_POINT('',(-0.00164494357410019,-0.0255,-0.0114112068046067));
#12012=CARTESIAN_POINT('',(-0.00164494357410019,-0.0235,-0.0114112068046067));
#12013=CARTESIAN_POINT('',(-0.00125627306505735,-0.0255,-0.0102984506116499));
#12014=CARTESIAN_POINT('',(-0.00125627306505735,-0.0255,-0.0102984506116499));
#12015=CARTESIAN_POINT('',(-0.00125627306505735,-0.0255,-0.0102984506116499));
#12016=CARTESIAN_POINT('',(-0.00125627306505735,-0.0255,-0.0109449890545769));
#12017=CARTESIAN_POINT('',(-0.00164494357410019,-0.0255,-0.0114112068046067));
#12018=CARTESIAN_POINT('',(-0.00156085620435535,-0.0255,-0.00935947498283244));
#12019=CARTESIAN_POINT('',(-0.00156085620435535,-0.0235,-0.00935947498283244));
#12020=CARTESIAN_POINT('',(-0.00135780077815668,-0.0255,-0.00961049135325595));
#12021=CARTESIAN_POINT('',(-0.00135780077815668,-0.0235,-0.00961049135325595));
#12022=CARTESIAN_POINT('',(-0.00125627306505735,-0.0255,-0.00992348322952843));
#12023=CARTESIAN_POINT('',(-0.00125627306505735,-0.0235,-0.00992348322952843));
#12024=CARTESIAN_POINT('',(-0.00125627306505735,-0.0255,-0.0102984506116499));
#12025=CARTESIAN_POINT('',(-0.00125627306505735,-0.0235,-0.0102984506116499));
#12026=CARTESIAN_POINT('',(-0.00156085620435535,-0.0255,-0.00935947498283244));
#12027=CARTESIAN_POINT('',(-0.00156085620435535,-0.0255,-0.00935947498283244));
#12028=CARTESIAN_POINT('',(-0.00156085620435535,-0.0255,-0.00935947498283244));
#12029=CARTESIAN_POINT('',(-0.00125627306505735,-0.0255,-0.0097359995384677));
#12030=CARTESIAN_POINT('',(-0.00125627306505735,-0.0255,-0.0102984506116499));
#12031=CARTESIAN_POINT('',(-0.00324073993261721,-0.0255,-0.0107031497583359));
#12032=CARTESIAN_POINT('',(-0.00229054771291895,-0.0255,-0.00877366630694336));
#12033=CARTESIAN_POINT('',(-0.00229054771291895,-0.0255,-0.00877366630694336));
#12034=CARTESIAN_POINT('',(-0.00324073993261721,-0.0255,-0.0107031497583359));
#12035=CARTESIAN_POINT('',(-0.00336032591689505,-0.0255,-0.00834949224178602));
#12036=CARTESIAN_POINT('',(-0.00336032591689505,-0.0235,-0.00834949224178602));
#12037=CARTESIAN_POINT('',(-0.00293054602708805,-0.0255,-0.00849275220505502));
#12038=CARTESIAN_POINT('',(-0.00293054602708805,-0.0235,-0.00849275220505502));
#12039=CARTESIAN_POINT('',(-0.00257395329242936,-0.0255,-0.00863414356010747));
#12040=CARTESIAN_POINT('',(-0.00257395329242936,-0.0235,-0.00863414356010747));
#12041=CARTESIAN_POINT('',(-0.00229054771291895,-0.0255,-0.00877366630694336));
#12042=CARTESIAN_POINT('',(-0.00229054771291895,-0.0235,-0.00877366630694336));
#12043=CARTESIAN_POINT('',(-0.00336032591689505,-0.0255,-0.00834949224178602));
#12044=CARTESIAN_POINT('',(-0.00336032591689505,-0.0255,-0.00834949224178602));
#12045=CARTESIAN_POINT('',(-0.00336032591689505,-0.0255,-0.00834949224178602));
#12046=CARTESIAN_POINT('',(-0.00271565608218456,-0.0255,-0.00856438218668952));
#12047=CARTESIAN_POINT('',(-0.00229054771291895,-0.0255,-0.00877366630694336));
#12048=CARTESIAN_POINT('',(-0.00427594394300558,-0.0255,-0.00796082173274318));
#12049=CARTESIAN_POINT('',(-0.00427594394300558,-0.0235,-0.00796082173274318));
#12050=CARTESIAN_POINT('',(-0.00408036294967313,-0.0255,-0.00807667544216941));
#12051=CARTESIAN_POINT('',(-0.00408036294967313,-0.0235,-0.00807667544216941));
#12052=CARTESIAN_POINT('',(-0.00377515694096962,-0.0255,-0.00820623227851702));
#12053=CARTESIAN_POINT('',(-0.00377515694096962,-0.0235,-0.00820623227851702));
#12054=CARTESIAN_POINT('',(-0.00336032591689505,-0.0255,-0.00834949224178602));
#12055=CARTESIAN_POINT('',(-0.00336032591689505,-0.0235,-0.00834949224178602));
#12056=CARTESIAN_POINT('',(-0.00427594394300558,-0.0255,-0.00796082173274318));
#12057=CARTESIAN_POINT('',(-0.00427594394300558,-0.0255,-0.00796082173274318));
#12058=CARTESIAN_POINT('',(-0.00427594394300558,-0.0255,-0.00796082173274318));
#12059=CARTESIAN_POINT('',(-0.0039825724530069,-0.0255,-0.00813460229688253));
#12060=CARTESIAN_POINT('',(-0.00336032591689505,-0.0255,-0.00834949224178602));
#12061=CARTESIAN_POINT('',(-0.00456931543300426,-0.0255,-0.00752356741006999));
#12062=CARTESIAN_POINT('',(-0.00456931543300426,-0.0235,-0.00752356741006999));
#12063=CARTESIAN_POINT('',(-0.00456931543300426,-0.0255,-0.00769921658242588));
#12064=CARTESIAN_POINT('',(-0.00456931543300426,-0.0235,-0.00769921658242588));
#12065=CARTESIAN_POINT('',(-0.00447152493633803,-0.0255,-0.00784496802331695));
#12066=CARTESIAN_POINT('',(-0.00447152493633803,-0.0235,-0.00784496802331695));
#12067=CARTESIAN_POINT('',(-0.00427594394300558,-0.0255,-0.00796082173274318));
#12068=CARTESIAN_POINT('',(-0.00427594394300558,-0.0235,-0.00796082173274318));
#12069=CARTESIAN_POINT('',(-0.00456931543300426,-0.0255,-0.00752356741006999));
#12070=CARTESIAN_POINT('',(-0.00456931543300426,-0.0255,-0.00752356741006999));
#12071=CARTESIAN_POINT('',(-0.00456931543300426,-0.0255,-0.00752356741006999));
#12072=CARTESIAN_POINT('',(-0.00456931543300426,-0.0255,-0.00778704116860383));
#12073=CARTESIAN_POINT('',(-0.00427594394300558,-0.0255,-0.00796082173274318));
#12074=CARTESIAN_POINT('',(-0.00434788535934283,-0.0255,-0.00712929107637749));
#12075=CARTESIAN_POINT('',(-0.00434788535934283,-0.0235,-0.00712929107637749));
#12076=CARTESIAN_POINT('',(-0.00449550540845045,-0.0255,-0.00722521296482716));
#12077=CARTESIAN_POINT('',(-0.00449550540845045,-0.0235,-0.00722521296482716));
#12078=CARTESIAN_POINT('',(-0.00456931543300426,-0.0255,-0.00735663840939133));
#12079=CARTESIAN_POINT('',(-0.00456931543300426,-0.0235,-0.00735663840939133));
#12080=CARTESIAN_POINT('',(-0.00456931543300426,-0.0255,-0.00752356741006999));
#12081=CARTESIAN_POINT('',(-0.00456931543300426,-0.0235,-0.00752356741006999));
#12082=CARTESIAN_POINT('',(-0.00434788535934283,-0.0255,-0.00712929107637749));
#12083=CARTESIAN_POINT('',(-0.00434788535934283,-0.0255,-0.00712929107637749));
#12084=CARTESIAN_POINT('',(-0.00434788535934283,-0.0255,-0.00712929107637749));
#12085=CARTESIAN_POINT('',(-0.00456931543300426,-0.0255,-0.007273173909052));
#12086=CARTESIAN_POINT('',(-0.00456931543300426,-0.0255,-0.00752356741006999));
#12087=CARTESIAN_POINT('',(-0.00377889415740272,-0.0255,-0.00698540824370298));
#12088=CARTESIAN_POINT('',(-0.00377889415740272,-0.0235,-0.00698540824370298));
#12089=CARTESIAN_POINT('',(-0.00401060157625518,-0.0255,-0.00698540824370298));
#12090=CARTESIAN_POINT('',(-0.00401060157625518,-0.0235,-0.00698540824370298));
#12091=CARTESIAN_POINT('',(-0.00420026531023522,-0.0255,-0.00703336918792782));
#12092=CARTESIAN_POINT('',(-0.00420026531023522,-0.0235,-0.00703336918792782));
#12093=CARTESIAN_POINT('',(-0.00434788535934283,-0.0255,-0.00712929107637749));
#12094=CARTESIAN_POINT('',(-0.00434788535934283,-0.0235,-0.00712929107637749));
#12095=CARTESIAN_POINT('',(-0.00377889415740272,-0.0255,-0.00698540824370298));
#12096=CARTESIAN_POINT('',(-0.00377889415740272,-0.0255,-0.00698540824370298));
#12097=CARTESIAN_POINT('',(-0.00377889415740272,-0.0255,-0.00698540824370298));
#12098=CARTESIAN_POINT('',(-0.00412645528568141,-0.0255,-0.00698540824370298));
#12099=CARTESIAN_POINT('',(-0.00434788535934283,-0.0255,-0.00712929107637749));
#12100=CARTESIAN_POINT('',(-0.00309685215836119,-0.0255,-0.00720123249271475));
#12101=CARTESIAN_POINT('',(-0.00309685215836119,-0.0235,-0.00720123249271475));
#12102=CARTESIAN_POINT('',(-0.00325630672617364,-0.0255,-0.00705734966004024));
#12103=CARTESIAN_POINT('',(-0.00325630672617364,-0.0235,-0.00705734966004024));
#12104=CARTESIAN_POINT('',(-0.00348365405918748,-0.0255,-0.00698540824370298));
#12105=CARTESIAN_POINT('',(-0.00348365405918748,-0.0235,-0.00698540824370298));
#12106=CARTESIAN_POINT('',(-0.00377889415740272,-0.0255,-0.00698540824370298));
#12107=CARTESIAN_POINT('',(-0.00377889415740272,-0.0235,-0.00698540824370298));
#12108=CARTESIAN_POINT('',(-0.00309685215836119,-0.0255,-0.00720123249271475));
#12109=CARTESIAN_POINT('',(-0.00309685215836119,-0.0255,-0.00720123249271475));
#12110=CARTESIAN_POINT('',(-0.00309685215836119,-0.0255,-0.00720123249271475));
#12111=CARTESIAN_POINT('',(-0.00333603401007986,-0.0255,-0.00698540824370298));
#12112=CARTESIAN_POINT('',(-0.00377889415740272,-0.0255,-0.00698540824370298));
#12113=CARTESIAN_POINT('',(-0.0028819622134577,-0.0255,-0.00777582951930452));
#12114=CARTESIAN_POINT('',(-0.0028819622134577,-0.0235,-0.00777582951930452));
#12115=CARTESIAN_POINT('',(-0.00286576760891425,-0.0255,-0.00753664766758585));
#12116=CARTESIAN_POINT('',(-0.00286576760891425,-0.0235,-0.00753664766758585));
#12117=CARTESIAN_POINT('',(-0.00293739759054875,-0.0255,-0.00734511532538926));
#12118=CARTESIAN_POINT('',(-0.00293739759054875,-0.0235,-0.00734511532538926));
#12119=CARTESIAN_POINT('',(-0.00309685215836119,-0.0255,-0.00720123249271475));
#12120=CARTESIAN_POINT('',(-0.00309685215836119,-0.0235,-0.00720123249271475));
#12121=CARTESIAN_POINT('',(-0.0028819622134577,-0.0255,-0.00777582951930452));
#12122=CARTESIAN_POINT('',(-0.0028819622134577,-0.0255,-0.00777582951930452));
#12123=CARTESIAN_POINT('',(-0.0028819622134577,-0.0255,-0.00777582951930452));
#12124=CARTESIAN_POINT('',(-0.00285767030664253,-0.0255,-0.00741705674172652));
#12125=CARTESIAN_POINT('',(-0.00309685215836119,-0.0255,-0.00720123249271475));
#12126=CARTESIAN_POINT('',(-0.00195513253804785,-0.0255,-0.00777582951930452));
#12127=CARTESIAN_POINT('',(-0.001028302862638,-0.0255,-0.00777582951930452));
#12128=CARTESIAN_POINT('',(-0.001028302862638,-0.0255,-0.00777582951930452));
#12129=CARTESIAN_POINT('',(-0.00195513253804785,-0.0255,-0.00777582951930452));
#12130=CARTESIAN_POINT('',(-0.00102269703798834,-0.0255,-0.00768613632491002));
#12131=CARTESIAN_POINT('',(-0.00101709121333868,-0.0255,-0.00759644313051552));
#12132=CARTESIAN_POINT('',(-0.00101745922612755,-0.0255,-0.0075964386759225));
#12133=CARTESIAN_POINT('',(-0.00102269703798834,-0.0255,-0.00768613632491002));
#12134=CARTESIAN_POINT('',(-0.00284897742487324,-0.0255,-0.00757426915239666));
#12135=CARTESIAN_POINT('',(-0.00135157208410151,-0.0255,-0.0065201247977815));
#12136=CARTESIAN_POINT('',(-0.00135157208410151,-0.0255,-0.0065201247977815));
#12137=CARTESIAN_POINT('',(-0.00284897742487324,-0.0255,-0.00757426915239666));
#12138=CARTESIAN_POINT('',(-0.00229615353756861,-0.0255,-0.00577268151116065));
#12139=CARTESIAN_POINT('',(-0.00229615353756861,-0.0235,-0.00577268151116065));
#12140=CARTESIAN_POINT('',(-0.00188941981576576,-0.0255,-0.00595206789994965));
#12141=CARTESIAN_POINT('',(-0.00188941981576576,-0.0235,-0.00595206789994965));
#12142=CARTESIAN_POINT('',(-0.00157455933127673,-0.0255,-0.0062012156621566));
#12143=CARTESIAN_POINT('',(-0.00157455933127673,-0.0235,-0.0062012156621566));
#12144=CARTESIAN_POINT('',(-0.00135157208410151,-0.0255,-0.0065201247977815));
#12145=CARTESIAN_POINT('',(-0.00135157208410151,-0.0235,-0.0065201247977815));
#12146=CARTESIAN_POINT('',(-0.00229615353756861,-0.0255,-0.00577268151116065));
#12147=CARTESIAN_POINT('',(-0.00229615353756861,-0.0255,-0.00577268151116065));
#12148=CARTESIAN_POINT('',(-0.00229615353756861,-0.0255,-0.00577268151116065));
#12149=CARTESIAN_POINT('',(-0.00168605295486434,-0.0255,-0.00604176109434415));
#12150=CARTESIAN_POINT('',(-0.00135157208410151,-0.0255,-0.0065201247977815));
#12151=CARTESIAN_POINT('',(-0.00373217895198892,-0.0255,-0.00550360192797714));
#12152=CARTESIAN_POINT('',(-0.00373217895198892,-0.0235,-0.00550360192797714));
#12153=CARTESIAN_POINT('',(-0.00318156239751156,-0.0255,-0.00550360192797714));
#12154=CARTESIAN_POINT('',(-0.00318156239751156,-0.0235,-0.00550360192797714));
#12155=CARTESIAN_POINT('',(-0.00270288725937146,-0.0255,-0.00559329512237164));
#12156=CARTESIAN_POINT('',(-0.00270288725937146,-0.0235,-0.00559329512237164));
#12157=CARTESIAN_POINT('',(-0.00229615353756861,-0.0255,-0.00577268151116065));
#12158=CARTESIAN_POINT('',(-0.00229615353756861,-0.0235,-0.00577268151116065));
#12159=CARTESIAN_POINT('',(-0.00373217895198892,-0.0255,-0.00550360192797714));
#12160=CARTESIAN_POINT('',(-0.00373217895198892,-0.0255,-0.00550360192797714));
#12161=CARTESIAN_POINT('',(-0.00373217895198892,-0.0255,-0.00550360192797714));
#12162=CARTESIAN_POINT('',(-0.00290625412027288,-0.0255,-0.00550360192797714));
#12163=CARTESIAN_POINT('',(-0.00229615353756861,-0.0255,-0.00577268151116065));
#12164=CARTESIAN_POINT('',(-0.00518408753624991,-0.0255,-0.00576614138240272));
#12165=CARTESIAN_POINT('',(-0.00518408753624991,-0.0235,-0.00576614138240272));
#12166=CARTESIAN_POINT('',(-0.00476551929574224,-0.0255,-0.00559111507945233));
#12167=CARTESIAN_POINT('',(-0.00476551929574224,-0.0235,-0.00559111507945233));
#12168=CARTESIAN_POINT('',(-0.00428154976765524,-0.0255,-0.00550360192797714));
#12169=CARTESIAN_POINT('',(-0.00428154976765524,-0.0235,-0.00550360192797714));
#12170=CARTESIAN_POINT('',(-0.00373217895198892,-0.0255,-0.00550360192797714));
#12171=CARTESIAN_POINT('',(-0.00373217895198892,-0.0235,-0.00550360192797714));
#12172=CARTESIAN_POINT('',(-0.00518408753624991,-0.0255,-0.00576614138240272));
#12173=CARTESIAN_POINT('',(-0.00518408753624991,-0.0255,-0.00576614138240272));
#12174=CARTESIAN_POINT('',(-0.00518408753624991,-0.0255,-0.00576614138240272));
#12175=CARTESIAN_POINT('',(-0.0045562351754884,-0.0255,-0.00550360192797714));
#12176=CARTESIAN_POINT('',(-0.00373217895198892,-0.0255,-0.00550360192797714));
#12177=CARTESIAN_POINT('',(-0.00615856672118184,-0.0255,-0.00650143871561598));
#12178=CARTESIAN_POINT('',(-0.00615856672118184,-0.0235,-0.00650143871561598));
#12179=CARTESIAN_POINT('',(-0.0059274821717349,-0.0255,-0.00618626679642419));
#12180=CARTESIAN_POINT('',(-0.0059274821717349,-0.0235,-0.00618626679642419));
#12181=CARTESIAN_POINT('',(-0.00560265577675759,-0.0255,-0.0059411676853531));
#12182=CARTESIAN_POINT('',(-0.00560265577675759,-0.0235,-0.0059411676853531));
#12183=CARTESIAN_POINT('',(-0.00518408753624991,-0.0255,-0.00576614138240272));
#12184=CARTESIAN_POINT('',(-0.00518408753624991,-0.0235,-0.00576614138240272));
#12185=CARTESIAN_POINT('',(-0.00615856672118184,-0.0255,-0.00650143871561598));
#12186=CARTESIAN_POINT('',(-0.00615856672118184,-0.0255,-0.00650143871561598));
#12187=CARTESIAN_POINT('',(-0.00615856672118184,-0.0255,-0.00650143871561598));
#12188=CARTESIAN_POINT('',(-0.00581193989701143,-0.0255,-0.00602868083682829));
#12189=CARTESIAN_POINT('',(-0.00518408753624991,-0.0255,-0.00576614138240272));
#12190=CARTESIAN_POINT('',(-0.00476214700251373,-0.0255,-0.00754484288335614));
#12191=CARTESIAN_POINT('',(-0.00650519354535226,-0.0255,-0.00755907096618448));
#12192=CARTESIAN_POINT('',(-0.00650519354535226,-0.0255,-0.00755907096618448));
#12193=CARTESIAN_POINT('',(-0.00476214700251373,-0.0255,-0.00754484288335614));
#12194=CARTESIAN_POINT('',(-0.00619500458140461,-0.0255,-0.00855223623328193));
#12195=CARTESIAN_POINT('',(-0.00619500458140461,-0.0235,-0.00855223623328193));
#12196=CARTESIAN_POINT('',(-0.00640179722403638,-0.0255,-0.00828876247474808));
#12197=CARTESIAN_POINT('',(-0.00640179722403638,-0.0235,-0.00828876247474808));
#12198=CARTESIAN_POINT('',(-0.00650519354535226,-0.0255,-0.0079577073857156));
#12199=CARTESIAN_POINT('',(-0.00650519354535226,-0.0235,-0.0079577073857156));
#12200=CARTESIAN_POINT('',(-0.00650519354535226,-0.0255,-0.00755907096618448));
#12201=CARTESIAN_POINT('',(-0.00650519354535226,-0.0235,-0.00755907096618448));
#12202=CARTESIAN_POINT('',(-0.00619500458140461,-0.0255,-0.00855223623328193));
#12203=CARTESIAN_POINT('',(-0.00619500458140461,-0.0255,-0.00855223623328193));
#12204=CARTESIAN_POINT('',(-0.00619500458140461,-0.0255,-0.00855223623328193));
#12205=CARTESIAN_POINT('',(-0.00650519354535226,-0.0255,-0.00815702559548116));
#12206=CARTESIAN_POINT('',(-0.00650519354535226,-0.0255,-0.00755907096618448));
#12207=CARTESIAN_POINT('',(-0.00454431723107268,-0.0255,-0.00727798873288864));
#12208=CARTESIAN_POINT('',(-0.00544756129478376,-0.0255,-0.00915673099133654));
#12209=CARTESIAN_POINT('',(-0.00544756129478376,-0.0255,-0.00915673099133654));
#12210=CARTESIAN_POINT('',(-0.00454431723107268,-0.0255,-0.00727798873288864));
#12211=CARTESIAN_POINT('',(-0.00436563713740008,-0.0255,-0.00958090505649387));
#12212=CARTESIAN_POINT('',(-0.00436563713740008,-0.0235,-0.00958090505649387));
#12213=CARTESIAN_POINT('',(-0.00479541702720708,-0.0255,-0.00943764509322488));
#12214=CARTESIAN_POINT('',(-0.00479541702720708,-0.0235,-0.00943764509322488));
#12215=CARTESIAN_POINT('',(-0.00515605841300163,-0.0255,-0.00929625373817243));
#12216=CARTESIAN_POINT('',(-0.00515605841300163,-0.0235,-0.00929625373817243));
#12217=CARTESIAN_POINT('',(-0.00544756129478376,-0.0255,-0.00915673099133654));
#12218=CARTESIAN_POINT('',(-0.00544756129478376,-0.0235,-0.00915673099133654));
#12219=CARTESIAN_POINT('',(-0.00436563713740008,-0.0255,-0.00958090505649387));
#12220=CARTESIAN_POINT('',(-0.00436563713740008,-0.0255,-0.00958090505649387));
#12221=CARTESIAN_POINT('',(-0.00436563713740008,-0.0255,-0.00958090505649387));
#12222=CARTESIAN_POINT('',(-0.00501030697211057,-0.0255,-0.00936601511159038));
#12223=CARTESIAN_POINT('',(-0.00544756129478376,-0.0255,-0.00915673099133654));
#12224=CARTESIAN_POINT('',(-0.00347431101810472,-0.0255,-0.00994528365872153));
#12225=CARTESIAN_POINT('',(-0.00347431101810472,-0.0235,-0.00994528365872153));
#12226=CARTESIAN_POINT('',(-0.00365369740689372,-0.0255,-0.00984562455383875));
#12227=CARTESIAN_POINT('',(-0.00365369740689372,-0.0235,-0.00984562455383875));
#12228=CARTESIAN_POINT('',(-0.00395080611332551,-0.0255,-0.00972416501976286));
#12229=CARTESIAN_POINT('',(-0.00395080611332551,-0.0235,-0.00972416501976286));
#12230=CARTESIAN_POINT('',(-0.00436563713740008,-0.0255,-0.00958090505649387));
#12231=CARTESIAN_POINT('',(-0.00436563713740008,-0.0235,-0.00958090505649387));
#12232=CARTESIAN_POINT('',(-0.00347431101810472,-0.0255,-0.00994528365872153));
#12233=CARTESIAN_POINT('',(-0.00347431101810472,-0.0255,-0.00994528365872153));
#12234=CARTESIAN_POINT('',(-0.00347431101810472,-0.0255,-0.00994528365872153));
#12235=CARTESIAN_POINT('',(-0.00374339060128823,-0.0255,-0.00979579500139736));
#12236=CARTESIAN_POINT('',(-0.00436563713740008,-0.0255,-0.00958090505649387));
#12237=CARTESIAN_POINT('',(-0.00320523143492121,-0.0255,-0.0103470344252802));
#12238=CARTESIAN_POINT('',(-0.00320523143492121,-0.0235,-0.0103470344252802));
#12239=CARTESIAN_POINT('',(-0.00320523143492121,-0.0255,-0.0101788596857905));
#12240=CARTESIAN_POINT('',(-0.00320523143492121,-0.0235,-0.0101788596857905));
#12241=CARTESIAN_POINT('',(-0.00329492462931572,-0.0255,-0.0100449427636043));
#12242=CARTESIAN_POINT('',(-0.00329492462931572,-0.0235,-0.0100449427636043));
#12243=CARTESIAN_POINT('',(-0.00347431101810472,-0.0255,-0.00994528365872153));
#12244=CARTESIAN_POINT('',(-0.00347431101810472,-0.0235,-0.00994528365872153));
#12245=CARTESIAN_POINT('',(-0.00320523143492121,-0.0255,-0.0103470344252802));
#12246=CARTESIAN_POINT('',(-0.00320523143492121,-0.0255,-0.0103470344252802));
#12247=CARTESIAN_POINT('',(-0.00320523143492121,-0.0255,-0.0103470344252802));
#12248=CARTESIAN_POINT('',(-0.00320523143492121,-0.0255,-0.0100947723160457));
#12249=CARTESIAN_POINT('',(-0.00347431101810472,-0.0255,-0.00994528365872153));
#12250=CARTESIAN_POINT('',(-0.00345655924004748,-0.0255,-0.010752522408272));
#12251=CARTESIAN_POINT('',(-0.00345655924004748,-0.0235,-0.010752522408272));
#12252=CARTESIAN_POINT('',(-0.0032890073699633,-0.0255,-0.0106566005198224));
#12253=CARTESIAN_POINT('',(-0.0032890073699633,-0.0235,-0.0106566005198224));
#12254=CARTESIAN_POINT('',(-0.00320523143492121,-0.0255,-0.0105214378588251));
#12255=CARTESIAN_POINT('',(-0.00320523143492121,-0.0235,-0.0105214378588251));
#12256=CARTESIAN_POINT('',(-0.00320523143492121,-0.0255,-0.0103470344252802));
#12257=CARTESIAN_POINT('',(-0.00320523143492121,-0.0235,-0.0103470344252802));
#12258=CARTESIAN_POINT('',(-0.00345655924004748,-0.0255,-0.010752522408272));
#12259=CARTESIAN_POINT('',(-0.00345655924004748,-0.0255,-0.010752522408272));
#12260=CARTESIAN_POINT('',(-0.00345655924004748,-0.0255,-0.010752522408272));
#12261=CARTESIAN_POINT('',(-0.00320523143492121,-0.0255,-0.0106086395755975));
#12262=CARTESIAN_POINT('',(-0.00320523143492121,-0.0255,-0.0103470344252802));
#12263=CARTESIAN_POINT('',(-0.00409095172956693,-0.0255,-0.0108964052409466));
#12264=CARTESIAN_POINT('',(-0.00409095172956693,-0.0235,-0.0108964052409466));
#12265=CARTESIAN_POINT('',(-0.0038355752733048,-0.0255,-0.0108964052409466));
#12266=CARTESIAN_POINT('',(-0.0038355752733048,-0.0235,-0.0108964052409466));
#12267=CARTESIAN_POINT('',(-0.00362411111013165,-0.0255,-0.0108484442967217));
#12268=CARTESIAN_POINT('',(-0.00362411111013165,-0.0235,-0.0108484442967217));
#12269=CARTESIAN_POINT('',(-0.00345655924004748,-0.0255,-0.010752522408272));
#12270=CARTESIAN_POINT('',(-0.00345655924004748,-0.0235,-0.010752522408272));
#12271=CARTESIAN_POINT('',(-0.00409095172956693,-0.0255,-0.0108964052409466));
#12272=CARTESIAN_POINT('',(-0.00409095172956693,-0.0255,-0.0108964052409466));
#12273=CARTESIAN_POINT('',(-0.00409095172956693,-0.0255,-0.0108964052409466));
#12274=CARTESIAN_POINT('',(-0.00370788704517373,-0.0255,-0.0108964052409466));
#12275=CARTESIAN_POINT('',(-0.00345655924004748,-0.0255,-0.010752522408272));
#12276=CARTESIAN_POINT('',(-0.00478981120255741,-0.0255,-0.0106749751672851));
#12277=CARTESIAN_POINT('',(-0.00478981120255741,-0.0235,-0.0106749751672851));
#12278=CARTESIAN_POINT('',(-0.00462661941831186,-0.0255,-0.0108225952163928));
#12279=CARTESIAN_POINT('',(-0.00462661941831186,-0.0235,-0.0108225952163928));
#12280=CARTESIAN_POINT('',(-0.00439366626064837,-0.0255,-0.0108964052409466));
#12281=CARTESIAN_POINT('',(-0.00439366626064837,-0.0235,-0.0108964052409466));
#12282=CARTESIAN_POINT('',(-0.00409095172956693,-0.0255,-0.0108964052409466));
#12283=CARTESIAN_POINT('',(-0.00409095172956693,-0.0235,-0.0108964052409466));
#12284=CARTESIAN_POINT('',(-0.00478981120255741,-0.0255,-0.0106749751672851));
#12285=CARTESIAN_POINT('',(-0.00478981120255741,-0.0255,-0.0106749751672851));
#12286=CARTESIAN_POINT('',(-0.00478981120255741,-0.0255,-0.0106749751672851));
#12287=CARTESIAN_POINT('',(-0.00454502352618909,-0.0255,-0.0108964052409466));
#12288=CARTESIAN_POINT('',(-0.00409095172956693,-0.0255,-0.0108964052409466));
#12289=CARTESIAN_POINT('',(-0.00501030697211057,-0.0255,-0.0100835606667464));
#12290=CARTESIAN_POINT('',(-0.00501030697211057,-0.0235,-0.0100835606667464));
#12291=CARTESIAN_POINT('',(-0.00502650157665402,-0.0255,-0.0103302169513313));
#12292=CARTESIAN_POINT('',(-0.00502650157665402,-0.0235,-0.0103302169513313));
#12293=CARTESIAN_POINT('',(-0.00495300298680296,-0.0255,-0.0105273551181775));
#12294=CARTESIAN_POINT('',(-0.00495300298680296,-0.0235,-0.0105273551181775));
#12295=CARTESIAN_POINT('',(-0.00478981120255741,-0.0255,-0.0106749751672851));
#12296=CARTESIAN_POINT('',(-0.00478981120255741,-0.0235,-0.0106749751672851));
#12297=CARTESIAN_POINT('',(-0.00501030697211057,-0.0255,-0.0100835606667464));
#12298=CARTESIAN_POINT('',(-0.00501030697211057,-0.0255,-0.0100835606667464));
#12299=CARTESIAN_POINT('',(-0.00501030697211057,-0.0255,-0.0100835606667464));
#12300=CARTESIAN_POINT('',(-0.00503459887892574,-0.0255,-0.0104535450936237));
#12301=CARTESIAN_POINT('',(-0.00478981120255741,-0.0255,-0.0106749751672851));
#12302=CARTESIAN_POINT('',(-0.00599693211045008,-0.0255,-0.0100835606667464));
#12303=CARTESIAN_POINT('',(-0.00698313984223004,-0.0255,-0.0100835606667464));
#12304=CARTESIAN_POINT('',(-0.00698313984223004,-0.0255,-0.0100835606667464));
#12305=CARTESIAN_POINT('',(-0.00599693211045008,-0.0255,-0.0100835606667464));
#12306=CARTESIAN_POINT('',(-0.00358237703390422,-0.0254999999999986,-0.0105219052444272));
#12307=CARTESIAN_POINT('',(-0.00700784915560478,-0.0255,-0.0103825379813947));
#12308=CARTESIAN_POINT('',(-0.00700775134525029,-0.0255,-0.010382531547757));
#12309=CARTESIAN_POINT('',(-0.00358237703390422,-0.0255,-0.0105219052444272));
#12310=CARTESIAN_POINT('',(-0.00540302538663076,-0.0255,-0.0104053047167367));
#12311=CARTESIAN_POINT('',(-0.00664907637802677,-0.0255,-0.011415878325148));
#12312=CARTESIAN_POINT('',(-0.00664907637802677,-0.0255,-0.011415878325148));
#12313=CARTESIAN_POINT('',(-0.00540302538663076,-0.0255,-0.0104053047167367));
#12314=CARTESIAN_POINT('',(-0.00566245123968726,-0.0255,-0.0121156721022468));
#12315=CARTESIAN_POINT('',(-0.00566245123968726,-0.0235,-0.0121156721022468));
#12316=CARTESIAN_POINT('',(-0.00608101948019493,-0.0255,-0.0119481202321626));
#12317=CARTESIAN_POINT('',(-0.00608101948019493,-0.0235,-0.0119481202321626));
#12318=CARTESIAN_POINT('',(-0.0064098945263081,-0.0255,-0.0117148556397964));
#12319=CARTESIAN_POINT('',(-0.0064098945263081,-0.0235,-0.0117148556397964));
#12320=CARTESIAN_POINT('',(-0.00664907637802677,-0.0255,-0.011415878325148));
#12321=CARTESIAN_POINT('',(-0.00664907637802677,-0.0235,-0.011415878325148));
#12322=CARTESIAN_POINT('',(-0.00566245123968726,-0.0255,-0.0121156721022468));
#12323=CARTESIAN_POINT('',(-0.00629030360044876,-0.0255,-0.0118643442971206));
#12324=CARTESIAN_POINT('',(-0.00664907637802677,-0.0255,-0.011415878325148));
#12325=CARTESIAN_POINT('',(0.,-0.0255,-0.0089));
#12326=CARTESIAN_POINT('',(0.00493816317281293,-0.0255,-0.00552602522657577));
#12327=CARTESIAN_POINT('',(0.00493816317281293,-0.0235,-0.00552602522657577));
#12328=CARTESIAN_POINT('',(0.00559217604860617,-0.0255,-0.00552602522657577));
#12329=CARTESIAN_POINT('',(0.00559217604860617,-0.0235,-0.00552602522657577));
#12330=CARTESIAN_POINT('',(0.00610853478578007,-0.0255,-0.0057135089176365));
#12331=CARTESIAN_POINT('',(0.00610853478578007,-0.0235,-0.0057135089176365));
#12332=CARTESIAN_POINT('',(0.00648723938433463,-0.0255,-0.00608847629975796));
#12333=CARTESIAN_POINT('',(0.00648723938433463,-0.0235,-0.00608847629975796));
#12334=CARTESIAN_POINT('',(0.00493816317281293,-0.0255,-0.00552602522657577));
#12335=CARTESIAN_POINT('',(0.00493816317281293,-0.0255,-0.00552602522657577));
#12336=CARTESIAN_POINT('',(0.00493816317281293,-0.0255,-0.00552602522657577));
#12337=CARTESIAN_POINT('',(0.00591918248650279,-0.0255,-0.00552602522657577));
#12338=CARTESIAN_POINT('',(0.00648723938433463,-0.0255,-0.00608847629975796));
#12339=CARTESIAN_POINT('',(0.00648723938433463,-0.0255,-0.00608847629975796));
#12340=CARTESIAN_POINT('',(0.00648723938433463,-0.0255,-0.00608847629975796));
#12341=CARTESIAN_POINT('',(0.0049086344359989,-0.0255,-0.00852778505344972));
#12342=CARTESIAN_POINT('',(0.00369460440469749,-0.0255,-0.00578389316045996));
#12343=CARTESIAN_POINT('',(0.00369460440469749,-0.0255,-0.00578389316045996));
#12344=CARTESIAN_POINT('',(0.0049086344359989,-0.0255,-0.00852778505344972));
#12345=CARTESIAN_POINT('',(0.00272573104441522,-0.0255,-0.00648275263345046));
#12346=CARTESIAN_POINT('',(0.00272573104441522,-0.0235,-0.00648275263345046));
#12347=CARTESIAN_POINT('',(0.00298858193354355,-0.0255,-0.00618875827404625));
#12348=CARTESIAN_POINT('',(0.00298858193354355,-0.0235,-0.00618875827404625));
#12349=CARTESIAN_POINT('',(0.00331153972030431,-0.0255,-0.00595580511638275));
#12350=CARTESIAN_POINT('',(0.00331153972030431,-0.0235,-0.00595580511638275));
#12351=CARTESIAN_POINT('',(0.00369460440469749,-0.0255,-0.00578389316045996));
#12352=CARTESIAN_POINT('',(0.00369460440469749,-0.0235,-0.00578389316045996));
#12353=CARTESIAN_POINT('',(0.00272573104441522,-0.0255,-0.00648275263345046));
#12354=CARTESIAN_POINT('',(0.00272573104441522,-0.0255,-0.00648275263345046));
#12355=CARTESIAN_POINT('',(0.00272573104441522,-0.0255,-0.00648275263345046));
#12356=CARTESIAN_POINT('',(0.00312000737810772,-0.0255,-0.00604176109434415));
#12357=CARTESIAN_POINT('',(0.00369460440469749,-0.0255,-0.00578389316045996));
#12358=CARTESIAN_POINT('',(0.00299481062759872,-0.0255,-0.00495236250409427));
#12359=CARTESIAN_POINT('',(0.00326389021078222,-0.0255,-0.00342197237473808));
#12360=CARTESIAN_POINT('',(0.00326389021078222,-0.0255,-0.00342197237473808));
#12361=CARTESIAN_POINT('',(0.00299481062759872,-0.0255,-0.00495236250409427));
#12362=CARTESIAN_POINT('',(0.00224176151632821,-0.0255,-0.00342197237473808));
#12363=CARTESIAN_POINT('',(0.00121963282187421,-0.0255,-0.00342197237473808));
#12364=CARTESIAN_POINT('',(0.00121963282187421,-0.0255,-0.00342197237473808));
#12365=CARTESIAN_POINT('',(0.00224176151632821,-0.0255,-0.00342197237473808));
#12366=CARTESIAN_POINT('',(0.000435751675030592,-0.0255,-0.0078468366315335));
#12367=CARTESIAN_POINT('',(-0.000348129471813022,-0.0255,-0.0122717008883289));
#12368=CARTESIAN_POINT('',(-0.000348129471813022,-0.0255,-0.0122717008883289));
#12369=CARTESIAN_POINT('',(0.000435751675030592,-0.0255,-0.0078468366315335));
#12370=CARTESIAN_POINT('',(0.000674933526749265,-0.0255,-0.0122717008883289));
#12371=CARTESIAN_POINT('',(0.00169799652531155,-0.0255,-0.0122717008883289));
#12372=CARTESIAN_POINT('',(0.00169799652531155,-0.0255,-0.0122717008883289));
#12373=CARTESIAN_POINT('',(0.000674933526749265,-0.0255,-0.0122717008883289));
#12374=CARTESIAN_POINT('',(0.00202033144266679,-0.0255,-0.0104479392689741));
#12375=CARTESIAN_POINT('',(0.00234266636002203,-0.0255,-0.00862417764961919));
#12376=CARTESIAN_POINT('',(0.00234266636002203,-0.0255,-0.00862417764961919));
#12377=CARTESIAN_POINT('',(0.00202033144266679,-0.0255,-0.0104479392689741));
#12378=CARTESIAN_POINT('',(0.00234266636002203,-0.0255,-0.00863632360302677));
#12379=CARTESIAN_POINT('',(0.00234266636002203,-0.0255,-0.00864846955643436));
#12380=CARTESIAN_POINT('',(0.00234266636002203,-0.0255,-0.00864846955643436));
#12381=CARTESIAN_POINT('',(0.00234266636002203,-0.0255,-0.00863632360302677));
#12382=CARTESIAN_POINT('',(0.00286961387708973,-0.0255,-0.00760765477981483));
#12383=CARTESIAN_POINT('',(0.00286961387708973,-0.0235,-0.00760765477981483));
#12384=CARTESIAN_POINT('',(0.00259804281628416,-0.0255,-0.00785431106439971));
#12385=CARTESIAN_POINT('',(0.00259804281628416,-0.0235,-0.00785431106439971));
#12386=CARTESIAN_POINT('',(0.00242239364392826,-0.0255,-0.00820124932327289));
#12387=CARTESIAN_POINT('',(0.00242239364392826,-0.0235,-0.00820124932327289));
#12388=CARTESIAN_POINT('',(0.00234266636002203,-0.0255,-0.00864846955643436));
#12389=CARTESIAN_POINT('',(0.00234266636002203,-0.0235,-0.00864846955643436));
#12390=CARTESIAN_POINT('',(0.00286961387708973,-0.0255,-0.00760765477981483));
#12391=CARTESIAN_POINT('',(0.00286961387708973,-0.0255,-0.00760765477981483));
#12392=CARTESIAN_POINT('',(0.00286961387708973,-0.0255,-0.00760765477981483));
#12393=CARTESIAN_POINT('',(0.00246225728588137,-0.0255,-0.00797763920669215));
#12394=CARTESIAN_POINT('',(0.00234266636002203,-0.0255,-0.00864846955643436));
#12395=CARTESIAN_POINT('',(0.00387492509759477,-0.0255,-0.00723767035293751));
#12396=CARTESIAN_POINT('',(0.00387492509759477,-0.0235,-0.00723767035293751));
#12397=CARTESIAN_POINT('',(0.00347628867806365,-0.0255,-0.00723767035293751));
#12398=CARTESIAN_POINT('',(0.00347628867806365,-0.0235,-0.00723767035293751));
#12399=CARTESIAN_POINT('',(0.0031411849378953,-0.0255,-0.00736099849522995));
#12400=CARTESIAN_POINT('',(0.0031411849378953,-0.0235,-0.00736099849522995));
#12401=CARTESIAN_POINT('',(0.00286961387708973,-0.0255,-0.00760765477981483));
#12402=CARTESIAN_POINT('',(0.00286961387708973,-0.0235,-0.00760765477981483));
#12403=CARTESIAN_POINT('',(0.00387492509759477,-0.0255,-0.00723767035293751));
#12404=CARTESIAN_POINT('',(0.00387492509759477,-0.0255,-0.00723767035293751));
#12405=CARTESIAN_POINT('',(0.00387492509759477,-0.0255,-0.00723767035293751));
#12406=CARTESIAN_POINT('',(0.00327697046829809,-0.0255,-0.00723767035293751));
#12407=CARTESIAN_POINT('',(0.00286961387708973,-0.0255,-0.00760765477981483));
#12408=CARTESIAN_POINT('',(0.00465693763622183,-0.0255,-0.00751235576077067));
#12409=CARTESIAN_POINT('',(0.00465693763622183,-0.0235,-0.00751235576077067));
#12410=CARTESIAN_POINT('',(0.0044694539451611,-0.0255,-0.00732923215554856));
#12411=CARTESIAN_POINT('',(0.0044694539451611,-0.0235,-0.00732923215554856));
#12412=CARTESIAN_POINT('',(0.00420878309895208,-0.0255,-0.00723767035293751));
#12413=CARTESIAN_POINT('',(0.00420878309895208,-0.0235,-0.00723767035293751));
#12414=CARTESIAN_POINT('',(0.00387492509759477,-0.0255,-0.00723767035293751));
#12415=CARTESIAN_POINT('',(0.00387492509759477,-0.0235,-0.00723767035293751));
#12416=CARTESIAN_POINT('',(0.00465693763622183,-0.0255,-0.00751235576077067));
#12417=CARTESIAN_POINT('',(0.00465693763622183,-0.0255,-0.00751235576077067));
#12418=CARTESIAN_POINT('',(0.00465693763622183,-0.0255,-0.00751235576077067));
#12419=CARTESIAN_POINT('',(0.00437571209963074,-0.0255,-0.00723767035293751));
#12420=CARTESIAN_POINT('',(0.00387492509759477,-0.0255,-0.00723767035293751));
#12421=CARTESIAN_POINT('',(0.00493816317281293,-0.0255,-0.00828969677885636));
#12422=CARTESIAN_POINT('',(0.00493816317281293,-0.0235,-0.00828969677885636));
#12423=CARTESIAN_POINT('',(0.00493816317281293,-0.0255,-0.00795459303868801));
#12424=CARTESIAN_POINT('',(0.00493816317281293,-0.0235,-0.00795459303868801));
#12425=CARTESIAN_POINT('',(0.00484442132728256,-0.0255,-0.00769547936599278));
#12426=CARTESIAN_POINT('',(0.00484442132728256,-0.0235,-0.00769547936599278));
#12427=CARTESIAN_POINT('',(0.00465693763622183,-0.0255,-0.00751235576077067));
#12428=CARTESIAN_POINT('',(0.00465693763622183,-0.0235,-0.00751235576077067));
#12429=CARTESIAN_POINT('',(0.00493816317281293,-0.0255,-0.00828969677885636));
#12430=CARTESIAN_POINT('',(0.00493816317281293,-0.0255,-0.00828969677885636));
#12431=CARTESIAN_POINT('',(0.00493816317281293,-0.0255,-0.00828969677885636));
#12432=CARTESIAN_POINT('',(0.00493816317281293,-0.0255,-0.00778704116860383));
#12433=CARTESIAN_POINT('',(0.00465693763622183,-0.0255,-0.00751235576077067));
#12434=CARTESIAN_POINT('',(0.00279966242307529,-0.0254999999999997,-0.00825479047835193));
#12435=CARTESIAN_POINT('',(0.00490265961669844,-0.0255,-0.00864846955643436));
#12436=CARTESIAN_POINT('',(0.0049024864987254,-0.02549999975,-0.00864843714891416));
#12437=CARTESIAN_POINT('',(0.00279966242307529,-0.0255,-0.00825479047835193));
#12438=CARTESIAN_POINT('',(0.00457939039523492,-0.0255,-0.0104600852223816));
#12439=CARTESIAN_POINT('',(0.0042561211737714,-0.0255,-0.0122717008883289));
#12440=CARTESIAN_POINT('',(0.0042561211737714,-0.0255,-0.0122717008883289));
#12441=CARTESIAN_POINT('',(0.00457939039523492,-0.0255,-0.0104600852223816));
#12442=CARTESIAN_POINT('',(0.00527264404357575,-0.0255,-0.0122717008883289));
#12443=CARTESIAN_POINT('',(0.00628916691338011,-0.0255,-0.0122717008883289));
#12444=CARTESIAN_POINT('',(0.00628916691338011,-0.0255,-0.0122717008883289));
#12445=CARTESIAN_POINT('',(0.00527264404357575,-0.0255,-0.0122717008883289));
#12446=CARTESIAN_POINT('',(0.0066367280416588,-0.0255,-0.0103227425184651));
#12447=CARTESIAN_POINT('',(0.0069842891699375,-0.0255,-0.0083737841486012));
#12448=CARTESIAN_POINT('',(0.00698408291855603,-0.0255,-0.00837374426160212));
#12449=CARTESIAN_POINT('',(0.0066367280416588,-0.0255,-0.0103227425184651));
#12450=CARTESIAN_POINT('',(0.00309785525920009,-0.0254999999999997,-0.00762218585770666));
#12451=CARTESIAN_POINT('',(0.00705529628216648,-0.0255,-0.00765623859344519));
#12452=CARTESIAN_POINT('',(0.00705529628216648,-0.0255,-0.00765623859344519));
#12453=CARTESIAN_POINT('',(0.00309785525920009,-0.0255,-0.00762218585770666));
#12454=CARTESIAN_POINT('',(0.00648723938433463,-0.0255,-0.00608847629975796));
#12455=CARTESIAN_POINT('',(0.00648723938433463,-0.0235,-0.00608847629975796));
#12456=CARTESIAN_POINT('',(0.0068659439828892,-0.0255,-0.00646344368187942));
#12457=CARTESIAN_POINT('',(0.0068659439828892,-0.0235,-0.00646344368187942));
#12458=CARTESIAN_POINT('',(0.00705529628216648,-0.0255,-0.0069860311131085));
#12459=CARTESIAN_POINT('',(0.00705529628216648,-0.0235,-0.0069860311131085));
#12460=CARTESIAN_POINT('',(0.00705529628216648,-0.0255,-0.00765623859344519));
#12461=CARTESIAN_POINT('',(0.00705529628216648,-0.0235,-0.00765623859344519));
#12462=CARTESIAN_POINT('',(0.00648723938433463,-0.0255,-0.00608847629975796));
#12463=CARTESIAN_POINT('',(0.00705529628216648,-0.0255,-0.00665092737294015));
#12464=CARTESIAN_POINT('',(0.00705529628216648,-0.0255,-0.00765623859344519));
#12465=CARTESIAN_POINT('',(0.,-0.0255,-0.0089));
#12466=CARTESIAN_POINT('',(0.0515,-0.0137031699139299,-0.00741885121700866));
#12467=CARTESIAN_POINT('',(0.0495,-0.0137031699139299,-0.00741885121700866));
#12468=CARTESIAN_POINT('',(0.0495,-0.011149415375742,-0.00778978491986113));
#12469=CARTESIAN_POINT('',(0.0495,-0.0111277397901843,-0.00756635965334365));
#12470=CARTESIAN_POINT('',(0.0515,-0.011149415375742,-0.00778978491986113));
#12471=CARTESIAN_POINT('',(0.0515,-0.011149415375742,-0.00778978491986113));
#12472=CARTESIAN_POINT('',(0.0515,-0.0137031699139299,-0.00741885121700866));
#12473=CARTESIAN_POINT('',(0.0515,-0.0111277397901843,-0.00756635965334365));
#12474=CARTESIAN_POINT('',(0.0515,-0.0111277397901843,-0.00756635965334365));
#12475=CARTESIAN_POINT('',(0.0515,-0.0115279044466336,-0.00848423733407405));
#12476=CARTESIAN_POINT('',(0.0495,-0.0115279044466336,-0.00848423733407405));
#12477=CARTESIAN_POINT('',(0.0515,-0.0113322683923695,-0.00832028098177888));
#12478=CARTESIAN_POINT('',(0.0495,-0.0113322683923695,-0.00832028098177888));
#12479=CARTESIAN_POINT('',(0.0515,-0.011206105368739,-0.0080887968437079));
#12480=CARTESIAN_POINT('',(0.0495,-0.011206105368739,-0.0080887968437079));
#12481=CARTESIAN_POINT('',(0.0515,-0.011149415375742,-0.00778978491986113));
#12482=CARTESIAN_POINT('',(0.0495,-0.011149415375742,-0.00778978491986113));
#12483=CARTESIAN_POINT('',(0.0495,-0.0115279044466336,-0.00848423733407405));
#12484=CARTESIAN_POINT('',(0.0495,-0.0112344503652375,-0.00823830280563129));
#12485=CARTESIAN_POINT('',(0.0495,-0.011149415375742,-0.00778978491986113));
#12486=CARTESIAN_POINT('',(0.0495,-0.0115279044466336,-0.00848423733407405));
#12487=CARTESIAN_POINT('',(0.0515,-0.0115279044466336,-0.00848423733407405));
#12488=CARTESIAN_POINT('',(0.0515,-0.0115279044466336,-0.00848423733407405));
#12489=CARTESIAN_POINT('',(0.0515,-0.0115279044466336,-0.00848423733407405));
#12490=CARTESIAN_POINT('',(0.0515,-0.0112344503652375,-0.00823830280563129));
#12491=CARTESIAN_POINT('',(0.0515,-0.011149415375742,-0.00778978491986113));
#12492=CARTESIAN_POINT('',(0.0515,-0.0123232317013264,-0.00873017186251679));
#12493=CARTESIAN_POINT('',(0.0495,-0.0123232317013264,-0.00873017186251679));
#12494=CARTESIAN_POINT('',(0.0515,-0.0119886495857952,-0.00873017186251679));
#12495=CARTESIAN_POINT('',(0.0495,-0.0119886495857952,-0.00873017186251679));
#12496=CARTESIAN_POINT('',(0.0515,-0.0117235405008976,-0.00864819368636921));
#12497=CARTESIAN_POINT('',(0.0495,-0.0117235405008976,-0.00864819368636921));
#12498=CARTESIAN_POINT('',(0.0515,-0.0115279044466336,-0.00848423733407405));
#12499=CARTESIAN_POINT('',(0.0495,-0.0115279044466336,-0.00848423733407405));
#12500=CARTESIAN_POINT('',(0.0495,-0.0123232317013264,-0.00873017186251679));
#12501=CARTESIAN_POINT('',(0.0495,-0.0118213585280296,-0.00873017186251679));
#12502=CARTESIAN_POINT('',(0.0495,-0.0115279044466336,-0.00848423733407405));
#12503=CARTESIAN_POINT('',(0.0495,-0.0123232317013264,-0.00873017186251679));
#12504=CARTESIAN_POINT('',(0.0515,-0.0123232317013264,-0.00873017186251679));
#12505=CARTESIAN_POINT('',(0.0515,-0.0123232317013264,-0.00873017186251679));
#12506=CARTESIAN_POINT('',(0.0515,-0.0123232317013264,-0.00873017186251679));
#12507=CARTESIAN_POINT('',(0.0515,-0.0118213585280296,-0.00873017186251679));
#12508=CARTESIAN_POINT('',(0.0515,-0.0115279044466336,-0.00848423733407405));
#12509=CARTESIAN_POINT('',(0.0515,-0.0128884642785609,-0.00873017186251679));
#12510=CARTESIAN_POINT('',(0.0495,-0.0128884642785609,-0.00873017186251679));
#12511=CARTESIAN_POINT('',(0.0495,-0.0134536968557954,-0.00873017186251679));
#12512=CARTESIAN_POINT('',(0.0515,-0.0134536968557954,-0.00873017186251679));
#12513=CARTESIAN_POINT('',(0.0515,-0.0134536968557954,-0.00873017186251679));
#12514=CARTESIAN_POINT('',(0.0515,-0.0128884642785609,-0.00873017186251679));
#12515=CARTESIAN_POINT('',(0.0515,-0.0132886289350101,-0.00779061859622873));
#12516=CARTESIAN_POINT('',(0.0495,-0.0132886289350101,-0.00779061859622873));
#12517=CARTESIAN_POINT('',(0.0495,-0.0131235610142248,-0.00685106532994066));
#12518=CARTESIAN_POINT('',(0.0515,-0.0131235610142248,-0.00685106532994066));
#12519=CARTESIAN_POINT('',(0.0515,-0.0131235610142248,-0.00685106532994066));
#12520=CARTESIAN_POINT('',(0.0515,-0.0132886289350101,-0.00779061859622873));
#12521=CARTESIAN_POINT('',(0.0515,-0.0125574947606227,-0.00685106532994067));
#12522=CARTESIAN_POINT('',(0.0495,-0.0125574947606227,-0.00685106532994067));
#12523=CARTESIAN_POINT('',(0.0495,-0.0119914285070206,-0.00685106532994067));
#12524=CARTESIAN_POINT('',(0.0515,-0.0119914285070206,-0.00685106532994067));
#12525=CARTESIAN_POINT('',(0.0515,-0.0119914285070206,-0.00685106532994067));
#12526=CARTESIAN_POINT('',(0.0515,-0.0125574947606227,-0.00685106532994067));
#12527=CARTESIAN_POINT('',(0.0515,-0.0113461629984962,-0.00703780883628363));
#12528=CARTESIAN_POINT('',(0.0495,-0.0113461629984962,-0.00703780883628363));
#12529=CARTESIAN_POINT('',(0.0515,-0.0114917784707041,-0.00691331316538832));
#12530=CARTESIAN_POINT('',(0.0495,-0.0114917784707041,-0.00691331316538832));
#12531=CARTESIAN_POINT('',(0.0515,-0.0117068669735456,-0.00685106532994067));
#12532=CARTESIAN_POINT('',(0.0495,-0.0117068669735456,-0.00685106532994067));
#12533=CARTESIAN_POINT('',(0.0515,-0.0119914285070206,-0.00685106532994067));
#12534=CARTESIAN_POINT('',(0.0495,-0.0119914285070206,-0.00685106532994067));
#12535=CARTESIAN_POINT('',(0.0495,-0.0113461629984962,-0.00703780883628363));
#12536=CARTESIAN_POINT('',(0.0495,-0.0115645862068081,-0.00685106532994067));
#12537=CARTESIAN_POINT('',(0.0495,-0.0119914285070206,-0.00685106532994067));
#12538=CARTESIAN_POINT('',(0.0495,-0.0113461629984962,-0.00703780883628363));
#12539=CARTESIAN_POINT('',(0.0515,-0.0113461629984962,-0.00703780883628363));
#12540=CARTESIAN_POINT('',(0.0515,-0.0113461629984962,-0.00703780883628363));
#12541=CARTESIAN_POINT('',(0.0515,-0.0113461629984962,-0.00703780883628363));
#12542=CARTESIAN_POINT('',(0.0515,-0.0115645862068081,-0.00685106532994067));
#12543=CARTESIAN_POINT('',(0.0515,-0.0119914285070206,-0.00685106532994067));
#12544=CARTESIAN_POINT('',(0.0515,-0.0116179414943346,-0.00535711727919691));
#12545=CARTESIAN_POINT('',(0.0495,-0.0116179414943346,-0.00535711727919691));
#12546=CARTESIAN_POINT('',(0.0515,-0.0108431782567093,-0.00535711727919691));
#12547=CARTESIAN_POINT('',(0.0495,-0.0108431782567093,-0.00535711727919691));
#12548=CARTESIAN_POINT('',(0.0515,-0.0102529353884467,-0.00553330088488358));
#12549=CARTESIAN_POINT('',(0.0495,-0.0102529353884467,-0.00553330088488358));
#12550=CARTESIAN_POINT('',(0.0515,-0.00984721288954683,-0.00588566809625692));
#12551=CARTESIAN_POINT('',(0.0495,-0.00984721288954683,-0.00588566809625692));
#12552=CARTESIAN_POINT('',(0.0515,-0.0116179414943346,-0.00535711727919691));
#12553=CARTESIAN_POINT('',(0.0515,-0.0116179414943346,-0.00535711727919691));
#12554=CARTESIAN_POINT('',(0.0515,-0.0116179414943346,-0.00535711727919691));
#12555=CARTESIAN_POINT('',(0.0515,-0.0104557966378967,-0.00535711727919691));
#12556=CARTESIAN_POINT('',(0.0515,-0.00984721288954683,-0.00588566809625692));
#12557=CARTESIAN_POINT('',(0.0515,-0.00984721288954683,-0.00588566809625692));
#12558=CARTESIAN_POINT('',(0.0515,-0.00984721288954683,-0.00588566809625692));
#12559=CARTESIAN_POINT('',(0.0515,-0.0131494049816205,-0.00535711727919691));
#12560=CARTESIAN_POINT('',(0.0515,-0.0146808684689064,-0.00535711727919691));
#12561=CARTESIAN_POINT('',(0.0515,-0.0146808684689064,-0.00535711727919691));
#12562=CARTESIAN_POINT('',(0.0515,-0.0131494049816205,-0.00535711727919691));
#12563=CARTESIAN_POINT('',(0.0515,-0.0153428075047828,-0.00910282519883513));
#12564=CARTESIAN_POINT('',(0.0515,-0.0160047465406592,-0.0128485331184733));
#12565=CARTESIAN_POINT('',(0.0515,-0.0160047465406592,-0.0128485331184733));
#12566=CARTESIAN_POINT('',(0.0515,-0.0153428075047828,-0.00910282519883513));
#12567=CARTESIAN_POINT('',(0.0515,-0.0150918709181344,-0.0128485331184733));
#12568=CARTESIAN_POINT('',(0.0515,-0.0141789952956096,-0.0128485331184733));
#12569=CARTESIAN_POINT('',(0.0515,-0.0141789952956096,-0.0128485331184733));
#12570=CARTESIAN_POINT('',(0.0515,-0.0150918709181344,-0.0128485331184733));
#12571=CARTESIAN_POINT('',(0.0515,-0.0139280587089613,-0.0114346179990194));
#12572=CARTESIAN_POINT('',(0.0515,-0.0136771221223129,-0.0100207028795655));
#12573=CARTESIAN_POINT('',(0.0515,-0.0136771221223129,-0.0100207028795655));
#12574=CARTESIAN_POINT('',(0.0515,-0.0139280587089613,-0.0114346179990194));
#12575=CARTESIAN_POINT('',(0.0515,-0.013458698914001,-0.0100207028795655));
#12576=CARTESIAN_POINT('',(0.0515,-0.0132402757056892,-0.0100207028795655));
#12577=CARTESIAN_POINT('',(0.0515,-0.0132402757056892,-0.0100207028795655));
#12578=CARTESIAN_POINT('',(0.0515,-0.013458698914001,-0.0100207028795655));
#12579=CARTESIAN_POINT('',(0.0515,-0.0127117248886292,-0.0114346179990194));
#12580=CARTESIAN_POINT('',(0.0515,-0.0121831740715692,-0.0128485331184733));
#12581=CARTESIAN_POINT('',(0.0515,-0.0121831740715692,-0.0128485331184733));
#12582=CARTESIAN_POINT('',(0.0515,-0.0127117248886292,-0.0114346179990194));
#12583=CARTESIAN_POINT('',(0.0515,-0.01115358375758,-0.0128485331184733));
#12584=CARTESIAN_POINT('',(0.0515,-0.0101239934435909,-0.0128485331184733));
#12585=CARTESIAN_POINT('',(0.0515,-0.0101239934435909,-0.0128485331184733));
#12586=CARTESIAN_POINT('',(0.0515,-0.01115358375758,-0.0128485331184733));
#12587=CARTESIAN_POINT('',(0.0515,-0.0107267414573675,-0.0113654228605084));
#12588=CARTESIAN_POINT('',(0.0515,-0.0113294894711441,-0.00988231260254351));
#12589=CARTESIAN_POINT('',(0.0515,-0.0113294894711441,-0.00988231260254351));
#12590=CARTESIAN_POINT('',(0.0515,-0.0107267414573675,-0.0113654228605084));
#12591=CARTESIAN_POINT('',(0.0515,-0.00993224787904229,-0.00905030358767617));
#12592=CARTESIAN_POINT('',(0.0495,-0.00993224787904229,-0.00905030358767617));
#12593=CARTESIAN_POINT('',(0.0515,-0.0102812803849452,-0.0094415756962043));
#12594=CARTESIAN_POINT('',(0.0495,-0.0102812803849452,-0.0094415756962043));
#12595=CARTESIAN_POINT('',(0.0515,-0.0107470275823125,-0.00971891203449341));
#12596=CARTESIAN_POINT('',(0.0495,-0.0107470275823125,-0.00971891203449341));
#12597=CARTESIAN_POINT('',(0.0515,-0.0113294894711441,-0.00988231260254351));
#12598=CARTESIAN_POINT('',(0.0495,-0.0113294894711441,-0.00988231260254351));
#12599=CARTESIAN_POINT('',(0.0515,-0.00993224787904229,-0.00905030358767617));
#12600=CARTESIAN_POINT('',(0.0515,-0.00993224787904229,-0.00905030358767617));
#12601=CARTESIAN_POINT('',(0.0515,-0.00993224787904229,-0.00905030358767617));
#12602=CARTESIAN_POINT('',(0.0515,-0.0104557966378967,-0.00963721175046836));
#12603=CARTESIAN_POINT('',(0.0515,-0.0113294894711441,-0.00988231260254351));
#12604=CARTESIAN_POINT('',(0.0515,-0.00928198031231231,-0.0077164213995121));
#12605=CARTESIAN_POINT('',(0.0495,-0.00928198031231231,-0.0077164213995121));
#12606=CARTESIAN_POINT('',(0.0515,-0.0093664595175627,-0.00821440408309335));
#12607=CARTESIAN_POINT('',(0.0495,-0.0093664595175627,-0.00821440408309335));
#12608=CARTESIAN_POINT('',(0.0515,-0.00958321537313936,-0.00865903147914804));
#12609=CARTESIAN_POINT('',(0.0495,-0.00958321537313936,-0.00865903147914804));
#12610=CARTESIAN_POINT('',(0.0515,-0.00993224787904229,-0.00905030358767617));
#12611=CARTESIAN_POINT('',(0.0495,-0.00993224787904229,-0.00905030358767617));
#12612=CARTESIAN_POINT('',(0.0515,-0.00928198031231231,-0.0077164213995121));
#12613=CARTESIAN_POINT('',(0.0515,-0.00928198031231231,-0.0077164213995121));
#12614=CARTESIAN_POINT('',(0.0515,-0.00928198031231231,-0.0077164213995121));
#12615=CARTESIAN_POINT('',(0.0515,-0.0094086991201879,-0.00846339542488398));
#12616=CARTESIAN_POINT('',(0.0515,-0.00993224787904229,-0.00905030358767617));
#12617=CARTESIAN_POINT('',(0.0515,-0.01155380438313,-0.00727275406978154));
#12618=CARTESIAN_POINT('',(0.0515,-0.00923862914119698,-0.0072562320445955));
#12619=CARTESIAN_POINT('',(0.0515,-0.00923862914119698,-0.0072562320445955));
#12620=CARTESIAN_POINT('',(0.0515,-0.01155380438313,-0.00727275406978154));
#12621=CARTESIAN_POINT('',(0.0515,-0.00984721288954683,-0.00588566809625692));
#12622=CARTESIAN_POINT('',(0.0495,-0.00984721288954683,-0.00588566809625692));
#12623=CARTESIAN_POINT('',(0.0515,-0.00944149039064693,-0.00623803530763026));
#12624=CARTESIAN_POINT('',(0.0495,-0.00944149039064693,-0.00623803530763026));
#12625=CARTESIAN_POINT('',(0.0515,-0.00923862914119698,-0.00669488995707645));
#12626=CARTESIAN_POINT('',(0.0495,-0.00923862914119698,-0.00669488995707645));
#12627=CARTESIAN_POINT('',(0.0515,-0.00923862914119698,-0.0072562320445955));
#12628=CARTESIAN_POINT('',(0.0495,-0.00923862914119698,-0.0072562320445955));
#12629=CARTESIAN_POINT('',(0.0515,-0.00984721288954683,-0.00588566809625692));
#12630=CARTESIAN_POINT('',(0.0515,-0.00923862914119698,-0.00641421891331693));
#12631=CARTESIAN_POINT('',(0.0515,-0.00923862914119698,-0.0072562320445955));
#12632=CARTESIAN_POINT('',(0.0515,-0.0111277397901843,-0.00756635965334365));
#12633=CARTESIAN_POINT('',(0.0495,-0.0111277397901843,-0.00756635965334365));
#12634=CARTESIAN_POINT('',(0.0515,-0.0111277397901843,-0.00733848811286562));
#12635=CARTESIAN_POINT('',(0.0495,-0.0111277397901843,-0.00733848811286562));
#12636=CARTESIAN_POINT('',(0.0515,-0.0112005475262883,-0.00716230450717894));
#12637=CARTESIAN_POINT('',(0.0495,-0.0112005475262883,-0.00716230450717894));
#12638=CARTESIAN_POINT('',(0.0515,-0.0113461629984962,-0.00703780883628363));
#12639=CARTESIAN_POINT('',(0.0495,-0.0113461629984962,-0.00703780883628363));
#12640=CARTESIAN_POINT('',(0.0495,-0.0111277397901843,-0.00756635965334365));
#12641=CARTESIAN_POINT('',(0.0495,-0.0111277397901843,-0.0072245523426266));
#12642=CARTESIAN_POINT('',(0.0495,-0.0113461629984962,-0.00703780883628363));
#12643=CARTESIAN_POINT('',(0.0515,-0.0111277397901843,-0.00756635965334365));
#12644=CARTESIAN_POINT('',(0.0515,-0.0111277397901843,-0.0072245523426266));
#12645=CARTESIAN_POINT('',(0.0515,-0.0113461629984962,-0.00703780883628363));
#12646=CARTESIAN_POINT('',(0.0515,-6.64362182288989E-19,-0.0089));
#12647=CARTESIAN_POINT('',(0.0495,0.,-0.0019));
#12648=CARTESIAN_POINT('',(0.0515,-0.00696602736311245,-0.00627582863629491));
#12649=CARTESIAN_POINT('',(0.0495,-0.00696602736311245,-0.00627582863629491));
#12650=CARTESIAN_POINT('',(0.0515,-0.00725058889658745,-0.00627582863629491));
#12651=CARTESIAN_POINT('',(0.0495,-0.00725058889658745,-0.00627582863629491));
#12652=CARTESIAN_POINT('',(0.0515,-0.0074762373000852,-0.00619913041047548));
#12653=CARTESIAN_POINT('',(0.0495,-0.0074762373000852,-0.00619913041047548));
#12654=CARTESIAN_POINT('',(0.0515,-0.00764297257360571,-0.00604573395883661));
#12655=CARTESIAN_POINT('',(0.0495,-0.00764297257360571,-0.00604573395883661));
#12656=CARTESIAN_POINT('',(0.0515,-0.00696602736311245,-0.00627582863629491));
#12657=CARTESIAN_POINT('',(0.0515,-0.00696602736311245,-0.00627582863629491));
#12658=CARTESIAN_POINT('',(0.0515,-0.00696602736311245,-0.00627582863629491));
#12659=CARTESIAN_POINT('',(0.0515,-0.00739286966332495,-0.00627582863629491));
#12660=CARTESIAN_POINT('',(0.0515,-0.00764297257360571,-0.00604573395883661));
#12661=CARTESIAN_POINT('',(0.0515,-0.00764297257360571,-0.00604573395883661));
#12662=CARTESIAN_POINT('',(0.0515,-0.00764297257360571,-0.00604573395883661));
#12663=CARTESIAN_POINT('',(0.0515,-0.00606899159157212,-0.00593402132557787));
#12664=CARTESIAN_POINT('',(0.0495,-0.00606899159157212,-0.00593402132557787));
#12665=CARTESIAN_POINT('',(0.0515,-0.00631798293336274,-0.0061618928660559));
#12666=CARTESIAN_POINT('',(0.0495,-0.00631798293336274,-0.0061618928660559));
#12667=CARTESIAN_POINT('',(0.0515,-0.00661699485720952,-0.00627582863629491));
#12668=CARTESIAN_POINT('',(0.0495,-0.00661699485720952,-0.00627582863629491));
#12669=CARTESIAN_POINT('',(0.0515,-0.00696602736311245,-0.00627582863629491));
#12670=CARTESIAN_POINT('',(0.0495,-0.00696602736311245,-0.00627582863629491));
#12671=CARTESIAN_POINT('',(0.0515,-0.00606899159157212,-0.00593402132557787));
#12672=CARTESIAN_POINT('',(0.0515,-0.00606899159157212,-0.00593402132557787));
#12673=CARTESIAN_POINT('',(0.0515,-0.00606899159157212,-0.00593402132557787));
#12674=CARTESIAN_POINT('',(0.0515,-0.00644247860425805,-0.00627582863629491));
#12675=CARTESIAN_POINT('',(0.0515,-0.00696602736311245,-0.00627582863629491));
#12676=CARTESIAN_POINT('',(0.0515,-0.00569550457888618,-0.00512202054353299));
#12677=CARTESIAN_POINT('',(0.0495,-0.00569550457888618,-0.00512202054353299));
#12678=CARTESIAN_POINT('',(0.0515,-0.00569550457888618,-0.00543548285775155));
#12679=CARTESIAN_POINT('',(0.0495,-0.00569550457888618,-0.00543548285775155));
#12680=CARTESIAN_POINT('',(0.0515,-0.00582000024978149,-0.00570614978509984));
#12681=CARTESIAN_POINT('',(0.0495,-0.00582000024978149,-0.00570614978509984));
#12682=CARTESIAN_POINT('',(0.0515,-0.00606899159157212,-0.00593402132557787));
#12683=CARTESIAN_POINT('',(0.0495,-0.00606899159157212,-0.00593402132557787));
#12684=CARTESIAN_POINT('',(0.0515,-0.00569550457888618,-0.00512202054353299));
#12685=CARTESIAN_POINT('',(0.0515,-0.00569550457888618,-0.00512202054353299));
#12686=CARTESIAN_POINT('',(0.0515,-0.00569550457888618,-0.00512202054353299));
#12687=CARTESIAN_POINT('',(0.0515,-0.00569550457888618,-0.00559221401486083));
#12688=CARTESIAN_POINT('',(0.0515,-0.00606899159157212,-0.00593402132557787));
#12689=CARTESIAN_POINT('',(0.0515,-0.00594060543096132,-0.00453094399890279));
#12690=CARTESIAN_POINT('',(0.0495,-0.00594060543096132,-0.00453094399890279));
#12691=CARTESIAN_POINT('',(0.0515,-0.00577720486291123,-0.00468378466629659));
#12692=CARTESIAN_POINT('',(0.0495,-0.00577720486291123,-0.00468378466629659));
#12693=CARTESIAN_POINT('',(0.0515,-0.00569550457888618,-0.00488081018117332));
#12694=CARTESIAN_POINT('',(0.0495,-0.00569550457888618,-0.00488081018117332));
#12695=CARTESIAN_POINT('',(0.0515,-0.00569550457888618,-0.00512202054353299));
#12696=CARTESIAN_POINT('',(0.0495,-0.00569550457888618,-0.00512202054353299));
#12697=CARTESIAN_POINT('',(0.0515,-0.00594060543096132,-0.00453094399890279));
#12698=CARTESIAN_POINT('',(0.0515,-0.00594060543096132,-0.00453094399890279));
#12699=CARTESIAN_POINT('',(0.0515,-0.00594060543096132,-0.00453094399890279));
#12700=CARTESIAN_POINT('',(0.0515,-0.00569550457888618,-0.00476020499999349));
#12701=CARTESIAN_POINT('',(0.0515,-0.00569550457888618,-0.00512202054353299));
#12702=CARTESIAN_POINT('',(0.0515,-0.00661254858324897,-0.00430168299781209));
#12703=CARTESIAN_POINT('',(0.0495,-0.00661254858324897,-0.00430168299781209));
#12704=CARTESIAN_POINT('',(0.0515,-0.00632798704977397,-0.00430168299781209));
#12705=CARTESIAN_POINT('',(0.0495,-0.00632798704977397,-0.00430168299781209));
#12706=CARTESIAN_POINT('',(0.0515,-0.00610400599901142,-0.00437810333150899));
#12707=CARTESIAN_POINT('',(0.0495,-0.00610400599901142,-0.00437810333150899));
#12708=CARTESIAN_POINT('',(0.0515,-0.00594060543096132,-0.00453094399890279));
#12709=CARTESIAN_POINT('',(0.0495,-0.00594060543096132,-0.00453094399890279));
#12710=CARTESIAN_POINT('',(0.0515,-0.00661254858324897,-0.00430168299781209));
#12711=CARTESIAN_POINT('',(0.0515,-0.00661254858324897,-0.00430168299781209));
#12712=CARTESIAN_POINT('',(0.0515,-0.00661254858324897,-0.00430168299781209));
#12713=CARTESIAN_POINT('',(0.0515,-0.00618570628303647,-0.00430168299781209));
#12714=CARTESIAN_POINT('',(0.0515,-0.00594060543096132,-0.00453094399890279));
#12715=CARTESIAN_POINT('',(0.0515,-0.00751958847120054,-0.00464265663216153));
#12716=CARTESIAN_POINT('',(0.0495,-0.00751958847120054,-0.00464265663216153));
#12717=CARTESIAN_POINT('',(0.0515,-0.00727059712940991,-0.00441534087592857));
#12718=CARTESIAN_POINT('',(0.0495,-0.00727059712940991,-0.00441534087592857));
#12719=CARTESIAN_POINT('',(0.0515,-0.00696825050009272,-0.00430168299781209));
#12720=CARTESIAN_POINT('',(0.0495,-0.00696825050009272,-0.00430168299781209));
#12721=CARTESIAN_POINT('',(0.0515,-0.00661254858324897,-0.00430168299781209));
#12722=CARTESIAN_POINT('',(0.0495,-0.00661254858324897,-0.00430168299781209));
#12723=CARTESIAN_POINT('',(0.0515,-0.00751958847120054,-0.00464265663216153));
#12724=CARTESIAN_POINT('',(0.0515,-0.00751958847120054,-0.00464265663216153));
#12725=CARTESIAN_POINT('',(0.0515,-0.00751958847120054,-0.00464265663216153));
#12726=CARTESIAN_POINT('',(0.0515,-0.0071461014585146,-0.00430168299781209));
#12727=CARTESIAN_POINT('',(0.0515,-0.00661254858324897,-0.00430168299781209));
#12728=CARTESIAN_POINT('',(0.0515,-0.00789307548388648,-0.00546382785425003));
#12729=CARTESIAN_POINT('',(0.0495,-0.00789307548388648,-0.00546382785425003));
#12730=CARTESIAN_POINT('',(0.0515,-0.00789307548388648,-0.00514369612909066));
#12731=CARTESIAN_POINT('',(0.0495,-0.00789307548388648,-0.00514369612909066));
#12732=CARTESIAN_POINT('',(0.0515,-0.00776857981299117,-0.00486997238839449));
#12733=CARTESIAN_POINT('',(0.0495,-0.00776857981299117,-0.00486997238839449));
#12734=CARTESIAN_POINT('',(0.0515,-0.00751958847120054,-0.00464265663216153));
#12735=CARTESIAN_POINT('',(0.0495,-0.00751958847120054,-0.00464265663216153));
#12736=CARTESIAN_POINT('',(0.0515,-0.00789307548388648,-0.00546382785425003));
#12737=CARTESIAN_POINT('',(0.0515,-0.00789307548388648,-0.00546382785425003));
#12738=CARTESIAN_POINT('',(0.0515,-0.00789307548388648,-0.00546382785425003));
#12739=CARTESIAN_POINT('',(0.0515,-0.00789307548388648,-0.00498363026651097));
#12740=CARTESIAN_POINT('',(0.0515,-0.00751958847120054,-0.00464265663216153));
#12741=CARTESIAN_POINT('',(0.0515,-0.00713800994448657,-0.00548520790491504));
#12742=CARTESIAN_POINT('',(0.0515,-0.00713800994448657,-0.00548520790491504));
#12743=CARTESIAN_POINT('',(0.0515,-6.64362182288989E-19,-0.0089));
#12744=CARTESIAN_POINT('',(0.0515,-0.00669841724911203,-0.00987147480976467));
#12745=CARTESIAN_POINT('',(0.0515,-0.00617570216662524,-0.006894416501056));
#12746=CARTESIAN_POINT('',(0.0515,-0.00617570216662524,-0.006894416501056));
#12747=CARTESIAN_POINT('',(0.0515,-0.00669841724911203,-0.00987147480976467));
#12748=CARTESIAN_POINT('',(0.0515,-0.00722113233159883,-0.0128485331184733));
#12749=CARTESIAN_POINT('',(0.0515,-0.00722113233159883,-0.0128485331184733));
#12750=CARTESIAN_POINT('',(0.0515,-0.00708774411278242,-0.006894416501056));
#12751=CARTESIAN_POINT('',(0.0515,-0.0079997860589396,-0.006894416501056));
#12752=CARTESIAN_POINT('',(0.0515,-0.0079997860589396,-0.006894416501056));
#12753=CARTESIAN_POINT('',(0.0515,-0.00708774411278242,-0.006894416501056));
#12754=CARTESIAN_POINT('',(0.0515,-0.008523334817794,-0.00987147480976467));
#12755=CARTESIAN_POINT('',(0.0515,-0.00904688357664839,-0.0128485331184733));
#12756=CARTESIAN_POINT('',(0.0515,-0.00904688357664839,-0.0128485331184733));
#12757=CARTESIAN_POINT('',(0.0515,-0.008523334817794,-0.00987147480976467));
#12758=CARTESIAN_POINT('',(0.0515,-0.00813400795412361,-0.0128485331184733));
#12759=CARTESIAN_POINT('',(0.0515,-0.00813400795412361,-0.0128485331184733));
#12760=CARTESIAN_POINT('',(0.0515,-6.64362182288989E-19,-0.0089));
#12761=CARTESIAN_POINT('',(0.0515,-0.00341506647537409,-0.00949695227425396));
#12762=CARTESIAN_POINT('',(0.0495,-0.00341506647537409,-0.00949695227425396));
#12763=CARTESIAN_POINT('',(0.0495,-0.00126701571418147,-0.00987064113339707));
#12764=CARTESIAN_POINT('',(0.0495,-0.00123533601221257,-0.0095188297062688));
#12765=CARTESIAN_POINT('',(0.0515,-0.00126701571418147,-0.00987064113339707));
#12766=CARTESIAN_POINT('',(0.0515,-0.00126701571418147,-0.00987064113339707));
#12767=CARTESIAN_POINT('',(0.0515,-0.00341506647537409,-0.00949695227425396));
#12768=CARTESIAN_POINT('',(0.0515,-0.00123533601221258,-0.0095188297062688));
#12769=CARTESIAN_POINT('',(0.0515,-0.00123533601221258,-0.0095188297062688));
#12770=CARTESIAN_POINT('',(0.0515,-0.00184308608419483,-0.0109494183530748));
#12771=CARTESIAN_POINT('',(0.0495,-0.00184308608419483,-0.0109494183530748));
#12772=CARTESIAN_POINT('',(0.0515,-0.00154462994459312,-0.0106859766209124));
#12773=CARTESIAN_POINT('',(0.0495,-0.00154462994459312,-0.0106859766209124));
#12774=CARTESIAN_POINT('',(0.0515,-0.001352606487922,-0.0103263842143531));
#12775=CARTESIAN_POINT('',(0.0495,-0.001352606487922,-0.0103263842143531));
#12776=CARTESIAN_POINT('',(0.0515,-0.00126701571418147,-0.00987064113339707));
#12777=CARTESIAN_POINT('',(0.0495,-0.00126701571418147,-0.00987064113339707));
#12778=CARTESIAN_POINT('',(0.0495,-0.00184308608419483,-0.0109494183530748));
#12779=CARTESIAN_POINT('',(0.0495,-0.00139540187479226,-0.0105542557548312));
#12780=CARTESIAN_POINT('',(0.0495,-0.00126701571418147,-0.00987064113339707));
#12781=CARTESIAN_POINT('',(0.0495,-0.00184308608419483,-0.0109494183530748));
#12782=CARTESIAN_POINT('',(0.0515,-0.00184308608419483,-0.0109494183530748));
#12783=CARTESIAN_POINT('',(0.0515,-0.00184308608419483,-0.0109494183530748));
#12784=CARTESIAN_POINT('',(0.0515,-0.00184308608419483,-0.0109494183530748));
#12785=CARTESIAN_POINT('',(0.0515,-0.00139540187479226,-0.0105542557548312));
#12786=CARTESIAN_POINT('',(0.0515,-0.00126701571418147,-0.00987064113339707));
#12787=CARTESIAN_POINT('',(0.0515,-0.00283599463800946,-0.0113445809513184));
#12788=CARTESIAN_POINT('',(0.0495,-0.00283599463800945,-0.0113445809513184));
#12789=CARTESIAN_POINT('',(0.0515,-0.00247251174173475,-0.0113445809513184));
#12790=CARTESIAN_POINT('',(0.0495,-0.00247251174173475,-0.0113445809513184));
#12791=CARTESIAN_POINT('',(0.0515,-0.00214154222379654,-0.0112128600852372));
#12792=CARTESIAN_POINT('',(0.0495,-0.00214154222379654,-0.0112128600852372));
#12793=CARTESIAN_POINT('',(0.0515,-0.00184308608419483,-0.0109494183530748));
#12794=CARTESIAN_POINT('',(0.0495,-0.00184308608419483,-0.0109494183530748));
#12795=CARTESIAN_POINT('',(0.0495,-0.00283599463800946,-0.0113445809513184));
#12796=CARTESIAN_POINT('',(0.0495,-0.00229077029359739,-0.0113445809513184));
#12797=CARTESIAN_POINT('',(0.0495,-0.00184308608419483,-0.0109494183530748));
#12798=CARTESIAN_POINT('',(0.0495,-0.00283599463800946,-0.0113445809513184));
#12799=CARTESIAN_POINT('',(0.0515,-0.00283599463800946,-0.0113445809513184));
#12800=CARTESIAN_POINT('',(0.0515,-0.00283599463800946,-0.0113445809513184));
#12801=CARTESIAN_POINT('',(0.0515,-0.00283599463800946,-0.0113445809513184));
#12802=CARTESIAN_POINT('',(0.0515,-0.00229077029359739,-0.0113445809513184));
#12803=CARTESIAN_POINT('',(0.0515,-0.00184308608419483,-0.0109494183530748));
#12804=CARTESIAN_POINT('',(0.0515,-0.00359880851436578,-0.0110402890771434));
#12805=CARTESIAN_POINT('',(0.0495,-0.00359880851436578,-0.0110402890771434));
#12806=CARTESIAN_POINT('',(0.0515,-0.00339594726491583,-0.0112431503265934));
#12807=CARTESIAN_POINT('',(0.0495,-0.00339594726491583,-0.0112431503265934));
#12808=CARTESIAN_POINT('',(0.0515,-0.00314167597279705,-0.0113445809513184));
#12809=CARTESIAN_POINT('',(0.0495,-0.00314167597279705,-0.0113445809513184));
#12810=CARTESIAN_POINT('',(0.0515,-0.00283599463800946,-0.0113445809513184));
#12811=CARTESIAN_POINT('',(0.0495,-0.00283599463800945,-0.0113445809513184));
#12812=CARTESIAN_POINT('',(0.0495,-0.00359880851436578,-0.0110402890771434));
#12813=CARTESIAN_POINT('',(0.0495,-0.00329451664019086,-0.0113445809513184));
#12814=CARTESIAN_POINT('',(0.0495,-0.00283599463800946,-0.0113445809513184));
#12815=CARTESIAN_POINT('',(0.0495,-0.00359880851436578,-0.0110402890771434));
#12816=CARTESIAN_POINT('',(0.0515,-0.00359880851436578,-0.0110402890771434));
#12817=CARTESIAN_POINT('',(0.0515,-0.00359880851436578,-0.0110402890771434));
#12818=CARTESIAN_POINT('',(0.0515,-0.00359880851436578,-0.0110402890771434));
#12819=CARTESIAN_POINT('',(0.0515,-0.00329451664019086,-0.0113445809513184));
#12820=CARTESIAN_POINT('',(0.0515,-0.00283599463800946,-0.0113445809513184));
#12821=CARTESIAN_POINT('',(0.0515,-0.00390310038854071,-0.0102124484441141));
#12822=CARTESIAN_POINT('',(0.0495,-0.00390310038854071,-0.0102124484441141));
#12823=CARTESIAN_POINT('',(0.0515,-0.00390310038854071,-0.010561480950017));
#12824=CARTESIAN_POINT('',(0.0495,-0.00390310038854071,-0.010561480950017));
#12825=CARTESIAN_POINT('',(0.0515,-0.00380166976381573,-0.0108374278276935));
#12826=CARTESIAN_POINT('',(0.0495,-0.00380166976381573,-0.0108374278276935));
#12827=CARTESIAN_POINT('',(0.0515,-0.00359880851436578,-0.0110402890771434));
#12828=CARTESIAN_POINT('',(0.0495,-0.00359880851436578,-0.0110402890771434));
#12829=CARTESIAN_POINT('',(0.0495,-0.00390310038854071,-0.0102124484441141));
#12830=CARTESIAN_POINT('',(0.0495,-0.00390310038854071,-0.0107359972029685));
#12831=CARTESIAN_POINT('',(0.0495,-0.00359880851436578,-0.0110402890771434));
#12832=CARTESIAN_POINT('',(0.0495,-0.00390310038854071,-0.0102124484441141));
#12833=CARTESIAN_POINT('',(0.0515,-0.00390310038854071,-0.0102124484441141));
#12834=CARTESIAN_POINT('',(0.0515,-0.00390310038854071,-0.0102124484441141));
#12835=CARTESIAN_POINT('',(0.0515,-0.00390310038854071,-0.0102124484441141));
#12836=CARTESIAN_POINT('',(0.0515,-0.00390310038854071,-0.0107359972029685));
#12837=CARTESIAN_POINT('',(0.0515,-0.00359880851436578,-0.0110402890771434));
#12838=CARTESIAN_POINT('',(0.0515,-0.00172336992537924,-0.0102343258761289));
#12839=CARTESIAN_POINT('',(0.0495,-0.00172336992537924,-0.0102343258761289));
#12840=CARTESIAN_POINT('',(0.0495,-0.00387142068657182,-0.00986063701698584));
#12841=CARTESIAN_POINT('',(0.0515,-0.00387142068657182,-0.00986063701698584));
#12842=CARTESIAN_POINT('',(0.0515,-0.00387142068657182,-0.00986063701698584));
#12843=CARTESIAN_POINT('',(0.0515,-0.00172336992537924,-0.0102343258761289));
#12844=CARTESIAN_POINT('',(0.0515,-0.00330535443296968,-0.00878769553188137));
#12845=CARTESIAN_POINT('',(0.0495,-0.00330535443296968,-0.00878769553188137));
#12846=CARTESIAN_POINT('',(0.0515,-0.0036038105725714,-0.00904724677432829));
#12847=CARTESIAN_POINT('',(0.0495,-0.00360381057257139,-0.00904724677432829));
#12848=CARTESIAN_POINT('',(0.0515,-0.0037924993237721,-0.00940489393602978));
#12849=CARTESIAN_POINT('',(0.0495,-0.0037924993237721,-0.00940489393602978));
#12850=CARTESIAN_POINT('',(0.0515,-0.00387142068657182,-0.00986063701698584));
#12851=CARTESIAN_POINT('',(0.0495,-0.00387142068657181,-0.00986063701698584));
#12852=CARTESIAN_POINT('',(0.0495,-0.00330535443296968,-0.00878769553188137));
#12853=CARTESIAN_POINT('',(0.0495,-0.00375303864237225,-0.00917702239555175));
#12854=CARTESIAN_POINT('',(0.0495,-0.00387142068657182,-0.00986063701698584));
#12855=CARTESIAN_POINT('',(0.0495,-0.00330535443296968,-0.00878769553188137));
#12856=CARTESIAN_POINT('',(0.0515,-0.00330535443296968,-0.00878769553188137));
#12857=CARTESIAN_POINT('',(0.0515,-0.00330535443296968,-0.00878769553188137));
#12858=CARTESIAN_POINT('',(0.0515,-0.00330535443296968,-0.00878769553188137));
#12859=CARTESIAN_POINT('',(0.0515,-0.00375303864237225,-0.00917702239555175));
#12860=CARTESIAN_POINT('',(0.0515,-0.00387142068657182,-0.00986063701698584));
#12861=CARTESIAN_POINT('',(0.0515,-0.00231244587915506,-0.00839836866821098));
#12862=CARTESIAN_POINT('',(0.0495,-0.00231244587915506,-0.00839836866821098));
#12863=CARTESIAN_POINT('',(0.0515,-0.00267592877542977,-0.00839836866821098));
#12864=CARTESIAN_POINT('',(0.0495,-0.00267592877542977,-0.00839836866821098));
#12865=CARTESIAN_POINT('',(0.0515,-0.00300689829336798,-0.00852814428943444));
#12866=CARTESIAN_POINT('',(0.0495,-0.00300689829336797,-0.00852814428943444));
#12867=CARTESIAN_POINT('',(0.0515,-0.00330535443296968,-0.00878769553188137));
#12868=CARTESIAN_POINT('',(0.0495,-0.00330535443296968,-0.00878769553188137));
#12869=CARTESIAN_POINT('',(0.0495,-0.00231244587915506,-0.00839836866821098));
#12870=CARTESIAN_POINT('',(0.0495,-0.00285767022356712,-0.00839836866821098));
#12871=CARTESIAN_POINT('',(0.0495,-0.00330535443296968,-0.00878769553188137));
#12872=CARTESIAN_POINT('',(0.0495,-0.00231244587915506,-0.00839836866821098));
#12873=CARTESIAN_POINT('',(0.0515,-0.00231244587915506,-0.00839836866821098));
#12874=CARTESIAN_POINT('',(0.0515,-0.00231244587915506,-0.00839836866821098));
#12875=CARTESIAN_POINT('',(0.0515,-0.00231244587915506,-0.00839836866821098));
#12876=CARTESIAN_POINT('',(0.0515,-0.00285767022356712,-0.00839836866821098));
#12877=CARTESIAN_POINT('',(0.0515,-0.00330535443296968,-0.00878769553188137));
#12878=CARTESIAN_POINT('',(0.0515,-0.0015396278863875,-0.00869765848418029));
#12879=CARTESIAN_POINT('',(0.0495,-0.0015396278863875,-0.00869765848418029));
#12880=CARTESIAN_POINT('',(0.0515,-0.00174248913583745,-0.00849813194020075));
#12881=CARTESIAN_POINT('',(0.0495,-0.00174248913583745,-0.00849813194020075));
#12882=CARTESIAN_POINT('',(0.0515,-0.00200009513342664,-0.00839836866821098));
#12883=CARTESIAN_POINT('',(0.0495,-0.00200009513342664,-0.00839836866821098));
#12884=CARTESIAN_POINT('',(0.0515,-0.00231244587915506,-0.00839836866821098));
#12885=CARTESIAN_POINT('',(0.0495,-0.00231244587915506,-0.00839836866821098));
#12886=CARTESIAN_POINT('',(0.0495,-0.0015396278863875,-0.00869765848418029));
#12887=CARTESIAN_POINT('',(0.0495,-0.00184391976056243,-0.00839836866821098));
#12888=CARTESIAN_POINT('',(0.0495,-0.00231244587915506,-0.00839836866821098));
#12889=CARTESIAN_POINT('',(0.0495,-0.0015396278863875,-0.00869765848418029));
#12890=CARTESIAN_POINT('',(0.0515,-0.0015396278863875,-0.00869765848418029));
#12891=CARTESIAN_POINT('',(0.0515,-0.0015396278863875,-0.00869765848418029));
#12892=CARTESIAN_POINT('',(0.0515,-0.0015396278863875,-0.00869765848418029));
#12893=CARTESIAN_POINT('',(0.0515,-0.00184391976056243,-0.00839836866821098));
#12894=CARTESIAN_POINT('',(0.0515,-0.00231244587915506,-0.00839836866821098));
#12895=CARTESIAN_POINT('',(0.0515,-0.00572718428085507,-0.00986063701698584));
#12896=CARTESIAN_POINT('',(0.0495,-0.00572718428085507,-0.00986063701698584));
#12897=CARTESIAN_POINT('',(0.0515,-0.00562047370580194,-0.00924927434741065));
#12898=CARTESIAN_POINT('',(0.0495,-0.00562047370580194,-0.00924927434741065));
#12899=CARTESIAN_POINT('',(0.0515,-0.00541066515328864,-0.00871238676667461));
#12900=CARTESIAN_POINT('',(0.0495,-0.00541066515328864,-0.00871238676667461));
#12901=CARTESIAN_POINT('',(0.0515,-0.00509775862331515,-0.00824997427477773));
#12902=CARTESIAN_POINT('',(0.0495,-0.00509775862331515,-0.00824997427477773));
#12903=CARTESIAN_POINT('',(0.0515,-0.00572718428085507,-0.00986063701698584));
#12904=CARTESIAN_POINT('',(0.0515,-0.00572718428085507,-0.00986063701698584));
#12905=CARTESIAN_POINT('',(0.0515,-0.00572718428085507,-0.00986063701698584));
#12906=CARTESIAN_POINT('',(0.0515,-0.00556711841827538,-0.00894359301262305));
#12907=CARTESIAN_POINT('',(0.0515,-0.00509775862331515,-0.00824997427477773));
#12908=CARTESIAN_POINT('',(0.0515,-0.00509775862331515,-0.00824997427477773));
#12909=CARTESIAN_POINT('',(0.0515,-0.00509775862331515,-0.00824997427477773));
#12910=CARTESIAN_POINT('',(0.0515000000000001,-0.00148750875633563,-0.0106115510999182));
#12911=CARTESIAN_POINT('',(0.0515,-0.00579221103752807,-0.0105759313403888));
#12912=CARTESIAN_POINT('',(0.0515,-0.00579221103752807,-0.0105759313403888));
#12913=CARTESIAN_POINT('',(0.0515,-0.00148750875633563,-0.0106115510999182));
#12914=CARTESIAN_POINT('',(0.0515,-0.00551959886532204,-0.0118247785390574));
#12915=CARTESIAN_POINT('',(0.0495,-0.00551959886532204,-0.0118247785390574));
#12916=CARTESIAN_POINT('',(0.0515,-0.00570134031345939,-0.0114690766222137));
#12917=CARTESIAN_POINT('',(0.0495,-0.00570134031345939,-0.0114690766222137));
#12918=CARTESIAN_POINT('',(0.0515,-0.00579221103752807,-0.0110527942226575));
#12919=CARTESIAN_POINT('',(0.0495,-0.00579221103752807,-0.0110527942226575));
#12920=CARTESIAN_POINT('',(0.0515,-0.00579221103752807,-0.0105759313403888));
#12921=CARTESIAN_POINT('',(0.0495,-0.00579221103752807,-0.0105759313403888));
#12922=CARTESIAN_POINT('',(0.0515,-0.00551959886532204,-0.0118247785390574));
#12923=CARTESIAN_POINT('',(0.0515,-0.00551959886532204,-0.0118247785390574));
#12924=CARTESIAN_POINT('',(0.0515,-0.00551959886532204,-0.0118247785390574));
#12925=CARTESIAN_POINT('',(0.0515,-0.00579221103752807,-0.0112912256637918));
#12926=CARTESIAN_POINT('',(0.0515,-0.00579221103752807,-0.0105759313403888));
#12927=CARTESIAN_POINT('',(0.0515,-0.00476178704717133,-0.0126459497611459));
#12928=CARTESIAN_POINT('',(0.0495,-0.00476178704717133,-0.0126459497611459));
#12929=CARTESIAN_POINT('',(0.0515,-0.00508525347780112,-0.0124542041965973));
#12930=CARTESIAN_POINT('',(0.0495,-0.00508525347780112,-0.0124542041965973));
#12931=CARTESIAN_POINT('',(0.0515,-0.00533785741718469,-0.0121804804559012));
#12932=CARTESIAN_POINT('',(0.0495,-0.00533785741718469,-0.0121804804559012));
#12933=CARTESIAN_POINT('',(0.0515,-0.00551959886532204,-0.0118247785390574));
#12934=CARTESIAN_POINT('',(0.0495,-0.00551959886532204,-0.0118247785390574));
#12935=CARTESIAN_POINT('',(0.0515,-0.00476178704717133,-0.0126459497611459));
#12936=CARTESIAN_POINT('',(0.0515,-0.00476178704717133,-0.0126459497611459));
#12937=CARTESIAN_POINT('',(0.0515,-0.00476178704717133,-0.0126459497611459));
#12938=CARTESIAN_POINT('',(0.0515,-0.00524698669311601,-0.0123583314143231));
#12939=CARTESIAN_POINT('',(0.0515,-0.00551959886532204,-0.0118247785390574));
#12940=CARTESIAN_POINT('',(0.0515,-0.00364632806731912,-0.0129335681079688));
#12941=CARTESIAN_POINT('',(0.0495,-0.00364632806731912,-0.0129335681079688));
#12942=CARTESIAN_POINT('',(0.0515,-0.00406650095659081,-0.0129335681079688));
#12943=CARTESIAN_POINT('',(0.0495,-0.00406650095659081,-0.0129335681079688));
#12944=CARTESIAN_POINT('',(0.0515,-0.00443832061654154,-0.0128376953256945));
#12945=CARTESIAN_POINT('',(0.0495,-0.00443832061654154,-0.0128376953256945));
#12946=CARTESIAN_POINT('',(0.0515,-0.00476178704717133,-0.0126459497611459));
#12947=CARTESIAN_POINT('',(0.0495,-0.00476178704717133,-0.0126459497611459));
#12948=CARTESIAN_POINT('',(0.0515,-0.00364632806731912,-0.0129335681079688));
#12949=CARTESIAN_POINT('',(0.0515,-0.00364632806731912,-0.0129335681079688));
#12950=CARTESIAN_POINT('',(0.0515,-0.00364632806731912,-0.0129335681079688));
#12951=CARTESIAN_POINT('',(0.0515,-0.00427658740122665,-0.0129335681079688));
#12952=CARTESIAN_POINT('',(0.0515,-0.00476178704717133,-0.0126459497611459));
#12953=CARTESIAN_POINT('',(0.0515,-0.00250502512007125,-0.0126776294631148));
#12954=CARTESIAN_POINT('',(0.0495,-0.00250502512007124,-0.0126776294631148));
#12955=CARTESIAN_POINT('',(0.0515,-0.00284683243078829,-0.0128482552263508));
#12956=CARTESIAN_POINT('',(0.0495,-0.00284683243078829,-0.0128482552263508));
#12957=CARTESIAN_POINT('',(0.0515,-0.00322726674653758,-0.0129335681079688));
#12958=CARTESIAN_POINT('',(0.0495,-0.00322726674653758,-0.0129335681079688));
#12959=CARTESIAN_POINT('',(0.0515,-0.00364632806731912,-0.0129335681079688));
#12960=CARTESIAN_POINT('',(0.0495,-0.00364632806731912,-0.0129335681079688));
#12961=CARTESIAN_POINT('',(0.0515,-0.00250502512007125,-0.0126776294631148));
#12962=CARTESIAN_POINT('',(0.0515,-0.00250502512007125,-0.0126776294631148));
#12963=CARTESIAN_POINT('',(0.0515,-0.00250502512007125,-0.0126776294631148));
#12964=CARTESIAN_POINT('',(0.0515,-0.00301773608614681,-0.0129335681079688));
#12965=CARTESIAN_POINT('',(0.0515,-0.00364632806731912,-0.0129335681079688));
#12966=CARTESIAN_POINT('',(0.0515,-0.00361087928386485,-0.0104138632267335));
#12967=CARTESIAN_POINT('',(0.0515,-0.00165064366560782,-0.0119956268850766));
#12968=CARTESIAN_POINT('',(0.0515,-0.00165064366560782,-0.0119956268850766));
#12969=CARTESIAN_POINT('',(0.0515,-0.00361087928386485,-0.0104138632267335));
#12970=CARTESIAN_POINT('',(0.0515,-0.00172553771636287,-0.0124216908182608));
#12971=CARTESIAN_POINT('',(0.0515,-0.0018005685894471,-0.0128485331184733));
#12972=CARTESIAN_POINT('',(0.0515,-0.0018005685894471,-0.0128485331184733));
#12973=CARTESIAN_POINT('',(0.0515,-0.00172553771636287,-0.0124216908182608));
#12974=CARTESIAN_POINT('',(0.0515,-0.000888526643289918,-0.0128485331184733));
#12975=CARTESIAN_POINT('',(0.0515,2.35153028672636E-5,-0.0128485331184733));
#12976=CARTESIAN_POINT('',(0.0515,2.35153028672636E-5,-0.0128485331184733));
#12977=CARTESIAN_POINT('',(0.0515,-0.000888526643289918,-0.0128485331184733));
#12978=CARTESIAN_POINT('',(0.0515,0.000722969775285794,-0.00890024184150771));
#12979=CARTESIAN_POINT('',(0.0515,0.00142242424770433,-0.00495195056454207));
#12980=CARTESIAN_POINT('',(0.0515,0.00142242424770433,-0.00495195056454207));
#12981=CARTESIAN_POINT('',(0.0515,0.000722969775285794,-0.00890024184150771));
#12982=CARTESIAN_POINT('',(0.0515,0.000509548625179545,-0.00495195056454207));
#12983=CARTESIAN_POINT('',(0.0515,-0.000403326997345238,-0.00495195056454207));
#12984=CARTESIAN_POINT('',(0.0515,-0.000403326997345238,-0.00495195056454207));
#12985=CARTESIAN_POINT('',(0.0515,0.000509548625179545,-0.00495195056454207));
#12986=CARTESIAN_POINT('',(0.0515,-0.000648427849420387,-0.00633418598202709));
#12987=CARTESIAN_POINT('',(0.0515,-0.000893528701495535,-0.0077164213995121));
#12988=CARTESIAN_POINT('',(0.0515,-0.000893528701495535,-0.0077164213995121));
#12989=CARTESIAN_POINT('',(0.0515,-0.000648427849420387,-0.00633418598202709));
#12990=CARTESIAN_POINT('',(0.0515,-0.0015396278863875,-0.00705448236363568));
#12991=CARTESIAN_POINT('',(0.0495,-0.0015396278863875,-0.00705448236363568));
#12992=CARTESIAN_POINT('',(0.0515,-0.0012445064522562,-0.00721788293168578));
#12993=CARTESIAN_POINT('',(0.0495,-0.0012445064522562,-0.00721788293168578));
#12994=CARTESIAN_POINT('',(0.0515,-0.00102914005729221,-0.00743852927697792));
#12995=CARTESIAN_POINT('',(0.0495,-0.00102914005729221,-0.00743852927697792));
#12996=CARTESIAN_POINT('',(0.0515,-0.000893528701495535,-0.0077164213995121));
#12997=CARTESIAN_POINT('',(0.0495,-0.000893528701495535,-0.0077164213995121));
#12998=CARTESIAN_POINT('',(0.0515,-0.0015396278863875,-0.00705448236363568));
#12999=CARTESIAN_POINT('',(0.0515,-0.0015396278863875,-0.00705448236363568));
#13000=CARTESIAN_POINT('',(0.0515,-0.0015396278863875,-0.00705448236363568));
#13001=CARTESIAN_POINT('',(0.0515,-0.00109694573519055,-0.00729958321571083));
#13002=CARTESIAN_POINT('',(0.0515,-0.000893528701495535,-0.0077164213995121));
#13003=CARTESIAN_POINT('',(0.0515,-0.00256921820037664,-0.00680938151156054));
#13004=CARTESIAN_POINT('',(0.0495,-0.00256921820037664,-0.00680938151156054));
#13005=CARTESIAN_POINT('',(0.0515,-0.00217794609184852,-0.00680938151156054));
#13006=CARTESIAN_POINT('',(0.0495,-0.00217794609184852,-0.00680938151156054));
#13007=CARTESIAN_POINT('',(0.0515,-0.0018347493205188,-0.00689108179558559));
#13008=CARTESIAN_POINT('',(0.0495,-0.0018347493205188,-0.00689108179558559));
#13009=CARTESIAN_POINT('',(0.0515,-0.0015396278863875,-0.00705448236363568));
#13010=CARTESIAN_POINT('',(0.0495,-0.0015396278863875,-0.00705448236363568));
#13011=CARTESIAN_POINT('',(0.0515,-0.00256921820037664,-0.00680938151156054));
#13012=CARTESIAN_POINT('',(0.0515,-0.00256921820037664,-0.00680938151156054));
#13013=CARTESIAN_POINT('',(0.0515,-0.00256921820037664,-0.00680938151156054));
#13014=CARTESIAN_POINT('',(0.0515,-0.00198231003758445,-0.00680938151156054));
#13015=CARTESIAN_POINT('',(0.0515,-0.0015396278863875,-0.00705448236363568));
#13016=CARTESIAN_POINT('',(0.0515,-0.00256749563527073,-0.00960776411675269));
#13017=CARTESIAN_POINT('',(0.0515,-0.0039664597924785,-0.00718286852424648));
#13018=CARTESIAN_POINT('',(0.0515,-0.0039664597924785,-0.00718286852424648));
#13019=CARTESIAN_POINT('',(0.0515,-0.00256749563527073,-0.00960776411675269));
#13020=CARTESIAN_POINT('',(0.0515,-0.00509775862331515,-0.00824997427477773));
#13021=CARTESIAN_POINT('',(0.0495,-0.00509775862331515,-0.00824997427477773));
#13022=CARTESIAN_POINT('',(0.0515,-0.00478485209334166,-0.00778756178288085));
#13023=CARTESIAN_POINT('',(0.0495,-0.00478485209334166,-0.00778756178288085));
#13024=CARTESIAN_POINT('',(0.0515,-0.00440775248306278,-0.0074318598660371));
#13025=CARTESIAN_POINT('',(0.0495,-0.00440775248306278,-0.0074318598660371));
#13026=CARTESIAN_POINT('',(0.0515,-0.0039664597924785,-0.00718286852424648));
#13027=CARTESIAN_POINT('',(0.0495,-0.0039664597924785,-0.00718286852424648));
#13028=CARTESIAN_POINT('',(0.0515,-0.00509775862331515,-0.00824997427477773));
#13029=CARTESIAN_POINT('',(0.0515,-0.00462839882835492,-0.00755635553693241));
#13030=CARTESIAN_POINT('',(0.0515,-0.0039664597924785,-0.00718286852424648));
#13031=CARTESIAN_POINT('',(0.0515,-0.00123533601221258,-0.0095188297062688));
#13032=CARTESIAN_POINT('',(0.0495,-0.00123533601221258,-0.0095188297062688));
#13033=CARTESIAN_POINT('',(0.0515,-0.00123533601221258,-0.00917090876885601));
#13034=CARTESIAN_POINT('',(0.0495,-0.00123533601221258,-0.00917090876885601));
#13035=CARTESIAN_POINT('',(0.0515,-0.00133676663693755,-0.00889718502815984));
#13036=CARTESIAN_POINT('',(0.0495,-0.00133676663693755,-0.00889718502815984));
#13037=CARTESIAN_POINT('',(0.0515,-0.0015396278863875,-0.00869765848418029));
#13038=CARTESIAN_POINT('',(0.0495,-0.0015396278863875,-0.00869765848418029));
#13039=CARTESIAN_POINT('',(0.0495,-0.00123533601221257,-0.0095188297062688));
#13040=CARTESIAN_POINT('',(0.0495,-0.00123533601221257,-0.00899694830014961));
#13041=CARTESIAN_POINT('',(0.0495,-0.0015396278863875,-0.00869765848418029));
#13042=CARTESIAN_POINT('',(0.0515,-0.00123533601221258,-0.0095188297062688));
#13043=CARTESIAN_POINT('',(0.0515,-0.00123533601221258,-0.00899694830014961));
#13044=CARTESIAN_POINT('',(0.0515,-0.0015396278863875,-0.00869765848418029));
#13045=CARTESIAN_POINT('',(0.0515,-6.64362182288989E-19,-0.0089));
#13046=CARTESIAN_POINT('',(0.0495,0.,-0.0019));
#13047=CARTESIAN_POINT('',(0.0515,0.00342824958815604,-0.00627582863629491));
#13048=CARTESIAN_POINT('',(0.0495,0.00342824958815605,-0.00627582863629491));
#13049=CARTESIAN_POINT('',(0.0515,0.00314368805468105,-0.00627582863629491));
#13050=CARTESIAN_POINT('',(0.0495,0.00314368805468105,-0.00627582863629491));
#13051=CARTESIAN_POINT('',(0.0515,0.00291803965118329,-0.00619913041047548));
#13052=CARTESIAN_POINT('',(0.0495,0.00291803965118329,-0.00619913041047548));
#13053=CARTESIAN_POINT('',(0.0515,0.00275130437766278,-0.00604573395883661));
#13054=CARTESIAN_POINT('',(0.0495,0.00275130437766278,-0.00604573395883661));
#13055=CARTESIAN_POINT('',(0.0515,0.00342824958815604,-0.00627582863629491));
#13056=CARTESIAN_POINT('',(0.0515,0.00342824958815604,-0.00627582863629491));
#13057=CARTESIAN_POINT('',(0.0515,0.00342824958815604,-0.00627582863629491));
#13058=CARTESIAN_POINT('',(0.0515,0.00300140728794355,-0.00627582863629491));
#13059=CARTESIAN_POINT('',(0.0515,0.00275130437766278,-0.00604573395883661));
#13060=CARTESIAN_POINT('',(0.0515,0.00275130437766278,-0.00604573395883661));
#13061=CARTESIAN_POINT('',(0.0515,0.00275130437766278,-0.00604573395883661));
#13062=CARTESIAN_POINT('',(0.0515,0.00432528535969638,-0.00593402132557787));
#13063=CARTESIAN_POINT('',(0.0495,0.00432528535969638,-0.00593402132557787));
#13064=CARTESIAN_POINT('',(0.0515,0.00407629401790575,-0.0061618928660559));
#13065=CARTESIAN_POINT('',(0.0495,0.00407629401790575,-0.0061618928660559));
#13066=CARTESIAN_POINT('',(0.0515,0.00377728209405897,-0.00627582863629491));
#13067=CARTESIAN_POINT('',(0.0495,0.00377728209405897,-0.00627582863629491));
#13068=CARTESIAN_POINT('',(0.0515,0.00342824958815604,-0.00627582863629491));
#13069=CARTESIAN_POINT('',(0.0495,0.00342824958815605,-0.00627582863629491));
#13070=CARTESIAN_POINT('',(0.0515,0.00432528535969638,-0.00593402132557787));
#13071=CARTESIAN_POINT('',(0.0515,0.00432528535969638,-0.00593402132557787));
#13072=CARTESIAN_POINT('',(0.0515,0.00432528535969638,-0.00593402132557787));
#13073=CARTESIAN_POINT('',(0.0515,0.00395179834701044,-0.00627582863629491));
#13074=CARTESIAN_POINT('',(0.0515,0.00342824958815604,-0.00627582863629491));
#13075=CARTESIAN_POINT('',(0.0515,0.00469877237238232,-0.00512202054353299));
#13076=CARTESIAN_POINT('',(0.0495,0.00469877237238232,-0.00512202054353299));
#13077=CARTESIAN_POINT('',(0.0515,0.00469877237238232,-0.00543548285775154));
#13078=CARTESIAN_POINT('',(0.0495,0.00469877237238232,-0.00543548285775154));
#13079=CARTESIAN_POINT('',(0.0515,0.00457427670148701,-0.00570614978509984));
#13080=CARTESIAN_POINT('',(0.0495,0.00457427670148701,-0.00570614978509984));
#13081=CARTESIAN_POINT('',(0.0515,0.00432528535969638,-0.00593402132557787));
#13082=CARTESIAN_POINT('',(0.0495,0.00432528535969638,-0.00593402132557787));
#13083=CARTESIAN_POINT('',(0.0515,0.00469877237238232,-0.00512202054353299));
#13084=CARTESIAN_POINT('',(0.0515,0.00469877237238232,-0.00512202054353299));
#13085=CARTESIAN_POINT('',(0.0515,0.00469877237238232,-0.00512202054353299));
#13086=CARTESIAN_POINT('',(0.0515,0.00469877237238232,-0.00559221401486082));
#13087=CARTESIAN_POINT('',(0.0515,0.00432528535969638,-0.00593402132557787));
#13088=CARTESIAN_POINT('',(0.0515,0.00445367152030717,-0.00453094399890279));
#13089=CARTESIAN_POINT('',(0.0495,0.00445367152030717,-0.00453094399890279));
#13090=CARTESIAN_POINT('',(0.0515,0.00461707208835727,-0.00468378466629659));
#13091=CARTESIAN_POINT('',(0.0495,0.00461707208835727,-0.00468378466629659));
#13092=CARTESIAN_POINT('',(0.0515,0.00469877237238232,-0.00488081018117332));
#13093=CARTESIAN_POINT('',(0.0495,0.00469877237238232,-0.00488081018117332));
#13094=CARTESIAN_POINT('',(0.0515,0.00469877237238232,-0.00512202054353299));
#13095=CARTESIAN_POINT('',(0.0495,0.00469877237238232,-0.00512202054353299));
#13096=CARTESIAN_POINT('',(0.0515,0.00445367152030717,-0.00453094399890279));
#13097=CARTESIAN_POINT('',(0.0515,0.00445367152030717,-0.00453094399890279));
#13098=CARTESIAN_POINT('',(0.0515,0.00445367152030717,-0.00453094399890279));
#13099=CARTESIAN_POINT('',(0.0515,0.00469877237238232,-0.00476020499999349));
#13100=CARTESIAN_POINT('',(0.0515,0.00469877237238232,-0.00512202054353299));
#13101=CARTESIAN_POINT('',(0.0515,0.00378172836801952,-0.00430168299781209));
#13102=CARTESIAN_POINT('',(0.0495,0.00378172836801952,-0.00430168299781209));
#13103=CARTESIAN_POINT('',(0.0515,0.00406628990149452,-0.00430168299781209));
#13104=CARTESIAN_POINT('',(0.0495,0.00406628990149452,-0.00430168299781209));
#13105=CARTESIAN_POINT('',(0.0515,0.00429027095225707,-0.00437810333150899));
#13106=CARTESIAN_POINT('',(0.0495,0.00429027095225707,-0.00437810333150899));
#13107=CARTESIAN_POINT('',(0.0515,0.00445367152030717,-0.00453094399890279));
#13108=CARTESIAN_POINT('',(0.0495,0.00445367152030717,-0.00453094399890279));
#13109=CARTESIAN_POINT('',(0.0515,0.00378172836801952,-0.00430168299781209));
#13110=CARTESIAN_POINT('',(0.0515,0.00378172836801952,-0.00430168299781209));
#13111=CARTESIAN_POINT('',(0.0515,0.00378172836801952,-0.00430168299781209));
#13112=CARTESIAN_POINT('',(0.0515,0.00420857066823203,-0.00430168299781209));
#13113=CARTESIAN_POINT('',(0.0515,0.00445367152030717,-0.00453094399890279));
#13114=CARTESIAN_POINT('',(0.0515,0.00287468848006796,-0.00464265663216153));
#13115=CARTESIAN_POINT('',(0.0495,0.00287468848006796,-0.00464265663216153));
#13116=CARTESIAN_POINT('',(0.0515,0.00312367982185858,-0.00441534087592857));
#13117=CARTESIAN_POINT('',(0.0495,0.00312367982185858,-0.00441534087592857));
#13118=CARTESIAN_POINT('',(0.0515,0.00342602645117577,-0.00430168299781209));
#13119=CARTESIAN_POINT('',(0.0495,0.00342602645117577,-0.00430168299781209));
#13120=CARTESIAN_POINT('',(0.0515,0.00378172836801952,-0.00430168299781209));
#13121=CARTESIAN_POINT('',(0.0495,0.00378172836801952,-0.00430168299781209));
#13122=CARTESIAN_POINT('',(0.0515,0.00287468848006796,-0.00464265663216153));
#13123=CARTESIAN_POINT('',(0.0515,0.00287468848006796,-0.00464265663216153));
#13124=CARTESIAN_POINT('',(0.0515,0.00287468848006796,-0.00464265663216153));
#13125=CARTESIAN_POINT('',(0.0515,0.0032481754927539,-0.00430168299781209));
#13126=CARTESIAN_POINT('',(0.0515,0.00378172836801952,-0.00430168299781209));
#13127=CARTESIAN_POINT('',(0.0515,0.00250120146738202,-0.00546382785425003));
#13128=CARTESIAN_POINT('',(0.0495,0.00250120146738202,-0.00546382785425003));
#13129=CARTESIAN_POINT('',(0.0515,0.00250120146738202,-0.00514369612909066));
#13130=CARTESIAN_POINT('',(0.0495,0.00250120146738202,-0.00514369612909066));
#13131=CARTESIAN_POINT('',(0.0515,0.00262569713827733,-0.00486997238839449));
#13132=CARTESIAN_POINT('',(0.0495,0.00262569713827733,-0.00486997238839449));
#13133=CARTESIAN_POINT('',(0.0515,0.00287468848006796,-0.00464265663216153));
#13134=CARTESIAN_POINT('',(0.0495,0.00287468848006796,-0.00464265663216153));
#13135=CARTESIAN_POINT('',(0.0515,0.00250120146738202,-0.00546382785425003));
#13136=CARTESIAN_POINT('',(0.0515,0.00250120146738202,-0.00546382785425003));
#13137=CARTESIAN_POINT('',(0.0515,0.00250120146738202,-0.00546382785425003));
#13138=CARTESIAN_POINT('',(0.0515,0.00250120146738202,-0.00498363026651097));
#13139=CARTESIAN_POINT('',(0.0515,0.00287468848006796,-0.00464265663216153));
#13140=CARTESIAN_POINT('',(0.0515,0.00325626700678194,-0.00548520790491504));
#13141=CARTESIAN_POINT('',(0.0515,0.00325626700678194,-0.00548520790491504));
#13142=CARTESIAN_POINT('',(0.0515,-6.64362182288989E-19,-0.0089));
#13143=CARTESIAN_POINT('',(0.0515,0.00369585970215647,-0.00987147480976467));
#13144=CARTESIAN_POINT('',(0.0515,0.00421857478464325,-0.00689441650105599));
#13145=CARTESIAN_POINT('',(0.0515,0.00421857478464325,-0.00689441650105599));
#13146=CARTESIAN_POINT('',(0.0515,0.00369585970215647,-0.00987147480976467));
#13147=CARTESIAN_POINT('',(0.0515,0.00317314461966967,-0.0128485331184733));
#13148=CARTESIAN_POINT('',(0.0515,0.00317314461966967,-0.0128485331184733));
#13149=CARTESIAN_POINT('',(0.0515,0.00330653283848608,-0.00689441650105599));
#13150=CARTESIAN_POINT('',(0.0515,0.00239449089232889,-0.00689441650105599));
#13151=CARTESIAN_POINT('',(0.0515,0.00239449089232889,-0.00689441650105599));
#13152=CARTESIAN_POINT('',(0.0515,0.00330653283848608,-0.00689441650105599));
#13153=CARTESIAN_POINT('',(0.0515,0.0018709421334745,-0.00987147480976467));
#13154=CARTESIAN_POINT('',(0.0515,0.0013473933746201,-0.0128485331184733));
#13155=CARTESIAN_POINT('',(0.0515,0.0013473933746201,-0.0128485331184733));
#13156=CARTESIAN_POINT('',(0.0515,0.0018709421334745,-0.00987147480976467));
#13157=CARTESIAN_POINT('',(0.0515,0.00226026899714489,-0.0128485331184733));
#13158=CARTESIAN_POINT('',(0.0515,0.00226026899714489,-0.0128485331184733));
#13159=CARTESIAN_POINT('',(0.0515,-6.64362182288989E-19,-0.0089));
#13160=CARTESIAN_POINT('',(0.0515,0.00775505571119519,-0.0109229254428192));
#13161=CARTESIAN_POINT('',(0.0515,0.00697137415046685,-0.0107993566069063));
#13162=CARTESIAN_POINT('',(0.05149999975,0.00697125090394555,-0.0107993371737208));
#13163=CARTESIAN_POINT('',(0.0515,0.00775505571119519,-0.0109229254428192));
#13164=CARTESIAN_POINT('',(0.0515,0.00696137003405562,-0.0109377468839283));
#13165=CARTESIAN_POINT('',(0.0515,0.00696137003405562,-0.0109377468839283));
#13166=CARTESIAN_POINT('',(0.0515,0.0071847953005731,-0.00960469837213186));
#13167=CARTESIAN_POINT('',(0.0515,0.00739821645067935,-0.00841004013735741));
#13168=CARTESIAN_POINT('',(0.0515,0.00739821645067935,-0.00841004013735741));
#13169=CARTESIAN_POINT('',(0.0515,0.0071847953005731,-0.00960469837213186));
#13170=CARTESIAN_POINT('',(0.0515,0.00799596240625037,-0.00841004013735741));
#13171=CARTESIAN_POINT('',(0.0515,0.00859370836182139,-0.00841004013735741));
#13172=CARTESIAN_POINT('',(0.0515,0.00859370836182139,-0.00841004013735741));
#13173=CARTESIAN_POINT('',(0.0515,0.00799596240625037,-0.00841004013735741));
#13174=CARTESIAN_POINT('',(0.0515,0.0087270965806378,-0.0076522283192067));
#13175=CARTESIAN_POINT('',(0.0515,0.00886048479945421,-0.00689441650105599));
#13176=CARTESIAN_POINT('',(0.0515,0.00886048479945421,-0.00689441650105599));
#13177=CARTESIAN_POINT('',(0.0515,0.0087270965806378,-0.0076522283192067));
#13178=CARTESIAN_POINT('',(0.0515,0.00826273884388319,-0.00689441650105599));
#13179=CARTESIAN_POINT('',(0.0515,0.00766499288831216,-0.00689441650105599));
#13180=CARTESIAN_POINT('',(0.0515,0.00766499288831216,-0.00689441650105599));
#13181=CARTESIAN_POINT('',(0.0515,0.00826273884388319,-0.00689441650105599));
#13182=CARTESIAN_POINT('',(0.0515,0.00779337904892296,-0.00616828438487418));
#13183=CARTESIAN_POINT('',(0.0515,0.00792176520953375,-0.00544215226869237));
#13184=CARTESIAN_POINT('',(0.0515,0.00792176520953375,-0.00544215226869237));
#13185=CARTESIAN_POINT('',(0.0515,0.00779337904892296,-0.00616828438487418));
#13186=CARTESIAN_POINT('',(0.0515,0.00700888958700896,-0.00544215226869237));
#13187=CARTESIAN_POINT('',(0.0515,0.00609601396448418,-0.00544215226869237));
#13188=CARTESIAN_POINT('',(0.0515,0.00609601396448418,-0.00544215226869237));
#13189=CARTESIAN_POINT('',(0.0515,0.00700888958700896,-0.00544215226869237));
#13190=CARTESIAN_POINT('',(0.0515,0.00596846148024099,-0.00616828438487418));
#13191=CARTESIAN_POINT('',(0.0515,0.0058409089959978,-0.00689441650105599));
#13192=CARTESIAN_POINT('',(0.0515,0.0058409089959978,-0.00689441650105599));
#13193=CARTESIAN_POINT('',(0.0515,0.00596846148024099,-0.00616828438487418));
#13194=CARTESIAN_POINT('',(0.0515,0.0054782597760907,-0.00689441650105599));
#13195=CARTESIAN_POINT('',(0.0515,0.00511561055618359,-0.00689441650105599));
#13196=CARTESIAN_POINT('',(0.0515,0.00511561055618359,-0.00689441650105599));
#13197=CARTESIAN_POINT('',(0.0515,0.0054782597760907,-0.00689441650105599));
#13198=CARTESIAN_POINT('',(0.0515,0.00498222233736718,-0.0076522283192067));
#13199=CARTESIAN_POINT('',(0.0515,0.00484883411855078,-0.00841004013735741));
#13200=CARTESIAN_POINT('',(0.0515,0.00484883411855078,-0.00841004013735741));
#13201=CARTESIAN_POINT('',(0.0515,0.00498222233736718,-0.0076522283192067));
#13202=CARTESIAN_POINT('',(0.0515,0.00521148333845788,-0.00841004013735741));
#13203=CARTESIAN_POINT('',(0.0515,0.00557413255836499,-0.00841004013735741));
#13204=CARTESIAN_POINT('',(0.0515,0.00557413255836499,-0.00841004013735741));
#13205=CARTESIAN_POINT('',(0.0515,0.00521148333845788,-0.00841004013735741));
#13206=CARTESIAN_POINT('',(0.0515,0.00536071140825874,-0.00959386057935302));
#13207=CARTESIAN_POINT('',(0.0515,0.00514729025815249,-0.0107776810213486));
#13208=CARTESIAN_POINT('',(0.0515,0.00514763329416251,-0.0107777398845685));
#13209=CARTESIAN_POINT('',(0.0515,0.00536071140825874,-0.00959386057935302));
#13210=CARTESIAN_POINT('',(0.0515000000000002,0.00897210253825148,-0.0114339991911278));
#13211=CARTESIAN_POINT('',(0.0515,0.00509393497062593,-0.0113445809513184));
#13212=CARTESIAN_POINT('',(0.0515,0.00509393497062593,-0.0113445809513184));
#13213=CARTESIAN_POINT('',(0.0515,0.00897210253825148,-0.0114339991911278));
#13214=CARTESIAN_POINT('',(0.0515,0.00688633916097139,-0.0128485331184733));
#13215=CARTESIAN_POINT('',(0.0495,0.00688633916097139,-0.0128485331184733));
#13216=CARTESIAN_POINT('',(0.0515,0.00569140303407442,-0.0128485331184733));
#13217=CARTESIAN_POINT('',(0.0495,0.00569140303407442,-0.0128485331184733));
#13218=CARTESIAN_POINT('',(0.0515,0.00509393497062593,-0.0123472157294217));
#13219=CARTESIAN_POINT('',(0.0495,0.00509393497062593,-0.0123472157294217));
#13220=CARTESIAN_POINT('',(0.0515,0.00509393497062593,-0.0113445809513184));
#13221=CARTESIAN_POINT('',(0.0495,0.00509393497062593,-0.0113445809513184));
#13222=CARTESIAN_POINT('',(0.0515,0.00688633916097139,-0.0128485331184733));
#13223=CARTESIAN_POINT('',(0.0515,0.00688633916097139,-0.0128485331184733));
#13224=CARTESIAN_POINT('',(0.0515,0.00688633916097139,-0.0128485331184733));
#13225=CARTESIAN_POINT('',(0.0515,0.00509393497062593,-0.0128485331184733));
#13226=CARTESIAN_POINT('',(0.0515,0.00509393497062593,-0.0113445809513184));
#13227=CARTESIAN_POINT('',(0.0515,0.00735069689772601,-0.0128485331184733));
#13228=CARTESIAN_POINT('',(0.0515,0.00781505463448062,-0.0128485331184733));
#13229=CARTESIAN_POINT('',(0.0515,0.00781505463448062,-0.0128485331184733));
#13230=CARTESIAN_POINT('',(0.0515,0.00735069689772601,-0.0128485331184733));
#13231=CARTESIAN_POINT('',(0.0515,0.00795344491150265,-0.0120748814493382));
#13232=CARTESIAN_POINT('',(0.0515,0.00809183518852467,-0.011301229780203));
#13233=CARTESIAN_POINT('',(0.0515,0.00809183518852467,-0.011301229780203));
#13234=CARTESIAN_POINT('',(0.0515,0.00795344491150265,-0.0120748814493382));
#13235=CARTESIAN_POINT('',(0.0515,0.00776670140515967,-0.011301229780203));
#13236=CARTESIAN_POINT('',(0.0515,0.00744156762179468,-0.011301229780203));
#13237=CARTESIAN_POINT('',(0.0515,0.00744156762179468,-0.011301229780203));
#13238=CARTESIAN_POINT('',(0.0515,0.00776670140515967,-0.011301229780203));
#13239=CARTESIAN_POINT('',(0.0515,0.00707308266731436,-0.0112161947907076));
#13240=CARTESIAN_POINT('',(0.0495,0.00707308266731436,-0.0112161947907076));
#13241=CARTESIAN_POINT('',(0.0515,0.00714755775615352,-0.0112728847837045));
#13242=CARTESIAN_POINT('',(0.0495,0.00714755775615352,-0.0112728847837045));
#13243=CARTESIAN_POINT('',(0.0515,0.00727038607431363,-0.011301229780203));
#13244=CARTESIAN_POINT('',(0.0495,0.00727038607431363,-0.011301229780203));
#13245=CARTESIAN_POINT('',(0.0515,0.00744156762179468,-0.011301229780203));
#13246=CARTESIAN_POINT('',(0.0495,0.00744156762179468,-0.011301229780203));
#13247=CARTESIAN_POINT('',(0.0515,0.00707308266731436,-0.0112161947907076));
#13248=CARTESIAN_POINT('',(0.0515,0.00707308266731436,-0.0112161947907076));
#13249=CARTESIAN_POINT('',(0.0515,0.00707308266731436,-0.0112161947907076));
#13250=CARTESIAN_POINT('',(0.0515,0.0071847953005731,-0.011301229780203));
#13251=CARTESIAN_POINT('',(0.0515,0.00744156762179468,-0.011301229780203));
#13252=CARTESIAN_POINT('',(0.0515,0.00696137003405562,-0.0109377468839283));
#13253=CARTESIAN_POINT('',(0.0495,0.00696137003405562,-0.0109377468839283));
#13254=CARTESIAN_POINT('',(0.0515,0.00696137003405562,-0.0110666888287842));
#13255=CARTESIAN_POINT('',(0.0495,0.00696137003405562,-0.0110666888287842));
#13256=CARTESIAN_POINT('',(0.0515,0.0069986075784752,-0.0111595047977106));
#13257=CARTESIAN_POINT('',(0.0495,0.0069986075784752,-0.0111595047977106));
#13258=CARTESIAN_POINT('',(0.0515,0.00707308266731436,-0.0112161947907076));
#13259=CARTESIAN_POINT('',(0.0495,0.00707308266731436,-0.0112161947907076));
#13260=CARTESIAN_POINT('',(0.0515,0.00696137003405562,-0.0109377468839283));
#13261=CARTESIAN_POINT('',(0.0515,0.00696137003405562,-0.0111311598012121));
#13262=CARTESIAN_POINT('',(0.0515,0.00707308266731436,-0.0112161947907076));
#13263=CARTESIAN_POINT('',(0.0515,-6.64362182288989E-19,-0.0089));
#13264=CARTESIAN_POINT('',(0.0515,0.0135440786326453,-0.00682938974438299));
#13265=CARTESIAN_POINT('',(0.0495,0.0135440786326453,-0.00682938974438299));
#13266=CARTESIAN_POINT('',(0.0515,0.0141276520899671,-0.00682938974438299));
#13267=CARTESIAN_POINT('',(0.0495,0.0141276520899671,-0.00682938974438299));
#13268=CARTESIAN_POINT('',(0.0515,0.0145883972291287,-0.00699668080214857));
#13269=CARTESIAN_POINT('',(0.0495,0.0145883972291287,-0.00699668080214857));
#13270=CARTESIAN_POINT('',(0.0515,0.0149263140501303,-0.00733126291767972));
#13271=CARTESIAN_POINT('',(0.0495,0.0149263140501303,-0.00733126291767972));
#13272=CARTESIAN_POINT('',(0.0515,0.0135440786326453,-0.00682938974438299));
#13273=CARTESIAN_POINT('',(0.0515,0.0135440786326453,-0.00682938974438299));
#13274=CARTESIAN_POINT('',(0.0515,0.0135440786326453,-0.00682938974438299));
#13275=CARTESIAN_POINT('',(0.0515,0.014419438818628,-0.00682938974438299));
#13276=CARTESIAN_POINT('',(0.0515,0.0149263140501303,-0.00733126291767972));
#13277=CARTESIAN_POINT('',(0.0515,0.0149263140501303,-0.00733126291767972));
#13278=CARTESIAN_POINT('',(0.0515,0.0149263140501303,-0.00733126291767972));
#13279=CARTESIAN_POINT('',(0.0515,0.0135177302415506,-0.0095078497947245));
#13280=CARTESIAN_POINT('',(0.0515,0.0124344553873663,-0.0070594844218413));
#13281=CARTESIAN_POINT('',(0.0515,0.0124344903082803,-0.00705956755355184));
#13282=CARTESIAN_POINT('',(0.0515,0.0135177302415506,-0.0095078497947245));
#13283=CARTESIAN_POINT('',(0.0515,0.0134489112089066,-0.00938201358484034));
#13284=CARTESIAN_POINT('',(0.0515,0.0115701045635875,-0.00768209850082036));
#13285=CARTESIAN_POINT('',(0.0515,0.011570104567059,-0.00768209850251766));
#13286=CARTESIAN_POINT('',(0.0515,0.0134489112089066,-0.00938201358484034));
#13287=CARTESIAN_POINT('',(0.0515,0.011810031788032,-0.00631751245467504));
#13288=CARTESIAN_POINT('',(0.0515,0.0120501305819015,-0.00495195056454207));
#13289=CARTESIAN_POINT('',(0.0515,0.0120501305819015,-0.00495195056454207));
#13290=CARTESIAN_POINT('',(0.0515,0.011810031788032,-0.00631751245467504));
#13291=CARTESIAN_POINT('',(0.0515,0.0111380886357443,-0.00495195056454207));
#13292=CARTESIAN_POINT('',(0.0515,0.0102260466895872,-0.00495195056454207));
#13293=CARTESIAN_POINT('',(0.0515,0.0102260466895872,-0.00495195056454207));
#13294=CARTESIAN_POINT('',(0.0515,0.0111380886357443,-0.00495195056454207));
#13295=CARTESIAN_POINT('',(0.0515,0.00952659221716864,-0.00890024184150771));
#13296=CARTESIAN_POINT('',(0.0515,0.00882713774475011,-0.0128485331184733));
#13297=CARTESIAN_POINT('',(0.0515,0.00882713774475011,-0.0128485331184733));
#13298=CARTESIAN_POINT('',(0.0515,0.00952659221716864,-0.00890024184150771));
#13299=CARTESIAN_POINT('',(0.0515,0.00974001336727489,-0.0128485331184733));
#13300=CARTESIAN_POINT('',(0.0515,0.0106528889897997,-0.0128485331184733));
#13301=CARTESIAN_POINT('',(0.0515,0.0106528889897997,-0.0128485331184733));
#13302=CARTESIAN_POINT('',(0.0515,0.00974001336727489,-0.0128485331184733));
#13303=CARTESIAN_POINT('',(0.0515,0.0109405073366225,-0.0112211968489132));
#13304=CARTESIAN_POINT('',(0.0515,0.0112281256834454,-0.00959386057935302));
#13305=CARTESIAN_POINT('',(0.0515,0.0112281256834454,-0.00959386057935302));
#13306=CARTESIAN_POINT('',(0.0515,0.0109405073366225,-0.0112211968489132));
#13307=CARTESIAN_POINT('',(0.0515,0.0112281256834454,-0.00960469837213186));
#13308=CARTESIAN_POINT('',(0.0515,0.0112281256834454,-0.00961553616491069));
#13309=CARTESIAN_POINT('',(0.0515,0.0112281256834454,-0.00961553616491069));
#13310=CARTESIAN_POINT('',(0.0515,0.0112281256834454,-0.00960469837213186));
#13311=CARTESIAN_POINT('',(0.0515,0.0116983191547733,-0.00868682069140146));
#13312=CARTESIAN_POINT('',(0.0495,0.0116983191547733,-0.00868682069140146));
#13313=CARTESIAN_POINT('',(0.0515,0.0114559972239234,-0.00890691125244853));
#13314=CARTESIAN_POINT('',(0.0495,0.0114559972239234,-0.00890691125244853));
#13315=CARTESIAN_POINT('',(0.0515,0.0112992660668142,-0.0092164830769516));
#13316=CARTESIAN_POINT('',(0.0495,0.0112992660668142,-0.0092164830769516));
#13317=CARTESIAN_POINT('',(0.0515,0.0112281256834454,-0.00961553616491069));
#13318=CARTESIAN_POINT('',(0.0495,0.0112281256834454,-0.00961553616491069));
#13319=CARTESIAN_POINT('',(0.0515,0.0116983191547733,-0.00868682069140146));
#13320=CARTESIAN_POINT('',(0.0515,0.0116983191547733,-0.00868682069140146));
#13321=CARTESIAN_POINT('',(0.0515,0.0116983191547733,-0.00868682069140146));
#13322=CARTESIAN_POINT('',(0.0515,0.0113348362584985,-0.00901695653297206));
#13323=CARTESIAN_POINT('',(0.0515,0.0112281256834454,-0.00961553616491069));
#13324=CARTESIAN_POINT('',(0.0515,0.0125953549263136,-0.00835668484983085));
#13325=CARTESIAN_POINT('',(0.0495,0.0125953549263136,-0.00835668484983085));
#13326=CARTESIAN_POINT('',(0.0515,0.0122396530094698,-0.00835668484983085));
#13327=CARTESIAN_POINT('',(0.0495,0.0122396530094698,-0.00835668484983085));
#13328=CARTESIAN_POINT('',(0.0515,0.0119406410856231,-0.00846673013035439));
#13329=CARTESIAN_POINT('',(0.0495,0.0119406410856231,-0.00846673013035439));
#13330=CARTESIAN_POINT('',(0.0515,0.0116983191547733,-0.00868682069140146));
#13331=CARTESIAN_POINT('',(0.0495,0.0116983191547733,-0.00868682069140146));
#13332=CARTESIAN_POINT('',(0.0515,0.0125953549263136,-0.00835668484983085));
#13333=CARTESIAN_POINT('',(0.0515,0.0125953549263136,-0.00835668484983085));
#13334=CARTESIAN_POINT('',(0.0515,0.0125953549263136,-0.00835668484983085));
#13335=CARTESIAN_POINT('',(0.0515,0.012061802051048,-0.00835668484983085));
#13336=CARTESIAN_POINT('',(0.0515,0.0116983191547733,-0.00868682069140146));
#13337=CARTESIAN_POINT('',(0.0515,0.0132931420459969,-0.008601785701906));
#13338=CARTESIAN_POINT('',(0.0495,0.0132931420459969,-0.008601785701906));
#13339=CARTESIAN_POINT('',(0.0515,0.0131258509882313,-0.0084383851338559));
#13340=CARTESIAN_POINT('',(0.0495,0.0131258509882313,-0.0084383851338559));
#13341=CARTESIAN_POINT('',(0.0515,0.0128932552816702,-0.00835668484983085));
#13342=CARTESIAN_POINT('',(0.0495,0.0128932552816702,-0.00835668484983085));
#13343=CARTESIAN_POINT('',(0.0515,0.0125953549263136,-0.00835668484983085));
#13344=CARTESIAN_POINT('',(0.0495,0.0125953549263136,-0.00835668484983085));
#13345=CARTESIAN_POINT('',(0.0515,0.0132931420459969,-0.008601785701906));
#13346=CARTESIAN_POINT('',(0.0515,0.0132931420459969,-0.008601785701906));
#13347=CARTESIAN_POINT('',(0.0515,0.0132931420459969,-0.008601785701906));
#13348=CARTESIAN_POINT('',(0.0515,0.0130422054593486,-0.00835668484983085));
#13349=CARTESIAN_POINT('',(0.0515,0.0125953549263136,-0.00835668484983085));
#13350=CARTESIAN_POINT('',(0.0515,0.0135440786326453,-0.00929540443975131));
#13351=CARTESIAN_POINT('',(0.0495,0.0135440786326453,-0.00929540443975131));
#13352=CARTESIAN_POINT('',(0.0515,0.0135440786326453,-0.00899639251590454));
#13353=CARTESIAN_POINT('',(0.0495,0.0135440786326453,-0.00899639251590454));
#13354=CARTESIAN_POINT('',(0.0515,0.0134604331037625,-0.0087651862699561));
#13355=CARTESIAN_POINT('',(0.0495,0.0134604331037625,-0.0087651862699561));
#13356=CARTESIAN_POINT('',(0.0515,0.0132931420459969,-0.008601785701906));
#13357=CARTESIAN_POINT('',(0.0495,0.0132931420459969,-0.008601785701906));
#13358=CARTESIAN_POINT('',(0.0515,0.0135440786326453,-0.00929540443975131));
#13359=CARTESIAN_POINT('',(0.0515,0.0135440786326453,-0.00929540443975131));
#13360=CARTESIAN_POINT('',(0.0515,0.0135440786326453,-0.00929540443975131));
#13361=CARTESIAN_POINT('',(0.0515,0.0135440786326453,-0.00884688655398115));
#13362=CARTESIAN_POINT('',(0.0515,0.0132931420459969,-0.008601785701906));
#13363=CARTESIAN_POINT('',(0.0515,0.011635901711058,-0.00926425766692518));
#13364=CARTESIAN_POINT('',(0.0515,0.0135123989306764,-0.00961553616491069));
#13365=CARTESIAN_POINT('',(0.05149999975,0.0135122444580998,-0.00961550724779101));
#13366=CARTESIAN_POINT('',(0.0515,0.011635901711058,-0.00926425766692518));
#13367=CARTESIAN_POINT('',(0.0515,0.0132239469074859,-0.011232034641692));
#13368=CARTESIAN_POINT('',(0.0515,0.0129354948842954,-0.0128485331184733));
#13369=CARTESIAN_POINT('',(0.0515,0.0129354948842954,-0.0128485331184733));
#13370=CARTESIAN_POINT('',(0.0515,0.0132239469074859,-0.011232034641692));
#13371=CARTESIAN_POINT('',(0.0515,0.013842534772247,-0.0128485331184733));
#13372=CARTESIAN_POINT('',(0.0515,0.0147495746601986,-0.0128485331184733));
#13373=CARTESIAN_POINT('',(0.0515,0.0147495746601986,-0.0128485331184733));
#13374=CARTESIAN_POINT('',(0.0515,0.013842534772247,-0.0128485331184733));
#13375=CARTESIAN_POINT('',(0.0515,0.0150597022689467,-0.0111094842156544));
#13376=CARTESIAN_POINT('',(0.0515,0.0153698298776949,-0.00937043531283554));
#13377=CARTESIAN_POINT('',(0.0515,0.015369645840291,-0.00937039972180237));
#13378=CARTESIAN_POINT('',(0.0515,0.0150597022689467,-0.0111094842156544));
#13379=CARTESIAN_POINT('',(0.0515000000000001,0.0119019781611829,-0.00869978672261863));
#13380=CARTESIAN_POINT('',(0.0515,0.0154331892816327,-0.00873017186251679));
#13381=CARTESIAN_POINT('',(0.0515,0.0154331892816327,-0.00873017186251679));
#13382=CARTESIAN_POINT('',(0.0515,0.0119019781611829,-0.00869978672261863));
#13383=CARTESIAN_POINT('',(0.0515,0.0149263140501303,-0.00733126291767972));
#13384=CARTESIAN_POINT('',(0.0495,0.0149263140501303,-0.00733126291767972));
#13385=CARTESIAN_POINT('',(0.0515,0.0152642308711319,-0.00766584503321087));
#13386=CARTESIAN_POINT('',(0.0495,0.0152642308711319,-0.00766584503321087));
#13387=CARTESIAN_POINT('',(0.0515,0.0154331892816327,-0.00813214801482323));
#13388=CARTESIAN_POINT('',(0.0495,0.0154331892816327,-0.00813214801482323));
#13389=CARTESIAN_POINT('',(0.0515,0.0154331892816327,-0.00873017186251679));
#13390=CARTESIAN_POINT('',(0.0495,0.0154331892816327,-0.00873017186251679));
#13391=CARTESIAN_POINT('',(0.0515,0.0149263140501303,-0.00733126291767972));
#13392=CARTESIAN_POINT('',(0.0515,0.0154331892816327,-0.00783313609097645));
#13393=CARTESIAN_POINT('',(0.0515,0.0154331892816327,-0.00873017186251679));
#13394=CARTESIAN_POINT('',(0.0515,-6.64362182288989E-19,-0.0089));
#13395=MECHANICAL_DESIGN_GEOMETRIC_PRESENTATION_REPRESENTATION('',(#6764),
#13397);
#13396=MECHANICAL_DESIGN_GEOMETRIC_PRESENTATION_REPRESENTATION('',(#6765,
#147,#148,#149,#150,#151,#152,#153,#154,#155,#156,#157,#158,#159,#160,#161,
#162,#163,#164,#165,#166,#167,#168,#169,#170,#171,#172,#173,#174,#175,#176,
#177,#178,#179,#180,#181,#182,#183,#184,#185,#186,#187,#188,#189,#190,#191,
#192,#193,#194,#195,#196,#197,#198,#199,#200,#201,#202,#203,#204,#205,#206,
#207,#208,#209,#210,#211,#212,#213,#214,#215,#216,#217,#218,#219,#220,#221,
#222,#223,#224,#225,#226,#227,#228,#229,#230,#231,#232,#233,#234,#235,#236,
#237,#238,#239,#240,#241,#242,#243,#244,#245,#246,#247,#248,#249,#250,#251,
#252,#253,#254,#255,#256,#257,#258,#259,#260,#261,#262,#263,#264,#265,#266,
#267,#268,#269,#270,#271,#272,#273,#274,#275,#276,#277,#278,#279,#280,#281,
#282,#283,#284,#285,#286,#287,#288,#289,#290,#291,#292,#293,#294,#295,#296,
#297,#298,#299,#300,#301,#302,#303,#304,#305,#306,#307,#308,#309,#310,#311,
#312,#313,#314,#315,#316,#317,#318,#319,#320,#321,#322,#323,#324,#325,#326,
#327,#328,#329,#330,#331,#332,#333,#334,#335,#336,#337,#338,#339,#340,#341,
#342,#343,#344,#345,#346,#347,#348,#349,#350,#351,#352,#353,#354,#355,#356,
#357,#358,#359,#360,#361,#362,#363,#364,#365,#366,#367,#368,#369,#370,#371,
#372,#373,#374,#375,#376,#377,#378,#379,#380,#381,#382,#383,#384,#385,#386,
#387,#388,#389,#390,#391,#392,#393,#394,#395,#396,#397,#398,#399,#400,#401,
#402,#403,#404,#405,#406,#407,#408,#409,#410,#411,#412,#413,#414,#415,#416,
#417,#418,#419,#420,#421,#422,#423,#424,#425,#426,#427,#428,#429,#430,#431),
#13398);
#13397=(
GEOMETRIC_REPRESENTATION_CONTEXT(3)
GLOBAL_UNCERTAINTY_ASSIGNED_CONTEXT((#13399))
GLOBAL_UNIT_ASSIGNED_CONTEXT((#13405,#13403,#13401))
REPRESENTATION_CONTEXT('Part 2','TOP_LEVEL_ASSEMBLY_PART')
);
#13398=(
GEOMETRIC_REPRESENTATION_CONTEXT(3)
GLOBAL_UNCERTAINTY_ASSIGNED_CONTEXT((#13400))
GLOBAL_UNIT_ASSIGNED_CONTEXT((#13406,#13404,#13402))
REPRESENTATION_CONTEXT('Part 1','TOP_LEVEL_ASSEMBLY_PART')
);
#13399=UNCERTAINTY_MEASURE_WITH_UNIT(LENGTH_MEASURE(1.E-8),#13405,
'DISTANCE_ACCURACY_VALUE','Maximum Tolerance applied to model');
#13400=UNCERTAINTY_MEASURE_WITH_UNIT(LENGTH_MEASURE(2.5271965667744E-5),
#13406,'DISTANCE_ACCURACY_VALUE','Maximum Tolerance applied to model');
#13401=(
NAMED_UNIT(*)
SI_UNIT($,.STERADIAN.)
SOLID_ANGLE_UNIT()
);
#13402=(
NAMED_UNIT(*)
SI_UNIT($,.STERADIAN.)
SOLID_ANGLE_UNIT()
);
#13403=(
NAMED_UNIT(*)
PLANE_ANGLE_UNIT()
SI_UNIT($,.RADIAN.)
);
#13404=(
NAMED_UNIT(*)
PLANE_ANGLE_UNIT()
SI_UNIT($,.RADIAN.)
);
#13405=(
LENGTH_UNIT()
NAMED_UNIT(*)
SI_UNIT($,.METRE.)
);
#13406=(
LENGTH_UNIT()
NAMED_UNIT(*)
SI_UNIT($,.METRE.)
);
#13407=PRODUCT_DEFINITION_SHAPE('','',#13409);
#13408=PRODUCT_DEFINITION_SHAPE('','',#13410);
#13409=PRODUCT_DEFINITION('','',#13413,#13411);
#13410=PRODUCT_DEFINITION('','',#13414,#13412);
#13411=PRODUCT_DEFINITION_CONTEXT('',#13425,'design');
#13412=PRODUCT_DEFINITION_CONTEXT('',#13426,'design');
#13413=PRODUCT_DEFINITION_FORMATION_WITH_SPECIFIED_SOURCE('','',#13417,
 .NOT_KNOWN.);
#13414=PRODUCT_DEFINITION_FORMATION_WITH_SPECIFIED_SOURCE('','',#13418,
 .NOT_KNOWN.);
#13415=PRODUCT_RELATED_PRODUCT_CATEGORY('','',(#13417));
#13416=PRODUCT_RELATED_PRODUCT_CATEGORY('','',(#13418));
#13417=PRODUCT('Part 2','Part 2','Part 2',(#13421));
#13418=PRODUCT('Part 1','Part 1','Part 1',(#13422));
#13419=PRODUCT_CATEGORY('','');
#13420=PRODUCT_CATEGORY('','');
#13421=PRODUCT_CONTEXT('',#13425,'mechanical');
#13422=PRODUCT_CONTEXT('',#13426,'mechanical');
#13423=APPLICATION_PROTOCOL_DEFINITION('international standard',
'ap242_managed_model_based_3d_engineering',2020,#13425);
#13424=APPLICATION_PROTOCOL_DEFINITION('international standard',
'ap242_managed_model_based_3d_engineering',2020,#13426);
#13425=APPLICATION_CONTEXT('managed model based 3d engineering');
#13426=APPLICATION_CONTEXT('managed model based 3d engineering');
ENDSEC;
END-ISO-10303-21;
